ISO-10303-21;
HEADER;
FILE_DESCRIPTION (( 'STEP AP214' ),
    '1' );
FILE_NAME ('VLS3012CX-100M-1.STEP',
    '2022-03-04T03:22:06',
    ( '' ),
    ( '' ),
    'SwSTEP 2.0',
    'SolidWorks 2017',
    '' );
FILE_SCHEMA (( 'AUTOMOTIVE_DESIGN' ));
ENDSEC;

DATA;
#1 = FACE_OUTER_BOUND ( 'NONE', #2693, .T. ) ;
#2 = CARTESIAN_POINT ( 'NONE',  ( -0.9045000000000001900, 1.150000000000000100, 0.2825000000000002500 ) ) ;
#3 = CARTESIAN_POINT ( 'NONE',  ( -1.331887829512824300, 0.6000000000000000900, 1.277758052808992000 ) ) ;
#4 = ORIENTED_EDGE ( 'NONE', *, *, #4418, .F. ) ;
#5 = ADVANCED_FACE ( 'NONE', ( #4396 ), #7179, .T. ) ;
#6 = ADVANCED_FACE ( 'NONE', ( #6837 ), #1256, .F. ) ;
#7 = DIRECTION ( 'NONE',  ( 0.0000000000000000000, 0.0000000000000000000, -1.000000000000000000 ) ) ;
#8 = CARTESIAN_POINT ( 'NONE',  ( -0.9763157783263604100, 0.4735754198411650800, 1.413185757571728600 ) ) ;
#9 = CARTESIAN_POINT ( 'NONE',  ( -1.434682753628227800, 0.5999842892724534000, 1.136522366989951300 ) ) ;
#10 = AXIS2_PLACEMENT_3D ( 'NONE', #1656, #143, #9059 ) ;
#11 = AXIS2_PLACEMENT_3D ( 'NONE', #5616, #8550, #4111 ) ;
#12 = LINE ( 'NONE', #1799, #8214 ) ;
#13 = CARTESIAN_POINT ( 'NONE',  ( -1.045195872731639900, 0.7907215304527202000, 1.406331425968165400 ) ) ;
#14 = DIRECTION ( 'NONE',  ( 0.0000000000000000000, -0.0000000000000000000, -1.000000000000000000 ) ) ;
#15 = SURFACE_STYLE_USAGE ( .BOTH. , #4394 ) ;
#16 = CARTESIAN_POINT ( 'NONE',  ( -0.5895000000000001400, 1.150000000000000100, -0.2375000000000001000 ) ) ;
#17 = STYLED_ITEM ( 'NONE', ( #2642 ), #6238 ) ;
#18 = CARTESIAN_POINT ( 'NONE',  ( -1.044524795898641700, 0.4943519535759132200, 1.446406961601320700 ) ) ;
#19 = DIRECTION ( 'NONE',  ( 0.0000000000000000000, 1.000000000000000000, -0.0000000000000000000 ) ) ;
#20 = MECHANICAL_DESIGN_GEOMETRIC_PRESENTATION_REPRESENTATION (  '', ( #1674 ), #5627 ) ;
#21 = AXIS2_PLACEMENT_3D ( 'NONE', #5447, #971, #6173 ) ;
#22 = LINE ( 'NONE', #7003, #4064 ) ;
#23 = CARTESIAN_POINT ( 'NONE',  ( -0.7470000000000000000, 1.150000000000000100, -0.2849999999999998600 ) ) ;
#24 = CARTESIAN_POINT ( 'NONE',  ( -1.057000000000000200, 1.200000000000000200, 0.02250000000000016600 ) ) ;
#25 = DIRECTION ( 'NONE',  ( -0.0000000000000000000, 1.000000000000000000, -0.0000000000000000000 ) ) ;
#26 = EDGE_CURVE ( 'NONE', #6734, #6583, #1373, .T. ) ;
#27 = DIRECTION ( 'NONE',  ( 0.0000000000000000000, 0.0000000000000000000, -1.000000000000000000 ) ) ;
#28 = EDGE_CURVE ( 'NONE', #4153, #6466, #5214, .T. ) ;
#29 = CARTESIAN_POINT ( 'NONE',  ( -1.056088886728688400, 0.4927660341673505400, 1.443948938215646100 ) ) ;
#30 = CARTESIAN_POINT ( 'NONE',  ( -0.6000685462403901900, 0.3979999999999999600, 1.500652173913043600 ) ) ;
#31 = CARTESIAN_POINT ( 'NONE',  ( -1.433029638439055500, 0.5999743318357359000, 1.154021172830662900 ) ) ;
#32 = EDGE_LOOP ( 'NONE', ( #2388, #3184, #73, #4926 ) ) ;
#33 = VECTOR ( 'NONE', #3925, 1000.000000000000000 ) ;
#34 = VERTEX_POINT ( 'NONE', #4766 ) ;
#35 = DIRECTION ( 'NONE',  ( 0.0000000000000000000, 1.000000000000000000, 0.0000000000000000000 ) ) ;
#36 = VECTOR ( 'NONE', #3010, 1000.000000000000000 ) ;
#37 = DIRECTION ( 'NONE',  ( 1.000000000000000000, 0.0000000000000000000, -2.168404344971009400E-016 ) ) ;
#38 = EDGE_CURVE ( 'NONE', #9545, #7834, #2317, .T. ) ;
#39 = ORIENTED_EDGE ( 'NONE', *, *, #6758, .F. ) ;
#40 = AXIS2_PLACEMENT_3D ( 'NONE', #9400, #9499, #2795 ) ;
#41 = DIRECTION ( 'NONE',  ( 0.0000000000000000000, 1.000000000000000000, 0.0000000000000000000 ) ) ;
#42 = COLOUR_RGB ( '',1.000000000000000000, 1.000000000000000000, 1.000000000000000000 ) ;
#43 = UNCERTAINTY_MEASURE_WITH_UNIT (LENGTH_MEASURE( 1.000000000000000100E-005 ), #1492, 'distance_accuracy_value', 'NONE');
#44 = CARTESIAN_POINT ( 'NONE',  ( -0.7995000000000002100, 1.200000000000000200, -0.2049999999999999300 ) ) ;
#45 = EDGE_CURVE ( 'NONE', #5898, #4143, #94, .T. ) ;
#46 = ORIENTED_EDGE ( 'NONE', *, *, #6149, .T. ) ;
#47 = EDGE_CURVE ( 'NONE', #6341, #4558, #1246, .T. ) ;
#48 = ORIENTED_EDGE ( 'NONE', *, *, #3343, .F. ) ;
#49 = ADVANCED_FACE ( 'NONE', ( #4982 ), #612, .T. ) ;
#50 = ADVANCED_FACE ( 'NONE', ( #9568 ), #9147, .T. ) ;
#51 = EDGE_LOOP ( 'NONE', ( #1480, #2763, #7971 ) ) ;
#52 = CARTESIAN_POINT ( 'NONE',  ( -1.495438813010396400, 0.4139876401014538400, 0.5609979901584112300 ) ) ;
#53 = FACE_OUTER_BOUND ( 'NONE', #8841, .T. ) ;
#54 = VERTEX_POINT ( 'NONE', #4245 ) ;
#55 = ORIENTED_EDGE ( 'NONE', *, *, #6053, .T. ) ;
#56 =( BOUNDED_SURFACE ( )  B_SPLINE_SURFACE ( 3, 2, ( 
 ( #8879, #5869, #3018 ),
 ( #6628, #8082, #9540 ),
 ( #2413, #4550, #3120 ),
 ( #6799, #4681, #7562 ) ),
 .UNSPECIFIED., .F., .F., .T. ) 
 B_SPLINE_SURFACE_WITH_KNOTS ( ( 4, 4 ),
 ( 3, 3 ),
 ( -2.026102809832286400E-018, 6.356322544253996300E-005 ),
 ( 0.0000000000000000000, 1.000000000000000000 ),
 .UNSPECIFIED. ) 
 GEOMETRIC_REPRESENTATION_ITEM ( )  RATIONAL_B_SPLINE_SURFACE ( (
 ( 1.000000000000000000, 0.8040777125353375500, 1.000000000000000000),
 ( 1.000000000000000000, 0.8048198944759394900, 1.000000000000000000),
 ( 1.000000000000000000, 0.7489567002167021300, 1.000000000000000000),
 ( 1.000000000000000000, 0.7071067811850273400, 1.000000000000000000) ) ) 
 REPRESENTATION_ITEM ( '' )  SURFACE ( )  );
#57 = CARTESIAN_POINT ( 'NONE',  ( 1.393291209621585700, 0.3999999999999998000, -1.324466651971105900 ) ) ;
#58 = FACE_BOUND ( 'NONE', #6311, .T. ) ;
#59 = CARTESIAN_POINT ( 'NONE',  ( -1.113727632137321700, 0.02500000000000053200, 1.411250632775312900 ) ) ;
#60 = DIRECTION ( 'NONE',  ( 0.0000000000000000000, 1.000000000000000000, 0.0000000000000000000 ) ) ;
#61 = STYLED_ITEM ( 'NONE', ( #1353 ), #993 ) ;
#62 = CARTESIAN_POINT ( 'NONE',  ( -0.6605486766372546900, 0.3979999999999999100, -1.487796725346531400 ) ) ;
#63 = VECTOR ( 'NONE', #155, 1000.000000000000000 ) ;
#64 = PLANE ( 'NONE',  #5943 ) ;
#65 = FILL_AREA_STYLE ('',( #3485 ) ) ;
#66 = ORIENTED_EDGE ( 'NONE', *, *, #8492, .T. ) ;
#67 = VERTEX_POINT ( 'NONE', #2080 ) ;
#68 = EDGE_CURVE ( 'NONE', #2390, #3392, #4031, .T. ) ;
#69 = EDGE_CURVE ( 'NONE', #9516, #5672, #8653, .T. ) ;
#70 = AXIS2_PLACEMENT_3D ( 'NONE', #2123, #3572, #3538 ) ;
#71 = ORIENTED_EDGE ( 'NONE', *, *, #3037, .T. ) ;
#72 = COLOUR_RGB ( '',1.000000000000000000, 1.000000000000000000, 1.000000000000000000 ) ;
#73 = ORIENTED_EDGE ( 'NONE', *, *, #5825, .F. ) ;
#74 = CARTESIAN_POINT ( 'NONE',  ( -0.9045000000000001900, 1.150000000000000100, 0.2600000000000001800 ) ) ;
#75 = CARTESIAN_POINT ( 'NONE',  ( -0.7995000000000002100, 1.150000000000000100, -0.2049999999999999300 ) ) ;
#76 = CIRCLE ( 'NONE', #1792, 0.02249999999999995100 ) ;
#77 = ORIENTED_EDGE ( 'NONE', *, *, #9224, .F. ) ;
#78 =( GEOMETRIC_REPRESENTATION_CONTEXT ( 3 ) GLOBAL_UNCERTAINTY_ASSIGNED_CONTEXT ( ( #2078 ) ) GLOBAL_UNIT_ASSIGNED_CONTEXT ( ( #4295, #521, #2088 ) ) REPRESENTATION_CONTEXT ( 'NONE', 'WORKASPACE' ) );
#79 = ORIENTED_EDGE ( 'NONE', *, *, #5535, .T. ) ;
#80 = DIRECTION ( 'NONE',  ( 0.0000000000000000000, -0.0000000000000000000, -1.000000000000000000 ) ) ;
#81 = CARTESIAN_POINT ( 'NONE',  ( -1.005398891869288900, 0.2195099938507023600, 1.454723429234030800 ) ) ;
#82 = DIRECTION ( 'NONE',  ( 0.0000000000000000000, -1.000000000000000000, 0.0000000000000000000 ) ) ;
#83 = ORIENTED_EDGE ( 'NONE', *, *, #795, .F. ) ;
#84 = EDGE_CURVE ( 'NONE', #8602, #6849, #1479, .T. ) ;
#85 = LINE ( 'NONE', #4729, #9080 ) ;
#86 = ORIENTED_EDGE ( 'NONE', *, *, #2670, .F. ) ;
#87 = ORIENTED_EDGE ( 'NONE', *, *, #6178, .F. ) ;
#88 = ORIENTED_EDGE ( 'NONE', *, *, #400, .F. ) ;
#89 = CARTESIAN_POINT ( 'NONE',  ( -1.495438813010397900, 0.4139876401014512300, -1.130499522635683800 ) ) ;
#90 = DIRECTION ( 'NONE',  ( 0.9781476007338068000, 0.0000000000000000000, 0.2079116908177535400 ) ) ;
#91 = CYLINDRICAL_SURFACE ( 'NONE', #7503, 0.02250000000000005800 ) ;
#92 = CARTESIAN_POINT ( 'NONE',  ( 1.139134263426100600, 0.4000000000000000200, -1.385403474687652500 ) ) ;
#93 = ORIENTED_EDGE ( 'NONE', *, *, #2913, .T. ) ;
#94 = LINE ( 'NONE', #1022, #1019 ) ;
#95 = ORIENTED_EDGE ( 'NONE', *, *, #5242, .F. ) ;
#96 = ORIENTED_EDGE ( 'NONE', *, *, #8730, .T. ) ;
#97 = CARTESIAN_POINT ( 'NONE',  ( -1.049349240081405500, 0.4941120675697303100, 1.445381494333863400 ) ) ;
#98 = ADVANCED_FACE ( 'NONE', ( #6723 ), #213, .F. ) ;
#99 = ADVANCED_FACE ( 'NONE', ( #7983 ), #2717, .T. ) ;
#100 = CARTESIAN_POINT ( 'NONE',  ( -0.9816777060382549900, 0.4529234108412327200, 1.439318711035696400 ) ) ;
#101 = DIRECTION ( 'NONE',  ( 0.0000000000000000000, 1.000000000000000000, 0.0000000000000000000 ) ) ;
#102 = CARTESIAN_POINT ( 'NONE',  ( -1.433649113804486900, 0.5999774663789981800, 1.149699334504436600 ) ) ;
#103 = DIRECTION ( 'NONE',  ( 0.0000000000000000000, 1.000000000000000000, -0.0000000000000000000 ) ) ;
#104 = VERTEX_POINT ( 'NONE', #2111 ) ;
#105 = ORIENTED_EDGE ( 'NONE', *, *, #460, .F. ) ;
#106 = VERTEX_POINT ( 'NONE', #6512 ) ;
#107 = EDGE_CURVE ( 'NONE', #8032, #5903, #3214, .T. ) ;
#108 = EDGE_CURVE ( 'NONE', #8720, #2847, #7871, .T. ) ;
#109 = FACE_OUTER_BOUND ( 'NONE', #2630, .T. ) ;
#110 = PLANE ( 'NONE',  #4304 ) ;
#111 = EDGE_LOOP ( 'NONE', ( #217, #3897, #1465, #9441, #8072, #6557, #1638, #7874, #3176, #4398, #7716 ) ) ;
#112 = AXIS2_PLACEMENT_3D ( 'NONE', #1609, #4512, #2362 ) ;
#113 = CIRCLE ( 'NONE', #5362, 0.02250000000000005800 ) ;
#114 = AXIS2_PLACEMENT_3D ( 'NONE', #6642, #4414, #7395 ) ;
#115 = FACE_OUTER_BOUND ( 'NONE', #8201, .T. ) ;
#116 = CARTESIAN_POINT ( 'NONE',  ( -0.6420000000000002400, 1.200000000000000200, 0.1050000000000000700 ) ) ;
#117 = B_SPLINE_CURVE_WITH_KNOTS ( 'NONE', 3,
 ( #260, #6203, #6174, #3883, #5348, #1743, #7561 ),
 .UNSPECIFIED., .F., .F.,
 ( 4, 3, 4 ),
 ( 1.084202172485504300E-019, 0.0004266329876355415200, 0.0007422363434777573700 ),
 .UNSPECIFIED. ) ;
#118 = PLANE ( 'NONE',  #5641 ) ;
#119 = CARTESIAN_POINT ( 'NONE',  ( -1.325889227903589000, 0.7907169422465780700, -1.346664914048477400 ) ) ;
#120 = CARTESIAN_POINT ( 'NONE',  ( -0.9570786772085641000, 0.5999999999999992000, -1.357426197505238900 ) ) ;
#121 = DIRECTION ( 'NONE',  ( -5.889419529499061100E-016, -1.000000000000000000, 2.253809921677687600E-016 ) ) ;
#122 = DIRECTION ( 'NONE',  ( -0.9781476007338070200, 0.0000000000000000000, -0.2079116908177526300 ) ) ;
#123 = CARTESIAN_POINT ( 'NONE',  ( -0.6420000000000002400, 1.150000000000000100, -0.1049999999999999500 ) ) ;
#124 = PLANE ( 'NONE',  #1073 ) ;
#125 = EDGE_CURVE ( 'NONE', #7496, #7577, #6500, .T. ) ;
#126 = DIRECTION ( 'NONE',  ( 0.0000000000000000000, 1.000000000000000000, -0.0000000000000000000 ) ) ;
#127 = AXIS2_PLACEMENT_3D ( 'NONE', #4625, #918, #8255 ) ;
#128 = AXIS2_PLACEMENT_3D ( 'NONE', #1412, #5155, #8029 ) ;
#129 = DIRECTION ( 'NONE',  ( 0.0000000000000000000, 1.000000000000000000, -0.0000000000000000000 ) ) ;
#130 = CARTESIAN_POINT ( 'NONE',  ( -1.058856771980079400, 0.5111834961706944700, 1.428620534405399700 ) ) ;
#131 = CARTESIAN_POINT ( 'NONE',  ( -0.6945000000000002300, 1.086360389693210800, -0.2049999999999999300 ) ) ;
#132 = CARTESIAN_POINT ( 'NONE',  ( 1.495438813018630700, 0.7860123599238012500, 0.9398782611119712600 ) ) ;
#133 = CARTESIAN_POINT ( 'NONE',  ( -0.5370000000000001400, 1.150000000000000100, 6.576353311421284500E-017 ) ) ;
#134 = CARTESIAN_POINT ( 'NONE',  ( -0.9550000000000000700, 1.086360389693210800, -0.1799999999999999900 ) ) ;
#135 = ADVANCED_FACE ( 'NONE', ( #4747 ), #5730, .T. ) ;
#136 = STYLED_ITEM ( 'NONE', ( #6193 ), #7182 ) ;
#137 = CYLINDRICAL_SURFACE ( 'NONE', #563, 0.02250000000000005500 ) ;
#138 = CARTESIAN_POINT ( 'NONE',  ( -0.7576018556906549700, 0.02499999999999868600, -0.1610332455604285800 ) ) ;
#139 = DIRECTION ( 'NONE',  ( 0.0000000000000000000, -0.0000000000000000000, -1.000000000000000000 ) ) ;
#140 = CIRCLE ( 'NONE', #8981, 0.02249999999999995100 ) ;
#141 = ORIENTED_EDGE ( 'NONE', *, *, #3875, .T. ) ;
#142 = CARTESIAN_POINT ( 'NONE',  ( -0.5370000000000001400, 1.086360389693210800, -0.02249999999999987800 ) ) ;
#143 = DIRECTION ( 'NONE',  ( -0.06823212742845975700, -0.9975640502598248600, -0.01450318640162318900 ) ) ;
#144 = EDGE_CURVE ( 'NONE', #1696, #9056, #8171, .T. ) ;
#145 = CARTESIAN_POINT ( 'NONE',  ( 1.500000000000002000, 0.3999999999999995200, -3.252606517456513300E-016 ) ) ;
#146 = ORIENTED_EDGE ( 'NONE', *, *, #8465, .T. ) ;
#147 = SURFACE_STYLE_USAGE ( .BOTH. , #3825 ) ;
#148 = DIRECTION ( 'NONE',  ( 0.0000000000000000000, 0.0000000000000000000, 1.000000000000000000 ) ) ;
#149 = PLANE ( 'NONE',  #1471 ) ;
#150 = CARTESIAN_POINT ( 'NONE',  ( -1.262628383457521600, 0.3979999999999999100, -1.359820733013524800 ) ) ;
#151 = ORIENTED_EDGE ( 'NONE', *, *, #8312, .F. ) ;
#152 = DIRECTION ( 'NONE',  ( 0.0000000000000000000, -0.0000000000000000000, -1.000000000000000000 ) ) ;
#153 = ORIENTED_EDGE ( 'NONE', *, *, #2382, .F. ) ;
#154 = SURFACE_SIDE_STYLE ('',( #5747 ) ) ;
#155 = DIRECTION ( 'NONE',  ( -0.0000000000000000000, -1.000000000000000000, -0.0000000000000000000 ) ) ;
#156 = FACE_OUTER_BOUND ( 'NONE', #8183, .T. ) ;
#157 = DIRECTION ( 'NONE',  ( 0.0000000000000000000, 0.0000000000000000000, 1.000000000000000000 ) ) ;
#158 = ORIENTED_EDGE ( 'NONE', *, *, #8680, .T. ) ;
#159 = CYLINDRICAL_SURFACE ( 'NONE', #6976, 0.02250000000000005800 ) ;
#160 = MANIFOLD_SOLID_BREP ( 'Boss-Extrude7[3]', #6015 ) ;
#161 = LINE ( 'NONE', #2337, #7360 ) ;
#162 = ORIENTED_EDGE ( 'NONE', *, *, #5955, .F. ) ;
#163 = ORIENTED_EDGE ( 'NONE', *, *, #8324, .F. ) ;
#164 = CARTESIAN_POINT ( 'NONE',  ( -0.7995000000000001000, 1.150000000000000100, 0.2050000000000000400 ) ) ;
#165 = EDGE_LOOP ( 'NONE', ( #5189, #7269, #3805, #1757 ) ) ;
#166 = DIRECTION ( 'NONE',  ( 0.0000000000000000000, 0.0000000000000000000, -1.000000000000000000 ) ) ;
#167 = CYLINDRICAL_SURFACE ( 'NONE', #5508, 0.02249999999999995100 ) ;
#168 = EDGE_CURVE ( 'NONE', #3195, #7467, #5803, .T. ) ;
#169 = SURFACE_STYLE_FILL_AREA ( #1018 ) ;
#170 = ORIENTED_EDGE ( 'NONE', *, *, #816, .T. ) ;
#171 = CARTESIAN_POINT ( 'NONE',  ( -0.5390000000000001500, 1.150000000000000100, 0.1575000000000000300 ) ) ;
#172 = DIRECTION ( 'NONE',  ( -0.0000000000000000000, 1.000000000000000000, -0.0000000000000000000 ) ) ;
#173 = DIRECTION ( 'NONE',  ( 0.0000000000000000000, 1.000000000000000000, 0.0000000000000000000 ) ) ;
#174 = VERTEX_POINT ( 'NONE', #546 ) ;
#175 = CIRCLE ( 'NONE', #5497, 0.02250000000000005800 ) ;
#176 = CARTESIAN_POINT ( 'NONE',  ( -0.5895000000000001400, 1.200000000000000200, -0.2824999999999999700 ) ) ;
#177 = EDGE_LOOP ( 'NONE', ( #7991, #8047, #8512, #424 ) ) ;
#178 = CIRCLE ( 'NONE', #9033, 0.02250000000000005800 ) ;
#179 = ORIENTED_EDGE ( 'NONE', *, *, #6710, .F. ) ;
#180 = CARTESIAN_POINT ( 'NONE',  ( -0.5390000000000001500, 1.200000000000000200, -0.1800000000000000500 ) ) ;
#181 = B_SPLINE_CURVE_WITH_KNOTS ( 'NONE', 3,
 ( #5385, #4062, #1082, #1122 ),
 .UNSPECIFIED., .F., .F.,
 ( 4, 4 ),
 ( 0.0000000000000000000, 1.000000000000000000 ),
 .UNSPECIFIED. ) ;
#182 = ORIENTED_EDGE ( 'NONE', *, *, #8016, .F. ) ;
#183 = ORIENTED_EDGE ( 'NONE', *, *, #7428, .T. ) ;
#184 = DIRECTION ( 'NONE',  ( -0.0000000000000000000, 1.000000000000000000, -0.0000000000000000000 ) ) ;
#185 = AXIS2_PLACEMENT_3D ( 'NONE', #1377, #595, #5908 ) ;
#186 = AXIS2_PLACEMENT_3D ( 'NONE', #5518, #5381, #1782 ) ;
#187 = SURFACE_STYLE_USAGE ( .BOTH. , #3220 ) ;
#188 = VECTOR ( 'NONE', #6083, 1000.000000000000000 ) ;
#189 = ORIENTED_EDGE ( 'NONE', *, *, #9024, .F. ) ;
#190 = ADVANCED_FACE ( 'NONE', ( #7517 ), #4509, .T. ) ;
#191 = CARTESIAN_POINT ( 'NONE',  ( 0.6000000000000004200, 0.0000000000000000000, 1.499999999999999800 ) ) ;
#192 = DIRECTION ( 'NONE',  ( 0.0000000000000000000, -1.000000000000000000, 0.0000000000000000000 ) ) ;
#193 = DIRECTION ( 'NONE',  ( 0.0000000000000000000, 0.0000000000000000000, 1.000000000000000000 ) ) ;
#194 = ORIENTED_EDGE ( 'NONE', *, *, #2542, .T. ) ;
#195 = LINE ( 'NONE', #2691, #3196 ) ;
#196 = CARTESIAN_POINT ( 'NONE',  ( -1.374103491112923700, 0.4083758140070927200, -1.332524917308365800 ) ) ;
#197 = ORIENTED_EDGE ( 'NONE', *, *, #7932, .F. ) ;
#198 = ORIENTED_EDGE ( 'NONE', *, *, #3324, .T. ) ;
#199 = EDGE_CURVE ( 'NONE', #3548, #2490, #7408, .T. ) ;
#200 = CIRCLE ( 'NONE', #4783, 0.02250000000000005800 ) ;
#201 = AXIS2_PLACEMENT_3D ( 'NONE', #9028, #1573, #6095 ) ;
#202 = AXIS2_PLACEMENT_3D ( 'NONE', #1916, #2641, #1983 ) ;
#203 = EDGE_LOOP ( 'NONE', ( #3779, #2878, #4690, #3849 ) ) ;
#204 = DIRECTION ( 'NONE',  ( 0.0000000000000000000, 0.0000000000000000000, 1.000000000000000000 ) ) ;
#205 = LINE ( 'NONE', #2998, #9091 ) ;
#206 = ORIENTED_EDGE ( 'NONE', *, *, #5229, .T. ) ;
#207 = CARTESIAN_POINT ( 'NONE',  ( 1.495438813018629100, 0.7860123599237998100, -1.675527877817799800E-016 ) ) ;
#208 = ORIENTED_EDGE ( 'NONE', *, *, #5519, .F. ) ;
#209 = CARTESIAN_POINT ( 'NONE',  ( 0.8466160464970988700, 0.4080762362277938800, 1.444887750620426500 ) ) ;
#210 = VECTOR ( 'NONE', #7241, 1000.000000000000000 ) ;
#211 = EDGE_CURVE ( 'NONE', #5515, #6236, #7751, .T. ) ;
#212 = DIRECTION ( 'NONE',  ( 0.0000000000000000000, 1.000000000000000000, 0.0000000000000000000 ) ) ;
#213 = CYLINDRICAL_SURFACE ( 'NONE', #3582, 0.02250000000000005500 ) ;
#214 = ORIENTED_EDGE ( 'NONE', *, *, #9323, .T. ) ;
#215 = CARTESIAN_POINT ( 'NONE',  ( -1.279941855525978900, 3.532091952673165100, -1.130499522727401300 ) ) ;
#216 = CARTESIAN_POINT ( 'NONE',  ( -1.096459251778983100, 0.4562289744027194800, 1.402155305770707200 ) ) ;
#217 = ORIENTED_EDGE ( 'NONE', *, *, #8617, .F. ) ;
#218 = CARTESIAN_POINT ( 'NONE',  ( -0.4370000000000001100, 1.200000000000000200, 0.02250000000000009600 ) ) ;
#219 = CARTESIAN_POINT ( 'NONE',  ( -0.9550000000000000700, 1.150000000000000100, -0.1574999999999999200 ) ) ;
#220 = CARTESIAN_POINT ( 'NONE',  ( 1.434782608695652100, 0.5999999999999999800, 0.5702714232599905800 ) ) ;
#221 = DIRECTION ( 'NONE',  ( 0.0000000000000000000, 1.000000000000000000, -0.0000000000000000000 ) ) ;
#222 = CARTESIAN_POINT ( 'NONE',  ( -1.500652173913043600, 0.8020000000000002700, 1.156411760151925500 ) ) ;
#223 = ORIENTED_EDGE ( 'NONE', *, *, #3301, .T. ) ;
#224 = DIRECTION ( 'NONE',  ( -0.9781476007338068000, 0.0000000000000000000, -0.2079116908177535400 ) ) ;
#225 = DIRECTION ( 'NONE',  ( 0.0000000000000000000, -1.000000000000000000, 0.0000000000000000000 ) ) ;
#226 = CARTESIAN_POINT ( 'NONE',  ( 1.039164827090409000, 0.5572017808396315700, 1.366661568606902800 ) ) ;
#227 = DIRECTION ( 'NONE',  ( 0.0000000000000000000, 1.000000000000000000, -0.0000000000000000000 ) ) ;
#228 = DIRECTION ( 'NONE',  ( 0.0000000000000000000, -1.000000000000000000, 0.0000000000000000000 ) ) ;
#229 = EDGE_CURVE ( 'NONE', #4875, #6324, #8960, .T. ) ;
#230 = LINE ( 'NONE', #7848, #4645 ) ;
#231 = MECHANICAL_DESIGN_GEOMETRIC_PRESENTATION_REPRESENTATION (  '', ( #6115 ), #8343 ) ;
#232 = VERTEX_POINT ( 'NONE', #2212 ) ;
#233 = EDGE_CURVE ( 'NONE', #5898, #2471, #2519, .T. ) ;
#234 = EDGE_CURVE ( 'NONE', #4941, #4029, #4407, .T. ) ;
#235 = DIRECTION ( 'NONE',  ( 0.0000000000000000000, 1.000000000000000000, 0.0000000000000000000 ) ) ;
#236 = CARTESIAN_POINT ( 'NONE',  ( -1.117885865953677000, 2.032736059451452600E-016, 1.430813584789989200 ) ) ;
#237 = CARTESIAN_POINT ( 'NONE',  ( -1.495248075073627200, 0.7862554444370502000, -1.145691304932257200 ) ) ;
#238 = VECTOR ( 'NONE', #8111, 1000.000000000000000 ) ;
#239 = CARTESIAN_POINT ( 'NONE',  ( 0.7231696243410690200, 0.4080762362277951500, 1.471127097664377300 ) ) ;
#240 = FILL_AREA_STYLE_COLOUR ( '', #42 ) ;
#241 = ADVANCED_FACE ( 'NONE', ( #550 ), #4387, .T. ) ;
#242 = CYLINDRICAL_SURFACE ( 'NONE', #2935, 0.2200581444740219200 ) ;
#243 = CARTESIAN_POINT ( 'NONE',  ( 1.434782608695653000, 0.6000000000000000900, 0.9453088734910627400 ) ) ;
#244 = CARTESIAN_POINT ( 'NONE',  ( 0.6000000000000004200, 0.0000000000000000000, -1.499999999999999800 ) ) ;
#245 = CARTESIAN_POINT ( 'NONE',  ( 1.137721964273001200, 0.5999999999999993100, 1.319029281518051800 ) ) ;
#246 = EDGE_CURVE ( 'NONE', #3175, #6662, #2986, .T. ) ;
#247 = CARTESIAN_POINT ( 'NONE',  ( -1.499999999999999600, 0.8000000000000002700, -3.794707603699265500E-016 ) ) ;
#248 = AXIS2_PLACEMENT_3D ( 'NONE', #1326, #4287, #6540 ) ;
#249 = CARTESIAN_POINT ( 'NONE',  ( -1.094897184309959300, 2.977826321801558500E-016, 1.394806356122903400 ) ) ;
#250 =( NAMED_UNIT ( * ) PLANE_ANGLE_UNIT ( ) SI_UNIT ( $, .RADIAN. ) );
#251 = CARTESIAN_POINT ( 'NONE',  ( -1.394604489230827600, 0.3999999999999999100, 1.318332552454496000 ) ) ;
#252 = CARTESIAN_POINT ( 'NONE',  ( 1.033235305706307900, 0.5594350930244524900, 1.367200053288699200 ) ) ;
#253 = EDGE_CURVE ( 'NONE', #5467, #7925, #788, .T. ) ;
#254 = AXIS2_PLACEMENT_3D ( 'NONE', #7756, #4107, #4811 ) ;
#255 = AXIS2_PLACEMENT_3D ( 'NONE', #8203, #3056, #1622 ) ;
#256 = CARTESIAN_POINT ( 'NONE',  ( -0.5895000000000000200, 1.150000000000000100, 0.2825000000000000800 ) ) ;
#257 = DIRECTION ( 'NONE',  ( 0.0000000000000000000, 1.000000000000000000, 0.0000000000000000000 ) ) ;
#258 = DIRECTION ( 'NONE',  ( 0.0000000000000000000, -0.0000000000000000000, -1.000000000000000000 ) ) ;
#259 = CARTESIAN_POINT ( 'NONE',  ( 1.325694516421789500, 0.8000000000000001600, 1.349999999999999900 ) ) ;
#260 = CARTESIAN_POINT ( 'NONE',  ( 0.5997232021850393800, 0.4080762362277933800, -1.497366444708328100 ) ) ;
#261 = CARTESIAN_POINT ( 'NONE',  ( 0.9816777060382549900, 0.4529234108412327200, 1.439318711035696400 ) ) ;
#262 = ORIENTED_EDGE ( 'NONE', *, *, #5723, .F. ) ;
#263 = AXIS2_PLACEMENT_3D ( 'NONE', #6464, #2706, #3448 ) ;
#264 = CARTESIAN_POINT ( 'NONE',  ( 1.365026579450195700, 0.5999999999999998700, -1.263006399655995900 ) ) ;
#265 = AXIS2_PLACEMENT_3D ( 'NONE', #2547, #3314, #4802 ) ;
#266 = ORIENTED_EDGE ( 'NONE', *, *, #1707, .F. ) ;
#267 = ORIENTED_EDGE ( 'NONE', *, *, #1825, .F. ) ;
#268 = CARTESIAN_POINT ( 'NONE',  ( -0.5999999999999995300, 3.532091952673165100, 1.500000000000000000 ) ) ;
#269 = CARTESIAN_POINT ( 'NONE',  ( -0.7995000000000002100, 1.086360389693210800, -0.2049999999999999300 ) ) ;
#270 = CARTESIAN_POINT ( 'NONE',  ( 1.139134263426102400, 0.3999999999999996900, 1.385403474687651600 ) ) ;
#271 = VERTEX_POINT ( 'NONE', #8929 ) ;
#272 = CARTESIAN_POINT ( 'NONE',  ( -1.057000000000000200, 1.150000000000000100, 1.171986986784016800E-016 ) ) ;
#273 = AXIS2_PLACEMENT_3D ( 'NONE', #9479, #5174, #8827 ) ;
#274 = CARTESIAN_POINT ( 'NONE',  ( -0.9574469850529906400, 0.6000000000000009800, 1.357347911256190800 ) ) ;
#275 = DIRECTION ( 'NONE',  ( 0.0000000000000000000, 1.000000000000000000, -0.0000000000000000000 ) ) ;
#276 =( BOUNDED_SURFACE ( )  B_SPLINE_SURFACE ( 3, 2, ( 
 ( #8113, #2179, #3603 ),
 ( #5844, #2903, #1357 ),
 ( #7270, #4410, #7305 ),
 ( #6657, #2137, #3670 ) ),
 .UNSPECIFIED., .F., .F., .T. ) 
 B_SPLINE_SURFACE_WITH_KNOTS ( ( 4, 4 ),
 ( 3, 3 ),
 ( 0.001465203114748826500, 0.002213496562696710100 ),
 ( 0.0000000000000000000, 1.000000000000000000 ),
 .UNSPECIFIED. ) 
 GEOMETRIC_REPRESENTATION_ITEM ( )  RATIONAL_B_SPLINE_SURFACE ( (
 ( 1.000000000000000000, 0.9477934207055274100, 1.000000000000000000),
 ( 1.000000000000000000, 0.9477934207055274100, 1.000000000000000000),
 ( 1.000000000000000000, 0.9477957693035550200, 1.000000000000000000),
 ( 1.000000000000000000, 0.9477957693035550200, 1.000000000000000000) ) ) 
 REPRESENTATION_ITEM ( '' )  SURFACE ( )  );
#277 = EDGE_CURVE ( 'NONE', #5591, #295, #9102, .T. ) ;
#278 = DIRECTION ( 'NONE',  ( 0.0000000000000000000, 1.000000000000000000, 0.0000000000000000000 ) ) ;
#279 = ORIENTED_EDGE ( 'NONE', *, *, #7878, .T. ) ;
#280 = EDGE_CURVE ( 'NONE', #1838, #7369, #8192, .T. ) ;
#281 = ORIENTED_EDGE ( 'NONE', *, *, #3322, .F. ) ;
#282 = FACE_BOUND ( 'NONE', #7516, .T. ) ;
#283 = CIRCLE ( 'NONE', #7213, 0.2200581444740219200 ) ;
#284 = CARTESIAN_POINT ( 'NONE',  ( -1.057000000000000200, 1.150000000000000100, 1.171986986784016800E-016 ) ) ;
#285 = DIRECTION ( 'NONE',  ( 0.0000000000000000000, 0.0000000000000000000, 1.000000000000000000 ) ) ;
#286 = CARTESIAN_POINT ( 'NONE',  ( -1.493651254677971900, 0.4130279922691619300, -1.161201555680034400 ) ) ;
#287 = VERTEX_POINT ( 'NONE', #2428 ) ;
#288 = VERTEX_POINT ( 'NONE', #5433 ) ;
#289 = AXIS2_PLACEMENT_3D ( 'NONE', #6498, #2804, #571 ) ;
#290 = CARTESIAN_POINT ( 'NONE',  ( 1.434753136974829400, 0.5999847474080790600, 1.134301255057391700 ) ) ;
#291 = EDGE_CURVE ( 'NONE', #8738, #9273, #6254, .T. ) ;
#292 = CIRCLE ( 'NONE', #3224, 0.02249999999999995100 ) ;
#293 = ORIENTED_EDGE ( 'NONE', *, *, #8791, .T. ) ;
#294 = VECTOR ( 'NONE', #4667, 1000.000000000000000 ) ;
#295 = VERTEX_POINT ( 'NONE', #4542 ) ;
#296 = FACE_OUTER_BOUND ( 'NONE', #9078, .T. ) ;
#297 = ORIENTED_EDGE ( 'NONE', *, *, #5585, .F. ) ;
#298 = VERTEX_POINT ( 'NONE', #1574 ) ;
#299 = ORIENTED_EDGE ( 'NONE', *, *, #4633, .F. ) ;
#300 = CARTESIAN_POINT ( 'NONE',  ( -0.9550000000000000700, 1.150000000000000100, 0.1575000000000000800 ) ) ;
#301 = CARTESIAN_POINT ( 'NONE',  ( 1.325889227903589400, 0.7907169422465775100, 1.346664914048477400 ) ) ;
#302 = CARTESIAN_POINT ( 'NONE',  ( -1.094897184309959700, 0.4588561431712425100, 1.394806356122903200 ) ) ;
#303 = FILL_AREA_STYLE_COLOUR ( '', #7945 ) ;
#304 = B_SPLINE_CURVE_WITH_KNOTS ( 'NONE', 3,
 ( #4866, #7085, #2058, #5737 ),
 .UNSPECIFIED., .F., .F.,
 ( 4, 4 ),
 ( 0.0000000000000000000, 1.000000000000000000 ),
 .UNSPECIFIED. ) ;
#305 = ORIENTED_EDGE ( 'NONE', *, *, #2913, .F. ) ;
#306 = DIRECTION ( 'NONE',  ( -0.0000000000000000000, 1.000000000000000000, -0.0000000000000000000 ) ) ;
#307 = VECTOR ( 'NONE', #7924, 1000.000000000000000 ) ;
#308 = ORIENTED_EDGE ( 'NONE', *, *, #4898, .T. ) ;
#309 = ORIENTED_EDGE ( 'NONE', *, *, #2382, .T. ) ;
#310 = AXIS2_PLACEMENT_3D ( 'NONE', #6958, #2501, #477 ) ;
#311 = VERTEX_POINT ( 'NONE', #862 ) ;
#312 = CARTESIAN_POINT ( 'NONE',  ( -1.041041990348655600, 0.5142746998404984500, 1.430021649745398600 ) ) ;
#313 = CARTESIAN_POINT ( 'NONE',  ( -1.500652173913043400, 0.8020000000000001600, -0.9422407747293416500 ) ) ;
#314 = CARTESIAN_POINT ( 'NONE',  ( -0.5895000000000000200, 1.150000000000000100, 0.2600000000000001200 ) ) ;
#315 = CARTESIAN_POINT ( 'NONE',  ( 1.064187193874702300, 0.4886945488427477700, 1.442227589893341700 ) ) ;
#316 = CARTESIAN_POINT ( 'NONE',  ( -1.395756872773706900, 0.3999999999999999700, 1.317615713179372000 ) ) ;
#317 = CARTESIAN_POINT ( 'NONE',  ( 1.093513784570066900, 0.4688190291854560900, 1.390743773134018900 ) ) ;
#318 = LINE ( 'NONE', #7430, #9331 ) ;
#319 = PLANE ( 'NONE',  #5741 ) ;
#320 = ORIENTED_EDGE ( 'NONE', *, *, #1161, .T. ) ;
#321 = CIRCLE ( 'NONE', #9519, 0.02250000000000005500 ) ;
#322 = EDGE_LOOP ( 'NONE', ( #2307, #1333 ) ) ;
#323 = CARTESIAN_POINT ( 'NONE',  ( 1.096907168337424100, 0.005000000000000550900, 1.435272744623614900 ) ) ;
#324 = CARTESIAN_POINT ( 'NONE',  ( -1.495387004505484500, 0.7861472377761669100, -1.141071649031769200 ) ) ;
#325 = VECTOR ( 'NONE', #1189, 1000.000000000000000 ) ;
#326 = CARTESIAN_POINT ( 'NONE',  ( 0.9684987383166631100, 0.5599999999999998300, 1.380779551409070600 ) ) ;
#327 = EDGE_LOOP ( 'NONE', ( #9384, #547, #1689, #1095 ) ) ;
#328 = VERTEX_POINT ( 'NONE', #6819 ) ;
#329 = VERTEX_POINT ( 'NONE', #7554 ) ;
#330 = ADVANCED_FACE ( 'NONE', ( #1704 ), #7170, .F. ) ;
#331 = CARTESIAN_POINT ( 'NONE',  ( 1.499999999999998400, 0.7999999999999987100, -2.168404344971008900E-016 ) ) ;
#332 = DIRECTION ( 'NONE',  ( 0.0000000000000000000, -1.000000000000000000, 0.0000000000000000000 ) ) ;
#333 = CARTESIAN_POINT ( 'NONE',  ( 0.6200000000000000000, 0.8000000000000001600, 1.500000000000000000 ) ) ;
#334 = EDGE_CURVE ( 'NONE', #7834, #7493, #1822, .T. ) ;
#335 = DIRECTION ( 'NONE',  ( 0.0000000000000000000, 1.000000000000000000, 0.0000000000000000000 ) ) ;
#336 = EDGE_LOOP ( 'NONE', ( #6361, #3785, #6715, #5967 ) ) ;
#337 = DIRECTION ( 'NONE',  ( -2.168404344971009600E-016, 0.0000000000000000000, -1.000000000000000000 ) ) ;
#338 = DIRECTION ( 'NONE',  ( 0.0000000000000000000, 1.000000000000000000, 0.0000000000000000000 ) ) ;
#339 = DIRECTION ( 'NONE',  ( 0.0000000000000000000, 1.000000000000000000, 0.0000000000000000000 ) ) ;
#340 = CIRCLE ( 'NONE', #3378, 0.02250000000000005800 ) ;
#341 = CARTESIAN_POINT ( 'NONE',  ( -1.027894337156995300, 0.5599839339496451900, 1.368166804670931000 ) ) ;
#342 = CARTESIAN_POINT ( 'NONE',  ( -1.434782608695652600, 0.6000000000000000900, 1.151291586694377400 ) ) ;
#343 = FACE_OUTER_BOUND ( 'NONE', #2036, .T. ) ;
#344 = DIRECTION ( 'NONE',  ( 0.0000000000000000000, 1.000000000000000000, 0.0000000000000000000 ) ) ;
#345 = CARTESIAN_POINT ( 'NONE',  ( 1.091836173620955400, 0.4774355080512893700, 1.386919155524827500 ) ) ;
#346 = DIRECTION ( 'NONE',  ( 0.0000000000000000000, 0.0000000000000000000, -1.000000000000000000 ) ) ;
#347 = EDGE_CURVE ( 'NONE', #7303, #8738, #443, .T. ) ;
#348 = AXIS2_PLACEMENT_3D ( 'NONE', #7199, #608, #7975 ) ;
#349 = DIRECTION ( 'NONE',  ( 0.0000000000000000000, 0.0000000000000000000, 1.000000000000000000 ) ) ;
#350 = EDGE_CURVE ( 'NONE', #2059, #5924, #321, .T. ) ;
#351 = DIRECTION ( 'NONE',  ( 0.0000000000000000000, -1.246832498358326800E-013, -1.000000000000000000 ) ) ;
#352 = ORIENTED_EDGE ( 'NONE', *, *, #4842, .F. ) ;
#353 = DIRECTION ( 'NONE',  ( 0.2079116908177569600, 0.0000000000000000000, 0.9781476007338061300 ) ) ;
#354 = DIRECTION ( 'NONE',  ( -0.2079116908177528500, -1.143494478793304100E-015, -0.9781476007338070200 ) ) ;
#355 = VECTOR ( 'NONE', #4074, 1000.000000000000000 ) ;
#356 = CARTESIAN_POINT ( 'NONE',  ( 1.493651254677700300, 0.4130279922691100800, 1.161201555682083600 ) ) ;
#357 = CARTESIAN_POINT ( 'NONE',  ( 1.427004805574064700, 0.6000000000000000900, -1.186857947964830200 ) ) ;
#358 = PLANE ( 'NONE',  #1735 ) ;
#359 = AXIS2_PLACEMENT_3D ( 'NONE', #6028, #8155, #3743 ) ;
#360 =( GEOMETRIC_REPRESENTATION_CONTEXT ( 3 ) GLOBAL_UNCERTAINTY_ASSIGNED_CONTEXT ( ( #8165 ) ) GLOBAL_UNIT_ASSIGNED_CONTEXT ( ( #6522, #2800, #3532 ) ) REPRESENTATION_CONTEXT ( 'NONE', 'WORKASPACE' ) );
#361 = CYLINDRICAL_SURFACE ( 'NONE', #3657, 0.02250000000000005800 ) ;
#362 = CARTESIAN_POINT ( 'NONE',  ( -0.8520000000000000900, 1.200000000000000200, 0.1050000000000000800 ) ) ;
#363 = B_SPLINE_CURVE_WITH_KNOTS ( 'NONE', 3,
 ( #1505, #1994, #5146, #2746 ),
 .UNSPECIFIED., .F., .F.,
 ( 4, 4 ),
 ( 0.0000000000000000000, 6.217883288784966300E-006 ),
 .UNSPECIFIED. ) ;
#364 = DIRECTION ( 'NONE',  ( 0.9976689818299084900, -0.06823930461598892700, 0.0000000000000000000 ) ) ;
#365 = CIRCLE ( 'NONE', #4923, 0.02250000000000005800 ) ;
#366 = EDGE_CURVE ( 'NONE', #5162, #1572, #7295, .T. ) ;
#367 = ADVANCED_FACE ( 'NONE', ( #7641 ), #5580, .T. ) ;
#368 = DIRECTION ( 'NONE',  ( 0.0000000000000000000, -1.000000000000000000, 0.0000000000000000000 ) ) ;
#369 = ORIENTED_EDGE ( 'NONE', *, *, #5830, .F. ) ;
#370 = CARTESIAN_POINT ( 'NONE',  ( -1.325694516421789000, 0.0000000000000000000, 1.345748868766600200 ) ) ;
#371 = EDGE_CURVE ( 'NONE', #6662, #9453, #2194, .T. ) ;
#372 = AXIS2_PLACEMENT_3D ( 'NONE', #8245, #5268, #8149 ) ;
#373 = VECTOR ( 'NONE', #2973, 1000.000000000000000 ) ;
#374 = ORIENTED_EDGE ( 'NONE', *, *, #4844, .F. ) ;
#375 = CARTESIAN_POINT ( 'NONE',  ( -0.7995000000000002100, 1.200000000000000200, -0.2049999999999999300 ) ) ;
#376 = CIRCLE ( 'NONE', #7063, 0.02250000000000005800 ) ;
#377 = ORIENTED_EDGE ( 'NONE', *, *, #1759, .F. ) ;
#378 = DIRECTION ( 'NONE',  ( -0.0000000000000000000, 1.000000000000000000, -0.0000000000000000000 ) ) ;
#379 = EDGE_LOOP ( 'NONE', ( #2567, #458, #2617, #4277 ) ) ;
#380 = DIRECTION ( 'NONE',  ( 0.0000000000000000000, 1.000000000000000000, 0.0000000000000000000 ) ) ;
#381 = ADVANCED_FACE ( 'NONE', ( #3561 ), #9335, .F. ) ;
#382 = EDGE_CURVE ( 'NONE', #3048, #953, #1948, .T. ) ;
#383 = VECTOR ( 'NONE', #9014, 1000.000000000000000 ) ;
#384 = ORIENTED_EDGE ( 'NONE', *, *, #2115, .F. ) ;
#385 = CARTESIAN_POINT ( 'NONE',  ( 1.493733555321521400, 0.7867612130683686600, 1.164102770149578500 ) ) ;
#386 = FACE_OUTER_BOUND ( 'NONE', #6363, .T. ) ;
#387 = CARTESIAN_POINT ( 'NONE',  ( -0.9045000000000001900, 1.200000000000000200, 0.2600000000000001800 ) ) ;
#388 = CYLINDRICAL_SURFACE ( 'NONE', #6401, 0.02250000000000005800 ) ;
#389 = DIRECTION ( 'NONE',  ( -1.000000000000000000, 0.0000000000000000000, -0.0000000000000000000 ) ) ;
#390 = CIRCLE ( 'NONE', #8317, 0.02250000000000005800 ) ;
#391 = ORIENTED_EDGE ( 'NONE', *, *, #2557, .T. ) ;
#392 = ORIENTED_EDGE ( 'NONE', *, *, #2999, .T. ) ;
#393 = VECTOR ( 'NONE', #4348, 1000.000000000000000 ) ;
#394 = DIRECTION ( 'NONE',  ( 0.0000000000000000000, 1.000000000000000000, 0.0000000000000000000 ) ) ;
#395 = FACE_OUTER_BOUND ( 'NONE', #8491, .T. ) ;
#396 = DIRECTION ( 'NONE',  ( -1.000000000000000000, 0.0000000000000000000, 0.0000000000000000000 ) ) ;
#397 = DIRECTION ( 'NONE',  ( 0.0000000000000000000, 0.0000000000000000000, -1.000000000000000000 ) ) ;
#398 = ORIENTED_EDGE ( 'NONE', *, *, #432, .T. ) ;
#399 = DIRECTION ( 'NONE',  ( -0.2079116908177526800, 1.143494478793304300E-015, 0.9781476007338070200 ) ) ;
#400 = EDGE_CURVE ( 'NONE', #2375, #1419, #5915, .T. ) ;
#401 = AXIS2_PLACEMENT_3D ( 'NONE', #9369, #7205, #3612 ) ;
#402 = CARTESIAN_POINT ( 'NONE',  ( -1.279941855525978100, 0.8000000000000001600, 1.134750653960801200 ) ) ;
#403 = FACE_OUTER_BOUND ( 'NONE', #3986, .T. ) ;
#404 = ORIENTED_EDGE ( 'NONE', *, *, #9387, .T. ) ;
#405 = DIRECTION ( 'NONE',  ( 0.0000000000000000000, 0.0000000000000000000, 1.000000000000000000 ) ) ;
#406 = CARTESIAN_POINT ( 'NONE',  ( -0.7470000000000001100, 1.086360389693210800, 0.1050000000000000400 ) ) ;
#407 = CIRCLE ( 'NONE', #2982, 0.02250000000000005800 ) ;
#408 = EDGE_CURVE ( 'NONE', #9074, #6314, #2296, .T. ) ;
#409 = FILL_AREA_STYLE_COLOUR ( '', #9562 ) ;
#410 = CARTESIAN_POINT ( 'NONE',  ( 1.419294777592589300, 0.7999302840480139200, -1.312354275675660300 ) ) ;
#411 = ORIENTED_EDGE ( 'NONE', *, *, #8501, .T. ) ;
#412 = ORIENTED_EDGE ( 'NONE', *, *, #2874, .T. ) ;
#413 = VERTEX_POINT ( 'NONE', #8338 ) ;
#414 = VERTEX_POINT ( 'NONE', #4803 ) ;
#415 = VECTOR ( 'NONE', #600, 1000.000000000000000 ) ;
#416 = EDGE_LOOP ( 'NONE', ( #4231, #4507, #5804, #8208 ) ) ;
#417 = DIRECTION ( 'NONE',  ( 0.0000000000000000000, -0.0000000000000000000, -1.000000000000000000 ) ) ;
#418 = CARTESIAN_POINT ( 'NONE',  ( -0.8520000000000000900, 1.150000000000000100, 0.1050000000000000800 ) ) ;
#419 = CARTESIAN_POINT ( 'NONE',  ( -1.374577112869487900, 0.6000125250107721800, -1.254156123869560400 ) ) ;
#420 = ORIENTED_EDGE ( 'NONE', *, *, #7429, .T. ) ;
#421 =( GEOMETRIC_REPRESENTATION_CONTEXT ( 3 ) GLOBAL_UNCERTAINTY_ASSIGNED_CONTEXT ( ( #5164 ) ) GLOBAL_UNIT_ASSIGNED_CONTEXT ( ( #3334, #9248, #1871 ) ) REPRESENTATION_CONTEXT ( 'NONE', 'WORKASPACE' ) );
#422 = VECTOR ( 'NONE', #8587, 1000.000000000000000 ) ;
#423 = VERTEX_POINT ( 'NONE', #4070 ) ;
#424 = ORIENTED_EDGE ( 'NONE', *, *, #382, .F. ) ;
#425 = CARTESIAN_POINT ( 'NONE',  ( -0.8520000000000000900, 1.086360389693210800, 0.1050000000000000800 ) ) ;
#426 = CARTESIAN_POINT ( 'NONE',  ( 1.434441657940906500, 0.7894560152903451500, 1.288196711449935100 ) ) ;
#427 = AXIS2_PLACEMENT_3D ( 'NONE', #510, #1361, #4282 ) ;
#428 = ADVANCED_FACE ( 'NONE', ( #6933 ), #6297, .T. ) ;
#429 = ORIENTED_EDGE ( 'NONE', *, *, #1862, .F. ) ;
#430 = CARTESIAN_POINT ( 'NONE',  ( 0.7950668834195521200, 0.8000000000000004900, 1.462788385198053700 ) ) ;
#431 = ORIENTED_EDGE ( 'NONE', *, *, #1879, .T. ) ;
#432 = EDGE_CURVE ( 'NONE', #7612, #8069, #1136, .T. ) ;
#433 = AXIS2_PLACEMENT_3D ( 'NONE', #9239, #1860, #7680 ) ;
#434 = CARTESIAN_POINT ( 'NONE',  ( -0.6945000000000002300, 1.150000000000000100, 0.2050000000000000400 ) ) ;
#435 = B_SPLINE_CURVE_WITH_KNOTS ( 'NONE', 3,
 ( #5774, #2825, #8186, #8148, #1488, #13, #3737, #1460, #2244, #1422 ),
 .UNSPECIFIED., .F., .F.,
 ( 4, 3, 3, 4 ),
 ( -5.999643411197969100E-008, 0.0000000000000000000, 0.0004290930677038227100, 0.0007220307286642914700 ),
 .UNSPECIFIED. ) ;
#436 = ADVANCED_FACE ( 'NONE', ( #2409 ), #4775, .T. ) ;
#437 = CYLINDRICAL_SURFACE ( 'NONE', #5963, 0.02250000000000005800 ) ;
#438 = EDGE_CURVE ( 'NONE', #9575, #8504, #726, .T. ) ;
#439 =( GEOMETRIC_REPRESENTATION_CONTEXT ( 3 ) GLOBAL_UNCERTAINTY_ASSIGNED_CONTEXT ( ( #1279 ) ) GLOBAL_UNIT_ASSIGNED_CONTEXT ( ( #2029, #2836, #7258 ) ) REPRESENTATION_CONTEXT ( 'NONE', 'WORKASPACE' ) );
#440 = AXIS2_PLACEMENT_3D ( 'NONE', #3796, #4590, #139 ) ;
#441 = DIRECTION ( 'NONE',  ( 0.0000000000000000000, -1.000000000000000000, 0.0000000000000000000 ) ) ;
#442 = CARTESIAN_POINT ( 'NONE',  ( -0.9550000000000000700, 1.200000000000000200, -0.1574999999999999200 ) ) ;
#443 = LINE ( 'NONE', #932, #2305 ) ;
#444 = ORIENTED_EDGE ( 'NONE', *, *, #6029, .F. ) ;
#445 = EDGE_LOOP ( 'NONE', ( #6623, #299, #3659, #3299 ) ) ;
#446 = CARTESIAN_POINT ( 'NONE',  ( -0.4370000000000001100, 1.200000000000000200, -0.02250000000000001700 ) ) ;
#447 = DIRECTION ( 'NONE',  ( 0.0000000000000000000, -0.0000000000000000000, -1.000000000000000000 ) ) ;
#448 = CARTESIAN_POINT ( 'NONE',  ( -0.8520000000000000900, 1.086360389693210800, -0.1049999999999999300 ) ) ;
#449 = FACE_OUTER_BOUND ( 'NONE', #6838, .T. ) ;
#450 = ORIENTED_EDGE ( 'NONE', *, *, #4420, .T. ) ;
#451 = DIRECTION ( 'NONE',  ( 0.0000000000000000000, 1.000000000000000000, -0.0000000000000000000 ) ) ;
#452 = DIRECTION ( 'NONE',  ( 0.2079116908177526800, 1.143494478793304300E-015, 0.9781476007338070200 ) ) ;
#453 = AXIS2_PLACEMENT_3D ( 'NONE', #7414, #2965, #8130 ) ;
#454 = CARTESIAN_POINT ( 'NONE',  ( -1.005398891869288900, 0.4529234108409782000, 1.454723429234030800 ) ) ;
#455 = FACE_OUTER_BOUND ( 'NONE', #8200, .T. ) ;
#456 = CARTESIAN_POINT ( 'NONE',  ( -0.9550000000000000700, 1.086360389693210800, -0.1349999999999998700 ) ) ;
#457 = AXIS2_PLACEMENT_3D ( 'NONE', #5225, #5888, #776 ) ;
#458 = ORIENTED_EDGE ( 'NONE', *, *, #655, .F. ) ;
#459 = CARTESIAN_POINT ( 'NONE',  ( 1.347384664740792100, 0.8020000000000001600, 1.346098871829750200 ) ) ;
#460 = EDGE_CURVE ( 'NONE', #2765, #3997, #8303, .T. ) ;
#461 = FACE_OUTER_BOUND ( 'NONE', #999, .T. ) ;
#462 = CARTESIAN_POINT ( 'NONE',  ( -0.9550000000000000700, 1.150000000000000100, -0.1574999999999999200 ) ) ;
#463 = FACE_OUTER_BOUND ( 'NONE', #4555, .T. ) ;
#464 = EDGE_CURVE ( 'NONE', #2173, #879, #1695, .T. ) ;
#465 =( BOUNDED_CURVE ( )  B_SPLINE_CURVE ( 3, ( #5700, #4906, #2782, #7877 ),
 .UNSPECIFIED., .F., .F. ) 
 B_SPLINE_CURVE_WITH_KNOTS ( ( 4, 4 ),
 ( 4.712388980384691500, 6.283185307179586200 ),
 .UNSPECIFIED. ) 
 CURVE ( )  GEOMETRIC_REPRESENTATION_ITEM ( )  RATIONAL_B_SPLINE_CURVE ( ( 1.000000000000000000, 0.8047378541243654900, 0.8047378541243654900, 1.000000000000000000 ) ) 
 REPRESENTATION_ITEM ( '' )  );
#466 =( LENGTH_UNIT ( ) NAMED_UNIT ( * ) SI_UNIT ( .MILLI., .METRE. ) );
#467 = CARTESIAN_POINT ( 'NONE',  ( -1.264096234132523000, 0.8020000000000001600, -1.363802374266735600 ) ) ;
#468 = SURFACE_STYLE_USAGE ( .BOTH. , #2612 ) ;
#469 = CARTESIAN_POINT ( 'NONE',  ( 1.500000000000000700, 0.3999999999999995800, -1.152076427983975000 ) ) ;
#470 = AXIS2_PLACEMENT_3D ( 'NONE', #5837, #5323, #6629 ) ;
#471 = EDGE_CURVE ( 'NONE', #5404, #4210, #8412, .T. ) ;
#472 = CARTESIAN_POINT ( 'NONE',  ( 1.374081004563669600, 0.4083766763015489500, -1.332529250661310200 ) ) ;
#473 = DIRECTION ( 'NONE',  ( 0.0000000000000000000, 0.0000000000000000000, 1.000000000000000000 ) ) ;
#474 = CARTESIAN_POINT ( 'NONE',  ( -1.312221775034237100, 0.5999992997203293900, -1.281938811174962300 ) ) ;
#475 = ADVANCED_FACE ( 'NONE', ( #8545 ), #9130, .T. ) ;
#476 = ORIENTED_EDGE ( 'NONE', *, *, #1418, .F. ) ;
#477 = DIRECTION ( 'NONE',  ( 0.0000000000000000000, -0.0000000000000000000, 1.000000000000000000 ) ) ;
#478 = DIRECTION ( 'NONE',  ( 0.0000000000000000000, 0.0000000000000000000, -1.000000000000000000 ) ) ;
#479 = SURFACE_STYLE_USAGE ( .BOTH. , #4177 ) ;
#480 = DIRECTION ( 'NONE',  ( 0.0000000000000000000, 0.3100205998309162300, 0.9507298394814790400 ) ) ;
#481 = SURFACE_STYLE_FILL_AREA ( #2454 ) ;
#482 = ORIENTED_EDGE ( 'NONE', *, *, #8184, .F. ) ;
#483 = CARTESIAN_POINT ( 'NONE',  ( 1.402048539154312300, 0.6000000000000004200, 1.229933867342751800 ) ) ;
#484 = AXIS2_PLACEMENT_3D ( 'NONE', #1984, #4925, #4993 ) ;
#485 = AXIS2_PLACEMENT_3D ( 'NONE', #3905, #4642, #9099 ) ;
#486 = FACE_OUTER_BOUND ( 'NONE', #6109, .T. ) ;
#487 = CARTESIAN_POINT ( 'NONE',  ( -1.082007576903385900, 0.4887959513968951900, 1.334165521018577700 ) ) ;
#488 = CARTESIAN_POINT ( 'NONE',  ( -0.7995000000000002100, 1.150000000000000100, -0.2275000000000000100 ) ) ;
#489 = DIRECTION ( 'NONE',  ( 0.0000000000000000000, 1.000000000000000000, 0.0000000000000000000 ) ) ;
#490 = DIRECTION ( 'NONE',  ( 0.0000000000000000000, 0.0000000000000000000, -1.000000000000000000 ) ) ;
#491 = ORIENTED_EDGE ( 'NONE', *, *, #5482, .F. ) ;
#492 = VECTOR ( 'NONE', #8296, 1000.000000000000000 ) ;
#493 = VERTEX_POINT ( 'NONE', #9160 ) ;
#494 = DIRECTION ( 'NONE',  ( 0.0000000000000000000, 0.0000000000000000000, 1.000000000000000000 ) ) ;
#495 = LINE ( 'NONE', #4058, #8134 ) ;
#496 = PRESENTATION_LAYER_ASSIGNMENT (  '', '', ( #17 ) ) ;
#497 = FACE_OUTER_BOUND ( 'NONE', #2933, .T. ) ;
#498 = CARTESIAN_POINT ( 'NONE',  ( -1.007000000000000100, 1.150000000000000100, 0.1800000000000001600 ) ) ;
#499 = CARTESIAN_POINT ( 'NONE',  ( 1.043357718740745900, 0.5111767571794889600, 1.440916295264198700 ) ) ;
#500 = ORIENTED_EDGE ( 'NONE', *, *, #2502, .F. ) ;
#501 = CARTESIAN_POINT ( 'NONE',  ( 1.041585265297793500, 0.5134737001387599300, 1.432577557428841700 ) ) ;
#502 = ORIENTED_EDGE ( 'NONE', *, *, #2590, .T. ) ;
#503 = CARTESIAN_POINT ( 'NONE',  ( 1.325889227903589400, 0.7907169422465775100, 1.346664914048477400 ) ) ;
#504 = AXIS2_PLACEMENT_3D ( 'NONE', #4299, #9378, #5787 ) ;
#505 = AXIS2_PLACEMENT_3D ( 'NONE', #1712, #7667, #258 ) ;
#506 = ORIENTED_EDGE ( 'NONE', *, *, #1957, .F. ) ;
#507 = EDGE_LOOP ( 'NONE', ( #6434, #392, #3544, #7168 ) ) ;
#508 = VERTEX_POINT ( 'NONE', #994 ) ;
#509 = CARTESIAN_POINT ( 'NONE',  ( -0.9821908256676596900, 0.4852799628794923200, 1.441732749094829500 ) ) ;
#510 = CARTESIAN_POINT ( 'NONE',  ( -0.8520000000000000900, 1.150000000000000100, 0.1050000000000000800 ) ) ;
#511 = FACE_BOUND ( 'NONE', #6899, .T. ) ;
#512 = B_SPLINE_SURFACE_WITH_KNOTS ( 'NONE', 3, 1, ( 
 ( #4631, #1720 ),
 ( #3609, #1130 ),
 ( #573, #6058 ),
 ( #7017, #5742 ) ),
 .UNSPECIFIED., .F., .F., .F.,
 ( 4, 4 ),
 ( 2, 2 ),
 ( 0.0000000000000000000, 0.2042600769133449100 ),
 ( 0.0000000000000000000, 1.000000000000000000 ),
 .UNSPECIFIED. ) ;
#513 = CARTESIAN_POINT ( 'NONE',  ( 0.9779127434287827600, 0.4874701921146941700, 1.406440574632625600 ) ) ;
#514 = LINE ( 'NONE', #6001, #5770 ) ;
#515 = FACE_OUTER_BOUND ( 'NONE', #6572, .T. ) ;
#516 = VERTEX_POINT ( 'NONE', #8398 ) ;
#517 = VERTEX_POINT ( 'NONE', #1033 ) ;
#518 = ORIENTED_EDGE ( 'NONE', *, *, #1270, .F. ) ;
#519 = CARTESIAN_POINT ( 'NONE',  ( 1.392751750108317100, 0.8000000000000007100, 1.328995436730537400 ) ) ;
#520 = DIRECTION ( 'NONE',  ( 0.0000000000000000000, 1.000000000000000000, 0.0000000000000000000 ) ) ;
#521 =( NAMED_UNIT ( * ) PLANE_ANGLE_UNIT ( ) SI_UNIT ( $, .RADIAN. ) );
#522 = CIRCLE ( 'NONE', #248, 0.02249999999999995100 ) ;
#523 = DIRECTION ( 'NONE',  ( 0.0000000000000000000, 1.000000000000000000, -0.0000000000000000000 ) ) ;
#524 = CARTESIAN_POINT ( 'NONE',  ( -0.7995000000000002100, 1.150000000000000100, -0.2049999999999999300 ) ) ;
#525 = DIRECTION ( 'NONE',  ( -0.0000000000000000000, 1.000000000000000000, 0.0000000000000000000 ) ) ;
#526 = FACE_OUTER_BOUND ( 'NONE', #5382, .T. ) ;
#527 = ADVANCED_FACE ( 'NONE', ( #2188 ), #4389, .F. ) ;
#528 = ORIENTED_EDGE ( 'NONE', *, *, #3200, .F. ) ;
#529 = CYLINDRICAL_SURFACE ( 'NONE', #8076, 0.02250000000000004400 ) ;
#530 = ORIENTED_EDGE ( 'NONE', *, *, #2576, .T. ) ;
#531 = EDGE_CURVE ( 'NONE', #7287, #2823, #5144, .T. ) ;
#532 = ORIENTED_EDGE ( 'NONE', *, *, #3504, .F. ) ;
#533 = AXIS2_PLACEMENT_3D ( 'NONE', #7333, #5129, #8074 ) ;
#534 = DIRECTION ( 'NONE',  ( 0.9781476007338068000, 0.0000000000000000000, 0.2079116908177535400 ) ) ;
#535 = EDGE_CURVE ( 'NONE', #4628, #2399, #9327, .T. ) ;
#536 = CARTESIAN_POINT ( 'NONE',  ( -0.9045000000000001900, 1.150000000000000100, -0.2599999999999999500 ) ) ;
#537 = DIRECTION ( 'NONE',  ( -0.9757648823399465200, -0.06975647374411811400, 0.2074052283885258800 ) ) ;
#538 = EDGE_CURVE ( 'NONE', #8391, #6256, #6090, .T. ) ;
#539 = COLOUR_RGB ( '',1.000000000000000000, 1.000000000000000000, 1.000000000000000000 ) ;
#540 = EDGE_LOOP ( 'NONE', ( #6674, #5200, #7881, #9454 ) ) ;
#541 = VERTEX_POINT ( 'NONE', #1250 ) ;
#542 = ORIENTED_EDGE ( 'NONE', *, *, #234, .T. ) ;
#543 = CARTESIAN_POINT ( 'NONE',  ( -1.495438813018634000, 0.7860123599238061400, -0.5617262046754890600 ) ) ;
#544 = CIRCLE ( 'NONE', #6078, 0.02249999999999995100 ) ;
#545 = PLANE ( 'NONE',  #937 ) ;
#546 = CARTESIAN_POINT ( 'NONE',  ( -1.495438813010396600, 0.4139876401014505600, 1.130499522633260100 ) ) ;
#547 = ORIENTED_EDGE ( 'NONE', *, *, #6517, .T. ) ;
#548 = CARTESIAN_POINT ( 'NONE',  ( -0.9570000000000001800, 1.150000000000000100, 1.171986986784016800E-016 ) ) ;
#549 = DIRECTION ( 'NONE',  ( 0.0000000000000000000, -0.3100205998309199000, -0.9507298394814778200 ) ) ;
#550 = FACE_OUTER_BOUND ( 'NONE', #3284, .T. ) ;
#551 = AXIS2_PLACEMENT_3D ( 'NONE', #565, #625, #8081 ) ;
#552 = CARTESIAN_POINT ( 'NONE',  ( 0.9853656677494852000, 0.5143925960564673700, 1.393426430223209800 ) ) ;
#553 = ORIENTED_EDGE ( 'NONE', *, *, #1625, .F. ) ;
#554 = ADVANCED_FACE ( 'NONE', ( #5448 ), #3446, .F. ) ;
#555 = VECTOR ( 'NONE', #5060, 1000.000000000000000 ) ;
#556 = DIRECTION ( 'NONE',  ( 0.0000000000000000000, 1.000000000000000000, 0.0000000000000000000 ) ) ;
#557 = EDGE_CURVE ( 'NONE', #1142, #9498, #6487, .T. ) ;
#558 = CARTESIAN_POINT ( 'NONE',  ( -1.445898942905146100, 0.5940928039063425600, 1.900683518608773400 ) ) ;
#559 = ORIENTED_EDGE ( 'NONE', *, *, #2838, .T. ) ;
#560 = ORIENTED_EDGE ( 'NONE', *, *, #7998, .T. ) ;
#561 = SURFACE_SIDE_STYLE ('',( #7025 ) ) ;
#562 = ORIENTED_EDGE ( 'NONE', *, *, #8943, .T. ) ;
#563 = AXIS2_PLACEMENT_3D ( 'NONE', #8739, #7184, #3470 ) ;
#564 = DIRECTION ( 'NONE',  ( 0.0000000000000000000, 1.000000000000000000, 0.0000000000000000000 ) ) ;
#565 = CARTESIAN_POINT ( 'NONE',  ( 1.113727632137321700, 0.02500000000000053200, 1.411250632775312900 ) ) ;
#566 = EDGE_CURVE ( 'NONE', #8532, #5684, #6375, .T. ) ;
#567 = CARTESIAN_POINT ( 'NONE',  ( -0.9045000000000001900, 1.086360389693210800, -0.2599999999999999500 ) ) ;
#568 = STYLED_ITEM ( 'NONE', ( #2373 ), #1998 ) ;
#569 = AXIS2_PLACEMENT_3D ( 'NONE', #558, #5713, #2019 ) ;
#570 = VECTOR ( 'NONE', #2648, 1000.000000000000000 ) ;
#571 = DIRECTION ( 'NONE',  ( 0.0000000000000000000, 0.0000000000000000000, -1.000000000000000000 ) ) ;
#572 = ORIENTED_EDGE ( 'NONE', *, *, #9374, .T. ) ;
#573 = CARTESIAN_POINT ( 'NONE',  ( -1.089511493718522800, 0.5258619858527000500, 1.366005665277880300 ) ) ;
#574 = CARTESIAN_POINT ( 'NONE',  ( -0.4370000000000001100, 1.150000000000000100, 4.127059713126576100E-017 ) ) ;
#575 = B_SPLINE_SURFACE_WITH_KNOTS ( 'NONE', 3, 1, ( 
 ( #5026, #5820, #6059 ),
 ( #1568, #5249, #3761 ),
 ( #8264, #8890, #8920 ),
 ( #5187, #725, #7479 ),
 ( #1478, #92, #8170 ),
 ( #7417, #2970, #5288 ),
 ( #8862, #4471, #2266 ),
 ( #3000, #57, #7673 ),
 ( #3148, #2473, #3860 ),
 ( #2505, #7570, #1751 ),
 ( #9088, #2421, #6158 ),
 ( #6900, #7611, #9151 ),
 ( #984, #2445, #3956 ),
 ( #3218, #145, #8329 ),
 ( #220, #8298, #6216 ),
 ( #1025, #8390, #1693 ),
 ( #3185, #6125, #9060 ),
 ( #9124, #4693, #4660 ),
 ( #6844, #8359, #5424 ),
 ( #4634, #891, #9018 ),
 ( #1657, #949, #7649 ),
 ( #8429, #4730, #3936 ),
 ( #245, #270, #925 ),
 ( #6089, #5494, #6868 ),
 ( #6961, #5462, #3995 ),
 ( #6181, #1723, #7700 ),
 ( #3247, #6930, #5359 ) ),
 .UNSPECIFIED., .F., .F., .F.,
 ( 4, 1, 1, 1, 2, 1, 1, 1, 2, 1, 1, 1, 2, 1, 1, 1, 2, 1, 1, 1, 4 ),
 ( 2, 1, 2 ),
 ( 0.0000000000000000000, 0.04347169486018340200, 0.08694338972036680400, 0.1304150845805502100, 0.1738867794407336100, 0.1888607433325822400, 0.2038347072244309200, 0.2188086711162795500, 0.2337826350081282100, 0.3668913175040640100, 0.4999999999999998900, 0.6331086824959357700, 0.7662173649918716500, 0.7811913288837202300, 0.7961652927755689100, 0.8111392566674173700, 0.8261132205592661700, 0.8695849154194497100, 0.9130566102796331400, 0.9565283051398165700, 1.000000000000000000 ),
 ( 0.0000000000000000000, 1.000000000000000000, 1.010000000000000000 ),
 .UNSPECIFIED. ) ;
#576 = EDGE_CURVE ( 'NONE', #7997, #5556, #1939, .T. ) ;
#577 = FACE_OUTER_BOUND ( 'NONE', #3718, .T. ) ;
#578 = CARTESIAN_POINT ( 'NONE',  ( 0.9784446560676788300, 0.5181517638210899600, 1.424108406798363600 ) ) ;
#579 = MANIFOLD_SOLID_BREP ( 'Boss-Extrude7[12]', #4639 ) ;
#580 = CARTESIAN_POINT ( 'NONE',  ( -0.7470000000000001100, 1.150000000000000100, 6.049755187787927500E-017 ) ) ;
#581 = ADVANCED_FACE ( 'NONE', ( #5198 ), #869, .T. ) ;
#582 = AXIS2_PLACEMENT_3D ( 'NONE', #6355, #5596, #1078 ) ;
#583 = ADVANCED_FACE ( 'NONE', ( #6714 ), #2702, .T. ) ;
#584 = CARTESIAN_POINT ( 'NONE',  ( 1.325889227903589400, 0.7907169422465775100, 1.346664914048477400 ) ) ;
#585 = DIRECTION ( 'NONE',  ( 0.0000000000000000000, -1.000000000000000000, 0.0000000000000000000 ) ) ;
#586 = DIRECTION ( 'NONE',  ( 0.0000000000000000000, 1.000000000000000000, -0.0000000000000000000 ) ) ;
#587 = CARTESIAN_POINT ( 'NONE',  ( -0.5895000000000001400, 1.150000000000000100, -0.2600000000000000100 ) ) ;
#588 = CARTESIAN_POINT ( 'NONE',  ( -0.5370000000000001400, 1.150000000000000100, 6.576353311421284500E-017 ) ) ;
#589 = CARTESIAN_POINT ( 'NONE',  ( -0.6182269360013452600, 0.7860123598985502300, 1.495438813010396800 ) ) ;
#590 = VECTOR ( 'NONE', #6146, 1000.000000000000000 ) ;
#591 = EDGE_LOOP ( 'NONE', ( #5177, #2942 ) ) ;
#592 = CARTESIAN_POINT ( 'NONE',  ( 1.325085007385445200, 0.7907213369705077300, -1.346839076627545100 ) ) ;
#593 = CARTESIAN_POINT ( 'NONE',  ( -1.043357718740751400, 0.5111767571794819700, 1.440916295264227400 ) ) ;
#594 = AXIS2_PLACEMENT_3D ( 'NONE', #9270, #1903, #7105 ) ;
#595 = DIRECTION ( 'NONE',  ( 0.0000000000000000000, 1.000000000000000000, -0.0000000000000000000 ) ) ;
#596 = EDGE_CURVE ( 'NONE', #5029, #3187, #205, .T. ) ;
#597 = CARTESIAN_POINT ( 'NONE',  ( -0.5390000000000001500, 1.150000000000000100, 0.1575000000000000300 ) ) ;
#598 = EDGE_CURVE ( 'NONE', #9413, #2859, #7859, .T. ) ;
#599 = DIRECTION ( 'NONE',  ( -0.0000000000000000000, 1.000000000000000000, -0.0000000000000000000 ) ) ;
#600 = DIRECTION ( 'NONE',  ( -0.0000000000000000000, 1.000000000000000000, -0.0000000000000000000 ) ) ;
#601 = DIRECTION ( 'NONE',  ( 0.0000000000000000000, 1.000000000000000000, -0.0000000000000000000 ) ) ;
#602 = DIRECTION ( 'NONE',  ( 0.0000000000000000000, 1.000000000000000000, 0.0000000000000000000 ) ) ;
#603 = CARTESIAN_POINT ( 'NONE',  ( -0.5895000000000001400, 1.200000000000000200, -0.2375000000000001000 ) ) ;
#604 = ORIENTED_EDGE ( 'NONE', *, *, #3499, .T. ) ;
#605 = B_SPLINE_CURVE_WITH_KNOTS ( 'NONE', 3,
 ( #2272, #5194, #2976, #1449, #5124 ),
 .UNSPECIFIED., .F., .F.,
 ( 4, 1, 4 ),
 ( 0.0000000000000000000, 1.445755363416544900E-006, 7.118289620227693800E-005 ),
 .UNSPECIFIED. ) ;
#606 = AXIS2_PLACEMENT_3D ( 'NONE', #4669, #4606, #2339 ) ;
#607 = ORIENTED_EDGE ( 'NONE', *, *, #4959, .T. ) ;
#608 = DIRECTION ( 'NONE',  ( 0.0000000000000000000, -1.000000000000000000, 0.0000000000000000000 ) ) ;
#609 = CARTESIAN_POINT ( 'NONE',  ( -0.6185438949767041400, 0.7891556476741020700, -1.496463798154598300 ) ) ;
#610 = CARTESIAN_POINT ( 'NONE',  ( -1.074107934744783900, 0.5091382835731226300, 1.440118871324778100 ) ) ;
#611 = CIRCLE ( 'NONE', #8087, 0.02250000000000005500 ) ;
#612 = PLANE ( 'NONE',  #8718 ) ;
#613 = EDGE_LOOP ( 'NONE', ( #5423, #6919 ) ) ;
#614 = CYLINDRICAL_SURFACE ( 'NONE', #9275, 0.02250000000000005800 ) ;
#615 = VERTEX_POINT ( 'NONE', #4301 ) ;
#616 = ORIENTED_EDGE ( 'NONE', *, *, #3439, .F. ) ;
#617 = CARTESIAN_POINT ( 'NONE',  ( 1.020833512386846600, 0.4858310172232348500, 1.451442699366137300 ) ) ;
#618 = DIRECTION ( 'NONE',  ( 0.0000000000000000000, 1.000000000000000000, 0.0000000000000000000 ) ) ;
#619 = FACE_OUTER_BOUND ( 'NONE', #7970, .T. ) ;
#620 = AXIS2_PLACEMENT_3D ( 'NONE', #3025, #5224, #3806 ) ;
#621 = EDGE_LOOP ( 'NONE', ( #4936, #1337 ) ) ;
#622 = SURFACE_STYLE_FILL_AREA ( #7824 ) ;
#623 = CARTESIAN_POINT ( 'NONE',  ( 1.005398891869289500, 0.4529234108412327200, 1.454723429234030800 ) ) ;
#624 = FACE_OUTER_BOUND ( 'NONE', #4951, .T. ) ;
#625 = DIRECTION ( 'NONE',  ( -0.9781476007338070200, -2.121019507454156500E-016, 0.2079116908177527400 ) ) ;
#626 = SURFACE_STYLE_FILL_AREA ( #3494 ) ;
#627 = ORIENTED_EDGE ( 'NONE', *, *, #6091, .T. ) ;
#628 = ORIENTED_EDGE ( 'NONE', *, *, #9077, .T. ) ;
#629 = ADVANCED_FACE ( 'NONE', ( #8855 ), #781, .F. ) ;
#630 = ORIENTED_EDGE ( 'NONE', *, *, #7043, .T. ) ;
#631 = CARTESIAN_POINT ( 'NONE',  ( -0.7470000000000000000, 1.150000000000000100, 0.3075000000000000500 ) ) ;
#632 = ORIENTED_EDGE ( 'NONE', *, *, #7857, .T. ) ;
#633 = DIRECTION ( 'NONE',  ( 0.0000000000000000000, 1.000000000000000000, 0.0000000000000000000 ) ) ;
#634 = CARTESIAN_POINT ( 'NONE',  ( 1.475882238479199200, 0.4110895474058781600, -1.225549289939359600 ) ) ;
#635 = CIRCLE ( 'NONE', #569, 0.5999999999999997600 ) ;
#636 = CARTESIAN_POINT ( 'NONE',  ( -0.6200000000000000000, 0.8000000000000001600, -1.500000000000000000 ) ) ;
#637 = VERTEX_POINT ( 'NONE', #2807 ) ;
#638 = ORIENTED_EDGE ( 'NONE', *, *, #3688, .T. ) ;
#639 = AXIS2_PLACEMENT_3D ( 'NONE', #524, #564, #6627 ) ;
#640 = CIRCLE ( 'NONE', #5568, 0.02250000000000005800 ) ;
#641 = VECTOR ( 'NONE', #3117, 1000.000000000000000 ) ;
#642 = VERTEX_POINT ( 'NONE', #5092 ) ;
#643 = DIRECTION ( 'NONE',  ( 0.0000000000000000000, 1.000000000000000000, -0.0000000000000000000 ) ) ;
#644 = CARTESIAN_POINT ( 'NONE',  ( -0.5931453759609330900, 0.6000000000000000900, 1.434782608695652100 ) ) ;
#645 = CIRCLE ( 'NONE', #4485, 0.02250000000000005800 ) ;
#646 = ORIENTED_EDGE ( 'NONE', *, *, #6834, .T. ) ;
#647 = CARTESIAN_POINT ( 'NONE',  ( -0.9550000000000000700, 1.150000000000000100, -0.1574999999999999200 ) ) ;
#648 = LINE ( 'NONE', #4203, #2968 ) ;
#649 = CARTESIAN_POINT ( 'NONE',  ( -1.007000000000000100, 1.150000000000000100, -0.1574999999999999200 ) ) ;
#650 = DIRECTION ( 'NONE',  ( 0.0000000000000000000, 0.0000000000000000000, 1.000000000000000000 ) ) ;
#651 = EDGE_LOOP ( 'NONE', ( #7831, #782 ) ) ;
#652 = ORIENTED_EDGE ( 'NONE', *, *, #277, .T. ) ;
#653 = ORIENTED_EDGE ( 'NONE', *, *, #1702, .F. ) ;
#654 = DIRECTION ( 'NONE',  ( -0.0000000000000000000, 1.000000000000000000, -0.0000000000000000000 ) ) ;
#655 = EDGE_CURVE ( 'NONE', #3045, #5975, #5686, .T. ) ;
#656 = ORIENTED_EDGE ( 'NONE', *, *, #673, .F. ) ;
#657 = ORIENTED_EDGE ( 'NONE', *, *, #2283, .T. ) ;
#658 = CARTESIAN_POINT ( 'NONE',  ( 1.325104555681435100, 0.7907211330436769700, -1.346834854977746700 ) ) ;
#659 = PLANE ( 'NONE',  #7534 ) ;
#660 = FACE_OUTER_BOUND ( 'NONE', #7180, .T. ) ;
#661 = ORIENTED_EDGE ( 'NONE', *, *, #168, .F. ) ;
#662 = ORIENTED_EDGE ( 'NONE', *, *, #1734, .T. ) ;
#663 = CARTESIAN_POINT ( 'NONE',  ( -0.9045000000000001900, 1.200000000000000200, -0.2825000000000000300 ) ) ;
#664 = EDGE_CURVE ( 'NONE', #7273, #8742, #6611, .T. ) ;
#665 = CARTESIAN_POINT ( 'NONE',  ( -0.4870000000000001500, 1.200000000000000200, 0.1800000000000001000 ) ) ;
#666 = PRESENTATION_STYLE_ASSIGNMENT (( #187 ) ) ;
#667 = EDGE_CURVE ( 'NONE', #5029, #2303, #8761, .T. ) ;
#668 = ORIENTED_EDGE ( 'NONE', *, *, #3033, .T. ) ;
#669 = CIRCLE ( 'NONE', #4032, 0.02250000000000005800 ) ;
#670 = EDGE_LOOP ( 'NONE', ( #297, #3886 ) ) ;
#671 = ORIENTED_EDGE ( 'NONE', *, *, #7087, .T. ) ;
#672 = SURFACE_SIDE_STYLE ('',( #6916 ) ) ;
#673 = EDGE_CURVE ( 'NONE', #9305, #3145, #669, .T. ) ;
#674 = CARTESIAN_POINT ( 'NONE',  ( -0.9570000000000001800, 1.150000000000000100, 0.02250000000000017300 ) ) ;
#675 = ORIENTED_EDGE ( 'NONE', *, *, #7684, .F. ) ;
#676 = EDGE_LOOP ( 'NONE', ( #6484, #6306, #3615, #5512 ) ) ;
#677 = VERTEX_POINT ( 'NONE', #5818 ) ;
#678 = CARTESIAN_POINT ( 'NONE',  ( -1.007000000000000100, 1.200000000000000200, 0.1575000000000000800 ) ) ;
#679 = CARTESIAN_POINT ( 'NONE',  ( -0.6530611828246035700, 0.6000000000000000900, 1.422047110799025600 ) ) ;
#680 = ADVANCED_FACE ( 'NONE', ( #6127 ), #5841, .T. ) ;
#681 = CARTESIAN_POINT ( 'NONE',  ( 1.478778996046242700, 0.7884093761135042600, 1.232651521975183900 ) ) ;
#682 = CARTESIAN_POINT ( 'NONE',  ( 1.279941855525978900, 3.532091952673165100, 1.130499522727401700 ) ) ;
#683 =( NAMED_UNIT ( * ) SI_UNIT ( $, .STERADIAN. ) SOLID_ANGLE_UNIT ( ) );
#684 = CARTESIAN_POINT ( 'NONE',  ( -1.092748934521068800, 0.02500000000000052900, 1.415709792608938800 ) ) ;
#685 = AXIS2_PLACEMENT_3D ( 'NONE', #44, #2990, #3790 ) ;
#686 = MECHANICAL_DESIGN_GEOMETRIC_PRESENTATION_REPRESENTATION (  '', ( #8119 ), #421 ) ;
#687 = VERTEX_POINT ( 'NONE', #603 ) ;
#688 = PRESENTATION_STYLE_ASSIGNMENT (( #5765 ) ) ;
#689 = CARTESIAN_POINT ( 'NONE',  ( -0.8520000000000000900, 1.200000000000000200, 0.1050000000000000800 ) ) ;
#690 = EDGE_CURVE ( 'NONE', #2707, #3081, #3660, .T. ) ;
#691 = DIRECTION ( 'NONE',  ( 1.000000000000000000, 0.0000000000000000000, 0.0000000000000000000 ) ) ;
#692 = CARTESIAN_POINT ( 'NONE',  ( -0.6945000000000002300, 1.150000000000000100, 0.2050000000000000400 ) ) ;
#693 = ORIENTED_EDGE ( 'NONE', *, *, #4654, .T. ) ;
#694 = CARTESIAN_POINT ( 'NONE',  ( -1.007000000000000100, 1.086360389693210800, 0.1350000000000000400 ) ) ;
#695 = AXIS2_PLACEMENT_3D ( 'NONE', #4003, #5470, #6328 ) ;
#696 = AXIS2_PLACEMENT_3D ( 'NONE', #8944, #5272, #8221 ) ;
#697 = FACE_OUTER_BOUND ( 'NONE', #8484, .T. ) ;
#698 = CARTESIAN_POINT ( 'NONE',  ( 1.490817250271768700, 0.4123350950748810900, -1.179028324498384100 ) ) ;
#699 = UNCERTAINTY_MEASURE_WITH_UNIT (LENGTH_MEASURE( 1.000000000000000100E-005 ), #466, 'distance_accuracy_value', 'NONE');
#700 = FACE_OUTER_BOUND ( 'NONE', #4372, .T. ) ;
#701 = DIRECTION ( 'NONE',  ( 0.0000000000000000000, 1.000000000000000000, 0.0000000000000000000 ) ) ;
#702 = EDGE_CURVE ( 'NONE', #7348, #4143, #4973, .T. ) ;
#703 = CARTESIAN_POINT ( 'NONE',  ( -1.007000000000000100, 1.150000000000000100, -0.1799999999999999900 ) ) ;
#704 = DIRECTION ( 'NONE',  ( 0.9781476007338069100, 0.0000000000000000000, -0.2079116908177528500 ) ) ;
#705 = CARTESIAN_POINT ( 'NONE',  ( -0.9853656677494852000, 0.5143925960564673700, 1.393426430223209800 ) ) ;
#706 = CARTESIAN_POINT ( 'NONE',  ( -1.007000000000000100, 1.150000000000000100, -0.1349999999999998700 ) ) ;
#707 = CARTESIAN_POINT ( 'NONE',  ( -1.478778996046241200, 0.7884093761135049200, -1.232651521975184800 ) ) ;
#708 =( LENGTH_UNIT ( ) NAMED_UNIT ( * ) SI_UNIT ( .MILLI., .METRE. ) );
#709 = CIRCLE ( 'NONE', #2242, 0.02000000000000005200 ) ;
#710 = AXIS2_PLACEMENT_3D ( 'NONE', #7319, #7344, #8776 ) ;
#711 = CARTESIAN_POINT ( 'NONE',  ( -0.5390000000000001500, 1.150000000000000100, 0.1349999999999999800 ) ) ;
#712 = DIRECTION ( 'NONE',  ( 0.0000000000000000000, 1.000000000000000000, -0.0000000000000000000 ) ) ;
#713 = DIRECTION ( 'NONE',  ( -0.2079116908177527600, 0.0000000000000000000, -0.9781476007338069100 ) ) ;
#714 = EDGE_CURVE ( 'NONE', #1322, #1696, #4733, .T. ) ;
#715 = VERTEX_POINT ( 'NONE', #4330 ) ;
#716 = EDGE_CURVE ( 'NONE', #8742, #6196, #4863, .T. ) ;
#717 = ADVANCED_FACE ( 'NONE', ( #1007 ), #7444, .T. ) ;
#718 = ADVANCED_FACE ( 'NONE', ( #8645 ), #6245, .F. ) ;
#719 = ORIENTED_EDGE ( 'NONE', *, *, #3874, .T. ) ;
#720 = CARTESIAN_POINT ( 'NONE',  ( 1.495438813010396400, 0.7860123598985491200, -1.130499522758017200 ) ) ;
#721 = FACE_OUTER_BOUND ( 'NONE', #1080, .T. ) ;
#722 = ORIENTED_EDGE ( 'NONE', *, *, #4890, .F. ) ;
#723 = CARTESIAN_POINT ( 'NONE',  ( 1.083650699927993800, 0.4529234108412403300, 1.438090493968610600 ) ) ;
#724 = COLOUR_RGB ( '',1.000000000000000000, 1.000000000000000000, 1.000000000000000000 ) ;
#725 = CARTESIAN_POINT ( 'NONE',  ( 0.9587566223550463300, 0.3999999999999998000, -1.423743925875862800 ) ) ;
#726 = B_SPLINE_CURVE_WITH_KNOTS ( 'NONE', 3,
 ( #1733, #1756, #1798, #251, #316 ),
 .UNSPECIFIED., .F., .F.,
 ( 4, 1, 4 ),
 ( 6.857096618313869600E-019, 7.171035595614097600E-005, 7.549972331649604400E-005 ),
 .UNSPECIFIED. ) ;
#727 = VERTEX_POINT ( 'NONE', #3125 ) ;
#728 = CARTESIAN_POINT ( 'NONE',  ( 0.9816777060382549900, 0.4529234108412327200, 1.439318711035696400 ) ) ;
#729 = EDGE_CURVE ( 'NONE', #8930, #4843, #4501, .T. ) ;
#730 = VECTOR ( 'NONE', #2620, 1000.000000000000000 ) ;
#731 = CARTESIAN_POINT ( 'NONE',  ( 0.6000000000000004200, 0.3999999999999999700, -1.499999999999999800 ) ) ;
#732 = EDGE_LOOP ( 'NONE', ( #1654, #1316, #653, #1987 ) ) ;
#733 = VERTEX_POINT ( 'NONE', #2389 ) ;
#734 = DIRECTION ( 'NONE',  ( 0.0000000000000000000, 0.0000000000000000000, 1.000000000000000000 ) ) ;
#735 = CARTESIAN_POINT ( 'NONE',  ( -1.024037106307467800, 0.5597655545163466900, 1.369049713381664100 ) ) ;
#736 = ORIENTED_EDGE ( 'NONE', *, *, #2278, .F. ) ;
#737 = CARTESIAN_POINT ( 'NONE',  ( -1.490817250271765100, 0.4123350950748929700, 1.179028324498382600 ) ) ;
#738 = EDGE_CURVE ( 'NONE', #7691, #4758, #5088, .T. ) ;
#739 = FACE_OUTER_BOUND ( 'NONE', #7396, .T. ) ;
#740 = ORIENTED_EDGE ( 'NONE', *, *, #6029, .T. ) ;
#741 = ORIENTED_EDGE ( 'NONE', *, *, #1349, .F. ) ;
#742 = EDGE_CURVE ( 'NONE', #7238, #6725, #4254, .T. ) ;
#743 = AXIS2_PLACEMENT_3D ( 'NONE', #1672, #6915, #285 ) ;
#744 = AXIS2_PLACEMENT_3D ( 'NONE', #4868, #2663, #4182 ) ;
#745 = CARTESIAN_POINT ( 'NONE',  ( -1.076461199171255800, 0.5249051094104262300, 1.308071865341456900 ) ) ;
#746 = DIRECTION ( 'NONE',  ( 0.0000000000000000000, 0.0000000000000000000, 1.000000000000000000 ) ) ;
#747 = PLANE ( 'NONE',  #9095 ) ;
#748 = CARTESIAN_POINT ( 'NONE',  ( -0.8520000000000000900, 1.150000000000000100, 0.1050000000000000800 ) ) ;
#749 = UNCERTAINTY_MEASURE_WITH_UNIT (LENGTH_MEASURE( 1.000000000000000100E-005 ), #4151, 'distance_accuracy_value', 'NONE');
#750 = DIRECTION ( 'NONE',  ( 0.0000000000000000000, 1.000000000000000000, -0.0000000000000000000 ) ) ;
#751 = LINE ( 'NONE', #142, #4475 ) ;
#752 = DIRECTION ( 'NONE',  ( 0.0000000000000000000, 0.0000000000000000000, -1.000000000000000000 ) ) ;
#753 = LINE ( 'NONE', #4140, #3525 ) ;
#754 = ORIENTED_EDGE ( 'NONE', *, *, #6761, .F. ) ;
#755 = EDGE_LOOP ( 'NONE', ( #8247, #846, #9070, #398 ) ) ;
#756 = ORIENTED_EDGE ( 'NONE', *, *, #432, .F. ) ;
#757 = CARTESIAN_POINT ( 'NONE',  ( -0.7470000000000001100, 1.200000000000000200, -0.02249999999999999600 ) ) ;
#758 = FACE_BOUND ( 'NONE', #6702, .T. ) ;
#759 = PLANE ( 'NONE',  #440 ) ;
#760 = EDGE_LOOP ( 'NONE', ( #3610, #2604, #5977, #4120 ) ) ;
#761 = VECTOR ( 'NONE', #7655, 1000.000000000000000 ) ;
#762 = CARTESIAN_POINT ( 'NONE',  ( -0.9550000000000000700, 1.150000000000000100, -0.1574999999999999200 ) ) ;
#763 = AXIS2_PLACEMENT_3D ( 'NONE', #6317, #2689, #1851 ) ;
#764 = VERTEX_POINT ( 'NONE', #7550 ) ;
#765 = UNCERTAINTY_MEASURE_WITH_UNIT (LENGTH_MEASURE( 1.000000000000000100E-005 ), #7481, 'distance_accuracy_value', 'NONE');
#766 = CIRCLE ( 'NONE', #8432, 0.02250000000000005800 ) ;
#767 = EDGE_LOOP ( 'NONE', ( #661, #9240 ) ) ;
#768 = ORIENTED_EDGE ( 'NONE', *, *, #1212, .F. ) ;
#769 = AXIS2_PLACEMENT_3D ( 'NONE', #1273, #633, #4225 ) ;
#770 = CARTESIAN_POINT ( 'NONE',  ( 0.6000000000000004200, 0.3999999999999999700, 1.499999999999999800 ) ) ;
#771 = CARTESIAN_POINT ( 'NONE',  ( -1.434782608693367000, 0.5999999999961634900, -0.3768331743891030200 ) ) ;
#772 = ADVANCED_FACE ( 'NONE', ( #8182 ), #8229, .F. ) ;
#773 = LINE ( 'NONE', #5465, #5084 ) ;
#774 = ADVANCED_FACE ( 'NONE', ( #2638 ), #1462, .T. ) ;
#775 = CARTESIAN_POINT ( 'NONE',  ( -0.6945000000000002300, 1.150000000000000100, 0.1825000000000001100 ) ) ;
#776 = DIRECTION ( 'NONE',  ( 0.0000000000000000000, 0.0000000000000000000, -1.000000000000000000 ) ) ;
#777 = CARTESIAN_POINT ( 'NONE',  ( -1.483117332963302900, 0.3999999999999260300, 1.216593893630238100 ) ) ;
#778 = EDGE_LOOP ( 'NONE', ( #616, #6200 ) ) ;
#779 = DIRECTION ( 'NONE',  ( -0.9781476007338069100, 0.0000000000000000000, 0.2079116908177528200 ) ) ;
#780 = CARTESIAN_POINT ( 'NONE',  ( -0.8520000000000000900, 1.150000000000000100, 0.1050000000000000800 ) ) ;
#781 = CYLINDRICAL_SURFACE ( 'NONE', #1171, 0.5999999999999999800 ) ;
#782 = ORIENTED_EDGE ( 'NONE', *, *, #8415, .T. ) ;
#783 = EDGE_CURVE ( 'NONE', #2725, #7476, #3888, .T. ) ;
#784 = LINE ( 'NONE', #7594, #1476 ) ;
#785 = CARTESIAN_POINT ( 'NONE',  ( -0.4870000000000001500, 1.200000000000000200, 0.1575000000000000300 ) ) ;
#786 = ORIENTED_EDGE ( 'NONE', *, *, #4420, .F. ) ;
#787 = DIRECTION ( 'NONE',  ( -0.9781476007338061300, 0.0000000000000000000, 0.2079116908177569600 ) ) ;
#788 = LINE ( 'NONE', #9003, #1589 ) ;
#789 = CARTESIAN_POINT ( 'NONE',  ( -1.041585265297793500, 0.5134737001387599300, 1.432577557428841700 ) ) ;
#790 = ORIENTED_EDGE ( 'NONE', *, *, #5427, .F. ) ;
#791 = CIRCLE ( 'NONE', #4186, 0.02250000000000005800 ) ;
#792 = MECHANICAL_DESIGN_GEOMETRIC_PRESENTATION_REPRESENTATION (  '', ( #9574 ), #7128 ) ;
#793 = DIRECTION ( 'NONE',  ( 0.0000000000000000000, 0.0000000000000000000, 1.000000000000000000 ) ) ;
#794 = ORIENTED_EDGE ( 'NONE', *, *, #1583, .F. ) ;
#795 = EDGE_CURVE ( 'NONE', #7452, #1352, #5792, .T. ) ;
#796 = ORIENTED_EDGE ( 'NONE', *, *, #956, .F. ) ;
#797 = CARTESIAN_POINT ( 'NONE',  ( -0.5895000000000001400, 1.086360389693210800, -0.2375000000000001000 ) ) ;
#798 = VERTEX_POINT ( 'NONE', #7568 ) ;
#799 = DIRECTION ( 'NONE',  ( -0.0000000000000000000, 1.000000000000000000, -0.0000000000000000000 ) ) ;
#800 = DIRECTION ( 'NONE',  ( -0.0000000000000000000, 1.000000000000000000, -0.0000000000000000000 ) ) ;
#801 = CARTESIAN_POINT ( 'NONE',  ( -1.068125001824690200, 0.4862548852680639900, 1.441390582974975100 ) ) ;
#802 = CARTESIAN_POINT ( 'NONE',  ( -0.9996705365093348000, 0.5397324556581526400, 1.381000000447168300 ) ) ;
#803 = CARTESIAN_POINT ( 'NONE',  ( -0.5390000000000001500, 1.200000000000000200, 0.1575000000000000300 ) ) ;
#804 = CARTESIAN_POINT ( 'NONE',  ( -0.9045000000000001900, 1.086360389693210800, 0.2825000000000002500 ) ) ;
#805 = DIRECTION ( 'NONE',  ( 0.0000000000000000000, 1.000000000000000000, 0.0000000000000000000 ) ) ;
#806 = AXIS2_PLACEMENT_3D ( 'NONE', #5876, #8744, #4331 ) ;
#807 = LINE ( 'NONE', #8339, #3938 ) ;
#808 = CARTESIAN_POINT ( 'NONE',  ( 1.325065461210387400, 0.7907215304527226400, -1.346843308525119000 ) ) ;
#809 = DIRECTION ( 'NONE',  ( 0.0000000000000000000, 0.0000000000000000000, -1.000000000000000000 ) ) ;
#810 = ADVANCED_FACE ( 'NONE', ( #9552 ), #2628, .F. ) ;
#811 = ADVANCED_FACE ( 'NONE', ( #5437 ), #4374, .T. ) ;
#812 = CIRCLE ( 'NONE', #8188, 0.02250000000000005800 ) ;
#813 = AXIS2_PLACEMENT_3D ( 'NONE', #636, #5722, #3475 ) ;
#814 = CARTESIAN_POINT ( 'NONE',  ( 0.9816777060382578800, 0.4489655414475440300, 1.439318711035709500 ) ) ;
#815 = DIRECTION ( 'NONE',  ( 0.0000000000000000000, 1.000000000000000000, 0.0000000000000000000 ) ) ;
#816 = EDGE_CURVE ( 'NONE', #2646, #1451, #7623, .T. ) ;
#817 = CYLINDRICAL_SURFACE ( 'NONE', #2599, 0.02250000000000005800 ) ;
#818 = CARTESIAN_POINT ( 'NONE',  ( 1.325694516421789900, 0.3999999999999999700, -1.345748868766599700 ) ) ;
#819 = EDGE_CURVE ( 'NONE', #3662, #4460, #7507, .T. ) ;
#820 = CARTESIAN_POINT ( 'NONE',  ( -0.8985650540540286400, 0.7907215304527222000, -1.437498768621139300 ) ) ;
#821 = DIRECTION ( 'NONE',  ( -0.0000000000000000000, -1.000000000000000000, -0.0000000000000000000 ) ) ;
#822 = CARTESIAN_POINT ( 'NONE',  ( 1.500000000000000900, 0.3999999999999997400, 1.130499522727401300 ) ) ;
#823 = DIRECTION ( 'NONE',  ( 0.0000000000000000000, 1.000000000000000000, 0.0000000000000000000 ) ) ;
#824 = CARTESIAN_POINT ( 'NONE',  ( -1.430634667732459700, 0.5999673118365340700, 1.166800960299772600 ) ) ;
#825 = VERTEX_POINT ( 'NONE', #5287 ) ;
#826 = CARTESIAN_POINT ( 'NONE',  ( -1.325694516421789500, 0.8000000000000001600, 1.349999999999999900 ) ) ;
#827 = CARTESIAN_POINT ( 'NONE',  ( -0.6420000000000002400, 1.150000000000000100, 0.1050000000000000700 ) ) ;
#828 = COLOUR_RGB ( '',0.7921568627450980000, 0.8196078431372548800, 0.9333333333333333500 ) ;
#829 = FACE_OUTER_BOUND ( 'NONE', #7021, .T. ) ;
#830 = VERTEX_POINT ( 'NONE', #2332 ) ;
#831 = VECTOR ( 'NONE', #3001, 1000.000000000000000 ) ;
#832 = EDGE_CURVE ( 'NONE', #7577, #2832, #9577, .T. ) ;
#833 = ORIENTED_EDGE ( 'NONE', *, *, #5047, .T. ) ;
#834 = DIRECTION ( 'NONE',  ( 0.0000000000000000000, 1.000000000000000000, 0.0000000000000000000 ) ) ;
#835 = AXIS2_PLACEMENT_3D ( 'NONE', #3680, #9532, #9501 ) ;
#836 = VECTOR ( 'NONE', #3458, 1000.000000000000000 ) ;
#837 = LINE ( 'NONE', #6395, #6072 ) ;
#838 = CARTESIAN_POINT ( 'NONE',  ( -0.7470000000000001100, 1.150000000000000100, -0.02249999999999999600 ) ) ;
#839 = FACE_OUTER_BOUND ( 'NONE', #1219, .T. ) ;
#840 = EDGE_CURVE ( 'NONE', #3045, #2318, #6016, .T. ) ;
#841 = EDGE_CURVE ( 'NONE', #8647, #4211, #3420, .T. ) ;
#842 = VERTEX_POINT ( 'NONE', #1024 ) ;
#843 = CARTESIAN_POINT ( 'NONE',  ( -0.5390000000000001500, 1.086360389693210800, 0.1349999999999999800 ) ) ;
#844 = ORIENTED_EDGE ( 'NONE', *, *, #2944, .F. ) ;
#845 = LINE ( 'NONE', #2329, #492 ) ;
#846 = ORIENTED_EDGE ( 'NONE', *, *, #5671, .F. ) ;
#847 = VECTOR ( 'NONE', #6523, 1000.000000000000000 ) ;
#848 = DIRECTION ( 'NONE',  ( 0.0000000000000000000, 0.0000000000000000000, -1.000000000000000000 ) ) ;
#849 = FACE_OUTER_BOUND ( 'NONE', #5752, .T. ) ;
#850 = ORIENTED_EDGE ( 'NONE', *, *, #974, .F. ) ;
#851 = CARTESIAN_POINT ( 'NONE',  ( -1.445896266068433100, 0.5940927979651773300, -1.900684098442401200 ) ) ;
#852 = CLOSED_SHELL ( 'NONE', ( #3924, #3047, #7307, #8948 ) ) ;
#853 = ORIENTED_EDGE ( 'NONE', *, *, #2670, .T. ) ;
#854 = B_SPLINE_CURVE_WITH_KNOTS ( 'NONE', 3,
 ( #6414, #2760, #7889, #2979 ),
 .UNSPECIFIED., .F., .F.,
 ( 4, 4 ),
 ( 0.0000000000000000000, 0.0003769358876785992500 ),
 .UNSPECIFIED. ) ;
#855 = AXIS2_PLACEMENT_3D ( 'NONE', #6592, #6556, #7259 ) ;
#856 = AXIS2_PLACEMENT_3D ( 'NONE', #5740, #523, #6493 ) ;
#857 = CARTESIAN_POINT ( 'NONE',  ( -0.4870000000000002100, 1.200000000000000200, -0.1349999999999999300 ) ) ;
#858 = ADVANCED_FACE ( 'NONE', ( #5679 ), #2420, .F. ) ;
#859 = ADVANCED_FACE ( 'NONE', ( #9315 ), #7475, .F. ) ;
#860 = CARTESIAN_POINT ( 'NONE',  ( 1.101491255100417200, 0.2195099938506972800, 1.425829020107722200 ) ) ;
#861 = DIRECTION ( 'NONE',  ( 0.0000000000000000000, 0.0000000000000000000, 1.000000000000000000 ) ) ;
#862 = CARTESIAN_POINT ( 'NONE',  ( -0.7470000000000001100, 1.150000000000000100, -0.08249999999999986500 ) ) ;
#863 = ORIENTED_EDGE ( 'NONE', *, *, #4842, .T. ) ;
#864 = EDGE_LOOP ( 'NONE', ( #9205, #6578, #1646, #3112, #4084, #7139, #627, #6736, #7075, #7145, #2575, #8717, #391, #1556 ) ) ;
#865 = CARTESIAN_POINT ( 'NONE',  ( -1.113727632137321700, 0.005000000000000532700, 1.411250632775312700 ) ) ;
#866 = CARTESIAN_POINT ( 'NONE',  ( -0.9570000000000001800, 1.150000000000000100, 1.171986986784016800E-016 ) ) ;
#867 = EDGE_CURVE ( 'NONE', #7369, #1838, #1688, .T. ) ;
#868 = EDGE_LOOP ( 'NONE', ( #6224, #4721, #4375, #4041 ) ) ;
#869 =( BOUNDED_SURFACE ( )  B_SPLINE_SURFACE ( 3, 2, ( 
 ( #1179, #6405, #499 ),
 ( #3406, #1855, #5724 ),
 ( #4880, #4167, #5629 ),
 ( #8593, #2744, #5699 ) ),
 .UNSPECIFIED., .F., .F., .T. ) 
 B_SPLINE_SURFACE_WITH_KNOTS ( ( 4, 4 ),
 ( 3, 3 ),
 ( 0.0003981251648304603000, 0.0005320011455767960000 ),
 ( 0.0000000000000000000, 1.000000000000000000 ),
 .UNSPECIFIED. ) 
 GEOMETRIC_REPRESENTATION_ITEM ( )  RATIONAL_B_SPLINE_SURFACE ( (
 ( 1.000000000000000000, 0.7071067811865476800, 1.000000000000000000),
 ( 1.000000000000000000, 0.7071067811865476800, 1.000000000000000000),
 ( 1.000000000000000000, 0.7071067811865464600, 1.000000000000000000),
 ( 1.000000000000000000, 0.7071067811865464600, 1.000000000000000000) ) ) 
 REPRESENTATION_ITEM ( '' )  SURFACE ( )  );
#870 = CIRCLE ( 'NONE', #3352, 0.02249999999999995100 ) ;
#871 = EDGE_LOOP ( 'NONE', ( #4013, #6018, #4487, #7953 ) ) ;
#872 = DIRECTION ( 'NONE',  ( 0.0000000000000000000, 0.0000000000000000000, 1.000000000000000000 ) ) ;
#873 = LINE ( 'NONE', #6309, #6588 ) ;
#874 = STYLED_ITEM ( 'NONE', ( #9036 ), #2320 ) ;
#875 = ORIENTED_EDGE ( 'NONE', *, *, #438, .T. ) ;
#876 = CARTESIAN_POINT ( 'NONE',  ( -1.070876800134486400, 0.5052798089867222000, 1.425357872298324000 ) ) ;
#877 = VERTEX_POINT ( 'NONE', #8428 ) ;
#878 = AXIS2_PLACEMENT_3D ( 'NONE', #5942, #2930, #7963 ) ;
#879 = VERTEX_POINT ( 'NONE', #9227 ) ;
#880 = CARTESIAN_POINT ( 'NONE',  ( -0.6420000000000002400, 1.150000000000000100, 0.1050000000000000700 ) ) ;
#881 = DIRECTION ( 'NONE',  ( 0.0000000000000000000, 1.000000000000000000, 0.0000000000000000000 ) ) ;
#882 = ORIENTED_EDGE ( 'NONE', *, *, #7309, .T. ) ;
#883 = VERTEX_POINT ( 'NONE', #6259 ) ;
#884 = EDGE_CURVE ( 'NONE', #3996, #4325, #85, .T. ) ;
#885 = ORIENTED_EDGE ( 'NONE', *, *, #2072, .F. ) ;
#886 = ORIENTED_EDGE ( 'NONE', *, *, #9024, .T. ) ;
#887 = CARTESIAN_POINT ( 'NONE',  ( -1.092748934521069000, 0.02500000000000052900, 1.415709792608938600 ) ) ;
#888 = DIRECTION ( 'NONE',  ( -0.0000000000000000000, 1.000000000000000000, -0.0000000000000000000 ) ) ;
#889 = FACE_OUTER_BOUND ( 'NONE', #2538, .T. ) ;
#890 = CARTESIAN_POINT ( 'NONE',  ( 1.079492466111638500, 0.2195099938507024100, 1.418527541953934300 ) ) ;
#891 = CARTESIAN_POINT ( 'NONE',  ( 1.393290340483973600, 0.3999999999999998600, 1.324475753228419300 ) ) ;
#892 = ORIENTED_EDGE ( 'NONE', *, *, #1241, .T. ) ;
#893 = SURFACE_STYLE_USAGE ( .BOTH. , #5361 ) ;
#894 = VECTOR ( 'NONE', #8022, 1000.000000000000000 ) ;
#895 = EDGE_LOOP ( 'NONE', ( #3749, #882, #5014, #8144 ) ) ;
#896 = VERTEX_POINT ( 'NONE', #5557 ) ;
#897 =( NAMED_UNIT ( * ) PLANE_ANGLE_UNIT ( ) SI_UNIT ( $, .RADIAN. ) );
#898 = CARTESIAN_POINT ( 'NONE',  ( -1.137721964273000500, 0.6000000000000007500, -1.319029281518050700 ) ) ;
#899 = CARTESIAN_POINT ( 'NONE',  ( -0.7995000000000002100, 1.150000000000000100, -0.2049999999999999300 ) ) ;
#900 = CARTESIAN_POINT ( 'NONE',  ( 1.325694516421790100, 3.532091952673165100, 1.345748868766599700 ) ) ;
#901 = CYLINDRICAL_SURFACE ( 'NONE', #2344, 0.01999999999999999300 ) ;
#902 = CARTESIAN_POINT ( 'NONE',  ( 1.445896266037565200, 0.5940927979651785500, 1.900684098449046500 ) ) ;
#903 = EDGE_CURVE ( 'NONE', #3650, #8277, #1923, .T. ) ;
#904 =( GEOMETRIC_REPRESENTATION_CONTEXT ( 3 ) GLOBAL_UNCERTAINTY_ASSIGNED_CONTEXT ( ( #1748 ) ) GLOBAL_UNIT_ASSIGNED_CONTEXT ( ( #7920, #4929, #1207 ) ) REPRESENTATION_CONTEXT ( 'NONE', 'WORKASPACE' ) );
#905 = ORIENTED_EDGE ( 'NONE', *, *, #8880, .T. ) ;
#906 = ORIENTED_EDGE ( 'NONE', *, *, #3632, .T. ) ;
#907 = EDGE_CURVE ( 'NONE', #4256, #6826, #6597, .T. ) ;
#908 = CARTESIAN_POINT ( 'NONE',  ( -0.9816777060382576600, 0.2195099938507023600, 1.439318711035709100 ) ) ;
#909 = CARTESIAN_POINT ( 'NONE',  ( -0.9550000000000000700, 1.150000000000000100, 0.1575000000000000800 ) ) ;
#910 = CYLINDRICAL_SURFACE ( 'NONE', #2168, 0.02000000000000003200 ) ;
#911 = CARTESIAN_POINT ( 'NONE',  ( -1.056671387798684000, 0.5426206656345566900, 1.367835246525015400 ) ) ;
#912 = CARTESIAN_POINT ( 'NONE',  ( -0.5370000000000001400, 1.200000000000000200, 6.576353311421284500E-017 ) ) ;
#913 = DIRECTION ( 'NONE',  ( 0.0000000000000000000, -1.000000000000000000, 0.0000000000000000000 ) ) ;
#914 = EDGE_LOOP ( 'NONE', ( #66, #4208, #3309 ) ) ;
#915 = CARTESIAN_POINT ( 'NONE',  ( 1.072884261489335200, 0.6000114487742830300, -1.332929283403357500 ) ) ;
#916 = ADVANCED_FACE ( 'NONE', ( #5185 ), #8456, .T. ) ;
#917 = AXIS2_PLACEMENT_3D ( 'NONE', #7031, #6331, #1856 ) ;
#918 = DIRECTION ( 'NONE',  ( 0.0000000000000000000, 1.000000000000000000, 0.0000000000000000000 ) ) ;
#919 = EDGE_CURVE ( 'NONE', #4276, #6458, #2858, .T. ) ;
#920 = CARTESIAN_POINT ( 'NONE',  ( -0.8520000000000000900, 1.150000000000000100, 0.1275000000000001400 ) ) ;
#921 = CARTESIAN_POINT ( 'NONE',  ( -0.8520000000000000900, 1.150000000000000100, 0.1050000000000000800 ) ) ;
#922 = ORIENTED_EDGE ( 'NONE', *, *, #819, .F. ) ;
#923 = DIRECTION ( 'NONE',  ( 0.0000000000000000000, 1.000000000000000000, -0.0000000000000000000 ) ) ;
#924 = CARTESIAN_POINT ( 'NONE',  ( -0.4870000000000001500, 1.150000000000000100, 0.1800000000000001000 ) ) ;
#925 = CARTESIAN_POINT ( 'NONE',  ( 1.139148386417633300, 0.3979999999999996900, 1.386067216619347500 ) ) ;
#926 = B_SPLINE_CURVE_WITH_KNOTS ( 'NONE', 3,
 ( #1875, #7058, #7016, #4896, #2598, #9225, #5598 ),
 .UNSPECIFIED., .F., .F.,
 ( 4, 3, 4 ),
 ( 0.0000000000000000000, 7.828750635264726000E-007, 8.428750149143193500E-007 ),
 .UNSPECIFIED. ) ;
#927 = CARTESIAN_POINT ( 'NONE',  ( -1.325694516421790100, 3.532091952673165100, -1.345748868766599500 ) ) ;
#928 = CARTESIAN_POINT ( 'NONE',  ( 0.6000000000000004200, 0.0000000000000000000, -1.499999999999999800 ) ) ;
#929 = CARTESIAN_POINT ( 'NONE',  ( -1.364772314527851600, 0.5999999999999998700, -1.263176986787586800 ) ) ;
#930 = AXIS2_PLACEMENT_3D ( 'NONE', #448, #7802, #7879 ) ;
#931 = CARTESIAN_POINT ( 'NONE',  ( -0.5895000000000000200, 1.086360389693210800, 0.2375000000000002100 ) ) ;
#932 = CARTESIAN_POINT ( 'NONE',  ( 1.108105998351512700, 0.02639512947488284800, 1.391998736026491200 ) ) ;
#933 = CARTESIAN_POINT ( 'NONE',  ( 1.027891860633221000, 0.5599999999999998300, 1.368155153542616400 ) ) ;
#934 = CARTESIAN_POINT ( 'NONE',  ( 1.500000000000000900, 0.3999999999999999700, 1.130499522727401700 ) ) ;
#935 = AXIS2_PLACEMENT_3D ( 'NONE', #9394, #549, #1286 ) ;
#936 = CARTESIAN_POINT ( 'NONE',  ( -1.478902542837346800, 0.4109756532080534000, -1.228904688595344300 ) ) ;
#937 = AXIS2_PLACEMENT_3D ( 'NONE', #5030, #2755, #8634 ) ;
#938 = DIRECTION ( 'NONE',  ( 0.0000000000000000000, 1.000000000000000000, 0.0000000000000000000 ) ) ;
#939 = PLANE ( 'NONE',  #1379 ) ;
#940 = CARTESIAN_POINT ( 'NONE',  ( -1.052338842253724100, 0.5124447585231550800, 1.430163061677322200 ) ) ;
#941 = CARTESIAN_POINT ( 'NONE',  ( -0.5390000000000001500, 1.200000000000000200, -0.1349999999999999300 ) ) ;
#942 = DIRECTION ( 'NONE',  ( 0.2079116908177531300, 3.181529261181233300E-014, 0.9781476007338070200 ) ) ;
#943 =( GEOMETRIC_REPRESENTATION_CONTEXT ( 3 ) GLOBAL_UNCERTAINTY_ASSIGNED_CONTEXT ( ( #1477 ) ) GLOBAL_UNIT_ASSIGNED_CONTEXT ( ( #8370, #3133, #5472 ) ) REPRESENTATION_CONTEXT ( 'NONE', 'WORKASPACE' ) );
#944 = EDGE_LOOP ( 'NONE', ( #9356, #4099 ) ) ;
#945 = PLANE ( 'NONE',  #127 ) ;
#946 = DIRECTION ( 'NONE',  ( 0.0000000000000000000, -1.000000000000000000, 0.0000000000000000000 ) ) ;
#947 = ORIENTED_EDGE ( 'NONE', *, *, #7454, .T. ) ;
#948 = DIRECTION ( 'NONE',  ( 0.0000000000000000000, 0.0000000000000000000, 1.000000000000000000 ) ) ;
#949 = CARTESIAN_POINT ( 'NONE',  ( 1.347444579893741100, 0.3999999999999999700, 1.341125750058897300 ) ) ;
#950 = EDGE_LOOP ( 'NONE', ( #3971, #2594, #223, #2987 ) ) ;
#951 = CARTESIAN_POINT ( 'NONE',  ( -1.495433944292964900, 0.7859974291650894100, 1.134413014764167100 ) ) ;
#952 = CARTESIAN_POINT ( 'NONE',  ( -0.6530611828246035700, 0.6000000000000000900, 1.422047110799025600 ) ) ;
#953 = VERTEX_POINT ( 'NONE', #244 ) ;
#954 = ADVANCED_FACE ( 'NONE', ( #7969 ), #2174, .T. ) ;
#955 = CARTESIAN_POINT ( 'NONE',  ( -0.7470000000000001100, 1.150000000000000100, 0.08249999999999997600 ) ) ;
#956 = EDGE_CURVE ( 'NONE', #2750, #8323, #4132, .T. ) ;
#957 = DIRECTION ( 'NONE',  ( 0.0000000000000000000, -1.000000000000000000, 0.0000000000000000000 ) ) ;
#958 = ORIENTED_EDGE ( 'NONE', *, *, #371, .F. ) ;
#959 = ORIENTED_EDGE ( 'NONE', *, *, #5282, .F. ) ;
#960 = VECTOR ( 'NONE', #4679, 1000.000000000000000 ) ;
#961 = CIRCLE ( 'NONE', #3566, 0.02250000000000005800 ) ;
#962 = LINE ( 'NONE', #1717, #9408 ) ;
#963 = EDGE_LOOP ( 'NONE', ( #8169, #1204, #2152, #7292 ) ) ;
#964 = DIRECTION ( 'NONE',  ( 0.0000000000000000000, 1.000000000000000000, 0.0000000000000000000 ) ) ;
#965 = ORIENTED_EDGE ( 'NONE', *, *, #1040, .T. ) ;
#966 = CLOSED_SHELL ( 'NONE', ( #381, #8723, #8580, #1729, #6342, #4530, #8581, #7976, #7978, #5063, #7393, #7911, #6986, #8589, #5015, #3673, #7136, #1775, #1536, #4066, #2611, #1447, #2462, #9254, #3964, #6132, #527, #8014, #98, #8290, #2625, #2380, #8334, #475, #3105, #3440, #2794, #4818, #6677, #9349, #190, #2764, #2715, #1012, #3587, #4621, #1497, #2658, #2905, #1976, #7256, #9097, #50, #7487, #3426, #629, #2609, #8383, #4915, #1727, #4219, #859, #718, #1402, #7200, #3821, #8140, #3005, #5619, #1165, #7223, #4280, #5716, #7579, #5660, #9290, #5013, #8806, #2199, #6987, #5764, #3140, #3536, #5254, #8895, #1595, #6496, #6, #7828, #8064, #2044, #810, #1303, #5948, #1684, #6816, #1975, #9000, #1288, #1401, #4175, #5814, #2141, #2775, #6284, #5847, #1931, #6953, #2774, #6518, #8632, #5626, #6534, #5911, #6043, #330, #7255, #4878, #7542, #9046, #9339, #1986, #1013, #3279, #4428, #9300, #6728 ) ) ;
#967 = CARTESIAN_POINT ( 'NONE',  ( 1.439066205041120500, 0.3999999999999999700, 1.282502905389540500 ) ) ;
#968 = ORIENTED_EDGE ( 'NONE', *, *, #3764, .T. ) ;
#969 = CARTESIAN_POINT ( 'NONE',  ( -1.433016317300995300, 0.5999742073834859500, -1.154116862510151000 ) ) ;
#970 = EDGE_CURVE ( 'NONE', #9045, #6349, #5319, .T. ) ;
#971 = DIRECTION ( 'NONE',  ( 0.0000000000000000000, -1.000000000000000000, 0.0000000000000000000 ) ) ;
#972 = AXIS2_PLACEMENT_3D ( 'NONE', #6240, #6278, #4849 ) ;
#973 = VERTEX_POINT ( 'NONE', #4183 ) ;
#974 = EDGE_CURVE ( 'NONE', #3985, #7369, #7285, .T. ) ;
#975 = EDGE_LOOP ( 'NONE', ( #3433, #6479, #8804, #5184 ) ) ;
#976 = EDGE_LOOP ( 'NONE', ( #986, #5817, #105, #5697 ) ) ;
#977 = CARTESIAN_POINT ( 'NONE',  ( 0.6790653433039212100, 0.8020000000000000500, -1.488154528892009700 ) ) ;
#978 = CARTESIAN_POINT ( 'NONE',  ( -1.479334863945182000, 0.7883849973015151200, 1.231900615057439000 ) ) ;
#979 = DIRECTION ( 'NONE',  ( 1.000000000000000000, -0.0000000000000000000, -0.0000000000000000000 ) ) ;
#980 = DIRECTION ( 'NONE',  ( -0.0000000000000000000, 1.000000000000000000, -0.0000000000000000000 ) ) ;
#981 = CIRCLE ( 'NONE', #1380, 0.02250000000000005800 ) ;
#982 = CARTESIAN_POINT ( 'NONE',  ( -0.6420000000000002400, 1.086360389693210800, 0.1050000000000000700 ) ) ;
#983 = COLOUR_RGB ( '',1.000000000000000000, 1.000000000000000000, 1.000000000000000000 ) ;
#984 = CARTESIAN_POINT ( 'NONE',  ( 1.434782608695652100, 0.6000000000000002000, -0.5702714232599898100 ) ) ;
#985 = B_SPLINE_CURVE_WITH_KNOTS ( 'NONE', 3,
 ( #6564, #5926, #9462, #6531, #1314, #1445, #8837 ),
 .UNSPECIFIED., .F., .F.,
 ( 4, 3, 4 ),
 ( 0.0000000000000000000, 3.893523675074178600E-006, 3.953523674734127300E-006 ),
 .UNSPECIFIED. ) ;
#986 = ORIENTED_EDGE ( 'NONE', *, *, #168, .T. ) ;
#987 = CARTESIAN_POINT ( 'NONE',  ( -0.7470000000000001100, 1.150000000000000100, 6.049755187787927500E-017 ) ) ;
#988 = AXIS2_PLACEMENT_3D ( 'NONE', #1758, #3316, #6227 ) ;
#989 = CARTESIAN_POINT ( 'NONE',  ( -0.6788078763684825000, 0.8000000000000001600, 1.487500000000000000 ) ) ;
#990 = FACE_BOUND ( 'NONE', #1648, .T. ) ;
#991 = VECTOR ( 'NONE', #7990, 1000.000000000000000 ) ;
#992 = ORIENTED_EDGE ( 'NONE', *, *, #8658, .T. ) ;
#993 = MANIFOLD_SOLID_BREP ( 'Boss-Extrude7[29]', #2995 ) ;
#994 = CARTESIAN_POINT ( 'NONE',  ( 1.495438813010396800, 0.7860123598985502300, -1.130499522758018600 ) ) ;
#995 = ORIENTED_EDGE ( 'NONE', *, *, #5351, .T. ) ;
#996 = CARTESIAN_POINT ( 'NONE',  ( -0.9550000000000000700, 1.150000000000000100, 0.1575000000000000800 ) ) ;
#997 = LINE ( 'NONE', #1643, #3540 ) ;
#998 = EDGE_LOOP ( 'NONE', ( #794, #4246 ) ) ;
#999 = EDGE_LOOP ( 'NONE', ( #444, #431, #7892, #1803 ) ) ;
#1000 = FACE_OUTER_BOUND ( 'NONE', #6126, .T. ) ;
#1001 = DIRECTION ( 'NONE',  ( 7.184566946715377900E-016, 1.000000000000000000, -2.529102003536987700E-016 ) ) ;
#1002 = CARTESIAN_POINT ( 'NONE',  ( 0.5931453759609353100, 0.7860123598985502300, 1.495438813010396800 ) ) ;
#1003 = CARTESIAN_POINT ( 'NONE',  ( -1.434782608783036400, 0.6000000002679936100, -1.134134370985239400 ) ) ;
#1004 = AXIS2_PLACEMENT_3D ( 'NONE', #7647, #9149, #4768 ) ;
#1005 = ORIENTED_EDGE ( 'NONE', *, *, #6762, .F. ) ;
#1006 = CARTESIAN_POINT ( 'NONE',  ( -0.9550000000000000700, 1.086360389693210800, 0.1350000000000000400 ) ) ;
#1007 = FACE_OUTER_BOUND ( 'NONE', #4268, .T. ) ;
#1008 = VERTEX_POINT ( 'NONE', #7114 ) ;
#1009 = ORIENTED_EDGE ( 'NONE', *, *, #8100, .T. ) ;
#1010 = CARTESIAN_POINT ( 'NONE',  ( 1.500000000000000900, 0.4000000000000006300, -1.130499522727401700 ) ) ;
#1011 = DIRECTION ( 'NONE',  ( 0.0000000000000000000, 0.0000000000000000000, 1.000000000000000000 ) ) ;
#1012 = ADVANCED_FACE ( 'NONE', ( #6822 ), #2056, .T. ) ;
#1013 = ADVANCED_FACE ( 'NONE', ( #660 ), #4958, .F. ) ;
#1014 = DIRECTION ( 'NONE',  ( 0.0000000000000000000, 1.000000000000000000, -0.0000000000000000000 ) ) ;
#1015 = VECTOR ( 'NONE', #3493, 1000.000000000000000 ) ;
#1016 = EDGE_LOOP ( 'NONE', ( #3164, #9299 ) ) ;
#1017 = CARTESIAN_POINT ( 'NONE',  ( 1.143751040218046400, 0.8000000000000000400, -1.388673279720156600 ) ) ;
#1018 = FILL_AREA_STYLE ('',( #9053 ) ) ;
#1019 = VECTOR ( 'NONE', #980, 1000.000000000000000 ) ;
#1020 = ORIENTED_EDGE ( 'NONE', *, *, #6421, .F. ) ;
#1021 = CARTESIAN_POINT ( 'NONE',  ( -1.097750225268711700, 0.4544138882887438500, 1.408228858521024500 ) ) ;
#1022 = CARTESIAN_POINT ( 'NONE',  ( -0.7470000000000001100, 1.150000000000000100, -0.08249999999999986500 ) ) ;
#1023 =( LENGTH_UNIT ( ) NAMED_UNIT ( * ) SI_UNIT ( .MILLI., .METRE. ) );
#1024 = CARTESIAN_POINT ( 'NONE',  ( 0.6187541509432501500, 0.7907215304527247500, -1.496974412104149300 ) ) ;
#1025 = CARTESIAN_POINT ( 'NONE',  ( 1.434782608695653000, 0.6000000000000000900, 0.9453455680914558700 ) ) ;
#1026 = VECTOR ( 'NONE', #3331, 1000.000000000000100 ) ;
#1027 = DIRECTION ( 'NONE',  ( -1.000000000000000000, -0.0000000000000000000, 1.827886073846607600E-016 ) ) ;
#1028 = DIRECTION ( 'NONE',  ( -7.295530811232853000E-016, -1.000000000000000000, 2.007058065463964200E-016 ) ) ;
#1029 = CARTESIAN_POINT ( 'NONE',  ( -1.392754300215385500, 0.8000000000000002700, 1.328985786822220300 ) ) ;
#1030 = ORIENTED_EDGE ( 'NONE', *, *, #6704, .T. ) ;
#1031 = ORIENTED_EDGE ( 'NONE', *, *, #5290, .F. ) ;
#1032 = DIRECTION ( 'NONE',  ( 0.0000000000000000000, 1.000000000000000000, 0.0000000000000000000 ) ) ;
#1033 = CARTESIAN_POINT ( 'NONE',  ( -0.9775194722219029400, 0.4588561431712427900, 1.419755759021033700 ) ) ;
#1034 = DIRECTION ( 'NONE',  ( -0.0000000000000000000, 1.000000000000000000, -0.0000000000000000000 ) ) ;
#1035 = DIRECTION ( 'NONE',  ( 0.0000000000000000000, 1.000000000000000000, 0.0000000000000000000 ) ) ;
#1036 = EDGE_CURVE ( 'NONE', #8069, #7612, #7044, .T. ) ;
#1037 = AXIS2_PLACEMENT_3D ( 'NONE', #74, #3705, #3647 ) ;
#1038 = CARTESIAN_POINT ( 'NONE',  ( -0.7470000000000000000, 1.150000000000000100, 0.3075000000000000500 ) ) ;
#1039 = EDGE_CURVE ( 'NONE', #6849, #2646, #1810, .T. ) ;
#1040 = EDGE_CURVE ( 'NONE', #7238, #8040, #1226, .T. ) ;
#1041 = DIRECTION ( 'NONE',  ( 0.9781476007338070200, 0.0000000000000000000, 0.2079116908177526000 ) ) ;
#1042 = DIRECTION ( 'NONE',  ( 0.2079116908177527600, 0.0000000000000000000, 0.9781476007338069100 ) ) ;
#1043 = CARTESIAN_POINT ( 'NONE',  ( -1.434458265169282100, 0.5999827227446740100, -1.140940224988955300 ) ) ;
#1044 = DIRECTION ( 'NONE',  ( 0.0000000000000000000, 0.0000000000000000000, 1.000000000000000000 ) ) ;
#1045 = CARTESIAN_POINT ( 'NONE',  ( 1.428289071902900200, 0.5999702101757507000, 1.175209300953264000 ) ) ;
#1046 = CIRCLE ( 'NONE', #2442, 0.02249999999999995100 ) ;
#1047 = CARTESIAN_POINT ( 'NONE',  ( 1.392754300215384800, 0.8000000000000004900, -1.328985786822221200 ) ) ;
#1048 = AXIS2_PLACEMENT_3D ( 'NONE', #219, #6867, #948 ) ;
#1049 = FILL_AREA_STYLE ('',( #303 ) ) ;
#1050 = DIRECTION ( 'NONE',  ( 0.0000000000000000000, 1.000000000000000000, -0.0000000000000000000 ) ) ;
#1051 = CIRCLE ( 'NONE', #9367, 0.02000000000000009400 ) ;
#1052 = CARTESIAN_POINT ( 'NONE',  ( 1.488487122974270700, 0.3999999999999999700, -1.200745222768542700 ) ) ;
#1053 = B_SPLINE_CURVE_WITH_KNOTS ( 'NONE', 3,
 ( #3839, #2342, #4675, #6068 ),
 .UNSPECIFIED., .F., .F.,
 ( 4, 4 ),
 ( 0.0000000000000000000, 0.0003769355309703632800 ),
 .UNSPECIFIED. ) ;
#1054 = CARTESIAN_POINT ( 'NONE',  ( -0.6945000000000002300, 1.150000000000000100, 0.2050000000000000400 ) ) ;
#1055 = CARTESIAN_POINT ( 'NONE',  ( -0.7995000000000002100, 1.150000000000000100, -0.1824999999999998800 ) ) ;
#1056 = EDGE_CURVE ( 'NONE', #311, #2466, #9444, .T. ) ;
#1057 = CARTESIAN_POINT ( 'NONE',  ( -1.138152845492627100, 0.5999999999999993100, 1.318937694887519800 ) ) ;
#1058 = STYLED_ITEM ( 'NONE', ( #2241 ), #8754 ) ;
#1059 = ADVANCED_FACE ( 'NONE', ( #5075 ), #5714, .T. ) ;
#1060 = CARTESIAN_POINT ( 'NONE',  ( -0.4870000000000002100, 1.086360389693210800, -0.1574999999999999700 ) ) ;
#1061 = CARTESIAN_POINT ( 'NONE',  ( 1.044524795898641700, 0.4943519535759132200, 1.446406961601320700 ) ) ;
#1062 = DIRECTION ( 'NONE',  ( 0.0000000000000000000, 0.0000000000000000000, -1.000000000000000000 ) ) ;
#1063 = CARTESIAN_POINT ( 'NONE',  ( -0.9550000000000000700, 1.086360389693210800, 0.1800000000000001600 ) ) ;
#1064 =( GEOMETRIC_REPRESENTATION_CONTEXT ( 3 ) GLOBAL_UNCERTAINTY_ASSIGNED_CONTEXT ( ( #1582 ) ) GLOBAL_UNIT_ASSIGNED_CONTEXT ( ( #7893, #6519, #5008 ) ) REPRESENTATION_CONTEXT ( 'NONE', 'WORKASPACE' ) );
#1065 = DIRECTION ( 'NONE',  ( -0.0000000000000000000, -0.0000000000000000000, -1.000000000000000000 ) ) ;
#1066 = CARTESIAN_POINT ( 'NONE',  ( 1.092748934521069000, 0.005000000000000528300, 1.415709792608938600 ) ) ;
#1067 = CARTESIAN_POINT ( 'NONE',  ( -1.495408060417731100, 0.4138293123844970500, -1.136659269115128500 ) ) ;
#1068 = ORIENTED_EDGE ( 'NONE', *, *, #5168, .F. ) ;
#1069 = EDGE_CURVE ( 'NONE', #3187, #715, #8075, .T. ) ;
#1070 = CARTESIAN_POINT ( 'NONE',  ( 1.495438813010397300, 0.4139876401014520000, 1.130499522637032000 ) ) ;
#1071 =( LENGTH_UNIT ( ) NAMED_UNIT ( * ) SI_UNIT ( .MILLI., .METRE. ) );
#1072 = VERTEX_POINT ( 'NONE', #8563 ) ;
#1073 = AXIS2_PLACEMENT_3D ( 'NONE', #3729, #6732, #2277 ) ;
#1074 = VERTEX_POINT ( 'NONE', #4129 ) ;
#1075 = CARTESIAN_POINT ( 'NONE',  ( 1.143807022165300500, 0.8020000000000000500, -1.389370635568482900 ) ) ;
#1076 = FACE_OUTER_BOUND ( 'NONE', #2629, .T. ) ;
#1077 = CIRCLE ( 'NONE', #6760, 0.2200581444740219200 ) ;
#1078 = DIRECTION ( 'NONE',  ( 0.0000000000000000000, 0.0000000000000000000, -1.000000000000000000 ) ) ;
#1079 = LINE ( 'NONE', #4541, #8483 ) ;
#1080 = EDGE_LOOP ( 'NONE', ( #6921, #736 ) ) ;
#1081 = DIRECTION ( 'NONE',  ( 0.0000000000000000000, 1.000000000000000000, -0.0000000000000000000 ) ) ;
#1082 = CARTESIAN_POINT ( 'NONE',  ( -1.410738364677070600, 0.4000000000000128500, 1.308296487934708300 ) ) ;
#1083 = CARTESIAN_POINT ( 'NONE',  ( 0.6182269360013448200, 0.7860123598985517800, -1.495438813010397300 ) ) ;
#1084 = EDGE_CURVE ( 'NONE', #7106, #9213, #6117, .T. ) ;
#1085 = ORIENTED_EDGE ( 'NONE', *, *, #690, .F. ) ;
#1086 = AXIS2_PLACEMENT_3D ( 'NONE', #434, #8457, #9253 ) ;
#1087 = CARTESIAN_POINT ( 'NONE',  ( -1.434782608695652600, 0.6000000000000000900, 0.9453088734910631800 ) ) ;
#1088 = CIRCLE ( 'NONE', #639, 0.02250000000000005800 ) ;
#1089 = VECTOR ( 'NONE', #5016, 1000.000000000000000 ) ;
#1090 = EDGE_CURVE ( 'NONE', #2939, #6931, #195, .T. ) ;
#1091 = ORIENTED_EDGE ( 'NONE', *, *, #7614, .F. ) ;
#1092 = CARTESIAN_POINT ( 'NONE',  ( 1.045278548594078100, 0.5530215868665333500, 1.366738290264001500 ) ) ;
#1093 = EDGE_CURVE ( 'NONE', #4710, #615, #7849, .T. ) ;
#1094 = ORIENTED_EDGE ( 'NONE', *, *, #9576, .F. ) ;
#1095 = ORIENTED_EDGE ( 'NONE', *, *, #2450, .F. ) ;
#1096 = CARTESIAN_POINT ( 'NONE',  ( -0.5961006913206757800, 0.7907215304527247500, -1.501789553591454700 ) ) ;
#1097 = DIRECTION ( 'NONE',  ( 0.0000000000000000000, 0.0000000000000000000, -1.000000000000000000 ) ) ;
#1098 = FACE_BOUND ( 'NONE', #8244, .T. ) ;
#1099 = VECTOR ( 'NONE', #7608, 1000.000000000000000 ) ;
#1100 = DIRECTION ( 'NONE',  ( 0.0000000000000000000, 0.0000000000000000000, 1.000000000000000000 ) ) ;
#1101 = CARTESIAN_POINT ( 'NONE',  ( -0.6945000000000002300, 1.150000000000000100, -0.2049999999999999300 ) ) ;
#1102 = LINE ( 'NONE', #1473, #7018 ) ;
#1103 = VERTEX_POINT ( 'NONE', #1334 ) ;
#1104 = CARTESIAN_POINT ( 'NONE',  ( 1.475665266654359500, 0.3999999999999270800, -1.232536439909324400 ) ) ;
#1105 = ORIENTED_EDGE ( 'NONE', *, *, #8152, .F. ) ;
#1106 = CARTESIAN_POINT ( 'NONE',  ( 1.495438813010396800, 0.7860123598985504500, 1.130499522771922100 ) ) ;
#1107 = AXIS2_PLACEMENT_3D ( 'NONE', #6062, #3866, #2311 ) ;
#1108 = FACE_OUTER_BOUND ( 'NONE', #7364, .T. ) ;
#1109 = ADVANCED_FACE ( 'NONE', ( #4609 ), #6004, .T. ) ;
#1110 = CARTESIAN_POINT ( 'NONE',  ( 0.9775194722219027200, 0.4599999999999998500, 1.419755759021033700 ) ) ;
#1111 = CIRCLE ( 'NONE', #6427, 0.02249999999999994400 ) ;
#1112 = ORIENTED_EDGE ( 'NONE', *, *, #3909, .F. ) ;
#1113 = VECTOR ( 'NONE', #1594, 1000.000000000000000 ) ;
#1114 = EDGE_LOOP ( 'NONE', ( #2949, #1555, #5096, #607 ) ) ;
#1115 = EDGE_LOOP ( 'NONE', ( #3296, #5916, #7302, #5318 ) ) ;
#1116 =( NAMED_UNIT ( * ) SI_UNIT ( $, .STERADIAN. ) SOLID_ANGLE_UNIT ( ) );
#1117 = PLANE ( 'NONE',  #1260 ) ;
#1118 = EDGE_CURVE ( 'NONE', #4489, #5349, #3774, .T. ) ;
#1119 = STYLED_ITEM ( 'NONE', ( #4789 ), #9037 ) ;
#1120 = EDGE_LOOP ( 'NONE', ( #1112, #5299, #5995, #2425 ) ) ;
#1121 = DIRECTION ( 'NONE',  ( 0.0000000000000000000, 0.0000000000000000000, -1.000000000000000000 ) ) ;
#1122 = CARTESIAN_POINT ( 'NONE',  ( -1.395756872773706900, 0.3999999999999999700, 1.317615713179372000 ) ) ;
#1123 = ORIENTED_EDGE ( 'NONE', *, *, #3909, .T. ) ;
#1124 = AXIS2_PLACEMENT_3D ( 'NONE', #8883, #6652, #2259 ) ;
#1125 = CLOSED_SHELL ( 'NONE', ( #1248, #3963, #6133, #7873, #5412, #8619, #6640, #858 ) ) ;
#1126 = AXIS2_PLACEMENT_3D ( 'NONE', #8269, #5256, #8927 ) ;
#1127 = ORIENTED_EDGE ( 'NONE', *, *, #1270, .T. ) ;
#1128 = CARTESIAN_POINT ( 'NONE',  ( -1.039972147727393800, 0.5161246994212426200, 1.424988435937008600 ) ) ;
#1129 = CARTESIAN_POINT ( 'NONE',  ( 1.113727632137321700, 0.005000000000000532700, 1.411250632775312700 ) ) ;
#1130 = CARTESIAN_POINT ( 'NONE',  ( -0.9734997504806557300, 0.4924232196829256800, 1.404307463813659200 ) ) ;
#1131 = DIRECTION ( 'NONE',  ( 0.0000000000000000000, 1.000000000000000000, 0.0000000000000000000 ) ) ;
#1132 = CARTESIAN_POINT ( 'NONE',  ( -1.016636263630775500, 0.5081852568954291500, 1.437228884944128800 ) ) ;
#1133 = DIRECTION ( 'NONE',  ( -0.0000000000000000000, 1.000000000000000000, -0.0000000000000000000 ) ) ;
#1134 = CARTESIAN_POINT ( 'NONE',  ( 1.325694516421790400, 0.3999999999999999700, 1.345748868766599500 ) ) ;
#1135 = ORIENTED_EDGE ( 'NONE', *, *, #211, .T. ) ;
#1136 = CIRCLE ( 'NONE', #6081, 0.02250000000000005500 ) ;
#1137 = ORIENTED_EDGE ( 'NONE', *, *, #3607, .F. ) ;
#1138 = PLANE ( 'NONE',  #6265 ) ;
#1139 = PLANE ( 'NONE',  #1517 ) ;
#1140 = AXIS2_PLACEMENT_3D ( 'NONE', #7089, #489, #7113 ) ;
#1141 = CARTESIAN_POINT ( 'NONE',  ( 1.490879708940282500, 0.7873517976511280600, 1.182326956554669000 ) ) ;
#1142 = VERTEX_POINT ( 'NONE', #4320 ) ;
#1143 = CARTESIAN_POINT ( 'NONE',  ( 0.9810276901786592100, 0.4536657026593430300, 1.436260626851003600 ) ) ;
#1144 = ORIENTED_EDGE ( 'NONE', *, *, #4683, .F. ) ;
#1145 = EDGE_LOOP ( 'NONE', ( #3976, #377, #2323, #5877 ) ) ;
#1146 = DIRECTION ( 'NONE',  ( 0.0000000000000000000, 1.000000000000000000, 0.0000000000000000000 ) ) ;
#1147 = LINE ( 'NONE', #3735, #2885 ) ;
#1148 = CARTESIAN_POINT ( 'NONE',  ( 0.5996830415998025700, 0.4139876401014490600, -1.495438813010396800 ) ) ;
#1149 = EDGE_LOOP ( 'NONE', ( #2749, #922, #5981, #197 ) ) ;
#1150 = CARTESIAN_POINT ( 'NONE',  ( -0.6200000000000000000, 1.200000000000000200, -1.500000000000000000 ) ) ;
#1151 = DIRECTION ( 'NONE',  ( 0.06823212742845971600, 0.9975640502598248600, -0.01450318640162377000 ) ) ;
#1152 = CARTESIAN_POINT ( 'NONE',  ( 0.6200000000000000000, 0.8000000000000001600, -1.500000000000000000 ) ) ;
#1153 = DIRECTION ( 'NONE',  ( 0.0000000000000000000, 0.0000000000000000000, -1.000000000000000000 ) ) ;
#1154 = FACE_OUTER_BOUND ( 'NONE', #4856, .T. ) ;
#1155 = CARTESIAN_POINT ( 'NONE',  ( -0.6065726879804664900, 0.7000000000000000700, 1.467391304347826200 ) ) ;
#1156 = DIRECTION ( 'NONE',  ( 0.0000000000000000000, 0.0000000000000000000, 1.000000000000000000 ) ) ;
#1157 = SURFACE_SIDE_STYLE ('',( #3206 ) ) ;
#1158 = CARTESIAN_POINT ( 'NONE',  ( -0.9856113292826588200, 0.4747810779257468600, 1.440313880900516900 ) ) ;
#1159 = CARTESIAN_POINT ( 'NONE',  ( -0.8520000000000000900, 1.150000000000000100, 0.1050000000000000800 ) ) ;
#1160 = B_SPLINE_SURFACE_WITH_KNOTS ( 'NONE', 3, 1, ( 
 ( #3213, #8478, #1716 ),
 ( #977, #1691, #5487 ),
 ( #9115, #4822, #3988 ),
 ( #6152, #3266, #9083 ),
 ( #1075, #1017, #8385 ),
 ( #4030, #9143, #5553 ),
 ( #6286, #2467, #4723 ),
 ( #1820, #1047, #264 ),
 ( #7765, #9220, #6208 ),
 ( #2500, #5516, #357 ),
 ( #5593, #7693, #7639 ),
 ( #2534, #8419, #6253 ),
 ( #7730, #8452, #9184 ),
 ( #4790, #331, #4686 ),
 ( #6891, #2441, #3178 ),
 ( #8353, #3928, #243 ),
 ( #5454, #6179, #9309 ),
 ( #3390, #2637, #2596 ),
 ( #4920, #6451, #483 ),
 ( #4124, #519, #1910 ),
 ( #459, #4953, #2687 ),
 ( #4180, #7084, #4986 ),
 ( #3357, #2659, #5710 ),
 ( #3430, #1199, #9274 ),
 ( #4894, #430, #8520 ),
 ( #6417, #5651, #1170 ),
 ( #1952, #6389, #4862 ) ),
 .UNSPECIFIED., .F., .F., .F.,
 ( 4, 1, 1, 1, 2, 1, 1, 1, 2, 1, 1, 1, 2, 1, 1, 1, 2, 1, 1, 1, 4 ),
 ( 2, 1, 2 ),
 ( 0.0000000000000000000, 0.04304305746303561900, 0.08608611492607123900, 0.1291291723891068400, 0.1721722298521424500, 0.1872008324436479600, 0.2022294350351534800, 0.2172580376266589900, 0.2322866402181645000, 0.3661433201090822400, 0.5000000000000000000, 0.6338566798909176500, 0.7677133597818354100, 0.7827419623733409300, 0.7977705649648463300, 0.8127991675563519500, 0.8278277701478573600, 0.8708708276108930700, 0.9139138850739287900, 0.9569569425369643900, 1.000000000000000000 ),
 ( -0.01000000000000000000, 0.0000000000000000000, 1.000000000000000000 ),
 .UNSPECIFIED. ) ;
#1161 = EDGE_CURVE ( 'NONE', #4289, #6067, #9204, .T. ) ;
#1162 = ORIENTED_EDGE ( 'NONE', *, *, #4960, .F. ) ;
#1163 = CARTESIAN_POINT ( 'NONE',  ( -1.495438813010396600, 0.7860123598985495600, -1.130499522767036200 ) ) ;
#1164 = CARTESIAN_POINT ( 'NONE',  ( -1.325739219917694300, 0.4080804732954002000, -1.343044699429669400 ) ) ;
#1165 = ADVANCED_FACE ( 'NONE', ( #5307 ), #3297, .F. ) ;
#1166 = DIRECTION ( 'NONE',  ( 0.0000000000000000000, 1.000000000000000000, 0.0000000000000000000 ) ) ;
#1167 = FILL_AREA_STYLE_COLOUR ( '', #7694 ) ;
#1168 = CARTESIAN_POINT ( 'NONE',  ( 1.414031594721300900, 0.4092080972778888700, 1.302808682999664100 ) ) ;
#1169 = UNCERTAINTY_MEASURE_WITH_UNIT (LENGTH_MEASURE( 1.000000000000000100E-005 ), #2268, 'distance_accuracy_value', 'NONE');
#1170 = CARTESIAN_POINT ( 'NONE',  ( 0.6530611828246056800, 0.6000000000000000900, 1.422047110799025600 ) ) ;
#1171 = AXIS2_PLACEMENT_3D ( 'NONE', #3716, #7478, #2781 ) ;
#1172 = DIRECTION ( 'NONE',  ( 0.2079116908177531300, -3.181529261181233300E-014, -0.9781476007338070200 ) ) ;
#1173 = DIRECTION ( 'NONE',  ( 0.0000000000000000000, -0.0000000000000000000, -1.000000000000000000 ) ) ;
#1174 = B_SPLINE_CURVE_WITH_KNOTS ( 'NONE', 3,
 ( #1216, #3351, #6433, #4378, #2106, #8026, #5119 ),
 .UNSPECIFIED., .F., .F.,
 ( 4, 3, 4 ),
 ( -5.996962018156121900E-008, 9.859992901632089900E-021, 3.893553976974482800E-006 ),
 .UNSPECIFIED. ) ;
#1175 = DIRECTION ( 'NONE',  ( 0.0000000000000000000, 1.000000000000000000, 0.0000000000000000000 ) ) ;
#1176 = EDGE_CURVE ( 'NONE', #825, #9337, #4009, .T. ) ;
#1177 = DIRECTION ( 'NONE',  ( 0.0000000000000000000, 0.0000000000000000000, 1.000000000000000000 ) ) ;
#1178 = CARTESIAN_POINT ( 'NONE',  ( -0.9045000000000001900, 1.086360389693210800, -0.2825000000000000300 ) ) ;
#1179 = CARTESIAN_POINT ( 'NONE',  ( 1.099215837115019400, 0.4527419289029818200, 1.415124020141969000 ) ) ;
#1180 = ORIENTED_EDGE ( 'NONE', *, *, #907, .T. ) ;
#1181 = CARTESIAN_POINT ( 'NONE',  ( -0.7470000000000001100, 1.086360389693210800, -0.08249999999999986500 ) ) ;
#1182 = AXIS2_PLACEMENT_3D ( 'NONE', #7028, #5529, #1797 ) ;
#1183 = COLOUR_RGB ( '',1.000000000000000000, 0.8117647058823529400, 0.5019607843137254800 ) ;
#1184 = AXIS2_PLACEMENT_3D ( 'NONE', #748, #712, #809 ) ;
#1185 = CIRCLE ( 'NONE', #7345, 0.02249999999999995100 ) ;
#1186 = ORIENTED_EDGE ( 'NONE', *, *, #2962, .F. ) ;
#1187 = CIRCLE ( 'NONE', #8502, 0.02250000000000005800 ) ;
#1188 = ORIENTED_EDGE ( 'NONE', *, *, #3818, .T. ) ;
#1189 = DIRECTION ( 'NONE',  ( 0.0000000000000000000, 1.000000000000000000, 0.0000000000000000000 ) ) ;
#1190 = CIRCLE ( 'NONE', #6441, 0.6000000000000000900 ) ;
#1191 = ORIENTED_EDGE ( 'NONE', *, *, #2387, .F. ) ;
#1192 = CARTESIAN_POINT ( 'NONE',  ( -0.9726271258130596600, 0.02639512947488287600, 1.461689283146796200 ) ) ;
#1193 = FACE_OUTER_BOUND ( 'NONE', #1198, .T. ) ;
#1194 = LINE ( 'NONE', #5913, #4574 ) ;
#1195 = DIRECTION ( 'NONE',  ( 0.0000000000000000000, 0.0000000000000000000, -1.000000000000000000 ) ) ;
#1196 = CLOSED_SHELL ( 'NONE', ( #5314, #3710, #2668, #4382 ) ) ;
#1197 = ORIENTED_EDGE ( 'NONE', *, *, #4736, .T. ) ;
#1198 = EDGE_LOOP ( 'NONE', ( #1767, #5038, #7740, #3856 ) ) ;
#1199 = CARTESIAN_POINT ( 'NONE',  ( 0.9684599935771948100, 0.7999999999999997100, 1.425932541885677000 ) ) ;
#1200 = CARTESIAN_POINT ( 'NONE',  ( 1.495438813010396800, 0.4139876401014520000, 1.130499522635703100 ) ) ;
#1201 = DIRECTION ( 'NONE',  ( 0.0000000000000000000, 0.0000000000000000000, 1.000000000000000000 ) ) ;
#1202 = CIRCLE ( 'NONE', #265, 0.02250000000000005800 ) ;
#1203 = ORIENTED_EDGE ( 'NONE', *, *, #4753, .F. ) ;
#1204 = ORIENTED_EDGE ( 'NONE', *, *, #6457, .T. ) ;
#1205 = ADVANCED_FACE ( 'NONE', ( #4364 ), #7466, .F. ) ;
#1206 = DIRECTION ( 'NONE',  ( 0.0000000000000000000, 1.000000000000000000, -0.0000000000000000000 ) ) ;
#1207 =( NAMED_UNIT ( * ) SI_UNIT ( $, .STERADIAN. ) SOLID_ANGLE_UNIT ( ) );
#1208 = AXIS2_PLACEMENT_3D ( 'NONE', #4015, #4885, #6997 ) ;
#1209 = DIRECTION ( 'NONE',  ( 0.1266298249066813400, -0.9430765049807912100, -0.3075249472763451100 ) ) ;
#1210 =( NAMED_UNIT ( * ) SI_UNIT ( $, .STERADIAN. ) SOLID_ANGLE_UNIT ( ) );
#1211 = CIRCLE ( 'NONE', #7841, 0.02250000000000005800 ) ;
#1212 = EDGE_CURVE ( 'NONE', #9210, #9413, #4963, .T. ) ;
#1213 = EDGE_CURVE ( 'NONE', #4347, #883, #6231, .T. ) ;
#1214 = DIRECTION ( 'NONE',  ( 0.0000000000000000000, -1.000000000000000000, 0.0000000000000000000 ) ) ;
#1215 = FACE_OUTER_BOUND ( 'NONE', #5042, .T. ) ;
#1216 = CARTESIAN_POINT ( 'NONE',  ( 1.495433842817182900, 0.7859971179723852500, 1.134453013373478700 ) ) ;
#1217 = ORIENTED_EDGE ( 'NONE', *, *, #1241, .F. ) ;
#1218 = ORIENTED_EDGE ( 'NONE', *, *, #2550, .T. ) ;
#1219 = EDGE_LOOP ( 'NONE', ( #3542, #6898 ) ) ;
#1220 = CIRCLE ( 'NONE', #6888, 0.02250000000000005800 ) ;
#1221 = ORIENTED_EDGE ( 'NONE', *, *, #8046, .T. ) ;
#1222 = CARTESIAN_POINT ( 'NONE',  ( -0.9045000000000001900, 1.200000000000000200, 0.2825000000000002500 ) ) ;
#1223 = DIRECTION ( 'NONE',  ( 0.0000000000000000000, 1.000000000000000000, 0.0000000000000000000 ) ) ;
#1224 = ORIENTED_EDGE ( 'NONE', *, *, #8588, .F. ) ;
#1225 = CARTESIAN_POINT ( 'NONE',  ( -1.325694516421790400, 0.3999999999999999700, -1.345748868766599000 ) ) ;
#1226 = CIRCLE ( 'NONE', #7141, 0.02250000000000005800 ) ;
#1227 = ORIENTED_EDGE ( 'NONE', *, *, #6903, .T. ) ;
#1228 = VERTEX_POINT ( 'NONE', #838 ) ;
#1229 = PLANE ( 'NONE',  #5000 ) ;
#1230 =( NAMED_UNIT ( * ) SI_UNIT ( $, .STERADIAN. ) SOLID_ANGLE_UNIT ( ) );
#1231 = MECHANICAL_DESIGN_GEOMETRIC_PRESENTATION_REPRESENTATION (  '', ( #1408 ), #7695 ) ;
#1232 = DIRECTION ( 'NONE',  ( -0.0000000000000000000, 1.000000000000000000, -0.0000000000000000000 ) ) ;
#1233 = ORIENTED_EDGE ( 'NONE', *, *, #2403, .F. ) ;
#1234 = DIRECTION ( 'NONE',  ( -0.0000000000000000000, 1.000000000000000000, -0.0000000000000000000 ) ) ;
#1235 = DIRECTION ( 'NONE',  ( 0.0000000000000000000, -0.0000000000000000000, 1.000000000000000000 ) ) ;
#1236 = ORIENTED_EDGE ( 'NONE', *, *, #3632, .F. ) ;
#1237 = ORIENTED_EDGE ( 'NONE', *, *, #3818, .F. ) ;
#1238 = CARTESIAN_POINT ( 'NONE',  ( -0.5895000000000000200, 1.150000000000000100, 0.2600000000000001200 ) ) ;
#1239 = CARTESIAN_POINT ( 'NONE',  ( -0.6945000000000002300, 1.150000000000000100, 0.2275000000000000100 ) ) ;
#1240 = DIRECTION ( 'NONE',  ( 0.0000000000000000000, 0.0000000000000000000, 1.000000000000000000 ) ) ;
#1241 = EDGE_CURVE ( 'NONE', #6716, #2400, #3080, .T. ) ;
#1242 = CARTESIAN_POINT ( 'NONE',  ( -1.325694516421790100, 3.532091952673165100, -1.345748868766599500 ) ) ;
#1243 = AXIS2_PLACEMENT_3D ( 'NONE', #1258, #4278, #8665 ) ;
#1244 = AXIS2_PLACEMENT_3D ( 'NONE', #6622, #6706, #787 ) ;
#1245 = ORIENTED_EDGE ( 'NONE', *, *, #2060, .T. ) ;
#1246 = CIRCLE ( 'NONE', #3094, 0.02250000000000005800 ) ;
#1247 = ORIENTED_EDGE ( 'NONE', *, *, #4776, .T. ) ;
#1248 = ADVANCED_FACE ( 'NONE', ( #6108 ), #7498, .T. ) ;
#1249 = CARTESIAN_POINT ( 'NONE',  ( -0.7470000000000001100, 1.200000000000000200, 0.1275000000000000900 ) ) ;
#1250 = CARTESIAN_POINT ( 'NONE',  ( 0.6200000000000000000, 1.200000000000000200, 1.500000000000000000 ) ) ;
#1251 = CARTESIAN_POINT ( 'NONE',  ( 1.038323520164907300, 0.5191187156266754400, 1.417232253067217900 ) ) ;
#1252 = CARTESIAN_POINT ( 'NONE',  ( -1.094548006537650500, 0.4629327769347256200, 1.393405947090035300 ) ) ;
#1253 = DIRECTION ( 'NONE',  ( -0.9781476007338068000, 0.0000000000000000000, 0.2079116908177535400 ) ) ;
#1254 = FACE_OUTER_BOUND ( 'NONE', #2957, .T. ) ;
#1255 = DIRECTION ( 'NONE',  ( 0.06823212742845970200, -0.9975640502598248600, 0.01450318640162382200 ) ) ;
#1256 = CYLINDRICAL_SURFACE ( 'NONE', #2231, 0.02250000000000005800 ) ;
#1257 = CARTESIAN_POINT ( 'NONE',  ( 1.325739436617921800, 0.4080804831288132300, -1.343044648399948700 ) ) ;
#1258 = CARTESIAN_POINT ( 'NONE',  ( -1.092748934521069000, 0.02500000000000052900, 1.415709792608938600 ) ) ;
#1259 = ADVANCED_FACE ( 'NONE', ( #2737 ), #6709, .F. ) ;
#1260 = AXIS2_PLACEMENT_3D ( 'NONE', #3435, #3302, #8612 ) ;
#1261 = DIRECTION ( 'NONE',  ( 0.0000000000000000000, -0.0000000000000000000, -1.000000000000000000 ) ) ;
#1262 =( NAMED_UNIT ( * ) PLANE_ANGLE_UNIT ( ) SI_UNIT ( $, .RADIAN. ) );
#1263 = CARTESIAN_POINT ( 'NONE',  ( -1.279941855525978100, 0.3999999999999997400, 1.130499522727402200 ) ) ;
#1264 = CARTESIAN_POINT ( 'NONE',  ( -0.5390000000000001500, 1.150000000000000100, 0.1575000000000000300 ) ) ;
#1265 = LINE ( 'NONE', #1181, #238 ) ;
#1266 = PRESENTATION_LAYER_ASSIGNMENT (  '', '', ( #3249 ) ) ;
#1267 = CARTESIAN_POINT ( 'NONE',  ( -0.7470000000000000000, 1.200000000000000200, -0.3074999999999999400 ) ) ;
#1268 = DIRECTION ( 'NONE',  ( 0.2079116908177528800, 0.0000000000000000000, 0.9781476007338070200 ) ) ;
#1269 = DIRECTION ( 'NONE',  ( 0.0000000000000000000, 1.000000000000000000, -0.0000000000000000000 ) ) ;
#1270 = EDGE_CURVE ( 'NONE', #7067, #733, #2496, .T. ) ;
#1271 = CARTESIAN_POINT ( 'NONE',  ( -1.057000000000000200, 1.150000000000000100, 1.171986986784016800E-016 ) ) ;
#1272 = CARTESIAN_POINT ( 'NONE',  ( -1.043357869606802400, 0.5111765881136407500, 1.440917005033194100 ) ) ;
#1273 = CARTESIAN_POINT ( 'NONE',  ( -0.6945000000000002300, 1.150000000000000100, 0.2050000000000000400 ) ) ;
#1274 = CARTESIAN_POINT ( 'NONE',  ( -0.7995000000000002100, 1.200000000000000200, -0.2275000000000000100 ) ) ;
#1275 = CARTESIAN_POINT ( 'NONE',  ( -0.9045000000000001900, 1.200000000000000200, -0.2599999999999999500 ) ) ;
#1276 = CARTESIAN_POINT ( 'NONE',  ( 1.027891860633221000, 0.5599999999999998300, 1.368155153542616400 ) ) ;
#1277 = DIRECTION ( 'NONE',  ( 0.0000000000000000000, 0.0000000000000000000, 1.000000000000000000 ) ) ;
#1278 = EDGE_CURVE ( 'NONE', #2816, #6086, #5923, .T. ) ;
#1279 = UNCERTAINTY_MEASURE_WITH_UNIT (LENGTH_MEASURE( 1.000000000000000100E-005 ), #2029, 'distance_accuracy_value', 'NONE');
#1280 = CARTESIAN_POINT ( 'NONE',  ( -1.325739219900775600, 0.4080804732954063700, -1.343044699433313400 ) ) ;
#1281 = FILL_AREA_STYLE ('',( #7607 ) ) ;
#1282 = CARTESIAN_POINT ( 'NONE',  ( 1.005398891869288900, 0.2195099938507023600, 1.454723429234030800 ) ) ;
#1283 = DIRECTION ( 'NONE',  ( 0.0000000000000000000, 0.0000000000000000000, -1.000000000000000000 ) ) ;
#1284 = CIRCLE ( 'NONE', #5623, 0.02250000000000005500 ) ;
#1285 = DIRECTION ( 'NONE',  ( -0.0000000000000000000, 1.000000000000000000, -0.0000000000000000000 ) ) ;
#1286 = DIRECTION ( 'NONE',  ( 1.000000000000000000, 0.0000000000000000000, 0.0000000000000000000 ) ) ;
#1287 = CARTESIAN_POINT ( 'NONE',  ( 1.008312283515635300, 0.5501570543607996500, 1.375554852867761900 ) ) ;
#1288 = ADVANCED_FACE ( 'NONE', ( #5783 ), #3847, .T. ) ;
#1289 = CARTESIAN_POINT ( 'NONE',  ( 1.045194379993254200, 0.5134737001386930900, 1.431810416418726200 ) ) ;
#1290 = VERTEX_POINT ( 'NONE', #5938 ) ;
#1291 = CARTESIAN_POINT ( 'NONE',  ( -0.8520000000000000900, 1.150000000000000100, 0.1050000000000000800 ) ) ;
#1292 = EDGE_CURVE ( 'NONE', #295, #4052, #6348, .T. ) ;
#1293 = CARTESIAN_POINT ( 'NONE',  ( -0.7231696243410680200, 0.4080762362277939300, -1.471127097664377300 ) ) ;
#1294 = DIRECTION ( 'NONE',  ( -1.000000000000000000, -0.0000000000000000000, 1.807003620809173200E-016 ) ) ;
#1295 = AXIS2_PLACEMENT_3D ( 'NONE', #7382, #9486, #3600 ) ;
#1296 = LINE ( 'NONE', #7958, #4316 ) ;
#1297 = DIRECTION ( 'NONE',  ( 0.0000000000000000000, -0.0000000000000000000, -1.000000000000000000 ) ) ;
#1298 = SURFACE_STYLE_USAGE ( .BOTH. , #561 ) ;
#1299 = DIRECTION ( 'NONE',  ( 0.0000000000000000000, 0.0000000000000000000, 1.000000000000000000 ) ) ;
#1300 = DIRECTION ( 'NONE',  ( 0.0000000000000000000, -0.0000000000000000000, 1.000000000000000000 ) ) ;
#1301 = ORIENTED_EDGE ( 'NONE', *, *, #8880, .F. ) ;
#1302 = ADVANCED_FACE ( 'NONE', ( #4491 ), #2379, .F. ) ;
#1303 = ADVANCED_FACE ( 'NONE', ( #1340 ), #2460, .T. ) ;
#1304 = CIRCLE ( 'NONE', #3871, 0.02250000000000005800 ) ;
#1305 = VERTEX_POINT ( 'NONE', #1010 ) ;
#1306 = CARTESIAN_POINT ( 'NONE',  ( 0.6000000000000004200, 3.532091952673165100, -1.499999999999999800 ) ) ;
#1307 = VECTOR ( 'NONE', #1900, 1000.000000000000000 ) ;
#1308 = CARTESIAN_POINT ( 'NONE',  ( 1.494436296167573900, 0.7865752792312968900, -1.157912580824063300 ) ) ;
#1309 = ORIENTED_EDGE ( 'NONE', *, *, #4144, .F. ) ;
#1310 = CIRCLE ( 'NONE', #8017, 0.02250000000000005500 ) ;
#1311 = ORIENTED_EDGE ( 'NONE', *, *, #3437, .T. ) ;
#1312 = AXIS2_PLACEMENT_3D ( 'NONE', #4957, #1172, #2600 ) ;
#1313 = ORIENTED_EDGE ( 'NONE', *, *, #6952, .F. ) ;
#1314 = CARTESIAN_POINT ( 'NONE',  ( 1.495433944292964100, 0.7859974291650891900, -1.134413014764167300 ) ) ;
#1315 = CARTESIAN_POINT ( 'NONE',  ( 1.466207733209994300, 0.3999999999999999700, 1.247677207292138500 ) ) ;
#1316 = ORIENTED_EDGE ( 'NONE', *, *, #8531, .T. ) ;
#1317 = CLOSED_SHELL ( 'NONE', ( #4026, #1596, #717, #8062 ) ) ;
#1318 = ORIENTED_EDGE ( 'NONE', *, *, #8565, .T. ) ;
#1319 = CARTESIAN_POINT ( 'NONE',  ( -1.022726843479930400, 0.4943496307499537500, 1.451040259418888500 ) ) ;
#1320 = EDGE_CURVE ( 'NONE', #2771, #6489, #997, .T. ) ;
#1321 = CARTESIAN_POINT ( 'NONE',  ( -0.5931453759609349700, 0.6000000000000000900, -1.434782608695651400 ) ) ;
#1322 = VERTEX_POINT ( 'NONE', #1619 ) ;
#1323 = FACE_OUTER_BOUND ( 'NONE', #5183, .T. ) ;
#1324 = DIRECTION ( 'NONE',  ( 0.0000000000000000000, 1.000000000000000000, -0.0000000000000000000 ) ) ;
#1325 = LINE ( 'NONE', #706, #4103 ) ;
#1326 = CARTESIAN_POINT ( 'NONE',  ( -0.6945000000000002300, 1.200000000000000200, 0.2050000000000000400 ) ) ;
#1327 = FACE_OUTER_BOUND ( 'NONE', #9512, .T. ) ;
#1328 = CYLINDRICAL_SURFACE ( 'NONE', #1124, 0.02250000000000005800 ) ;
#1329 = VERTEX_POINT ( 'NONE', #6861 ) ;
#1330 = EDGE_LOOP ( 'NONE', ( #559, #3559, #7056, #8435 ) ) ;
#1331 = EDGE_LOOP ( 'NONE', ( #5932, #5548, #741, #1824 ) ) ;
#1332 = DIRECTION ( 'NONE',  ( 0.0000000000000000000, -1.000000000000000000, 0.0000000000000000000 ) ) ;
#1333 = ORIENTED_EDGE ( 'NONE', *, *, #4444, .T. ) ;
#1334 = CARTESIAN_POINT ( 'NONE',  ( -0.8520000000000000900, 1.150000000000000100, 0.08250000000000003200 ) ) ;
#1335 = CYLINDRICAL_SURFACE ( 'NONE', #6740, 0.02250000000000005800 ) ;
#1336 = CARTESIAN_POINT ( 'NONE',  ( 0.9817592358502315000, 0.4580644528646178900, 1.439702278643728100 ) ) ;
#1337 = ORIENTED_EDGE ( 'NONE', *, *, #5955, .T. ) ;
#1338 = PLANE ( 'NONE',  #5430 ) ;
#1339 = DIRECTION ( 'NONE',  ( -0.0000000000000000000, 0.0000000000000000000, 1.000000000000000000 ) ) ;
#1340 = FACE_OUTER_BOUND ( 'NONE', #8556, .T. ) ;
#1341 = EDGE_LOOP ( 'NONE', ( #8655, #3651, #5635, #3724 ) ) ;
#1342 = EDGE_CURVE ( 'NONE', #8863, #2185, #7033, .T. ) ;
#1343 = EDGE_LOOP ( 'NONE', ( #2134, #5044, #8530, #1301 ) ) ;
#1344 = AXIS2_PLACEMENT_3D ( 'NONE', #5101, #9428, #3480 ) ;
#1345 = DIRECTION ( 'NONE',  ( 0.2079116908177527600, 3.725922427599044200E-017, 0.9781476007338069100 ) ) ;
#1346 = EDGE_CURVE ( 'NONE', #3548, #7303, #4243, .T. ) ;
#1347 = DIRECTION ( 'NONE',  ( 0.0000000000000000000, 1.000000000000000000, 0.0000000000000000000 ) ) ;
#1348 = DIRECTION ( 'NONE',  ( -0.2079116908177569600, 0.0000000000000000000, 0.9781476007338061300 ) ) ;
#1349 = EDGE_CURVE ( 'NONE', #6450, #295, #4596, .T. ) ;
#1350 = SURFACE_STYLE_FILL_AREA ( #4298 ) ;
#1351 = ORIENTED_EDGE ( 'NONE', *, *, #5378, .F. ) ;
#1352 = VERTEX_POINT ( 'NONE', #3174 ) ;
#1353 = PRESENTATION_STYLE_ASSIGNMENT (( #3468 ) ) ;
#1354 = EDGE_LOOP ( 'NONE', ( #2645, #9436, #7228, #7008 ) ) ;
#1355 = B_SPLINE_CURVE_WITH_KNOTS ( 'NONE', 3,
 ( #3831, #1630, #6908, #8271 ),
 .UNSPECIFIED., .F., .F.,
 ( 4, 4 ),
 ( 0.0000000000000000000, 4.981195386651425800E-006 ),
 .UNSPECIFIED. ) ;
#1356 = ORIENTED_EDGE ( 'NONE', *, *, #4234, .T. ) ;
#1357 = CARTESIAN_POINT ( 'NONE',  ( -0.8387788414878960500, 0.7907215304527246400, 1.450206720399470600 ) ) ;
#1358 = ADVANCED_FACE ( 'NONE', ( #3759 ), #8516, .T. ) ;
#1359 = ADVANCED_FACE ( 'NONE', ( #8958 ), #529, .T. ) ;
#1360 = CARTESIAN_POINT ( 'NONE',  ( -0.6187541509432501500, 0.7907215304527253100, -1.496974412104149500 ) ) ;
#1361 = DIRECTION ( 'NONE',  ( 0.0000000000000000000, -1.000000000000000000, 0.0000000000000000000 ) ) ;
#1362 = ORIENTED_EDGE ( 'NONE', *, *, #1978, .T. ) ;
#1363 = AXIS2_PLACEMENT_3D ( 'NONE', #2354, #3146, #7648 ) ;
#1364 = CARTESIAN_POINT ( 'NONE',  ( 1.005096451089172000, 0.5469599630796597700, 1.377316636808934000 ) ) ;
#1365 = EDGE_LOOP ( 'NONE', ( #3289, #9219, #7988, #6074, #8376, #450, #2653, #2614, #1668, #8972, #2747, #4815 ) ) ;
#1366 = ORIENTED_EDGE ( 'NONE', *, *, #4261, .T. ) ;
#1367 = AXIS2_PLACEMENT_3D ( 'NONE', #2758, #1166, #6412 ) ;
#1368 = DIRECTION ( 'NONE',  ( -0.0000000000000000000, 1.000000000000000000, -0.0000000000000000000 ) ) ;
#1369 = FACE_OUTER_BOUND ( 'NONE', #9446, .T. ) ;
#1370 = PLANE ( 'NONE',  #8652 ) ;
#1371 = DIRECTION ( 'NONE',  ( 0.2079116908177526800, -1.143494478793303900E-015, -0.9781476007338070200 ) ) ;
#1372 = EDGE_CURVE ( 'NONE', #8962, #5223, #117, .T. ) ;
#1373 = CIRCLE ( 'NONE', #5417, 0.02249999999999993700 ) ;
#1374 = EDGE_LOOP ( 'NONE', ( #5458, #4117 ) ) ;
#1375 = CARTESIAN_POINT ( 'NONE',  ( -0.4870000000000001500, 1.086360389693210800, 0.1349999999999999800 ) ) ;
#1376 = ORIENTED_EDGE ( 'NONE', *, *, #8583, .T. ) ;
#1377 = CARTESIAN_POINT ( 'NONE',  ( -0.6945000000000002300, 1.150000000000000100, -0.2049999999999999300 ) ) ;
#1378 = CARTESIAN_POINT ( 'NONE',  ( -1.092748934521069000, 0.005000000000000528300, 1.415709792608938600 ) ) ;
#1379 = AXIS2_PLACEMENT_3D ( 'NONE', #236, #2436, #9072 ) ;
#1380 = AXIS2_PLACEMENT_3D ( 'NONE', #762, #1991, #7153 ) ;
#1381 = CIRCLE ( 'NONE', #2518, 0.02250000000000005800 ) ;
#1382 = CARTESIAN_POINT ( 'NONE',  ( -0.8520000000000000900, 1.150000000000000100, 0.1050000000000000800 ) ) ;
#1383 = CARTESIAN_POINT ( 'NONE',  ( -0.6420000000000002400, 1.200000000000000200, -0.1049999999999999500 ) ) ;
#1384 = ORIENTED_EDGE ( 'NONE', *, *, #6271, .F. ) ;
#1385 = CARTESIAN_POINT ( 'NONE',  ( 1.279941855525978900, 0.3999999999999997400, 1.130499522727401700 ) ) ;
#1386 = DIRECTION ( 'NONE',  ( -1.000000000000000000, -2.802758646564778900E-016, 9.139430369233068700E-017 ) ) ;
#1387 = EDGE_CURVE ( 'NONE', #7984, #6786, #8168, .T. ) ;
#1388 =( NAMED_UNIT ( * ) PLANE_ANGLE_UNIT ( ) SI_UNIT ( $, .RADIAN. ) );
#1389 = DIRECTION ( 'NONE',  ( 0.06823212742845995200, -0.9975640502598247500, -0.01450318640162373000 ) ) ;
#1390 = CARTESIAN_POINT ( 'NONE',  ( -1.372741205986965500, 0.4083685318068540600, 1.332820665983631900 ) ) ;
#1391 = CARTESIAN_POINT ( 'NONE',  ( 1.027891860633221000, 0.5599999999999998300, 1.368155153542616400 ) ) ;
#1392 = CARTESIAN_POINT ( 'NONE',  ( -0.5390000000000001500, 1.200000000000000200, 0.1349999999999999800 ) ) ;
#1393 = CARTESIAN_POINT ( 'NONE',  ( -0.8779298910181041500, 0.4080762362277989800, 1.438231787496367000 ) ) ;
#1394 = CARTESIAN_POINT ( 'NONE',  ( -0.4870000000000001500, 1.150000000000000100, 0.1575000000000000300 ) ) ;
#1395 = CARTESIAN_POINT ( 'NONE',  ( 1.325694516421789500, 0.8000000000000000400, -1.349999999999999600 ) ) ;
#1396 = EDGE_CURVE ( 'NONE', #7761, #7363, #76, .T. ) ;
#1397 = AXIS2_PLACEMENT_3D ( 'NONE', #4263, #1922, #8566 ) ;
#1398 = CARTESIAN_POINT ( 'NONE',  ( -0.9045000000000001900, 1.150000000000000100, -0.2825000000000000300 ) ) ;
#1399 = EDGE_CURVE ( 'NONE', #3119, #4450, #873, .T. ) ;
#1400 = CARTESIAN_POINT ( 'NONE',  ( 1.028741715298139100, 0.5123766938887646100, 1.435167904174762700 ) ) ;
#1401 = ADVANCED_FACE ( 'NONE', ( #2286 ), #7959, .F. ) ;
#1402 = ADVANCED_FACE ( 'NONE', ( #296 ), #5043, .F. ) ;
#1403 = CARTESIAN_POINT ( 'NONE',  ( -0.4870000000000001500, 1.086360389693210800, 0.1575000000000000300 ) ) ;
#1404 = MANIFOLD_SOLID_BREP ( 'Boss-Extrude7[16]', #7026 ) ;
#1405 = PRESENTATION_LAYER_ASSIGNMENT (  '', '', ( #8351 ) ) ;
#1406 = DIRECTION ( 'NONE',  ( 0.0000000000000000000, 1.000000000000000000, -0.0000000000000000000 ) ) ;
#1407 = SURFACE_STYLE_USAGE ( .BOTH. , #5881 ) ;
#1408 = STYLED_ITEM ( 'NONE', ( #2761 ), #160 ) ;
#1409 = FACE_OUTER_BOUND ( 'NONE', #651, .T. ) ;
#1410 = ORIENTED_EDGE ( 'NONE', *, *, #6030, .F. ) ;
#1411 = CARTESIAN_POINT ( 'NONE',  ( -0.6065726879804673700, 0.7000000000000000700, -1.467391304347825700 ) ) ;
#1412 = CARTESIAN_POINT ( 'NONE',  ( -0.7470000000000000000, 1.150000000000000100, -0.3074999999999999400 ) ) ;
#1413 = FACE_OUTER_BOUND ( 'NONE', #6497, .T. ) ;
#1414 = DIRECTION ( 'NONE',  ( -0.2079116908177569600, 0.0000000000000000000, -0.9781476007338061300 ) ) ;
#1415 = EDGE_LOOP ( 'NONE', ( #7117, #506 ) ) ;
#1416 = FACE_OUTER_BOUND ( 'NONE', #4618, .T. ) ;
#1417 = CARTESIAN_POINT ( 'NONE',  ( -0.9045000000000001900, 1.150000000000000100, -0.2374999999999999100 ) ) ;
#1418 = EDGE_CURVE ( 'NONE', #2466, #311, #766, .T. ) ;
#1419 = VERTEX_POINT ( 'NONE', #4248 ) ;
#1420 =( GEOMETRIC_REPRESENTATION_CONTEXT ( 3 ) GLOBAL_UNCERTAINTY_ASSIGNED_CONTEXT ( ( #5946 ) ) GLOBAL_UNIT_ASSIGNED_CONTEXT ( ( #2178, #5634, #1893 ) ) REPRESENTATION_CONTEXT ( 'NONE', 'WORKASPACE' ) );
#1421 = ORIENTED_EDGE ( 'NONE', *, *, #5840, .F. ) ;
#1422 = CARTESIAN_POINT ( 'NONE',  ( -0.6187541509432500400, 0.7907215304527252000, 1.496974412104149700 ) ) ;
#1423 = EDGE_CURVE ( 'NONE', #6228, #3762, #648, .T. ) ;
#1424 = DIRECTION ( 'NONE',  ( -0.2079116908177528200, -1.143494478793304100E-015, -0.9781476007338069100 ) ) ;
#1425 = CYLINDRICAL_SURFACE ( 'NONE', #9364, 0.02250000000000005800 ) ;
#1426 = STYLED_ITEM ( 'NONE', ( #3342 ), #5355 ) ;
#1427 = ORIENTED_EDGE ( 'NONE', *, *, #4310, .F. ) ;
#1428 = DIRECTION ( 'NONE',  ( 0.0000000000000000000, -0.0000000000000000000, -1.000000000000000000 ) ) ;
#1429 = LINE ( 'NONE', #1239, #2698 ) ;
#1430 = APPLICATION_CONTEXT ( 'automotive_design' ) ;
#1431 = CARTESIAN_POINT ( 'NONE',  ( 0.9879841896435035400, 0.02500000000000050400, 1.437978226564350400 ) ) ;
#1432 = LINE ( 'NONE', #1242, #1089 ) ;
#1433 = CARTESIAN_POINT ( 'NONE',  ( -1.417396256957005100, 0.4091960351454423900, 1.305650330571214400 ) ) ;
#1434 = FACE_OUTER_BOUND ( 'NONE', #8180, .T. ) ;
#1435 = CLOSED_SHELL ( 'NONE', ( #4476, #7343, #2094, #2292, #6175, #135, #1628, #7051, #772, #3427, #3512, #4427, #6396, #6768, #2657, #4115, #5569, #8141, #2865, #3239, #9491, #3624, #6769, #7918 ) ) ;
#1436 = EDGE_LOOP ( 'NONE', ( #3307, #4746, #4855, #6983 ) ) ;
#1437 = ORIENTED_EDGE ( 'NONE', *, *, #7681, .F. ) ;
#1438 = CARTESIAN_POINT ( 'NONE',  ( 1.493668581790105200, 0.4130301413711776100, -1.161065072950931300 ) ) ;
#1439 = DIRECTION ( 'NONE',  ( 0.0000000000000000000, 1.000000000000000000, 0.0000000000000000000 ) ) ;
#1440 = ORIENTED_EDGE ( 'NONE', *, *, #2773, .T. ) ;
#1441 = VERTEX_POINT ( 'NONE', #2084 ) ;
#1442 = CARTESIAN_POINT ( 'NONE',  ( -0.5370000000000001400, 1.150000000000000100, 6.576353311421284500E-017 ) ) ;
#1443 = CARTESIAN_POINT ( 'NONE',  ( -0.5390000000000001500, 1.200000000000000200, -0.1574999999999999700 ) ) ;
#1444 = CIRCLE ( 'NONE', #6501, 0.02000000000000005200 ) ;
#1445 = CARTESIAN_POINT ( 'NONE',  ( 1.495433894711784200, 0.7859972752264285900, -1.134433014110233900 ) ) ;
#1446 = FACE_OUTER_BOUND ( 'NONE', #1950, .T. ) ;
#1447 = ADVANCED_FACE ( 'NONE', ( #9432 ), #4719, .F. ) ;
#1448 = FACE_OUTER_BOUND ( 'NONE', #8867, .T. ) ;
#1449 = CARTESIAN_POINT ( 'NONE',  ( -1.500000000000000000, 0.3999999999999998600, 1.152076427983975700 ) ) ;
#1450 = CARTESIAN_POINT ( 'NONE',  ( -1.015268984772967000, 0.5563594545152416000, 1.372013982108337500 ) ) ;
#1451 = VERTEX_POINT ( 'NONE', #2007 ) ;
#1452 = CARTESIAN_POINT ( 'NONE',  ( -1.488130860028038700, 0.7877605464042857200, 1.193636173732107700 ) ) ;
#1453 = ORIENTED_EDGE ( 'NONE', *, *, #8730, .F. ) ;
#1454 = CARTESIAN_POINT ( 'NONE',  ( -0.7995000000000002100, 1.200000000000000200, -0.2275000000000000100 ) ) ;
#1455 = EDGE_CURVE ( 'NONE', #9469, #5523, #178, .T. ) ;
#1456 = SPHERICAL_SURFACE ( 'NONE', #2458, 0.02000000000000000000 ) ;
#1457 = ORIENTED_EDGE ( 'NONE', *, *, #4787, .F. ) ;
#1458 = EDGE_CURVE ( 'NONE', #287, #7800, #2616, .T. ) ;
#1459 = ORIENTED_EDGE ( 'NONE', *, *, #3560, .T. ) ;
#1460 = CARTESIAN_POINT ( 'NONE',  ( -0.8097783310986206300, 0.7907215304527263100, 1.456370969174490600 ) ) ;
#1461 = DIRECTION ( 'NONE',  ( 0.0000000000000000000, -0.0000000000000000000, -1.000000000000000000 ) ) ;
#1462 = CYLINDRICAL_SURFACE ( 'NONE', #4350, 0.02250000000000005800 ) ;
#1463 = ORIENTED_EDGE ( 'NONE', *, *, #8415, .F. ) ;
#1464 = CARTESIAN_POINT ( 'NONE',  ( 0.6000000000000004200, 0.3999999999999997400, 1.499999999999999800 ) ) ;
#1465 = ORIENTED_EDGE ( 'NONE', *, *, #3139, .T. ) ;
#1466 = DIRECTION ( 'NONE',  ( 0.0000000000000000000, 1.000000000000000000, 0.0000000000000000000 ) ) ;
#1467 = FILL_AREA_STYLE ('',( #4453 ) ) ;
#1468 =( BOUNDED_SURFACE ( )  B_SPLINE_SURFACE ( 3, 2, ( 
 ( #1096, #2549, #4806 ),
 ( #8574, #7711, #1857 ),
 ( #6229, #3317, #1892 ),
 ( #3285, #4908, #6275 ) ),
 .UNSPECIFIED., .F., .F., .F. ) 
 B_SPLINE_SURFACE_WITH_KNOTS ( ( 4, 4 ),
 ( 3, 3 ),
 ( 0.001465203131182222200, 0.002213493823733913500 ),
 ( 0.0000000000000000000, 1.000000000000000000 ),
 .UNSPECIFIED. ) 
 GEOMETRIC_REPRESENTATION_ITEM ( )  RATIONAL_B_SPLINE_SURFACE ( (
 ( 1.000000000000000000, 0.9477934207055273000, 1.000000000000000000),
 ( 1.000000000000000000, 0.9477934207055273000, 1.000000000000000000),
 ( 1.000000000000000000, 0.9477957630486550900, 1.000000000000000000),
 ( 1.000000000000000000, 0.9477957630486550900, 1.000000000000000000) ) ) 
 REPRESENTATION_ITEM ( '' )  SURFACE ( )  );
#1469 = CARTESIAN_POINT ( 'NONE',  ( 0.5953577462759779300, 0.4080762362277928200, -1.498294351006480300 ) ) ;
#1470 = ORIENTED_EDGE ( 'NONE', *, *, #3181, .T. ) ;
#1471 = AXIS2_PLACEMENT_3D ( 'NONE', #6869, #1626, #6130 ) ;
#1472 = ORIENTED_EDGE ( 'NONE', *, *, #783, .F. ) ;
#1473 = CARTESIAN_POINT ( 'NONE',  ( -0.6945000000000002300, 1.086360389693210800, 0.2275000000000000100 ) ) ;
#1474 = EDGE_CURVE ( 'NONE', #4628, #1809, #7837, .T. ) ;
#1475 = DIRECTION ( 'NONE',  ( 0.0000000000000000000, 1.000000000000000000, -0.0000000000000000000 ) ) ;
#1476 = VECTOR ( 'NONE', #235, 1000.000000000000000 ) ;
#1477 = UNCERTAINTY_MEASURE_WITH_UNIT (LENGTH_MEASURE( 1.000000000000000100E-005 ), #8370, 'distance_accuracy_value', 'NONE');
#1478 = CARTESIAN_POINT ( 'NONE',  ( 1.137721964272999900, 0.6000000000000000900, -1.319029281518050700 ) ) ;
#1479 = CIRCLE ( 'NONE', #4914, 0.02250000000000005800 ) ;
#1480 = ORIENTED_EDGE ( 'NONE', *, *, #5344, .F. ) ;
#1481 = ORIENTED_EDGE ( 'NONE', *, *, #2574, .T. ) ;
#1482 = DIRECTION ( 'NONE',  ( 0.0000000000000000000, 1.000000000000000000, -0.0000000000000000000 ) ) ;
#1483 = CARTESIAN_POINT ( 'NONE',  ( -1.495438813009949200, 0.7860123598972056400, 0.3768331742528722700 ) ) ;
#1484 = CARTESIAN_POINT ( 'NONE',  ( 1.092748934521068800, 0.02500000000000052900, 1.415709792608938800 ) ) ;
#1485 = FACE_OUTER_BOUND ( 'NONE', #8951, .T. ) ;
#1486 = DIRECTION ( 'NONE',  ( 0.9781476007338070200, -2.121019507454156500E-016, 0.2079116908177527400 ) ) ;
#1487 = ORIENTED_EDGE ( 'NONE', *, *, #2863, .T. ) ;
#1488 = CARTESIAN_POINT ( 'NONE',  ( -1.185101324286974800, 0.7907215304527239800, 1.376593604226675100 ) ) ;
#1489 = DIRECTION ( 'NONE',  ( 0.9781476007338069100, 0.0000000000000000000, -0.2079116908177527600 ) ) ;
#1490 = FACE_OUTER_BOUND ( 'NONE', #5062, .T. ) ;
#1491 = DIRECTION ( 'NONE',  ( 0.0000000000000000000, 0.0000000000000000000, 1.000000000000000000 ) ) ;
#1492 =( LENGTH_UNIT ( ) NAMED_UNIT ( * ) SI_UNIT ( .MILLI., .METRE. ) );
#1493 = DIRECTION ( 'NONE',  ( -1.000000000000000000, 0.0000000000000000000, 0.0000000000000000000 ) ) ;
#1494 = AXIS2_PLACEMENT_3D ( 'NONE', #8543, #7749, #8464 ) ;
#1495 = EDGE_LOOP ( 'NONE', ( #8878, #2262, #4931, #4821 ) ) ;
#1496 = CARTESIAN_POINT ( 'NONE',  ( 1.035219848569049600, 0.5134737001386859800, 1.433930568522554300 ) ) ;
#1497 = ADVANCED_FACE ( 'NONE', ( #6800 ), #6537, .T. ) ;
#1498 = ADVANCED_FACE ( 'NONE', ( #1787 ), #8003, .T. ) ;
#1499 = CARTESIAN_POINT ( 'NONE',  ( -0.4370000000000001100, 1.150000000000000100, 0.02250000000000009600 ) ) ;
#1500 = AXIS2_PLACEMENT_3D ( 'NONE', #4345, #3557, #8688 ) ;
#1501 = VECTOR ( 'NONE', #1386, 1000.000000000000000 ) ;
#1502 = SURFACE_STYLE_USAGE ( .BOTH. , #6839 ) ;
#1503 = CYLINDRICAL_SURFACE ( 'NONE', #504, 0.02250000000000005800 ) ;
#1504 = DIRECTION ( 'NONE',  ( 0.0000000000000000000, 1.000000000000000000, 0.0000000000000000000 ) ) ;
#1505 = CARTESIAN_POINT ( 'NONE',  ( 0.5997232021850392700, 0.4080762362277940400, 1.497366444708327900 ) ) ;
#1506 = CARTESIAN_POINT ( 'NONE',  ( -1.254789758563504800, 0.6000000000000000900, 1.294145753681369600 ) ) ;
#1507 = CARTESIAN_POINT ( 'NONE',  ( 1.095110411898136700, 0.2192207007240576400, 1.435654656994507900 ) ) ;
#1508 = DIRECTION ( 'NONE',  ( 0.0000000000000000000, 1.000000000000000000, 0.0000000000000000000 ) ) ;
#1509 = CARTESIAN_POINT ( 'NONE',  ( -1.434782608695653000, 0.6000000000000000900, 1.130499522689006700 ) ) ;
#1510 = CARTESIAN_POINT ( 'NONE',  ( -0.9570000000000001800, 1.150000000000000100, -0.02249999999999993700 ) ) ;
#1511 = LINE ( 'NONE', #7974, #9138 ) ;
#1512 = ORIENTED_EDGE ( 'NONE', *, *, #7528, .T. ) ;
#1513 = CARTESIAN_POINT ( 'NONE',  ( -0.8520000000000000900, 1.150000000000000100, -0.08249999999999986500 ) ) ;
#1514 = DIRECTION ( 'NONE',  ( 0.0000000000000000000, 0.0000000000000000000, 1.000000000000000000 ) ) ;
#1515 = LINE ( 'NONE', #9306, #8352 ) ;
#1516 = DIRECTION ( 'NONE',  ( 0.0000000000000000000, 1.000000000000000000, 0.0000000000000000000 ) ) ;
#1517 = AXIS2_PLACEMENT_3D ( 'NONE', #4174, #4342, #9522 ) ;
#1518 = CARTESIAN_POINT ( 'NONE',  ( -1.500000000000000000, 0.8000000000000001600, -1.312950225730386000 ) ) ;
#1519 = VECTOR ( 'NONE', #4706, 1000.000000000000000 ) ;
#1520 = EDGE_CURVE ( 'NONE', #6034, #896, #8728, .T. ) ;
#1521 = EDGE_CURVE ( 'NONE', #4848, #2520, #854, .T. ) ;
#1522 = EDGE_LOOP ( 'NONE', ( #7509, #420, #5917, #4376 ) ) ;
#1523 = FACE_OUTER_BOUND ( 'NONE', #7277, .T. ) ;
#1524 = CARTESIAN_POINT ( 'NONE',  ( 0.5996830415998089000, 0.4139876401014501200, 1.495438813010396600 ) ) ;
#1525 = DIRECTION ( 'NONE',  ( 0.0000000000000000000, 1.000000000000000000, 0.0000000000000000000 ) ) ;
#1526 = DIRECTION ( 'NONE',  ( 0.0000000000000000000, 0.0000000000000000000, 1.000000000000000000 ) ) ;
#1527 = VERTEX_POINT ( 'NONE', #1454 ) ;
#1528 = CARTESIAN_POINT ( 'NONE',  ( -1.279941855525978100, 1.200000000000000200, -1.134750653960801900 ) ) ;
#1529 = ORIENTED_EDGE ( 'NONE', *, *, #229, .F. ) ;
#1530 = CARTESIAN_POINT ( 'NONE',  ( -1.495438813010256100, 0.7860123598981152400, 1.131797363983043900 ) ) ;
#1531 = DIRECTION ( 'NONE',  ( 0.0000000000000000000, 0.0000000000000000000, -1.000000000000000000 ) ) ;
#1532 = AXIS2_PLACEMENT_3D ( 'NONE', #5206, #4497, #5172 ) ;
#1533 = LINE ( 'NONE', #8933, #4688 ) ;
#1534 = EDGE_LOOP ( 'NONE', ( #5377, #7149 ) ) ;
#1535 = ORIENTED_EDGE ( 'NONE', *, *, #7439, .T. ) ;
#1536 = ADVANCED_FACE ( 'NONE', ( #4707 ), #4230, .F. ) ;
#1537 = ADVANCED_FACE ( 'NONE', ( #4478 ), #6695, .T. ) ;
#1538 = EDGE_LOOP ( 'NONE', ( #528, #2488, #8300, #4992 ) ) ;
#1539 = FILL_AREA_STYLE ('',( #8181 ) ) ;
#1540 = CARTESIAN_POINT ( 'NONE',  ( 1.058856771980079400, 0.5111834961706944700, 1.428620534405399700 ) ) ;
#1541 = EDGE_CURVE ( 'NONE', #4579, #5460, #8159, .T. ) ;
#1542 = AXIS2_PLACEMENT_3D ( 'NONE', #8910, #4498, #7468 ) ;
#1543 = VERTEX_POINT ( 'NONE', #7328 ) ;
#1544 = VERTEX_POINT ( 'NONE', #5197 ) ;
#1545 = ORIENTED_EDGE ( 'NONE', *, *, #1557, .F. ) ;
#1546 = PLANE ( 'NONE',  #5533 ) ;
#1547 = CARTESIAN_POINT ( 'NONE',  ( -1.007000000000000100, 1.200000000000000200, -0.1349999999999998700 ) ) ;
#1548 = AXIS2_PLACEMENT_3D ( 'NONE', #1394, #2889, #7316 ) ;
#1549 = FACE_BOUND ( 'NONE', #8091, .T. ) ;
#1550 = AXIS2_PLACEMENT_3D ( 'NONE', #1238, #6547, #3466 ) ;
#1551 = LINE ( 'NONE', #3521, #7692 ) ;
#1552 = LINE ( 'NONE', #9549, #5292 ) ;
#1553 = DIRECTION ( 'NONE',  ( 0.0000000000000000000, 0.0000000000000000000, -1.000000000000000000 ) ) ;
#1554 = CYLINDRICAL_SURFACE ( 'NONE', #2431, 0.02250000000000005500 ) ;
#1555 = ORIENTED_EDGE ( 'NONE', *, *, #2897, .F. ) ;
#1556 = ORIENTED_EDGE ( 'NONE', *, *, #2313, .F. ) ;
#1557 = EDGE_CURVE ( 'NONE', #8032, #7363, #2271, .T. ) ;
#1558 = CARTESIAN_POINT ( 'NONE',  ( -0.6420000000000002400, 1.086360389693210800, -0.08250000000000001800 ) ) ;
#1559 = FACE_OUTER_BOUND ( 'NONE', #6097, .T. ) ;
#1560 = CARTESIAN_POINT ( 'NONE',  ( 1.500000000000000400, 0.8000000000000001600, 1.134750653960801700 ) ) ;
#1561 = ORIENTED_EDGE ( 'NONE', *, *, #9134, .T. ) ;
#1562 = CARTESIAN_POINT ( 'NONE',  ( -1.325694516421789300, 0.8000000000000001600, 1.349999999999999600 ) ) ;
#1563 = VECTOR ( 'NONE', #9063, 1000.000000000000000 ) ;
#1564 = AXIS2_PLACEMENT_3D ( 'NONE', #6991, #5611, #346 ) ;
#1565 = ORIENTED_EDGE ( 'NONE', *, *, #3126, .T. ) ;
#1566 = DIRECTION ( 'NONE',  ( -0.0000000000000000000, 1.000000000000000000, -0.0000000000000000000 ) ) ;
#1567 = EDGE_LOOP ( 'NONE', ( #1915, #7687, #1925, #8639, #7763, #1780 ) ) ;
#1568 = CARTESIAN_POINT ( 'NONE',  ( 0.6530611828246064600, 0.6000000000000000900, -1.422047110799025100 ) ) ;
#1569 = ORIENTED_EDGE ( 'NONE', *, *, #1084, .T. ) ;
#1570 = CARTESIAN_POINT ( 'NONE',  ( -1.230197732008287100, 0.7911813042015746200, -1.367557616138544500 ) ) ;
#1571 = CARTESIAN_POINT ( 'NONE',  ( -1.500000000000002000, 0.4000000000000000200, -0.5603006523856102200 ) ) ;
#1572 = VERTEX_POINT ( 'NONE', #4349 ) ;
#1573 = DIRECTION ( 'NONE',  ( 0.0000000000000000000, -1.000000000000000000, 0.0000000000000000000 ) ) ;
#1574 = CARTESIAN_POINT ( 'NONE',  ( -0.7470000000000000000, 1.200000000000000200, -0.2849999999999998600 ) ) ;
#1575 = CARTESIAN_POINT ( 'NONE',  ( -1.495408054074568900, 0.4138289481893054900, 1.136666236452471800 ) ) ;
#1576 = ORIENTED_EDGE ( 'NONE', *, *, #8039, .T. ) ;
#1577 = DIRECTION ( 'NONE',  ( 0.0000000000000000000, 1.000000000000000000, 0.0000000000000000000 ) ) ;
#1578 = VERTEX_POINT ( 'NONE', #3070 ) ;
#1579 = CLOSED_SHELL ( 'NONE', ( #1537, #8233, #1832, #9420 ) ) ;
#1580 = ORIENTED_EDGE ( 'NONE', *, *, #716, .T. ) ;
#1581 = AXIS2_PLACEMENT_3D ( 'NONE', #1152, #6260, #6359 ) ;
#1582 = UNCERTAINTY_MEASURE_WITH_UNIT (LENGTH_MEASURE( 1.000000000000000100E-005 ), #7893, 'distance_accuracy_value', 'NONE');
#1583 = EDGE_CURVE ( 'NONE', #4141, #5684, #9419, .T. ) ;
#1584 = EDGE_CURVE ( 'NONE', #8977, #9397, #2033, .T. ) ;
#1585 = LINE ( 'NONE', #3917, #8649 ) ;
#1586 = CARTESIAN_POINT ( 'NONE',  ( -1.041585265297793500, 0.5134737001387599300, 1.432577557428841700 ) ) ;
#1587 = ORIENTED_EDGE ( 'NONE', *, *, #1455, .F. ) ;
#1588 = CARTESIAN_POINT ( 'NONE',  ( -0.5390000000000001500, 1.150000000000000100, 0.1575000000000000300 ) ) ;
#1589 = VECTOR ( 'NONE', #3808, 1000.000000000000000 ) ;
#1590 = ORIENTED_EDGE ( 'NONE', *, *, #7454, .F. ) ;
#1591 = CARTESIAN_POINT ( 'NONE',  ( -0.4370000000000001100, 1.200000000000000200, 4.127059713126576100E-017 ) ) ;
#1592 = ORIENTED_EDGE ( 'NONE', *, *, #2577, .F. ) ;
#1593 = DIRECTION ( 'NONE',  ( 0.0000000000000000000, 0.0000000000000000000, 1.000000000000000000 ) ) ;
#1594 = DIRECTION ( 'NONE',  ( 0.0000000000000000000, 1.000000000000000000, 0.0000000000000000000 ) ) ;
#1595 = ADVANCED_FACE ( 'NONE', ( #5294 ), #1554, .F. ) ;
#1596 = ADVANCED_FACE ( 'NONE', ( #7489 ), #3700, .T. ) ;
#1597 = LINE ( 'NONE', #8767, #5463 ) ;
#1598 = AXIS2_PLACEMENT_3D ( 'NONE', #678, #643, #2108 ) ;
#1599 =( NAMED_UNIT ( * ) SI_UNIT ( $, .STERADIAN. ) SOLID_ANGLE_UNIT ( ) );
#1600 = VERTEX_POINT ( 'NONE', #2340 ) ;
#1601 = PRESENTATION_LAYER_ASSIGNMENT (  '', '', ( #7762 ) ) ;
#1602 = ORIENTED_EDGE ( 'NONE', *, *, #8152, .T. ) ;
#1603 = CARTESIAN_POINT ( 'NONE',  ( -0.5996830415998065700, 0.4139876401014487300, -1.495438813010396800 ) ) ;
#1604 = CARTESIAN_POINT ( 'NONE',  ( -1.057000000000000200, 1.150000000000000100, -0.02249999999999992600 ) ) ;
#1605 = EDGE_LOOP ( 'NONE', ( #279, #1218 ) ) ;
#1606 = DIRECTION ( 'NONE',  ( 7.295530811232854000E-016, 1.000000000000000000, -2.007058065463964400E-016 ) ) ;
#1607 = B_SPLINE_CURVE_WITH_KNOTS ( 'NONE', 3,
 ( #1953, #6390, #7242, #5775, #5685, #1293, #3431 ),
 .UNSPECIFIED., .F., .F.,
 ( 4, 3, 4 ),
 ( 0.0000000000000000000, 0.0003636232548616796500, 0.0007422361208117369800 ),
 .UNSPECIFIED. ) ;
#1608 = CYLINDRICAL_SURFACE ( 'NONE', #5719, 0.02000000000000003200 ) ;
#1609 = CARTESIAN_POINT ( 'NONE',  ( -0.4870000000000002100, 1.150000000000000100, -0.1574999999999999700 ) ) ;
#1610 = CARTESIAN_POINT ( 'NONE',  ( -1.434782608695652600, 0.6000000000000000900, 1.151328281294502300 ) ) ;
#1611 = VERTEX_POINT ( 'NONE', #9203 ) ;
#1612 = CARTESIAN_POINT ( 'NONE',  ( -1.500000000000000000, 0.3999999999999997400, 1.130499522727402200 ) ) ;
#1613 = DIRECTION ( 'NONE',  ( -0.2111546599555689000, 0.0000000000000000000, -0.9774526636001601400 ) ) ;
#1614 = ORIENTED_EDGE ( 'NONE', *, *, #2313, .T. ) ;
#1615 = DIRECTION ( 'NONE',  ( 0.0000000000000000000, 0.0000000000000000000, 1.000000000000000000 ) ) ;
#1616 = DIRECTION ( 'NONE',  ( -0.9781476007338061300, 0.0000000000000000000, 0.2079116908177575400 ) ) ;
#1617 = CARTESIAN_POINT ( 'NONE',  ( -1.081916519117577000, 0.4970924135055827000, 1.422073771516353800 ) ) ;
#1618 = CARTESIAN_POINT ( 'NONE',  ( -0.9816777060382549900, 0.4529234108412327200, 1.439318711035696400 ) ) ;
#1619 = CARTESIAN_POINT ( 'NONE',  ( -1.094897184309959300, 0.4599999999999999100, 1.394806356122903400 ) ) ;
#1620 = AXIS2_PLACEMENT_3D ( 'NONE', #2230, #8834, #7420 ) ;
#1621 = PLANE ( 'NONE',  #2064 ) ;
#1622 = DIRECTION ( 'NONE',  ( 0.0000000000000000000, -0.0000000000000000000, 1.000000000000000000 ) ) ;
#1623 =( NAMED_UNIT ( * ) SI_UNIT ( $, .STERADIAN. ) SOLID_ANGLE_UNIT ( ) );
#1624 = PLANE ( 'NONE',  #7604 ) ;
#1625 = EDGE_CURVE ( 'NONE', #879, #4195, #5887, .T. ) ;
#1626 = DIRECTION ( 'NONE',  ( 0.0000000000000000000, -1.000000000000000000, 0.0000000000000000000 ) ) ;
#1627 = CARTESIAN_POINT ( 'NONE',  ( -0.9587734018065119400, 0.3980000000000007400, -1.424407103159570000 ) ) ;
#1628 = ADVANCED_FACE ( 'NONE', ( #1215 ), #512, .F. ) ;
#1629 =( LENGTH_UNIT ( ) NAMED_UNIT ( * ) SI_UNIT ( .MILLI., .METRE. ) );
#1630 = CARTESIAN_POINT ( 'NONE',  ( 0.6183680235135643500, 0.7875852410257105900, 1.495951709030122900 ) ) ;
#1631 = CARTESIAN_POINT ( 'NONE',  ( -0.9045000000000001900, 1.150000000000000100, 0.2600000000000001800 ) ) ;
#1632 = CARTESIAN_POINT ( 'NONE',  ( 1.325694516421789500, 0.8000000000000001600, 1.349999999999999900 ) ) ;
#1633 = FACE_OUTER_BOUND ( 'NONE', #8314, .T. ) ;
#1634 = CARTESIAN_POINT ( 'NONE',  ( 1.325739219909162400, 0.4080804732954069800, 1.343044699431505500 ) ) ;
#1635 = ORIENTED_EDGE ( 'NONE', *, *, #280, .F. ) ;
#1636 = DIRECTION ( 'NONE',  ( 0.0000000000000000000, 0.0000000000000000000, 1.000000000000000000 ) ) ;
#1637 = FACE_OUTER_BOUND ( 'NONE', #3310, .T. ) ;
#1638 = ORIENTED_EDGE ( 'NONE', *, *, #366, .F. ) ;
#1639 = CARTESIAN_POINT ( 'NONE',  ( -0.9803814053313175700, 0.4544881034611025800, 1.433220095698899400 ) ) ;
#1640 = AXIS2_PLACEMENT_3D ( 'NONE', #4903, #5663, #4226 ) ;
#1641 = VECTOR ( 'NONE', #7061, 1000.000000000000000 ) ;
#1642 = DIRECTION ( 'NONE',  ( 0.0000000000000000000, 1.000000000000000000, -0.0000000000000000000 ) ) ;
#1643 = CARTESIAN_POINT ( 'NONE',  ( -0.5390000000000001500, 1.150000000000000100, 0.1349999999999999800 ) ) ;
#1644 = FACE_OUTER_BOUND ( 'NONE', #1495, .T. ) ;
#1645 = EDGE_CURVE ( 'NONE', #295, #328, #753, .T. ) ;
#1646 = ORIENTED_EDGE ( 'NONE', *, *, #2605, .T. ) ;
#1647 = DIRECTION ( 'NONE',  ( 0.0000000000000000000, 0.0000000000000000000, 1.000000000000000000 ) ) ;
#1648 = EDGE_LOOP ( 'NONE', ( #9233, #182 ) ) ;
#1649 = VECTOR ( 'NONE', #4517, 1000.000000000000000 ) ;
#1650 = ORIENTED_EDGE ( 'NONE', *, *, #6023, .T. ) ;
#1651 = CYLINDRICAL_SURFACE ( 'NONE', #8797, 0.02249999999999995100 ) ;
#1652 = ORIENTED_EDGE ( 'NONE', *, *, #6149, .F. ) ;
#1653 = ORIENTED_EDGE ( 'NONE', *, *, #3702, .F. ) ;
#1654 = ORIENTED_EDGE ( 'NONE', *, *, #2221, .T. ) ;
#1655 = CIRCLE ( 'NONE', #6049, 0.02000000000000009400 ) ;
#1656 = CARTESIAN_POINT ( 'NONE',  ( -1.092748934521068800, 0.02500000000000051500, 1.415709792608938400 ) ) ;
#1657 = CARTESIAN_POINT ( 'NONE',  ( 1.331887829512825100, 0.6000000000000000900, 1.277758052808991600 ) ) ;
#1658 = B_SPLINE_CURVE_WITH_KNOTS ( 'NONE', 3,
 ( #261, #1143, #7815, #7050, #4178, #8555, #7171 ),
 .UNSPECIFIED., .F., .F.,
 ( 4, 3, 4 ),
 ( 2.038365322632224700E-005, 3.001470501143859700E-005, 4.122268399508578300E-005 ),
 .UNSPECIFIED. ) ;
#1659 = DIRECTION ( 'NONE',  ( 0.0000000000000000000, -1.000000000000000000, 0.0000000000000000000 ) ) ;
#1660 = AXIS2_PLACEMENT_3D ( 'NONE', #6752, #8889, #2070 ) ;
#1661 = AXIS2_PLACEMENT_3D ( 'NONE', #1591, #3788, #3845 ) ;
#1662 = CARTESIAN_POINT ( 'NONE',  ( -1.347444579893740900, 0.4000000000000000200, -1.341125750058897100 ) ) ;
#1663 = CARTESIAN_POINT ( 'NONE',  ( -0.9550000000000000700, 1.200000000000000200, 0.1575000000000000800 ) ) ;
#1664 = DIRECTION ( 'NONE',  ( 0.0000000000000000000, -0.0000000000000000000, -1.000000000000000000 ) ) ;
#1665 = CARTESIAN_POINT ( 'NONE',  ( -0.8520000000000000900, 1.086360389693210800, -0.1049999999999999300 ) ) ;
#1666 = ORIENTED_EDGE ( 'NONE', *, *, #8980, .T. ) ;
#1667 = DIRECTION ( 'NONE',  ( 0.0000000000000000000, 1.000000000000000000, 0.0000000000000000000 ) ) ;
#1668 = ORIENTED_EDGE ( 'NONE', *, *, #7504, .T. ) ;
#1669 = CARTESIAN_POINT ( 'NONE',  ( -0.4870000000000002100, 1.150000000000000100, -0.1800000000000000500 ) ) ;
#1670 = FACE_OUTER_BOUND ( 'NONE', #5316, .T. ) ;
#1671 = VERTEX_POINT ( 'NONE', #8322 ) ;
#1672 = CARTESIAN_POINT ( 'NONE',  ( -0.4870000000000001500, 1.200000000000000200, 0.1575000000000000300 ) ) ;
#1673 = FACE_OUTER_BOUND ( 'NONE', #8986, .T. ) ;
#1674 = STYLED_ITEM ( 'NONE', ( #4155 ), #3131 ) ;
#1675 = ORIENTED_EDGE ( 'NONE', *, *, #1521, .F. ) ;
#1676 = CARTESIAN_POINT ( 'NONE',  ( 1.495438813010396800, 0.4139876401014520000, 1.130499522635703100 ) ) ;
#1677 = VERTEX_POINT ( 'NONE', #8659 ) ;
#1678 = AXIS2_PLACEMENT_3D ( 'NONE', #7631, #3844, #3921 ) ;
#1679 = ORIENTED_EDGE ( 'NONE', *, *, #1213, .T. ) ;
#1680 = CARTESIAN_POINT ( 'NONE',  ( -0.5996557025154872800, 0.4100457000281909600, 1.496724228251676800 ) ) ;
#1681 = CARTESIAN_POINT ( 'NONE',  ( 1.495438813018630500, 0.7860123599238010300, -0.9398782611060281200 ) ) ;
#1682 = LINE ( 'NONE', #9286, #415 ) ;
#1683 = EDGE_LOOP ( 'NONE', ( #2726, #1221, #5057, #7927 ) ) ;
#1684 = ADVANCED_FACE ( 'NONE', ( #8625 ), #7910, .T. ) ;
#1685 = DIRECTION ( 'NONE',  ( 0.0000000000000000000, 1.000000000000000000, -0.0000000000000000000 ) ) ;
#1686 = ORIENTED_EDGE ( 'NONE', *, *, #8947, .F. ) ;
#1687 = EDGE_CURVE ( 'NONE', #1696, #517, #6214, .T. ) ;
#1688 = CIRCLE ( 'NONE', #5035, 0.02249999999999995100 ) ;
#1689 = ORIENTED_EDGE ( 'NONE', *, *, #5965, .T. ) ;
#1690 = ORIENTED_EDGE ( 'NONE', *, *, #2683, .T. ) ;
#1691 = CARTESIAN_POINT ( 'NONE',  ( 0.6788078763684823900, 0.8000000000000000400, -1.487499999999999800 ) ) ;
#1692 = FACE_OUTER_BOUND ( 'NONE', #5939, .T. ) ;
#1693 = CARTESIAN_POINT ( 'NONE',  ( 1.500652173913044500, 0.3980000000000000200, 0.9386285311189909200 ) ) ;
#1694 = ORIENTED_EDGE ( 'NONE', *, *, #3950, .F. ) ;
#1695 = CIRCLE ( 'NONE', #8176, 0.2200581444740221400 ) ;
#1696 = VERTEX_POINT ( 'NONE', #2128 ) ;
#1697 = MANIFOLD_SOLID_BREP ( 'Boss-Extrude7[24]', #852 ) ;
#1698 = CARTESIAN_POINT ( 'NONE',  ( 1.083650699927993800, 0.4529234108412403300, 1.438090493968610600 ) ) ;
#1699 = CARTESIAN_POINT ( 'NONE',  ( -0.5390000000000001500, 1.200000000000000200, 0.1800000000000001000 ) ) ;
#1700 = CIRCLE ( 'NONE', #4014, 0.02249999999999995100 ) ;
#1701 = CARTESIAN_POINT ( 'NONE',  ( -0.9550000000000000700, 1.150000000000000100, 0.1350000000000000400 ) ) ;
#1702 = EDGE_CURVE ( 'NONE', #6625, #1527, #5993, .T. ) ;
#1703 = AXIS2_PLACEMENT_3D ( 'NONE', #1054, #3998, #7736 ) ;
#1704 = FACE_OUTER_BOUND ( 'NONE', #379, .T. ) ;
#1705 = ORIENTED_EDGE ( 'NONE', *, *, #2495, .T. ) ;
#1706 = ORIENTED_EDGE ( 'NONE', *, *, #4825, .F. ) ;
#1707 = EDGE_CURVE ( 'NONE', #2400, #8977, #5539, .T. ) ;
#1708 = EDGE_CURVE ( 'NONE', #2859, #7510, #3641, .T. ) ;
#1709 = CARTESIAN_POINT ( 'NONE',  ( -0.6945000000000002300, 1.150000000000000100, -0.2049999999999999300 ) ) ;
#1710 = CARTESIAN_POINT ( 'NONE',  ( -1.493733555321784100, 0.7867612130682979400, -1.164102770147473500 ) ) ;
#1711 = VECTOR ( 'NONE', #4879, 1000.000000000000000 ) ;
#1712 = CARTESIAN_POINT ( 'NONE',  ( -0.8520000000000000900, 1.150000000000000100, 0.1050000000000000800 ) ) ;
#1713 = DIRECTION ( 'NONE',  ( 0.0000000000000000000, 0.0000000000000000000, 1.000000000000000000 ) ) ;
#1714 = EDGE_LOOP ( 'NONE', ( #3197, #4820, #3646, #2925 ) ) ;
#1715 = LINE ( 'NONE', #2045, #2776 ) ;
#1716 = CARTESIAN_POINT ( 'NONE',  ( 0.5931453759609361900, 0.6000000000000000900, -1.434782608695651700 ) ) ;
#1717 = CARTESIAN_POINT ( 'NONE',  ( -0.9775194722219027200, 3.705482896778295400E-016, 1.419755759021033700 ) ) ;
#1718 = AXIS2_PLACEMENT_3D ( 'NONE', #7678, #6969, #4005 ) ;
#1719 = DIRECTION ( 'NONE',  ( 0.0000000000000000000, 0.0000000000000000000, -1.000000000000000000 ) ) ;
#1720 = CARTESIAN_POINT ( 'NONE',  ( -0.9768152059493734300, 0.4599999999999999100, 1.419905455438422700 ) ) ;
#1721 = VERTEX_POINT ( 'NONE', #4368 ) ;
#1722 = CARTESIAN_POINT ( 'NONE',  ( 1.434782608695244200, 0.5999999999988149300, -0.3768331743851584000 ) ) ;
#1723 = CARTESIAN_POINT ( 'NONE',  ( 0.6604745430351495200, 0.3999999999999999700, 1.487145739063883400 ) ) ;
#1724 = B_SPLINE_CURVE_WITH_KNOTS ( 'NONE', 3,
 ( #302, #9118, #5490, #9055, #216, #1021, #9146 ),
 .UNSPECIFIED., .F., .F.,
 ( 4, 3, 4 ),
 ( 0.0000000000000000000, 1.507081641556236100E-006, 2.093434867236019300E-005 ),
 .UNSPECIFIED. ) ;
#1725 = LINE ( 'NONE', #6990, #6965 ) ;
#1726 = CARTESIAN_POINT ( 'NONE',  ( -1.365026579450193900, 0.6000000000000005300, -1.263006399655994600 ) ) ;
#1727 = ADVANCED_FACE ( 'NONE', ( #515 ), #2710, .F. ) ;
#1728 = AXIS2_PLACEMENT_3D ( 'NONE', #7944, #6449, #1195 ) ;
#1729 = ADVANCED_FACE ( 'NONE', ( #5771 ), #1328, .F. ) ;
#1730 = CARTESIAN_POINT ( 'NONE',  ( -1.500000000000000000, 0.3999999999999999700, 1.308699094496986500 ) ) ;
#1731 = PLANE ( 'NONE',  #1182 ) ;
#1732 = CIRCLE ( 'NONE', #5455, 0.02249999999999995100 ) ;
#1733 = CARTESIAN_POINT ( 'NONE',  ( -1.325694516421789500, 0.3999999999999999700, 1.345748868766600200 ) ) ;
#1734 = EDGE_CURVE ( 'NONE', #5275, #7577, #3993, .T. ) ;
#1735 = AXIS2_PLACEMENT_3D ( 'NONE', #2535, #5595, #7054 ) ;
#1736 = MECHANICAL_DESIGN_GEOMETRIC_PRESENTATION_REPRESENTATION (  '', ( #8982 ), #2249 ) ;
#1737 = CARTESIAN_POINT ( 'NONE',  ( -0.7995000000000002100, 1.200000000000000200, -0.2049999999999999300 ) ) ;
#1738 = DIRECTION ( 'NONE',  ( 0.0000000000000000000, 0.0000000000000000000, 1.000000000000000000 ) ) ;
#1739 = CARTESIAN_POINT ( 'NONE',  ( 1.094897184309959300, 2.977826321801558500E-016, 1.394806356122903400 ) ) ;
#1740 = CARTESIAN_POINT ( 'NONE',  ( -0.9045000000000001900, 1.150000000000000100, -0.2374999999999999100 ) ) ;
#1741 = CARTESIAN_POINT ( 'NONE',  ( -1.495438812704544600, 0.7860123589606010700, -1.136609168758087900 ) ) ;
#1742 = VECTOR ( 'NONE', #3515, 1000.000000000000000 ) ;
#1743 = CARTESIAN_POINT ( 'NONE',  ( 1.222944041170054500, 0.4074506464143120000, -1.365405000264896800 ) ) ;
#1744 = CIRCLE ( 'NONE', #2732, 0.02250000000000005800 ) ;
#1745 = DIRECTION ( 'NONE',  ( 0.0000000000000000000, 1.000000000000000000, -0.0000000000000000000 ) ) ;
#1746 = DIRECTION ( 'NONE',  ( 0.0000000000000000000, 1.000000000000000000, -0.0000000000000000000 ) ) ;
#1747 = LINE ( 'NONE', #8278, #2453 ) ;
#1748 = UNCERTAINTY_MEASURE_WITH_UNIT (LENGTH_MEASURE( 1.000000000000000100E-005 ), #7920, 'distance_accuracy_value', 'NONE');
#1749 = DIRECTION ( 'NONE',  ( 2.168404344971009100E-016, 0.0000000000000000000, 1.000000000000000000 ) ) ;
#1750 = CARTESIAN_POINT ( 'NONE',  ( 1.495438813010016500, 0.7860123598973866000, 0.3768331742663801300 ) ) ;
#1751 = CARTESIAN_POINT ( 'NONE',  ( 1.494333439331073900, 0.3980000000000001300, -1.199107521604176700 ) ) ;
#1752 = CARTESIAN_POINT ( 'NONE',  ( -1.458331048916787300, 0.3999999999999999700, -1.260198000125340300 ) ) ;
#1753 = CARTESIAN_POINT ( 'NONE',  ( -0.5895000000000000200, 1.150000000000000100, 0.2600000000000001200 ) ) ;
#1754 = MECHANICAL_DESIGN_GEOMETRIC_PRESENTATION_REPRESENTATION (  '', ( #3249 ), #7246 ) ;
#1755 = EDGE_CURVE ( 'NONE', #174, #6269, #2356, .T. ) ;
#1756 = CARTESIAN_POINT ( 'NONE',  ( -1.347444579893740000, 0.3999999999999998000, 1.341125750058898000 ) ) ;
#1757 = ORIENTED_EDGE ( 'NONE', *, *, #7429, .F. ) ;
#1758 = CARTESIAN_POINT ( 'NONE',  ( -0.6420000000000002400, 1.150000000000000100, -0.1049999999999999500 ) ) ;
#1759 = EDGE_CURVE ( 'NONE', #328, #7719, #9186, .T. ) ;
#1760 = UNCERTAINTY_MEASURE_WITH_UNIT (LENGTH_MEASURE( 1.000000000000000100E-005 ), #8485, 'distance_accuracy_value', 'NONE');
#1761 = CARTESIAN_POINT ( 'NONE',  ( 0.5996830415998089000, 0.4139876401014501200, 1.495438813010396600 ) ) ;
#1762 = LINE ( 'NONE', #4093, #3371 ) ;
#1763 = CARTESIAN_POINT ( 'NONE',  ( -1.448689676232802800, 0.3999999999999999700, 1.272574705025127900 ) ) ;
#1764 = ORIENTED_EDGE ( 'NONE', *, *, #3990, .T. ) ;
#1765 = VECTOR ( 'NONE', #6480, 1000.000000000000100 ) ;
#1766 = FACE_OUTER_BOUND ( 'NONE', #5650, .T. ) ;
#1767 = ORIENTED_EDGE ( 'NONE', *, *, #738, .F. ) ;
#1768 = CARTESIAN_POINT ( 'NONE',  ( -0.9045000000000001900, 1.086360389693210800, -0.2599999999999999500 ) ) ;
#1769 = CARTESIAN_POINT ( 'NONE',  ( -1.005398891869288900, 0.2188115784608668200, 1.454723429234030800 ) ) ;
#1770 = AXIS2_PLACEMENT_3D ( 'NONE', #4810, #2525, #353 ) ;
#1771 = CARTESIAN_POINT ( 'NONE',  ( -1.500000000000000400, 0.8000000000000001600, -1.134750653960801900 ) ) ;
#1772 = CARTESIAN_POINT ( 'NONE',  ( 1.490744356328061300, 0.4123234014517959700, 1.179397185891889500 ) ) ;
#1773 = LINE ( 'NONE', #7407, #4464 ) ;
#1774 = EDGE_CURVE ( 'NONE', #9516, #6802, #1102, .T. ) ;
#1775 = ADVANCED_FACE ( 'NONE', ( #8950 ), #5666, .F. ) ;
#1776 = CIRCLE ( 'NONE', #1882, 0.02250000000000005800 ) ;
#1777 = PLANE ( 'NONE',  #6094 ) ;
#1778 = ORIENTED_EDGE ( 'NONE', *, *, #7890, .T. ) ;
#1779 = ORIENTED_EDGE ( 'NONE', *, *, #6758, .T. ) ;
#1780 = ORIENTED_EDGE ( 'NONE', *, *, #4576, .F. ) ;
#1781 = FACE_BOUND ( 'NONE', #7251, .T. ) ;
#1782 = DIRECTION ( 'NONE',  ( 0.0000000000000000000, 0.0000000000000000000, 1.000000000000000000 ) ) ;
#1783 = DIRECTION ( 'NONE',  ( -0.0000000000000000000, 1.000000000000000000, -0.0000000000000000000 ) ) ;
#1784 = CIRCLE ( 'NONE', #6912, 0.02250000000000005800 ) ;
#1785 = DIRECTION ( 'NONE',  ( 0.0000000000000000000, 0.0000000000000000000, -1.000000000000000000 ) ) ;
#1786 = DIRECTION ( 'NONE',  ( 0.0000000000000000000, 0.0000000000000000000, 1.000000000000000000 ) ) ;
#1787 = FACE_OUTER_BOUND ( 'NONE', #5857, .T. ) ;
#1788 = B_SPLINE_CURVE_WITH_KNOTS ( 'NONE', 3,
 ( #933, #5336, #252, #9068, #226, #6166, #1092, #8573, #4805, #7778, #8498, #8540, #9261, #9131, #345, #317, #1889, #5572, #2548 ),
 .UNSPECIFIED., .F., .F.,
 ( 4, 3, 3, 3, 3, 3, 4 ),
 ( 0.0000000000000000000, 8.088755818507548900E-006, 1.906234709869715700E-005, 4.218800355725409700E-005, 9.269055693261559400E-005, 0.0001214558878683530900, 0.0001312317432131398400 ),
 .UNSPECIFIED. ) ;
#1789 = ORIENTED_EDGE ( 'NONE', *, *, #6470, .T. ) ;
#1790 = EDGE_LOOP ( 'NONE', ( #9214, #9423, #1675, #5141, #2959, #5956, #5342 ) ) ;
#1791 = EDGE_CURVE ( 'NONE', #1305, #879, #1907, .T. ) ;
#1792 = AXIS2_PLACEMENT_3D ( 'NONE', #7080, #4786, #2560 ) ;
#1793 = AXIS2_PLACEMENT_3D ( 'NONE', #9457, #1439, #2103 ) ;
#1794 = CARTESIAN_POINT ( 'NONE',  ( -1.027891860633221000, 0.5599999999999998300, 1.368155153542616400 ) ) ;
#1795 = CARTESIAN_POINT ( 'NONE',  ( -1.393031577423037500, 0.8020000000000002700, 1.329645580693882700 ) ) ;
#1796 = CIRCLE ( 'NONE', #5367, 0.02249999999999995100 ) ;
#1797 = DIRECTION ( 'NONE',  ( 0.9781476007338068000, 0.0000000000000000000, -0.2079116908177535400 ) ) ;
#1798 = CARTESIAN_POINT ( 'NONE',  ( -1.371579224137093900, 0.3999999999999998600, 1.332356045324860000 ) ) ;
#1799 = CARTESIAN_POINT ( 'NONE',  ( -0.7470000000000001100, 1.150000000000000100, 0.02250000000000011700 ) ) ;
#1800 = EDGE_LOOP ( 'NONE', ( #4981, #6793, #553, #4462 ) ) ;
#1801 = CARTESIAN_POINT ( 'NONE',  ( 1.500000000000000000, 1.200000000000000200, -1.312950225730386000 ) ) ;
#1802 = ORIENTED_EDGE ( 'NONE', *, *, #1818, .T. ) ;
#1803 = ORIENTED_EDGE ( 'NONE', *, *, #5931, .F. ) ;
#1804 = DIRECTION ( 'NONE',  ( -3.144429408227862800E-014, 1.000000000000000000, -1.258392596362565400E-013 ) ) ;
#1805 = COLOUR_RGB ( '',1.000000000000000000, 1.000000000000000000, 1.000000000000000000 ) ;
#1806 = CARTESIAN_POINT ( 'NONE',  ( -0.9865207896740495500, 0.003604870525118181200, 1.438289281830204700 ) ) ;
#1807 = CARTESIAN_POINT ( 'NONE',  ( -0.5390000000000001500, 1.150000000000000100, -0.1800000000000000500 ) ) ;
#1808 = AXIS2_PLACEMENT_3D ( 'NONE', #3980, #7721, #1044 ) ;
#1809 = VERTEX_POINT ( 'NONE', #23 ) ;
#1810 = LINE ( 'NONE', #7146, #422 ) ;
#1811 = ORIENTED_EDGE ( 'NONE', *, *, #1818, .F. ) ;
#1812 = EDGE_LOOP ( 'NONE', ( #4943, #1020 ) ) ;
#1813 = EDGE_LOOP ( 'NONE', ( #3977, #5540 ) ) ;
#1814 = CARTESIAN_POINT ( 'NONE',  ( -1.007000000000000100, 1.150000000000000100, 0.1575000000000000800 ) ) ;
#1815 = DIRECTION ( 'NONE',  ( 0.0000000000000000000, 1.000000000000000000, 0.0000000000000000000 ) ) ;
#1816 = CARTESIAN_POINT ( 'NONE',  ( 0.5931453759609353100, 0.6000000000000000900, 1.434782608695652100 ) ) ;
#1817 = FACE_OUTER_BOUND ( 'NONE', #7767, .T. ) ;
#1818 = EDGE_CURVE ( 'NONE', #8294, #288, #9307, .T. ) ;
#1819 = VERTEX_POINT ( 'NONE', #8226 ) ;
#1820 = CARTESIAN_POINT ( 'NONE',  ( 1.393031577423036800, 0.8020000000000004900, -1.329645580693883600 ) ) ;
#1821 = PLANE ( 'NONE',  #3541 ) ;
#1822 = LINE ( 'NONE', #6785, #4266 ) ;
#1823 = CARTESIAN_POINT ( 'NONE',  ( -0.7470000000000000000, 1.150000000000000100, -0.3300000000000000200 ) ) ;
#1824 = ORIENTED_EDGE ( 'NONE', *, *, #4313, .F. ) ;
#1825 = EDGE_CURVE ( 'NONE', #4511, #727, #5422, .T. ) ;
#1826 = CARTESIAN_POINT ( 'NONE',  ( -1.042357969055252900, 0.5552291102820885400, 1.366625267155058900 ) ) ;
#1827 = CARTESIAN_POINT ( 'NONE',  ( -0.6199999999999998800, 0.8000000000000001600, 1.500000000000000000 ) ) ;
#1828 = CARTESIAN_POINT ( 'NONE',  ( -0.5370000000000001400, 1.086360389693210800, 0.02250000000000001000 ) ) ;
#1829 = CARTESIAN_POINT ( 'NONE',  ( -1.434782608695653000, 0.6000000000000000900, -1.151291586694376500 ) ) ;
#1830 = VERTEX_POINT ( 'NONE', #757 ) ;
#1831 = ORIENTED_EDGE ( 'NONE', *, *, #970, .T. ) ;
#1832 = ADVANCED_FACE ( 'NONE', ( #1673 ), #945, .T. ) ;
#1833 = DIRECTION ( 'NONE',  ( 1.000000000000000000, 2.802758646564778900E-016, -9.139430369233067500E-017 ) ) ;
#1834 = DIRECTION ( 'NONE',  ( 0.0000000000000000000, 1.000000000000000000, -0.0000000000000000000 ) ) ;
#1835 = CARTESIAN_POINT ( 'NONE',  ( 1.325694516421789500, 0.8000000000000000400, -1.349999999999999600 ) ) ;
#1836 = CARTESIAN_POINT ( 'NONE',  ( -0.9817592358502315000, 0.4580644528646178900, 1.439702278643728100 ) ) ;
#1837 = PLANE ( 'NONE',  #7830 ) ;
#1838 = VERTEX_POINT ( 'NONE', #5488 ) ;
#1839 = EDGE_CURVE ( 'NONE', #3257, #7984, #3407, .T. ) ;
#1840 = EDGE_CURVE ( 'NONE', #7800, #9326, #5175, .T. ) ;
#1841 = CARTESIAN_POINT ( 'NONE',  ( -1.040366562082294400, 0.4943519535759023400, 1.426844009586679500 ) ) ;
#1842 = CARTESIAN_POINT ( 'NONE',  ( -0.7470000000000001100, 1.150000000000000100, 0.1275000000000000900 ) ) ;
#1843 = CARTESIAN_POINT ( 'NONE',  ( -1.495438813010398200, 0.4139876401014491200, -1.130499522637014000 ) ) ;
#1844 = CYLINDRICAL_SURFACE ( 'NONE', #917, 0.02250000000000005800 ) ;
#1845 = CARTESIAN_POINT ( 'NONE',  ( 1.495438812634780200, 0.4139876412522279800, 1.132039460729581200 ) ) ;
#1846 = CARTESIAN_POINT ( 'NONE',  ( 0.9879841896435035400, 0.02500000000000050400, 1.437978226564350400 ) ) ;
#1847 = CARTESIAN_POINT ( 'NONE',  ( 0.5965726879804682500, 0.5000000000000000000, -1.467391304347825700 ) ) ;
#1848 = CARTESIAN_POINT ( 'NONE',  ( -0.9045000000000001900, 1.150000000000000100, 0.2600000000000001800 ) ) ;
#1849 = DIRECTION ( 'NONE',  ( 0.0000000000000000000, 0.0000000000000000000, 1.000000000000000000 ) ) ;
#1850 = AXIS2_PLACEMENT_3D ( 'NONE', #123, #6852, #4607 ) ;
#1851 = DIRECTION ( 'NONE',  ( 0.0000000000000000000, -0.0000000000000000000, -1.000000000000000000 ) ) ;
#1852 = CARTESIAN_POINT ( 'NONE',  ( 1.434782608695654100, 0.6000000000000042000, 1.130499522694387700 ) ) ;
#1853 = EDGE_CURVE ( 'NONE', #1072, #2771, #2154, .T. ) ;
#1854 = CARTESIAN_POINT ( 'NONE',  ( -0.7470000000000001100, 1.150000000000000100, -0.08249999999999986500 ) ) ;
#1855 = CARTESIAN_POINT ( 'NONE',  ( 1.095829191595528900, 0.5181442723582399000, 1.399191105661093300 ) ) ;
#1856 = DIRECTION ( 'NONE',  ( 0.0000000000000000000, 0.0000000000000000000, 1.000000000000000000 ) ) ;
#1857 = CARTESIAN_POINT ( 'NONE',  ( -0.8383871732359869900, 0.4080762362278757500, -1.446636851627198800 ) ) ;
#1858 = DIRECTION ( 'NONE',  ( 0.0000000000000000000, 1.000000000000000000, -0.0000000000000000000 ) ) ;
#1859 = AXIS2_PLACEMENT_3D ( 'NONE', #4291, #5736, #8584 ) ;
#1860 = DIRECTION ( 'NONE',  ( 0.0000000000000000000, -1.000000000000000000, 0.0000000000000000000 ) ) ;
#1861 = CARTESIAN_POINT ( 'NONE',  ( -1.463420883847281100, 0.7887544759131606100, -1.251664342518446800 ) ) ;
#1862 = EDGE_CURVE ( 'NONE', #7803, #5327, #6907, .T. ) ;
#1863 = CARTESIAN_POINT ( 'NONE',  ( 1.430576291614991300, 0.5999670730195058000, 1.167064031650694400 ) ) ;
#1864 = CARTESIAN_POINT ( 'NONE',  ( -0.5997232021850390500, 0.4080762362277924300, -1.497366444708327900 ) ) ;
#1865 = LINE ( 'NONE', #5403, #5504 ) ;
#1866 = MANIFOLD_SOLID_BREP ( 'Boss-Extrude7[13]', #7825 ) ;
#1867 = ORIENTED_EDGE ( 'NONE', *, *, #8288, .F. ) ;
#1868 = FACE_OUTER_BOUND ( 'NONE', #1874, .T. ) ;
#1869 = ORIENTED_EDGE ( 'NONE', *, *, #4506, .F. ) ;
#1870 = CARTESIAN_POINT ( 'NONE',  ( 1.027891860633221000, 0.5599999999999998300, 1.368155153542616400 ) ) ;
#1871 =( NAMED_UNIT ( * ) SI_UNIT ( $, .STERADIAN. ) SOLID_ANGLE_UNIT ( ) );
#1872 = CIRCLE ( 'NONE', #1397, 0.02250000000000005800 ) ;
#1873 = DIRECTION ( 'NONE',  ( 0.0000000000000000000, 0.0000000000000000000, 1.000000000000000000 ) ) ;
#1874 = EDGE_LOOP ( 'NONE', ( #5985, #1705, #83, #7972 ) ) ;
#1875 = CARTESIAN_POINT ( 'NONE',  ( -1.325889226550852000, 0.7907169294321237900, 1.346664907692331600 ) ) ;
#1876 = CARTESIAN_POINT ( 'NONE',  ( -0.9570000000000001800, 1.200000000000000200, 1.171986986784016800E-016 ) ) ;
#1877 = ADVANCED_FACE ( 'NONE', ( #8270 ), #2946, .T. ) ;
#1878 = LINE ( 'NONE', #4544, #36 ) ;
#1879 = EDGE_CURVE ( 'NONE', #4210, #3650, #3634, .T. ) ;
#1880 = EDGE_LOOP ( 'NONE', ( #7172, #1224, #87, #7913, #1237 ) ) ;
#1881 = CARTESIAN_POINT ( 'NONE',  ( -0.7470000000000000000, 1.150000000000000100, 0.3300000000000001300 ) ) ;
#1882 = AXIS2_PLACEMENT_3D ( 'NONE', #1038, #3973, #4748 ) ;
#1883 = DIRECTION ( 'NONE',  ( 0.0000000000000000000, -0.0000000000000000000, 1.000000000000000000 ) ) ;
#1884 = CIRCLE ( 'NONE', #9297, 0.02249999999999995100 ) ;
#1885 = CARTESIAN_POINT ( 'NONE',  ( -0.7995000000000001000, 1.150000000000000100, 0.2050000000000000400 ) ) ;
#1886 = EDGE_CURVE ( 'NONE', #517, #271, #962, .T. ) ;
#1887 = CARTESIAN_POINT ( 'NONE',  ( 1.096459251778983100, 0.4562289744027194800, 1.402155305770707200 ) ) ;
#1888 = ORIENTED_EDGE ( 'NONE', *, *, #7225, .F. ) ;
#1889 = CARTESIAN_POINT ( 'NONE',  ( 1.094086591274714900, 0.4658770020918551700, 1.392049657916435400 ) ) ;
#1890 = EDGE_CURVE ( 'NONE', #4865, #637, #6655, .T. ) ;
#1891 = ORIENTED_EDGE ( 'NONE', *, *, #3033, .F. ) ;
#1892 = CARTESIAN_POINT ( 'NONE',  ( -1.085514621937196900, 0.4066132142133948000, -1.395296399059226900 ) ) ;
#1893 =( NAMED_UNIT ( * ) SI_UNIT ( $, .STERADIAN. ) SOLID_ANGLE_UNIT ( ) );
#1894 = CARTESIAN_POINT ( 'NONE',  ( 1.500000000000000900, 0.0000000000000000000, 1.130499522727401700 ) ) ;
#1895 = PLANE ( 'NONE',  #5235 ) ;
#1896 = VERTEX_POINT ( 'NONE', #4588 ) ;
#1897 = CARTESIAN_POINT ( 'NONE',  ( -0.3885239703726777200, 0.2195099938507022200, -1.928418334695608300 ) ) ;
#1898 = ORIENTED_EDGE ( 'NONE', *, *, #5208, .F. ) ;
#1899 = AXIS2_PLACEMENT_3D ( 'NONE', #2120, #8044, #9475 ) ;
#1900 = DIRECTION ( 'NONE',  ( 0.0000000000000000000, 1.000000000000000000, 0.0000000000000000000 ) ) ;
#1901 = CARTESIAN_POINT ( 'NONE',  ( 1.414460314250400400, 0.7898541583017174600, 1.306136687770231400 ) ) ;
#1902 = AXIS2_PLACEMENT_3D ( 'NONE', #8482, #4826, #7645 ) ;
#1903 = DIRECTION ( 'NONE',  ( 0.0000000000000000000, 1.000000000000000000, 0.0000000000000000000 ) ) ;
#1904 = CARTESIAN_POINT ( 'NONE',  ( -0.5996424673428286700, 0.4120175086555264400, -1.496081247177545100 ) ) ;
#1905 = LINE ( 'NONE', #6367, #9427 ) ;
#1906 = EDGE_LOOP ( 'NONE', ( #1085, #4611, #3276, #2948 ) ) ;
#1907 = LINE ( 'NONE', #6748, #9542 ) ;
#1908 = VERTEX_POINT ( 'NONE', #2350 ) ;
#1909 = ORIENTED_EDGE ( 'NONE', *, *, #6030, .T. ) ;
#1910 = CARTESIAN_POINT ( 'NONE',  ( 1.365026579450194800, 0.5999999999999997600, 1.263006399655994400 ) ) ;
#1911 = CARTESIAN_POINT ( 'NONE',  ( 0.6074077311846813900, 0.6653969858008176300, -1.456107712761135700 ) ) ;
#1912 = CARTESIAN_POINT ( 'NONE',  ( -1.030529192998819400, 0.5599999999999997200, 1.367594571243003800 ) ) ;
#1913 = CYLINDRICAL_SURFACE ( 'NONE', #4663, 0.02250000000000005500 ) ;
#1914 = AXIS2_PLACEMENT_3D ( 'NONE', #7022, #1206, #7792 ) ;
#1915 = ORIENTED_EDGE ( 'NONE', *, *, #9317, .T. ) ;
#1916 = CARTESIAN_POINT ( 'NONE',  ( -1.092748934521069000, 0.02500000000000052900, 1.415709792608938600 ) ) ;
#1917 = FILL_AREA_STYLE_COLOUR ( '', #3308 ) ;
#1918 = B_SPLINE_CURVE_WITH_KNOTS ( 'NONE', 3,
 ( #7556, #5301, #3071, #7034, #1134 ),
 .UNSPECIFIED., .F., .F.,
 ( 4, 1, 4 ),
 ( 2.168404344971008900E-019, 3.931437813128196800E-006, 7.565302312900069700E-005 ),
 .UNSPECIFIED. ) ;
#1919 = EDGE_LOOP ( 'NONE', ( #4458, #646, #4852, #5984 ) ) ;
#1920 = DIRECTION ( 'NONE',  ( 0.0000000000000000000, 0.0000000000000000000, 1.000000000000000000 ) ) ;
#1921 = EDGE_CURVE ( 'NONE', #3429, #4450, #390, .T. ) ;
#1922 = DIRECTION ( 'NONE',  ( 0.0000000000000000000, 1.000000000000000000, -0.0000000000000000000 ) ) ;
#1923 = CIRCLE ( 'NONE', #5160, 0.02250000000000005800 ) ;
#1924 = AXIS2_PLACEMENT_3D ( 'NONE', #5802, #1974, #9368 ) ;
#1925 = ORIENTED_EDGE ( 'NONE', *, *, #5652, .T. ) ;
#1926 = ORIENTED_EDGE ( 'NONE', *, *, #6338, .F. ) ;
#1927 = MECHANICAL_DESIGN_GEOMETRIC_PRESENTATION_REPRESENTATION (  '', ( #7587 ), #8568 ) ;
#1928 = ORIENTED_EDGE ( 'NONE', *, *, #3549, .F. ) ;
#1929 = DIRECTION ( 'NONE',  ( 0.0000000000000000000, 1.000000000000000000, 0.0000000000000000000 ) ) ;
#1930 = DIRECTION ( 'NONE',  ( 0.0000000000000000000, 1.000000000000000000, 0.0000000000000000000 ) ) ;
#1931 = ADVANCED_FACE ( 'NONE', ( #9180 ), #1621, .F. ) ;
#1932 = DIRECTION ( 'NONE',  ( 0.0000000000000000000, 1.000000000000000000, -0.0000000000000000000 ) ) ;
#1933 = CARTESIAN_POINT ( 'NONE',  ( 0.6074077135465978400, 0.6653967891667691400, 1.456107648641337800 ) ) ;
#1934 = CARTESIAN_POINT ( 'NONE',  ( 1.041041990348655600, 0.5142746998404984500, 1.430021649745398600 ) ) ;
#1935 = FACE_OUTER_BOUND ( 'NONE', #2958, .T. ) ;
#1936 = DIRECTION ( 'NONE',  ( 0.0000000000000000000, 0.0000000000000000000, -1.000000000000000000 ) ) ;
#1937 = CARTESIAN_POINT ( 'NONE',  ( 2.065876716699285100, 0.6000000000000000900, -1.130499522762872500 ) ) ;
#1938 = CLOSED_SHELL ( 'NONE', ( #5061, #3328, #554, #5 ) ) ;
#1939 = CIRCLE ( 'NONE', #6774, 0.02250000000000005500 ) ;
#1940 = VERTEX_POINT ( 'NONE', #7547 ) ;
#1941 = DIRECTION ( 'NONE',  ( 0.0000000000000000000, 0.0000000000000000000, -1.000000000000000000 ) ) ;
#1942 = CARTESIAN_POINT ( 'NONE',  ( -1.463204397094705500, 0.4105308823841999900, -1.248440892745890800 ) ) ;
#1943 = ADVANCED_FACE ( 'NONE', ( #1434 ), #1821, .T. ) ;
#1944 = CYLINDRICAL_SURFACE ( 'NONE', #7078, 0.02250000000000005800 ) ;
#1945 = CARTESIAN_POINT ( 'NONE',  ( -0.9838259558271486000, 0.02500000000000048700, 1.418415274549673900 ) ) ;
#1946 = CARTESIAN_POINT ( 'NONE',  ( -0.6945000000000002300, 1.200000000000000200, 0.2050000000000000400 ) ) ;
#1947 = DIRECTION ( 'NONE',  ( 0.0000000000000000000, 0.0000000000000000000, -1.000000000000000000 ) ) ;
#1948 = LINE ( 'NONE', #3943, #3667 ) ;
#1949 = ORIENTED_EDGE ( 'NONE', *, *, #7528, .F. ) ;
#1950 = EDGE_LOOP ( 'NONE', ( #6344, #5743, #4468, #8643, #8771 ) ) ;
#1951 = CARTESIAN_POINT ( 'NONE',  ( -0.7470000000000001100, 1.086360389693210800, 0.02250000000000011700 ) ) ;
#1952 = CARTESIAN_POINT ( 'NONE',  ( 0.6202685462403907400, 0.8020000000000001600, 1.500652173913043600 ) ) ;
#1953 = CARTESIAN_POINT ( 'NONE',  ( -1.325739219900775600, 0.4080804732954063700, -1.343044699433313400 ) ) ;
#1954 = DIRECTION ( 'NONE',  ( 0.0000000000000000000, 1.000000000000000000, -0.0000000000000000000 ) ) ;
#1955 = EDGE_CURVE ( 'NONE', #8977, #5133, #4575, .T. ) ;
#1956 = ORIENTED_EDGE ( 'NONE', *, *, #538, .F. ) ;
#1957 = EDGE_CURVE ( 'NONE', #4558, #6341, #5284, .T. ) ;
#1958 = CARTESIAN_POINT ( 'NONE',  ( 0.9856113292826588200, 0.4747810779257468600, 1.440313880900516900 ) ) ;
#1959 = VECTOR ( 'NONE', #9558, 1000.000000000000000 ) ;
#1960 = CARTESIAN_POINT ( 'NONE',  ( 1.005398891869288900, 0.2188115784608668200, 1.454723429234030800 ) ) ;
#1961 = CARTESIAN_POINT ( 'NONE',  ( 1.044524795898641700, 0.5091396836001149700, 1.446406961601320400 ) ) ;
#1962 = ORIENTED_EDGE ( 'NONE', *, *, #5608, .T. ) ;
#1963 = CARTESIAN_POINT ( 'NONE',  ( 1.488653924232769200, 0.3999999999999997400, -1.200252917065736100 ) ) ;
#1964 = DIRECTION ( 'NONE',  ( 0.0000000000000000000, 1.000000000000000000, -0.0000000000000000000 ) ) ;
#1965 = DIRECTION ( 'NONE',  ( -0.0000000000000000000, 1.000000000000000000, -0.0000000000000000000 ) ) ;
#1966 = LINE ( 'NONE', #3052, #3011 ) ;
#1967 = EDGE_CURVE ( 'NONE', #9538, #4371, #8821, .T. ) ;
#1968 = PLANE ( 'NONE',  #2104 ) ;
#1969 = CARTESIAN_POINT ( 'NONE',  ( 1.449283872860508000, 0.3999999999999999700, 1.271806566157829100 ) ) ;
#1970 = CIRCLE ( 'NONE', #1500, 0.02250000000000005800 ) ;
#1971 = DIRECTION ( 'NONE',  ( -0.2079116908177527600, 0.0000000000000000000, 0.9781476007338069100 ) ) ;
#1972 = DIRECTION ( 'NONE',  ( 0.0000000000000000000, 1.000000000000000000, 0.0000000000000000000 ) ) ;
#1973 = CARTESIAN_POINT ( 'NONE',  ( 0.9768152059493734300, 0.4599999999999999100, 1.419905455438422700 ) ) ;
#1974 = DIRECTION ( 'NONE',  ( 0.0000000000000000000, 1.000000000000000000, -0.0000000000000000000 ) ) ;
#1975 = ADVANCED_FACE ( 'NONE', ( #6897 ), #358, .T. ) ;
#1976 = ADVANCED_FACE ( 'NONE', ( #6085 ), #3332, .F. ) ;
#1977 = CARTESIAN_POINT ( 'NONE',  ( -0.6420000000000002400, 1.150000000000000100, -0.08250000000000001800 ) ) ;
#1978 = EDGE_CURVE ( 'NONE', #5890, #825, #8258, .T. ) ;
#1979 = AXIS2_PLACEMENT_3D ( 'NONE', #6503, #4270, #5248 ) ;
#1980 = MECHANICAL_DESIGN_GEOMETRIC_PRESENTATION_REPRESENTATION (  '', ( #8351 ), #360 ) ;
#1981 = CARTESIAN_POINT ( 'NONE',  ( -1.027793303023373500, 0.5606393766695051400, 1.367691476443808800 ) ) ;
#1982 = CARTESIAN_POINT ( 'NONE',  ( -1.500000000000000000, 1.200000000000000200, -1.134750653960801900 ) ) ;
#1983 = DIRECTION ( 'NONE',  ( -1.000000000000000000, 0.0000000000000000000, 0.0000000000000000000 ) ) ;
#1984 = CARTESIAN_POINT ( 'NONE',  ( -0.7470000000000001100, 1.150000000000000100, -0.1049999999999999300 ) ) ;
#1985 = CARTESIAN_POINT ( 'NONE',  ( 1.005749091525113500, 0.5011210165498161100, 1.438723310549281600 ) ) ;
#1986 = ADVANCED_FACE ( 'NONE', ( #3386 ), #4340, .F. ) ;
#1987 = ORIENTED_EDGE ( 'NONE', *, *, #8263, .F. ) ;
#1988 = CARTESIAN_POINT ( 'NONE',  ( 1.395889160600009200, 0.3999999999999999700, 1.317533769311869200 ) ) ;
#1989 = CYLINDRICAL_SURFACE ( 'NONE', #7659, 0.02250000000000005800 ) ;
#1990 = CARTESIAN_POINT ( 'NONE',  ( -0.9727420894193133900, 0.4629351836815749400, 1.397279940043469000 ) ) ;
#1991 = DIRECTION ( 'NONE',  ( 0.0000000000000000000, 1.000000000000000000, -0.0000000000000000000 ) ) ;
#1992 = CARTESIAN_POINT ( 'NONE',  ( 1.099055418126314100, 0.4529234108412296100, 1.414369308137577700 ) ) ;
#1993 = DIRECTION ( 'NONE',  ( 0.2079116908177527600, 0.0000000000000000000, 0.9781476007338070200 ) ) ;
#1994 = CARTESIAN_POINT ( 'NONE',  ( 0.5996557025154879400, 0.4100457000281919100, 1.496724228251676400 ) ) ;
#1995 = PRESENTATION_LAYER_ASSIGNMENT (  '', '', ( #2326 ) ) ;
#1996 = VERTEX_POINT ( 'NONE', #7950 ) ;
#1997 = FACE_OUTER_BOUND ( 'NONE', #9196, .T. ) ;
#1998 = MANIFOLD_SOLID_BREP ( 'Boss-Extrude7[14]', #6148 ) ;
#1999 = ORIENTED_EDGE ( 'NONE', *, *, #3434, .T. ) ;
#2000 = DIRECTION ( 'NONE',  ( 0.0000000000000000000, 1.000000000000000000, -0.0000000000000000000 ) ) ;
#2001 = CARTESIAN_POINT ( 'NONE',  ( -1.044524795898641900, 0.4943519535759133800, 1.446406961601320700 ) ) ;
#2002 = EDGE_CURVE ( 'NONE', #1305, #2034, #4934, .T. ) ;
#2003 = CARTESIAN_POINT ( 'NONE',  ( -1.495433942952683700, 0.7859974250548978900, -1.134413034931401200 ) ) ;
#2004 = SPHERICAL_SURFACE ( 'NONE', #6922, 0.02000000000000000000 ) ;
#2005 = ORIENTED_EDGE ( 'NONE', *, *, #6830, .F. ) ;
#2006 = DIRECTION ( 'NONE',  ( 0.0000000000000000000, 0.0000000000000000000, -1.000000000000000000 ) ) ;
#2007 = CARTESIAN_POINT ( 'NONE',  ( -0.4870000000000002100, 1.200000000000000200, -0.1800000000000000500 ) ) ;
#2008 = FACE_OUTER_BOUND ( 'NONE', #8544, .T. ) ;
#2009 = LINE ( 'NONE', #4037, #2361 ) ;
#2010 = CARTESIAN_POINT ( 'NONE',  ( 1.088590700704714000, 0.005000000000000504900, 1.396146840594262500 ) ) ;
#2011 = FACE_OUTER_BOUND ( 'NONE', #9234, .T. ) ;
#2012 = VERTEX_POINT ( 'NONE', #4954 ) ;
#2013 = ORIENTED_EDGE ( 'NONE', *, *, #742, .F. ) ;
#2014 = EDGE_LOOP ( 'NONE', ( #9313, #1867, #3585, #2057 ) ) ;
#2015 = CARTESIAN_POINT ( 'NONE',  ( 1.325889226550855900, 0.7907169294321245700, -1.346664907692330700 ) ) ;
#2016 = CARTESIAN_POINT ( 'NONE',  ( 1.279941855525978700, 0.3999999999999997400, -1.130499522727401700 ) ) ;
#2017 = CARTESIAN_POINT ( 'NONE',  ( -0.5895000000000001400, 1.150000000000000100, -0.2824999999999999700 ) ) ;
#2018 = ORIENTED_EDGE ( 'NONE', *, *, #5058, .T. ) ;
#2019 = DIRECTION ( 'NONE',  ( -0.2111591709068285100, 0.0000000000000000000, 0.9774516891089507500 ) ) ;
#2020 = CIRCLE ( 'NONE', #9352, 0.02249999999999994400 ) ;
#2021 = CARTESIAN_POINT ( 'NONE',  ( -0.7470000000000000000, 1.200000000000000200, 0.3075000000000000500 ) ) ;
#2022 = EDGE_LOOP ( 'NONE', ( #5145, #352, #4840, #7112 ) ) ;
#2023 = ORIENTED_EDGE ( 'NONE', *, *, #9506, .F. ) ;
#2024 = DIRECTION ( 'NONE',  ( -0.0000000000000000000, 1.000000000000000000, -0.0000000000000000000 ) ) ;
#2025 = FACE_BOUND ( 'NONE', #6910, .T. ) ;
#2026 = CARTESIAN_POINT ( 'NONE',  ( -0.9590837525839695000, 0.5249033870168068300, 1.333022517322506100 ) ) ;
#2027 = AXIS2_PLACEMENT_3D ( 'NONE', #4253, #556, #8008 ) ;
#2028 = CARTESIAN_POINT ( 'NONE',  ( -0.6200000000000000000, 0.8000000000000001600, 1.500000000000000000 ) ) ;
#2029 =( LENGTH_UNIT ( ) NAMED_UNIT ( * ) SI_UNIT ( .MILLI., .METRE. ) );
#2030 = LINE ( 'NONE', #7672, #1099 ) ;
#2031 = EDGE_CURVE ( 'NONE', #2498, #7709, #1607, .T. ) ;
#2032 = CARTESIAN_POINT ( 'NONE',  ( 1.039972147727393800, 0.5161246994212426200, 1.424988435937008600 ) ) ;
#2033 = LINE ( 'NONE', #826, #63 ) ;
#2034 = VERTEX_POINT ( 'NONE', #7177 ) ;
#2035 = EDGE_LOOP ( 'NONE', ( #9513, #3915, #7852, #179 ) ) ;
#2036 = EDGE_LOOP ( 'NONE', ( #9104, #3534 ) ) ;
#2037 = FACE_BOUND ( 'NONE', #8261, .T. ) ;
#2038 = VECTOR ( 'NONE', #1294, 1000.000000000000000 ) ;
#2039 = DIRECTION ( 'NONE',  ( 0.0000000000000000000, 0.0000000000000000000, -1.000000000000000000 ) ) ;
#2040 = CARTESIAN_POINT ( 'NONE',  ( -1.113727632137321700, 0.005000000000000543900, 1.411250632775312700 ) ) ;
#2041 = VECTOR ( 'NONE', #8335, 1000.000000000000100 ) ;
#2042 = ADVANCED_FACE ( 'NONE', ( #7697 ), #4938, .T. ) ;
#2043 = EDGE_LOOP ( 'NONE', ( #4110, #8202, #8497, #8272 ) ) ;
#2044 = ADVANCED_FACE ( 'NONE', ( #839 ), #5040, .T. ) ;
#2045 = CARTESIAN_POINT ( 'NONE',  ( 0.6200000000000000000, 1.200000000000000200, 1.500000000000000000 ) ) ;
#2046 = VECTOR ( 'NONE', #881, 1000.000000000000000 ) ;
#2047 = DIRECTION ( 'NONE',  ( -0.2079116908177527600, 3.725922427599044200E-017, 0.9781476007338069100 ) ) ;
#2048 = ORIENTED_EDGE ( 'NONE', *, *, #2348, .F. ) ;
#2049 = CARTESIAN_POINT ( 'NONE',  ( -1.325889226543505200, 0.7907169294321592100, 1.346664907693935400 ) ) ;
#2050 = ORIENTED_EDGE ( 'NONE', *, *, #6263, .F. ) ;
#2051 = AXIS2_PLACEMENT_3D ( 'NONE', #5789, #3545, #2102 ) ;
#2052 = DIRECTION ( 'NONE',  ( 0.0000000000000000000, 0.0000000000000000000, -1.000000000000000000 ) ) ;
#2053 = VECTOR ( 'NONE', #8019, 1000.000000000000000 ) ;
#2054 = EDGE_LOOP ( 'NONE', ( #2210, #6218, #8817, #3848 ) ) ;
#2055 = DIRECTION ( 'NONE',  ( 0.0000000000000000000, 1.000000000000000000, 0.0000000000000000000 ) ) ;
#2056 = CYLINDRICAL_SURFACE ( 'NONE', #9466, 0.2200581444740219200 ) ;
#2057 = ORIENTED_EDGE ( 'NONE', *, *, #1583, .T. ) ;
#2058 = CARTESIAN_POINT ( 'NONE',  ( 1.483025801053795100, 0.3999999999999989700, 1.216804226707511200 ) ) ;
#2059 = VERTEX_POINT ( 'NONE', #2728 ) ;
#2060 = EDGE_CURVE ( 'NONE', #5975, #3045, #3627, .T. ) ;
#2061 = AXIS2_PLACEMENT_3D ( 'NONE', #2923, #2294, #8826 ) ;
#2062 = VECTOR ( 'NONE', #5476, 1000.000000000000100 ) ;
#2063 = EDGE_CURVE ( 'NONE', #4034, #3186, #1185, .T. ) ;
#2064 = AXIS2_PLACEMENT_3D ( 'NONE', #6836, #332, #6957 ) ;
#2065 = ORIENTED_EDGE ( 'NONE', *, *, #5585, .T. ) ;
#2066 = CARTESIAN_POINT ( 'NONE',  ( -0.9729486613839166700, 0.5356435660926942600, 1.398251784727872600 ) ) ;
#2067 = DIRECTION ( 'NONE',  ( 0.2079116908177526300, 0.0000000000000000000, -0.9781476007338071300 ) ) ;
#2068 = VERTEX_POINT ( 'NONE', #9443 ) ;
#2069 = CARTESIAN_POINT ( 'NONE',  ( 1.344703217661908500, 0.5999976483148411500, -1.275018685834560900 ) ) ;
#2070 = DIRECTION ( 'NONE',  ( 0.0000000000000000000, -0.0000000000000000000, -1.000000000000000000 ) ) ;
#2071 = CARTESIAN_POINT ( 'NONE',  ( -1.466207733209825600, 0.3999999999999999700, -1.247677207292406700 ) ) ;
#2072 = EDGE_CURVE ( 'NONE', #8863, #3497, #6088, .T. ) ;
#2073 = ORIENTED_EDGE ( 'NONE', *, *, #4959, .F. ) ;
#2074 = EDGE_LOOP ( 'NONE', ( #8955, #4812, #5551, #5559 ) ) ;
#2075 = VERTEX_POINT ( 'NONE', #3462 ) ;
#2076 = CARTESIAN_POINT ( 'NONE',  ( 0.9646235731433853200, 0.4888367161553602300, 1.359085323927442500 ) ) ;
#2077 = AXIS2_PLACEMENT_3D ( 'NONE', #1403, #5245, #1526 ) ;
#2078 = UNCERTAINTY_MEASURE_WITH_UNIT (LENGTH_MEASURE( 1.000000000000000100E-005 ), #4295, 'distance_accuracy_value', 'NONE');
#2079 = CARTESIAN_POINT ( 'NONE',  ( -0.9881208758271327100, 0.4835039935943154500, 1.458395984916431600 ) ) ;
#2080 = CARTESIAN_POINT ( 'NONE',  ( -0.4870000000000001500, 1.200000000000000200, 0.1349999999999999800 ) ) ;
#2081 = CARTESIAN_POINT ( 'NONE',  ( -1.419517716500677400, 0.7898389569958967900, 1.307036574424287100 ) ) ;
#2082 = FACE_OUTER_BOUND ( 'NONE', #755, .T. ) ;
#2083 = DIRECTION ( 'NONE',  ( -0.2079116908177528200, 1.144913268445491900E-015, 0.9781476007338069100 ) ) ;
#2084 = CARTESIAN_POINT ( 'NONE',  ( 1.325694516421789500, 1.200000000000000200, 1.349999999999999900 ) ) ;
#2085 = DIRECTION ( 'NONE',  ( -0.9976689818299084900, -0.06823930461598833000, 0.0000000000000000000 ) ) ;
#2086 = EDGE_LOOP ( 'NONE', ( #4237, #2602, #2175, #7151 ) ) ;
#2087 = CIRCLE ( 'NONE', #6411, 0.02250000000000005800 ) ;
#2088 =( NAMED_UNIT ( * ) SI_UNIT ( $, .STERADIAN. ) SOLID_ANGLE_UNIT ( ) );
#2089 = AXIS2_PLACEMENT_3D ( 'NONE', #3590, #8726, #9467 ) ;
#2090 = DIRECTION ( 'NONE',  ( 0.0000000000000000000, 1.000000000000000000, 0.0000000000000000000 ) ) ;
#2091 = CIRCLE ( 'NONE', #6635, 0.02250000000000005800 ) ;
#2092 = EDGE_CURVE ( 'NONE', #1908, #7818, #5217, .T. ) ;
#2093 = EDGE_CURVE ( 'NONE', #2828, #5784, #5969, .T. ) ;
#2094 = ADVANCED_FACE ( 'NONE', ( #8609 ), #3389, .T. ) ;
#2095 = EDGE_CURVE ( 'NONE', #1671, #7303, #1655, .T. ) ;
#2096 = CARTESIAN_POINT ( 'NONE',  ( -0.5895000000000001400, 1.200000000000000200, -0.2600000000000000100 ) ) ;
#2097 = DIRECTION ( 'NONE',  ( 0.0000000000000000000, -0.0000000000000000000, 1.000000000000000000 ) ) ;
#2098 = CARTESIAN_POINT ( 'NONE',  ( -1.031644912657415000, 0.5356526775820293900, 1.385811875098049500 ) ) ;
#2099 = DIRECTION ( 'NONE',  ( 0.0000000000000000000, 0.0000000000000000000, 1.000000000000000000 ) ) ;
#2100 = CYLINDRICAL_SURFACE ( 'NONE', #3335, 0.02000000000000010100 ) ;
#2101 = DIRECTION ( 'NONE',  ( -0.0000000000000000000, 1.000000000000000000, -0.0000000000000000000 ) ) ;
#2102 = DIRECTION ( 'NONE',  ( 0.0000000000000000000, 0.0000000000000000000, 1.000000000000000000 ) ) ;
#2103 = DIRECTION ( 'NONE',  ( 0.0000000000000000000, 0.0000000000000000000, 1.000000000000000000 ) ) ;
#2104 = AXIS2_PLACEMENT_3D ( 'NONE', #2786, #7973, #2751 ) ;
#2105 = B_SPLINE_CURVE_WITH_KNOTS ( 'NONE', 3,
 ( #1698, #3769, #6818, #7524, #6871, #7553, #3065, #6851, #3865, #315, #7708, #9159, #3966, #3940, #8367, #1061 ),
 .UNSPECIFIED., .F., .F.,
 ( 4, 3, 3, 3, 3, 4 ),
 ( 1.084202172485504300E-019, 1.421988764674582700E-005, 2.844421792348208000E-005, 4.257490508050474000E-005, 5.626158424903058000E-005, 6.356518257924328800E-005 ),
 .UNSPECIFIED. ) ;
#2106 = CARTESIAN_POINT ( 'NONE',  ( 1.495437206006903400, 0.7860074317545031600, 1.133095235764472100 ) ) ;
#2107 = MECHANICAL_DESIGN_GEOMETRIC_PRESENTATION_REPRESENTATION (  '', ( #7762 ), #8056 ) ;
#2108 = DIRECTION ( 'NONE',  ( 0.0000000000000000000, 0.0000000000000000000, -1.000000000000000000 ) ) ;
#2109 = CARTESIAN_POINT ( 'NONE',  ( -0.8520000000000000900, 1.150000000000000100, -0.1049999999999999300 ) ) ;
#2110 = CARTESIAN_POINT ( 'NONE',  ( -0.7995000000000002100, 1.150000000000000100, -0.1824999999999998800 ) ) ;
#2111 = CARTESIAN_POINT ( 'NONE',  ( -0.9550000000000000700, 1.200000000000000200, 0.1800000000000001600 ) ) ;
#2112 = CARTESIAN_POINT ( 'NONE',  ( -0.6185438949767041400, 0.7891556476741015100, 1.496463798154598300 ) ) ;
#2113 = AXIS2_PLACEMENT_3D ( 'NONE', #1937, #4169, #7127 ) ;
#2114 = CARTESIAN_POINT ( 'NONE',  ( -0.6200000000000000000, 1.200000000000000200, -1.500000000000000000 ) ) ;
#2115 = EDGE_CURVE ( 'NONE', #1819, #6698, #8812, .T. ) ;
#2116 = CARTESIAN_POINT ( 'NONE',  ( -0.9550000000000000700, 1.200000000000000200, -0.1349999999999998700 ) ) ;
#2117 =( GEOMETRIC_REPRESENTATION_CONTEXT ( 3 ) GLOBAL_UNCERTAINTY_ASSIGNED_CONTEXT ( ( #4027 ) ) GLOBAL_UNIT_ASSIGNED_CONTEXT ( ( #7640, #8354, #1599 ) ) REPRESENTATION_CONTEXT ( 'NONE', 'WORKASPACE' ) );
#2118 = VECTOR ( 'NONE', #599, 1000.000000000000000 ) ;
#2119 = CARTESIAN_POINT ( 'NONE',  ( -1.099215837115028000, 0.4527419289029716000, 1.415124020142011400 ) ) ;
#2120 = CARTESIAN_POINT ( 'NONE',  ( -0.6420000000000002400, 1.200000000000000200, -0.1049999999999999500 ) ) ;
#2121 = DIRECTION ( 'NONE',  ( -0.0000000000000000000, 1.000000000000000000, -0.0000000000000000000 ) ) ;
#2122 = ORIENTED_EDGE ( 'NONE', *, *, #2221, .F. ) ;
#2123 = CARTESIAN_POINT ( 'NONE',  ( 1.079492466111635400, 0.4529234108412379900, 1.418527541953920100 ) ) ;
#2124 = PLANE ( 'NONE',  #3073 ) ;
#2125 = ORIENTED_EDGE ( 'NONE', *, *, #6559, .T. ) ;
#2126 = CARTESIAN_POINT ( 'NONE',  ( -0.6945000000000002300, 1.200000000000000200, 0.2050000000000000400 ) ) ;
#2127 = PRESENTATION_STYLE_ASSIGNMENT (( #2721 ) ) ;
#2128 = CARTESIAN_POINT ( 'NONE',  ( -0.9775194722219027200, 0.4599999999999998500, 1.419755759021033700 ) ) ;
#2129 = VERTEX_POINT ( 'NONE', #2116 ) ;
#2130 = ORIENTED_EDGE ( 'NONE', *, *, #4506, .T. ) ;
#2131 = AXIS2_PLACEMENT_3D ( 'NONE', #6722, #8205, #7482 ) ;
#2132 = CIRCLE ( 'NONE', #263, 0.02250000000000005800 ) ;
#2133 = CARTESIAN_POINT ( 'NONE',  ( -0.6945000000000002300, 1.200000000000000200, -0.2049999999999999300 ) ) ;
#2134 = ORIENTED_EDGE ( 'NONE', *, *, #2701, .F. ) ;
#2135 = CARTESIAN_POINT ( 'NONE',  ( -0.6420000000000002400, 1.200000000000000200, -0.1049999999999999500 ) ) ;
#2136 = CIRCLE ( 'NONE', #3978, 0.02249999999999995100 ) ;
#2137 = CARTESIAN_POINT ( 'NONE',  ( -1.312221593665552100, 0.5999992973105294800, 1.281938853033048400 ) ) ;
#2138 = CARTESIAN_POINT ( 'NONE',  ( -1.495438813010398200, 0.4139876401014554500, -1.130499522635693800 ) ) ;
#2139 = EDGE_LOOP ( 'NONE', ( #170, #2130 ) ) ;
#2140 = ORIENTED_EDGE ( 'NONE', *, *, #4846, .F. ) ;
#2141 = ADVANCED_FACE ( 'NONE', ( #3167 ), #3593, .F. ) ;
#2142 = ADVANCED_FACE ( 'NONE', ( #7125 ), #659, .F. ) ;
#2143 = CARTESIAN_POINT ( 'NONE',  ( 1.417986521886980900, 0.7898271945312345100, 1.308586128346851400 ) ) ;
#2144 = EDGE_CURVE ( 'NONE', #6583, #4843, #9277, .T. ) ;
#2145 = CARTESIAN_POINT ( 'NONE',  ( -1.041585265297846100, 0.5134737001386841000, 1.432577557429084200 ) ) ;
#2146 =( LENGTH_UNIT ( ) NAMED_UNIT ( * ) SI_UNIT ( .MILLI., .METRE. ) );
#2147 = ORIENTED_EDGE ( 'NONE', *, *, #974, .T. ) ;
#2148 = CARTESIAN_POINT ( 'NONE',  ( -1.475882238479163400, 0.4110895474058942600, 1.225549289939444200 ) ) ;
#2149 = LINE ( 'NONE', #8097, #393 ) ;
#2150 = CARTESIAN_POINT ( 'NONE',  ( -0.8520000000000000900, 1.150000000000000100, 0.1050000000000000800 ) ) ;
#2151 = EDGE_CURVE ( 'NONE', #877, #1830, #1310, .T. ) ;
#2152 = ORIENTED_EDGE ( 'NONE', *, *, #4399, .T. ) ;
#2153 = PLANE ( 'NONE',  #5230 ) ;
#2154 = CIRCLE ( 'NONE', #4989, 0.02250000000000005800 ) ;
#2155 = VERTEX_POINT ( 'NONE', #8768 ) ;
#2156 = DIRECTION ( 'NONE',  ( 0.0000000000000000000, -1.000000000000000000, 0.0000000000000000000 ) ) ;
#2157 = CARTESIAN_POINT ( 'NONE',  ( 1.092748934521069000, 0.02500000000000052900, 1.415709792608938600 ) ) ;
#2158 = CARTESIAN_POINT ( 'NONE',  ( 1.495438813010396400, 0.4139876401014511200, -0.5609979901584102300 ) ) ;
#2159 = DIRECTION ( 'NONE',  ( 2.168404344971009100E-016, 0.0000000000000000000, 1.000000000000000000 ) ) ;
#2160 = ORIENTED_EDGE ( 'NONE', *, *, #2031, .F. ) ;
#2161 = CARTESIAN_POINT ( 'NONE',  ( -0.9570000000000001800, 1.150000000000000100, -0.02249999999999993700 ) ) ;
#2162 = CARTESIAN_POINT ( 'NONE',  ( -0.7470000000000001100, 1.200000000000000200, -0.1049999999999999300 ) ) ;
#2163 = ORIENTED_EDGE ( 'NONE', *, *, #2838, .F. ) ;
#2164 = DIRECTION ( 'NONE',  ( 0.0000000000000000000, 1.000000000000000000, 0.0000000000000000000 ) ) ;
#2165 = VECTOR ( 'NONE', #8236, 1000.000000000000100 ) ;
#2166 = EDGE_LOOP ( 'NONE', ( #1529, #4597, #4128, #1031 ) ) ;
#2167 = ORIENTED_EDGE ( 'NONE', *, *, #9564, .T. ) ;
#2168 = AXIS2_PLACEMENT_3D ( 'NONE', #138, #1371, #5957 ) ;
#2169 = CARTESIAN_POINT ( 'NONE',  ( 1.419456307405327900, 0.5999763606903478800, -1.199591071480829100 ) ) ;
#2170 = EDGE_CURVE ( 'NONE', #3797, #9508, #1187, .T. ) ;
#2171 = LINE ( 'NONE', #4657, #6814 ) ;
#2172 = ORIENTED_EDGE ( 'NONE', *, *, #6530, .T. ) ;
#2173 = VERTEX_POINT ( 'NONE', #3565 ) ;
#2174 = CYLINDRICAL_SURFACE ( 'NONE', #8964, 0.02250000000000005800 ) ;
#2175 = ORIENTED_EDGE ( 'NONE', *, *, #3990, .F. ) ;
#2176 = ORIENTED_EDGE ( 'NONE', *, *, #664, .T. ) ;
#2177 = CARTESIAN_POINT ( 'NONE',  ( -1.500000000000000000, 0.0000000000000000000, 1.130499522727402200 ) ) ;
#2178 =( LENGTH_UNIT ( ) NAMED_UNIT ( * ) SI_UNIT ( .MILLI., .METRE. ) );
#2179 = CARTESIAN_POINT ( 'NONE',  ( -0.5823458351127076500, 0.6000000000000004200, 1.437078121965965800 ) ) ;
#2180 = CARTESIAN_POINT ( 'NONE',  ( 0.6199999999999951100, 0.8000000000000001600, 1.500000000000000400 ) ) ;
#2181 = CYLINDRICAL_SURFACE ( 'NONE', #8716, 0.02250000000000005800 ) ;
#2182 = CARTESIAN_POINT ( 'NONE',  ( 1.466207733209994300, 0.3999999999999999700, 1.247677207292138500 ) ) ;
#2183 = PLANE ( 'NONE',  #6926 ) ;
#2184 = SURFACE_STYLE_USAGE ( .BOTH. , #3699 ) ;
#2185 = VERTEX_POINT ( 'NONE', #4581 ) ;
#2186 = CARTESIAN_POINT ( 'NONE',  ( -0.4870000000000001500, 1.086360389693210800, 0.1800000000000001000 ) ) ;
#2187 = DIRECTION ( 'NONE',  ( 0.0000000000000000000, 0.0000000000000000000, 1.000000000000000000 ) ) ;
#2188 = FACE_OUTER_BOUND ( 'NONE', #2945, .T. ) ;
#2189 = VERTEX_POINT ( 'NONE', #1547 ) ;
#2190 = VERTEX_POINT ( 'NONE', #4448 ) ;
#2191 = DIRECTION ( 'NONE',  ( 0.0000000000000000000, 1.000000000000000000, -0.0000000000000000000 ) ) ;
#2192 = CIRCLE ( 'NONE', #4077, 0.02250000000000005800 ) ;
#2193 = DIRECTION ( 'NONE',  ( 0.0000000000000000000, 1.000000000000000000, 0.0000000000000000000 ) ) ;
#2194 = LINE ( 'NONE', #7619, #3913 ) ;
#2195 = ORIENTED_EDGE ( 'NONE', *, *, #2785, .T. ) ;
#2196 = UNCERTAINTY_MEASURE_WITH_UNIT (LENGTH_MEASURE( 1.000000000000000100E-005 ), #1071, 'distance_accuracy_value', 'NONE');
#2197 = CARTESIAN_POINT ( 'NONE',  ( -0.5895000000000001400, 1.150000000000000100, -0.2600000000000000100 ) ) ;
#2198 = CARTESIAN_POINT ( 'NONE',  ( 0.5823458351127204200, 0.5999999999999998700, -1.437078121965963000 ) ) ;
#2199 = ADVANCED_FACE ( 'NONE', ( #9398 ), #8187, .F. ) ;
#2200 = ADVANCED_FACE ( 'NONE', ( #8366 ), #7497, .T. ) ;
#2201 = AXIS2_PLACEMENT_3D ( 'NONE', #5334, #225, #1664 ) ;
#2202 = AXIS2_PLACEMENT_3D ( 'NONE', #1588, #6144, #2322 ) ;
#2203 = FACE_OUTER_BOUND ( 'NONE', #3614, .T. ) ;
#2204 = ORIENTED_EDGE ( 'NONE', *, *, #8469, .F. ) ;
#2205 = CARTESIAN_POINT ( 'NONE',  ( -0.9879841896435035400, 0.02500000000000050400, 1.437978226564350400 ) ) ;
#2206 = DIRECTION ( 'NONE',  ( 0.0000000000000000000, 0.0000000000000000000, -1.000000000000000000 ) ) ;
#2207 = COLOUR_RGB ( '',1.000000000000000000, 1.000000000000000000, 1.000000000000000000 ) ;
#2208 = CARTESIAN_POINT ( 'NONE',  ( 1.500000000000000400, 0.8000000000000001600, 1.134750653960801700 ) ) ;
#2209 = CARTESIAN_POINT ( 'NONE',  ( -1.434782608695653000, 0.5999999999999997600, 1.130499522691896400 ) ) ;
#2210 = ORIENTED_EDGE ( 'NONE', *, *, #535, .F. ) ;
#2211 = CARTESIAN_POINT ( 'NONE',  ( -0.6183680235135642400, 0.7875852410257120400, -1.495951709030123500 ) ) ;
#2212 = CARTESIAN_POINT ( 'NONE',  ( 0.6000000000000004200, 0.0000000000000000000, -1.499999999999999800 ) ) ;
#2213 = CARTESIAN_POINT ( 'NONE',  ( -0.7470000000000001100, 1.200000000000000200, -0.1274999999999999700 ) ) ;
#2214 = FACE_OUTER_BOUND ( 'NONE', #2074, .T. ) ;
#2215 = LINE ( 'NONE', #2697, #4655 ) ;
#2216 = CARTESIAN_POINT ( 'NONE',  ( -0.5895000000000000200, 1.150000000000000100, 0.2600000000000001200 ) ) ;
#2217 = PLANE ( 'NONE',  #835 ) ;
#2218 = CARTESIAN_POINT ( 'NONE',  ( -0.5390000000000001500, 1.200000000000000200, 0.1349999999999999800 ) ) ;
#2219 = MECHANICAL_DESIGN_GEOMETRIC_PRESENTATION_REPRESENTATION (  '', ( #3362 ), #904 ) ;
#2220 = CARTESIAN_POINT ( 'NONE',  ( -0.6420000000000002400, 1.150000000000000100, 0.1050000000000000700 ) ) ;
#2221 = EDGE_CURVE ( 'NONE', #8721, #3054, #3262, .T. ) ;
#2222 = CARTESIAN_POINT ( 'NONE',  ( 0.8250971785632891200, 0.6000000000001478600, -1.385479731061327400 ) ) ;
#2223 = EDGE_CURVE ( 'NONE', #5630, #2075, #6988, .T. ) ;
#2224 = CARTESIAN_POINT ( 'NONE',  ( -0.6000000000000002000, -0.0000000000000000000, -1.499999999999999600 ) ) ;
#2225 = LINE ( 'NONE', #323, #2558 ) ;
#2226 = CARTESIAN_POINT ( 'NONE',  ( 1.434291680171425600, 0.5999814616027773200, -1.143139818994376200 ) ) ;
#2227 = DIRECTION ( 'NONE',  ( 0.0000000000000000000, 0.0000000000000000000, 1.000000000000000000 ) ) ;
#2228 = DIRECTION ( 'NONE',  ( 0.0000000000000000000, 0.0000000000000000000, -1.000000000000000000 ) ) ;
#2229 = ORIENTED_EDGE ( 'NONE', *, *, #3453, .F. ) ;
#2230 = CARTESIAN_POINT ( 'NONE',  ( -1.279941855525978900, -0.0000000000000000000, -1.130499522727401300 ) ) ;
#2231 = AXIS2_PLACEMENT_3D ( 'NONE', #8425, #1783, #4727 ) ;
#2232 = CARTESIAN_POINT ( 'NONE',  ( -1.071683117374890600, 0.4830467579768450400, 1.440634282167600100 ) ) ;
#2233 = CARTESIAN_POINT ( 'NONE',  ( -1.495438813163062500, 0.4139876401529828900, 0.3768331744895697700 ) ) ;
#2234 = ADVANCED_FACE ( 'NONE', ( #829 ), #7683, .T. ) ;
#2235 = DIRECTION ( 'NONE',  ( 0.0000000000000000000, 0.0000000000000000000, 1.000000000000000000 ) ) ;
#2236 = DIRECTION ( 'NONE',  ( 0.0000000000000000000, 0.0000000000000000000, -1.000000000000000000 ) ) ;
#2237 = CARTESIAN_POINT ( 'NONE',  ( -1.500000000000000400, 0.8000000000000001600, -1.134750653960801900 ) ) ;
#2238 = CARTESIAN_POINT ( 'NONE',  ( -1.495438812485683700, 0.7860123582894306100, 1.136612612534027200 ) ) ;
#2239 = ORIENTED_EDGE ( 'NONE', *, *, #6338, .T. ) ;
#2240 = CARTESIAN_POINT ( 'NONE',  ( -0.7995000000000001000, 1.150000000000000100, 0.1825000000000000000 ) ) ;
#2241 = PRESENTATION_STYLE_ASSIGNMENT (( #1407 ) ) ;
#2242 = AXIS2_PLACEMENT_3D ( 'NONE', #1846, #7764, #6954 ) ;
#2243 = ORIENTED_EDGE ( 'NONE', *, *, #4890, .T. ) ;
#2244 = CARTESIAN_POINT ( 'NONE',  ( -0.7142662410209355000, 0.7907215304527267500, 1.476672690639321300 ) ) ;
#2245 = EDGE_CURVE ( 'NONE', #2034, #3048, #1747, .T. ) ;
#2246 = AXIS2_PLACEMENT_3D ( 'NONE', #580, #9361, #473 ) ;
#2247 = FACE_OUTER_BOUND ( 'NONE', #445, .T. ) ;
#2248 = CARTESIAN_POINT ( 'NONE',  ( -1.108105998351512700, 0.02639512947488284800, 1.391998736026491200 ) ) ;
#2249 =( GEOMETRIC_REPRESENTATION_CONTEXT ( 3 ) GLOBAL_UNCERTAINTY_ASSIGNED_CONTEXT ( ( #3907 ) ) GLOBAL_UNIT_ASSIGNED_CONTEXT ( ( #4495, #2290, #3740 ) ) REPRESENTATION_CONTEXT ( 'NONE', 'WORKASPACE' ) );
#2250 = ORIENTED_EDGE ( 'NONE', *, *, #8024, .F. ) ;
#2251 = FACE_OUTER_BOUND ( 'NONE', #8147, .T. ) ;
#2252 =( NAMED_UNIT ( * ) SI_UNIT ( $, .STERADIAN. ) SOLID_ANGLE_UNIT ( ) );
#2253 = FACE_OUTER_BOUND ( 'NONE', #732, .T. ) ;
#2254 = CARTESIAN_POINT ( 'NONE',  ( -1.035972273666155000, 0.4935892368377074500, 1.448224856320664600 ) ) ;
#2255 = CARTESIAN_POINT ( 'NONE',  ( 1.207302932692715200, 0.4073572315977310700, 1.368805946428052200 ) ) ;
#2256 = EDGE_LOOP ( 'NONE', ( #9298, #1245 ) ) ;
#2257 = CARTESIAN_POINT ( 'NONE',  ( 1.022670342590412500, 0.5102745190284825300, 1.436201569232301600 ) ) ;
#2258 = CARTESIAN_POINT ( 'NONE',  ( 0.5997232021850393800, 0.4080762362277933800, -1.497366444708328100 ) ) ;
#2259 = DIRECTION ( 'NONE',  ( 0.0000000000000000000, 0.0000000000000000000, 1.000000000000000000 ) ) ;
#2260 = VECTOR ( 'NONE', #6025, 1000.000000000000000 ) ;
#2261 =( NAMED_UNIT ( * ) PLANE_ANGLE_UNIT ( ) SI_UNIT ( $, .RADIAN. ) );
#2262 = ORIENTED_EDGE ( 'NONE', *, *, #8989, .F. ) ;
#2263 = ORIENTED_EDGE ( 'NONE', *, *, #3499, .F. ) ;
#2264 = AXIS2_PLACEMENT_3D ( 'NONE', #6663, #103, #5952 ) ;
#2265 = CARTESIAN_POINT ( 'NONE',  ( -0.9570000000000001800, 1.150000000000000100, 1.171986986784016800E-016 ) ) ;
#2266 = CARTESIAN_POINT ( 'NONE',  ( 1.347600147397549600, 0.3979999999999999600, -1.341759427031396400 ) ) ;
#2267 = CARTESIAN_POINT ( 'NONE',  ( 1.395756872608399300, 0.3999999999999999700, -1.317615713281688800 ) ) ;
#2268 =( LENGTH_UNIT ( ) NAMED_UNIT ( * ) SI_UNIT ( .MILLI., .METRE. ) );
#2269 = FACE_OUTER_BOUND ( 'NONE', #540, .T. ) ;
#2270 = CARTESIAN_POINT ( 'NONE',  ( 1.083650699927993600, 0.2188115784608656000, 1.438090493968610600 ) ) ;
#2271 = LINE ( 'NONE', #8785, #3064 ) ;
#2272 = CARTESIAN_POINT ( 'NONE',  ( -1.488487122974123000, 0.3999999999999999700, 1.200745222768979000 ) ) ;
#2273 = DIRECTION ( 'NONE',  ( 0.0000000000000000000, 0.0000000000000000000, 1.000000000000000000 ) ) ;
#2274 = ORIENTED_EDGE ( 'NONE', *, *, #4329, .T. ) ;
#2275 = EDGE_LOOP ( 'NONE', ( #6207, #6666 ) ) ;
#2276 = VERTEX_POINT ( 'NONE', #8904 ) ;
#2277 = DIRECTION ( 'NONE',  ( 0.0000000000000000000, -0.0000000000000000000, -1.000000000000000000 ) ) ;
#2278 = EDGE_CURVE ( 'NONE', #6458, #4276, #140, .T. ) ;
#2279 = AXIS2_PLACEMENT_3D ( 'NONE', #1263, #654, #3562 ) ;
#2280 = FACE_BOUND ( 'NONE', #6156, .T. ) ;
#2281 = LINE ( 'NONE', #1375, #991 ) ;
#2282 = VECTOR ( 'NONE', #8691, 1000.000000000000200 ) ;
#2283 = EDGE_CURVE ( 'NONE', #6925, #4767, #6876, .T. ) ;
#2284 = EDGE_CURVE ( 'NONE', #7997, #5924, #1865, .T. ) ;
#2285 = ORIENTED_EDGE ( 'NONE', *, *, #4753, .T. ) ;
#2286 = FACE_OUTER_BOUND ( 'NONE', #6594, .T. ) ;
#2287 = ORIENTED_EDGE ( 'NONE', *, *, #5264, .T. ) ;
#2288 = DIRECTION ( 'NONE',  ( 0.0000000000000000000, 0.0000000000000000000, -1.000000000000000000 ) ) ;
#2289 = ORIENTED_EDGE ( 'NONE', *, *, #7704, .F. ) ;
#2290 =( NAMED_UNIT ( * ) PLANE_ANGLE_UNIT ( ) SI_UNIT ( $, .RADIAN. ) );
#2291 = DIRECTION ( 'NONE',  ( 0.0000000000000000000, 0.0000000000000000000, 1.000000000000000000 ) ) ;
#2292 = ADVANCED_FACE ( 'NONE', ( #7447 ), #939, .T. ) ;
#2293 = ADVANCED_FACE ( 'NONE', ( #1409 ), #3168, .T. ) ;
#2294 = DIRECTION ( 'NONE',  ( 0.0000000000000000000, 1.000000000000000000, 0.0000000000000000000 ) ) ;
#2295 = ORIENTED_EDGE ( 'NONE', *, *, #2524, .T. ) ;
#2296 = CIRCLE ( 'NONE', #5618, 0.02000000000000004900 ) ;
#2297 = ORIENTED_EDGE ( 'NONE', *, *, #3126, .F. ) ;
#2298 = ORIENTED_EDGE ( 'NONE', *, *, #3139, .F. ) ;
#2299 = EDGE_CURVE ( 'NONE', #4848, #798, #3491, .T. ) ;
#2300 = DIRECTION ( 'NONE',  ( 0.0000000000000000000, 0.0000000000000000000, -1.000000000000000000 ) ) ;
#2301 = VECTOR ( 'NONE', #7460, 1000.000000000000000 ) ;
#2302 = CARTESIAN_POINT ( 'NONE',  ( -1.109569398320966900, 0.4599999999999999600, 1.391687680760637100 ) ) ;
#2303 = VERTEX_POINT ( 'NONE', #6142 ) ;
#2304 = CARTESIAN_POINT ( 'NONE',  ( -1.325694516421790100, 0.3999999999999997400, -1.345748868766599500 ) ) ;
#2305 = VECTOR ( 'NONE', #8211, 1000.000000000000100 ) ;
#2306 = ORIENTED_EDGE ( 'NONE', *, *, #5208, .T. ) ;
#2307 = ORIENTED_EDGE ( 'NONE', *, *, #5825, .T. ) ;
#2308 = CARTESIAN_POINT ( 'NONE',  ( -0.9587566223550471100, 0.4000000000000007400, -1.423743925875863700 ) ) ;
#2309 = CARTESIAN_POINT ( 'NONE',  ( -0.4370000000000001100, 1.150000000000000100, 4.127059713126576100E-017 ) ) ;
#2310 = DIRECTION ( 'NONE',  ( 0.0000000000000000000, 0.0000000000000000000, -1.000000000000000000 ) ) ;
#2311 = DIRECTION ( 'NONE',  ( 0.0000000000000000000, -0.0000000000000000000, -1.000000000000000000 ) ) ;
#2312 = VECTOR ( 'NONE', #1234, 1000.000000000000000 ) ;
#2313 = EDGE_CURVE ( 'NONE', #8063, #6783, #6845, .T. ) ;
#2314 = AXIS2_PLACEMENT_3D ( 'NONE', #1814, #3292, #5544 ) ;
#2315 = AXIS2_PLACEMENT_3D ( 'NONE', #8713, #9511, #2899 ) ;
#2316 = CARTESIAN_POINT ( 'NONE',  ( 1.065216944259243000, 0.5087210017398259300, 1.426963426698375300 ) ) ;
#2317 = LINE ( 'NONE', #6211, #8873 ) ;
#2318 = VERTEX_POINT ( 'NONE', #5444 ) ;
#2319 = CLOSED_SHELL ( 'NONE', ( #3625, #4531, #3768, #3141 ) ) ;
#2320 = MANIFOLD_SOLID_BREP ( 'Boss-Extrude7[20]', #1579 ) ;
#2321 = FACE_OUTER_BOUND ( 'NONE', #4571, .T. ) ;
#2322 = DIRECTION ( 'NONE',  ( 0.0000000000000000000, -0.0000000000000000000, 1.000000000000000000 ) ) ;
#2323 = ORIENTED_EDGE ( 'NONE', *, *, #5083, .F. ) ;
#2324 = CARTESIAN_POINT ( 'NONE',  ( 1.087031481774842800, 0.7918821671516774700, -1.398819047422002600 ) ) ;
#2325 = DIRECTION ( 'NONE',  ( -0.06823212742845995200, 0.9975640502598247500, 0.01450318640162372900 ) ) ;
#2326 = STYLED_ITEM ( 'NONE', ( #6562 ), #6775 ) ;
#2327 = VECTOR ( 'NONE', #90, 1000.000000000000200 ) ;
#2328 = DIRECTION ( 'NONE',  ( 0.0000000000000000000, 0.0000000000000000000, 1.000000000000000000 ) ) ;
#2329 = CARTESIAN_POINT ( 'NONE',  ( -1.007000000000000100, 1.150000000000000100, 0.1350000000000000400 ) ) ;
#2330 = CYLINDRICAL_SURFACE ( 'NONE', #3169, 0.2200581444740220300 ) ;
#2331 = CARTESIAN_POINT ( 'NONE',  ( -0.6945000000000002300, 1.150000000000000100, 0.1825000000000001100 ) ) ;
#2332 = CARTESIAN_POINT ( 'NONE',  ( -0.9550000000000000700, 1.150000000000000100, 0.1350000000000000400 ) ) ;
#2333 = CARTESIAN_POINT ( 'NONE',  ( -1.434782608695653400, 0.6000000000000000900, -1.151328281294501600 ) ) ;
#2334 = ADVANCED_FACE ( 'NONE', ( #7798 ), #4750, .T. ) ;
#2335 = ORIENTED_EDGE ( 'NONE', *, *, #6230, .T. ) ;
#2336 = ADVANCED_FACE ( 'NONE', ( #8127 ), #5506, .F. ) ;
#2337 = CARTESIAN_POINT ( 'NONE',  ( -0.9045000000000001900, 1.086360389693210800, 0.2375000000000001300 ) ) ;
#2338 = CIRCLE ( 'NONE', #2632, 0.02249999999999995100 ) ;
#2339 = DIRECTION ( 'NONE',  ( 0.0000000000000000000, 0.0000000000000000000, 1.000000000000000000 ) ) ;
#2340 = CARTESIAN_POINT ( 'NONE',  ( -0.6187541509432501500, 0.7907215304527253100, -1.496974412104149500 ) ) ;
#2341 = VECTOR ( 'NONE', #5538, 1000.000000000000100 ) ;
#2342 = CARTESIAN_POINT ( 'NONE',  ( -0.6021756194506230300, 0.5350177308742548600, -1.455972479062742400 ) ) ;
#2343 = DIRECTION ( 'NONE',  ( 0.9781476007338070200, 0.0000000000000000000, 0.2079116908177526000 ) ) ;
#2344 = AXIS2_PLACEMENT_3D ( 'NONE', #7665, #354, #6918 ) ;
#2345 = CARTESIAN_POINT ( 'NONE',  ( -0.9045000000000001900, 1.150000000000000100, -0.2599999999999999500 ) ) ;
#2346 = CARTESIAN_POINT ( 'NONE',  ( -1.279941855525978100, 3.532091952673165100, 1.130499522727402200 ) ) ;
#2347 = EDGE_CURVE ( 'NONE', #1809, #298, #5621, .T. ) ;
#2348 = EDGE_CURVE ( 'NONE', #8940, #2185, #7775, .T. ) ;
#2349 = CIRCLE ( 'NONE', #7211, 0.02250000000000005800 ) ;
#2350 = CARTESIAN_POINT ( 'NONE',  ( 1.495433844132951800, 0.7859971220077204300, -1.134453013459255200 ) ) ;
#2351 = DIRECTION ( 'NONE',  ( 0.0000000000000000000, 0.0000000000000000000, 1.000000000000000000 ) ) ;
#2352 = CARTESIAN_POINT ( 'NONE',  ( -0.8520000000000000900, 1.200000000000000200, -0.08249999999999986500 ) ) ;
#2353 = ORIENTED_EDGE ( 'NONE', *, *, #3531, .T. ) ;
#2354 = CARTESIAN_POINT ( 'NONE',  ( -0.4870000000000002100, 1.200000000000000200, -0.1574999999999999700 ) ) ;
#2355 = FACE_OUTER_BOUND ( 'NONE', #9187, .T. ) ;
#2356 = B_SPLINE_CURVE_WITH_KNOTS ( 'NONE', 3,
 ( #5997, #8857, #52, #3692, #5213, #4429, #89 ),
 .UNSPECIFIED., .F., .F.,
 ( 4, 1, 1, 1, 4 ),
 ( -5.999999999964367200E-008, 0.0005651897612930118200, 0.001130439522586023100, 0.001695689283879034900, 0.002260939045172046200 ),
 .UNSPECIFIED. ) ;
#2357 = EDGE_LOOP ( 'NONE', ( #7132, #2509, #8825, #8613 ) ) ;
#2358 = DIRECTION ( 'NONE',  ( 0.0000000000000000000, 0.0000000000000000000, 1.000000000000000000 ) ) ;
#2359 = AXIS2_PLACEMENT_3D ( 'NONE', #1275, #3505, #9417 ) ;
#2360 = AXIS2_PLACEMENT_3D ( 'NONE', #6970, #1034, #5631 ) ;
#2361 = VECTOR ( 'NONE', #9188, 1000.000000000000000 ) ;
#2362 = DIRECTION ( 'NONE',  ( 0.0000000000000000000, 0.0000000000000000000, 1.000000000000000000 ) ) ;
#2363 = CARTESIAN_POINT ( 'NONE',  ( -1.500652173913042500, 0.3980000000000000200, 8.738669510233166700E-016 ) ) ;
#2364 = ORIENTED_EDGE ( 'NONE', *, *, #2550, .F. ) ;
#2365 = CARTESIAN_POINT ( 'NONE',  ( -0.7995000000000002100, 1.150000000000000100, -0.2275000000000000100 ) ) ;
#2366 = CARTESIAN_POINT ( 'NONE',  ( -1.007000000000000100, 1.200000000000000200, -0.1574999999999999200 ) ) ;
#2367 = LINE ( 'NONE', #8886, #383 ) ;
#2368 = DIRECTION ( 'NONE',  ( 0.0000000000000000000, 1.000000000000000000, 0.0000000000000000000 ) ) ;
#2369 = EDGE_LOOP ( 'NONE', ( #3518, #1472, #4247, #4033 ) ) ;
#2370 = EDGE_CURVE ( 'NONE', #3797, #2871, #7218, .T. ) ;
#2371 = CYLINDRICAL_SURFACE ( 'NONE', #7158, 0.02000000000000005200 ) ;
#2372 = FACE_OUTER_BOUND ( 'NONE', #1812, .T. ) ;
#2373 = PRESENTATION_STYLE_ASSIGNMENT (( #9343 ) ) ;
#2374 = ORIENTED_EDGE ( 'NONE', *, *, #5109, .F. ) ;
#2375 = VERTEX_POINT ( 'NONE', #1807 ) ;
#2376 = PRESENTATION_LAYER_ASSIGNMENT (  '', '', ( #874 ) ) ;
#2377 = ORIENTED_EDGE ( 'NONE', *, *, #3393, .F. ) ;
#2378 = AXIS2_PLACEMENT_3D ( 'NONE', #8734, #1332, #1297 ) ;
#2379 = PLANE ( 'NONE',  #5438 ) ;
#2380 = ADVANCED_FACE ( 'NONE', ( #8120 ), #8316, .T. ) ;
#2381 = ADVANCED_FACE ( 'NONE', ( #8021 ), #1895, .T. ) ;
#2382 = EDGE_CURVE ( 'NONE', #4341, #7452, #9023, .T. ) ;
#2383 = CARTESIAN_POINT ( 'NONE',  ( 1.375010933311114700, 0.8000000000786928700, 1.339517471992119700 ) ) ;
#2384 = CYLINDRICAL_SURFACE ( 'NONE', #7887, 0.02250000000000005800 ) ;
#2385 = ORIENTED_EDGE ( 'NONE', *, *, #7439, .F. ) ;
#2386 = VECTOR ( 'NONE', #224, 1000.000000000000200 ) ;
#2388 = ORIENTED_EDGE ( 'NONE', *, *, #3360, .T. ) ;
#2387 = EDGE_CURVE ( 'NONE', #414, #6198, #5373, .T. ) ;
#2389 = CARTESIAN_POINT ( 'NONE',  ( -0.6945000000000002300, 1.200000000000000200, -0.2274999999999999000 ) ) ;
#2390 = VERTEX_POINT ( 'NONE', #1842 ) ;
#2391 = CARTESIAN_POINT ( 'NONE',  ( -0.7470000000000000000, 1.150000000000000100, -0.2849999999999998600 ) ) ;
#2392 = ORIENTED_EDGE ( 'NONE', *, *, #3489, .T. ) ;
#2393 = ORIENTED_EDGE ( 'NONE', *, *, #7072, .F. ) ;
#2394 = DIRECTION ( 'NONE',  ( 0.0000000000000000000, -0.0000000000000000000, -1.000000000000000000 ) ) ;
#2395 = ORIENTED_EDGE ( 'NONE', *, *, #8560, .F. ) ;
#2396 = CARTESIAN_POINT ( 'NONE',  ( -0.9921424234598587000, 0.02500000000000050800, 1.457541178579026400 ) ) ;
#2397 = DIRECTION ( 'NONE',  ( 0.0000000000000000000, 0.0000000000000000000, 1.000000000000000000 ) ) ;
#2398 = CARTESIAN_POINT ( 'NONE',  ( 1.438010820619972400, 0.3999999999999999700, -1.283600108041317100 ) ) ;
#2399 = VERTEX_POINT ( 'NONE', #6303 ) ;
#2400 = VERTEX_POINT ( 'NONE', #3417 ) ;
#2401 = EDGE_LOOP ( 'NONE', ( #6811, #5186, #8293, #5639 ) ) ;
#2402 = AXIS2_PLACEMENT_3D ( 'NONE', #8786, #5894, #157 ) ;
#2403 = EDGE_CURVE ( 'NONE', #8773, #3186, #3248, .T. ) ;
#2404 = EDGE_CURVE ( 'NONE', #9273, #2490, #2225, .T. ) ;
#2405 = DIRECTION ( 'NONE',  ( -0.9781476007338069100, 0.0000000000000000000, 0.2079116908177528200 ) ) ;
#2406 = DIRECTION ( 'NONE',  ( 0.0000000000000000000, 1.000000000000000000, -0.0000000000000000000 ) ) ;
#2407 = VERTEX_POINT ( 'NONE', #2679 ) ;
#2408 = CARTESIAN_POINT ( 'NONE',  ( -0.5997232021850383800, 0.4080762362277926000, 1.497366444708328800 ) ) ;
#2409 = FACE_OUTER_BOUND ( 'NONE', #7850, .T. ) ;
#2410 = ORIENTED_EDGE ( 'NONE', *, *, #144, .T. ) ;
#2411 = CARTESIAN_POINT ( 'NONE',  ( -0.5895000000000001400, 1.086360389693210800, -0.2600000000000000100 ) ) ;
#2412 = CARTESIAN_POINT ( 'NONE',  ( 1.325889226550886800, 0.7907169294320234300, -1.346664907692320900 ) ) ;
#2413 = CARTESIAN_POINT ( 'NONE',  ( 0.9821908256676596900, 0.4852799628794923200, 1.441732749094829500 ) ) ;
#2414 = CYLINDRICAL_SURFACE ( 'NONE', #4972, 0.02250000000000005800 ) ;
#2415 = ORIENTED_EDGE ( 'NONE', *, *, #7072, .T. ) ;
#2416 = PRESENTATION_LAYER_ASSIGNMENT (  '', '', ( #1408 ) ) ;
#2417 = DIRECTION ( 'NONE',  ( 0.0000000000000000000, 0.0000000000000000000, -1.000000000000000000 ) ) ;
#2418 = DIRECTION ( 'NONE',  ( 0.0000000000000000000, -0.0000000000000000000, -1.000000000000000000 ) ) ;
#2419 = ORIENTED_EDGE ( 'NONE', *, *, #3401, .F. ) ;
#2420 = PLANE ( 'NONE',  #7651 ) ;
#2421 = CARTESIAN_POINT ( 'NONE',  ( 1.500000000000000700, 0.3999999999999999700, -1.152076427983975000 ) ) ;
#2422 = B_SPLINE_CURVE_WITH_KNOTS ( 'NONE', 3,
 ( #4286, #2112, #9437, #589 ),
 .UNSPECIFIED., .F., .F.,
 ( 4, 4 ),
 ( 0.0000000000000000000, 4.981195386652802200E-006 ),
 .UNSPECIFIED. ) ;
#2423 = VECTOR ( 'NONE', #3474, 1000.000000000000000 ) ;
#2424 = CARTESIAN_POINT ( 'NONE',  ( -1.139134263426100600, 0.3999999999999994700, -1.385403474687650500 ) ) ;
#2425 = ORIENTED_EDGE ( 'NONE', *, *, #4220, .T. ) ;
#2426 = ADVANCED_FACE ( 'NONE', ( #3478 ), #5953, .T. ) ;
#2427 =( BOUNDED_SURFACE ( )  B_SPLINE_SURFACE ( 3, 2, ( 
 ( #5786, #3471, #2026 ),
 ( #2098, #2066, #4224 ),
 ( #7293, #4995, #1990 ),
 ( #1272, #7257, #8651 ) ),
 .UNSPECIFIED., .F., .F., .T. ) 
 B_SPLINE_SURFACE_WITH_KNOTS ( ( 4, 4 ),
 ( 3, 3 ),
 ( 0.0003907020733681790900, 0.0005245881375685636200 ),
 ( 0.0000000000000000000, 1.000000000000000000 ),
 .UNSPECIFIED. ) 
 GEOMETRIC_REPRESENTATION_ITEM ( )  RATIONAL_B_SPLINE_SURFACE ( (
 ( 1.000000000000000000, 0.7071067811865484600, 1.000000000000000000),
 ( 1.000000000000000000, 0.7071067811865484600, 1.000000000000000000),
 ( 1.000000000000000000, 0.7071067811865471300, 1.000000000000000000),
 ( 1.000000000000000000, 0.7071067811865471300, 1.000000000000000000) ) ) 
 REPRESENTATION_ITEM ( '' )  SURFACE ( )  );
#2428 = CARTESIAN_POINT ( 'NONE',  ( -1.007000000000000100, 1.150000000000000100, 0.1350000000000000400 ) ) ;
#2429 = DIRECTION ( 'NONE',  ( 2.168404344971009100E-016, 0.0000000000000000000, 1.000000000000000000 ) ) ;
#2430 = EDGE_CURVE ( 'NONE', #3547, #7423, #4305, .T. ) ;
#2431 = AXIS2_PLACEMENT_3D ( 'NONE', #866, #6821, #7555 ) ;
#2432 =( GEOMETRIC_REPRESENTATION_CONTEXT ( 3 ) GLOBAL_UNCERTAINTY_ASSIGNED_CONTEXT ( ( #3781 ) ) GLOBAL_UNIT_ASSIGNED_CONTEXT ( ( #6718, #2261, #7440 ) ) REPRESENTATION_CONTEXT ( 'NONE', 'WORKASPACE' ) );
#2433 = FACE_OUTER_BOUND ( 'NONE', #5098, .T. ) ;
#2434 = CARTESIAN_POINT ( 'NONE',  ( 1.098086069512212500, 0.4669697199502052500, 1.415712877857990200 ) ) ;
#2435 = ORIENTED_EDGE ( 'NONE', *, *, #1320, .T. ) ;
#2436 = DIRECTION ( 'NONE',  ( -0.2079116908177527400, 4.463728848905789400E-017, 0.9781476007338070200 ) ) ;
#2437 = CARTESIAN_POINT ( 'NONE',  ( -0.5996424673428293300, 0.4120175086555273300, 1.496081247177545300 ) ) ;
#2438 = LINE ( 'NONE', #9418, #6646 ) ;
#2439 = FACE_OUTER_BOUND ( 'NONE', #3380, .T. ) ;
#2440 = STYLED_ITEM ( 'NONE', ( #3851 ), #7601 ) ;
#2441 = CARTESIAN_POINT ( 'NONE',  ( 1.500000000000000900, 0.8000000000000013800, 0.5624734095306166400 ) ) ;
#2442 = AXIS2_PLACEMENT_3D ( 'NONE', #7188, #2742, #3404 ) ;
#2443 = CARTESIAN_POINT ( 'NONE',  ( -0.7470000000000001100, 1.086360389693210800, 6.049755187787927500E-017 ) ) ;
#2444 = DIRECTION ( 'NONE',  ( 0.0000000000000000000, 1.000000000000000000, 0.0000000000000000000 ) ) ;
#2445 = CARTESIAN_POINT ( 'NONE',  ( 1.500000000000000200, 0.4000000000000002400, -0.5603006523856114400 ) ) ;
#2446 = CARTESIAN_POINT ( 'NONE',  ( 1.099055418126314600, 0.2195099938507023600, 1.414369308137579200 ) ) ;
#2447 = VECTOR ( 'NONE', #2526, 1000.000000000000000 ) ;
#2448 = CARTESIAN_POINT ( 'NONE',  ( -1.455735111161528600, 0.7999999999999999300, -1.275744909003047000 ) ) ;
#2449 = CARTESIAN_POINT ( 'NONE',  ( -0.5370000000000001400, 1.150000000000000100, 6.576353311421284500E-017 ) ) ;
#2450 = EDGE_CURVE ( 'NONE', #4209, #764, #7905, .T. ) ;
#2451 = CARTESIAN_POINT ( 'NONE',  ( 1.500000000000000000, 0.8000000000000001600, -1.312950225730386000 ) ) ;
#2452 = CARTESIAN_POINT ( 'NONE',  ( 0.5965726879804678100, 0.5000000000000000000, 1.467391304347825900 ) ) ;
#2453 = VECTOR ( 'NONE', #7431, 1000.000000000000200 ) ;
#2454 = FILL_AREA_STYLE ('',( #7663 ) ) ;
#2455 = CARTESIAN_POINT ( 'NONE',  ( -1.494364297052097800, 0.4132537811850461300, -1.155088192163447300 ) ) ;
#2456 = ORIENTED_EDGE ( 'NONE', *, *, #3453, .T. ) ;
#2457 = PLANE ( 'NONE',  #21 ) ;
#2458 = AXIS2_PLACEMENT_3D ( 'NONE', #887, #6840, #7566 ) ;
#2459 = FACE_OUTER_BOUND ( 'NONE', #7809, .T. ) ;
#2460 = PLANE ( 'NONE',  #8567 ) ;
#2461 = EDGE_CURVE ( 'NONE', #3081, #4195, #22, .T. ) ;
#2462 = ADVANCED_FACE ( 'NONE', ( #8900 ), #9372, .F. ) ;
#2463 = CARTESIAN_POINT ( 'NONE',  ( -1.108105998351512900, 0.02639512947488283800, 1.391998736026492000 ) ) ;
#2464 = ORIENTED_EDGE ( 'NONE', *, *, #4332, .T. ) ;
#2465 = CIRCLE ( 'NONE', #9550, 0.02250000000000005500 ) ;
#2466 = VERTEX_POINT ( 'NONE', #7306 ) ;
#2467 = CARTESIAN_POINT ( 'NONE',  ( 1.347233208491459300, 0.8000000000000000400, -1.345421809670801500 ) ) ;
#2468 = DIRECTION ( 'NONE',  ( 5.889419529499061100E-016, -1.000000000000000000, 2.253809921677687600E-016 ) ) ;
#2469 = CYLINDRICAL_SURFACE ( 'NONE', #8747, 0.02249999999999994400 ) ;
#2470 = EDGE_LOOP ( 'NONE', ( #5341, #404 ) ) ;
#2471 = VERTEX_POINT ( 'NONE', #3479 ) ;
#2472 = CARTESIAN_POINT ( 'NONE',  ( 1.495438813010085500, 0.7860123598976052100, -0.3768331742542463900 ) ) ;
#2473 = CARTESIAN_POINT ( 'NONE',  ( 1.456056274862534500, 0.4000000000000000200, -1.271040149391882800 ) ) ;
#2474 = B_SPLINE_CURVE_WITH_KNOTS ( 'NONE', 3,
 ( #6797, #132, #6766, #207, #7539, #1681, #7633 ),
 .UNSPECIFIED., .F., .F.,
 ( 4, 1, 1, 1, 4 ),
 ( 0.0000000000000000000, 0.0005633026050136602700, 0.001130499522766969800, 0.001697696440520279600, 0.002260999045525056000 ),
 .UNSPECIFIED. ) ;
#2475 = CARTESIAN_POINT ( 'NONE',  ( -0.7470000000000001100, 1.150000000000000100, 0.1050000000000000400 ) ) ;
#2476 = AXIS2_PLACEMENT_3D ( 'NONE', #1060, #4002, #8307 ) ;
#2477 = CARTESIAN_POINT ( 'NONE',  ( -1.455712411298292900, 0.8000000000000001600, 1.275781949798765700 ) ) ;
#2478 = SURFACE_STYLE_FILL_AREA ( #3682 ) ;
#2479 = CARTESIAN_POINT ( 'NONE',  ( -1.088590700704713800, 0.02500000000000050400, 1.396146840594262500 ) ) ;
#2480 = ORIENTED_EDGE ( 'NONE', *, *, #3665, .F. ) ;
#2481 = DIRECTION ( 'NONE',  ( -0.0000000000000000000, 1.000000000000000000, -0.0000000000000000000 ) ) ;
#2482 = PLANE ( 'NONE',  #433 ) ;
#2483 = FACE_BOUND ( 'NONE', #998, .T. ) ;
#2484 = FACE_OUTER_BOUND ( 'NONE', #2035, .T. ) ;
#2485 = DIRECTION ( 'NONE',  ( 0.0000000000000000000, 1.000000000000000000, -0.0000000000000000000 ) ) ;
#2486 = CARTESIAN_POINT ( 'NONE',  ( -0.8520000000000000900, 1.150000000000000100, 0.1050000000000000800 ) ) ;
#2487 = CARTESIAN_POINT ( 'NONE',  ( -1.495373060682325500, 0.4137851665574715000, -1.138198621976698000 ) ) ;
#2488 = ORIENTED_EDGE ( 'NONE', *, *, #9287, .T. ) ;
#2489 = AXIS2_PLACEMENT_3D ( 'NONE', #3789, #4549, #4652 ) ;
#2490 = VERTEX_POINT ( 'NONE', #1066 ) ;
#2491 = DIRECTION ( 'NONE',  ( -0.06823212742845970200, -0.9975640502598247500, 0.01450318640162376800 ) ) ;
#2492 = CARTESIAN_POINT ( 'NONE',  ( -0.9045000000000001900, 1.150000000000000100, -0.2599999999999999500 ) ) ;
#2493 = CIRCLE ( 'NONE', #3912, 0.02250000000000005800 ) ;
#2494 = EDGE_LOOP ( 'NONE', ( #5681, #8525, #1356, #6552 ) ) ;
#2495 = EDGE_CURVE ( 'NONE', #7577, #1352, #5834, .T. ) ;
#2496 = CIRCLE ( 'NONE', #6538, 0.02249999999999995100 ) ;
#2497 = ORIENTED_EDGE ( 'NONE', *, *, #9077, .F. ) ;
#2498 = VERTEX_POINT ( 'NONE', #1280 ) ;
#2499 = ORIENTED_EDGE ( 'NONE', *, *, #3665, .T. ) ;
#2500 = CARTESIAN_POINT ( 'NONE',  ( 1.494319327003034400, 0.8020000000000003800, -1.203594127488856200 ) ) ;
#2501 = DIRECTION ( 'NONE',  ( 0.0000000000000000000, 1.000000000000000000, 0.0000000000000000000 ) ) ;
#2502 = EDGE_CURVE ( 'NONE', #4276, #896, #4784, .T. ) ;
#2503 = DIRECTION ( 'NONE',  ( 0.0000000000000000000, -1.000000000000000000, 0.0000000000000000000 ) ) ;
#2504 = LINE ( 'NONE', #928, #6239 ) ;
#2505 = CARTESIAN_POINT ( 'NONE',  ( 1.426970944250410200, 0.6000000000000002000, -1.187002770122120200 ) ) ;
#2506 = CLOSED_SHELL ( 'NONE', ( #9537, #7885, #3191, #3820 ) ) ;
#2507 = CARTESIAN_POINT ( 'NONE',  ( -1.439066205041577500, 0.3999999999999999700, -1.282502905389062000 ) ) ;
#2508 = LINE ( 'NONE', #7490, #2165 ) ;
#2509 = ORIENTED_EDGE ( 'NONE', *, *, #5808, .T. ) ;
#2510 = VERTEX_POINT ( 'NONE', #6510 ) ;
#2511 = DIRECTION ( 'NONE',  ( -0.2079116908177527400, -9.800795950858354800E-017, -0.9781476007338070200 ) ) ;
#2512 = CARTESIAN_POINT ( 'NONE',  ( -0.6790653433039213200, 0.8020000000000001600, 1.488154528892009700 ) ) ;
#2513 = CARTESIAN_POINT ( 'NONE',  ( 0.2578897898751902300, 0.02499999999999659800, -1.900651182452482300 ) ) ;
#2514 = CARTESIAN_POINT ( 'NONE',  ( -0.9550000000000000700, 1.200000000000000200, -0.1349999999999998700 ) ) ;
#2515 = DIRECTION ( 'NONE',  ( 0.0000000000000000000, 0.0000000000000000000, -1.000000000000000000 ) ) ;
#2516 = VECTOR ( 'NONE', #8903, 999.9999999999998900 ) ;
#2517 = ORIENTED_EDGE ( 'NONE', *, *, #347, .F. ) ;
#2518 = AXIS2_PLACEMENT_3D ( 'NONE', #785, #5986, #1514 ) ;
#2519 = CIRCLE ( 'NONE', #3384, 0.02250000000000005800 ) ;
#2520 = VERTEX_POINT ( 'NONE', #5028 ) ;
#2521 = CARTESIAN_POINT ( 'NONE',  ( -1.007000000000000100, 1.150000000000000100, -0.1799999999999999900 ) ) ;
#2522 = ORIENTED_EDGE ( 'NONE', *, *, #4190, .F. ) ;
#2523 = EDGE_CURVE ( 'NONE', #8991, #8962, #7571, .T. ) ;
#2524 = EDGE_CURVE ( 'NONE', #8194, #9411, #3949, .T. ) ;
#2525 = DIRECTION ( 'NONE',  ( 0.9781476007338062400, -0.0000000000000000000, -0.2079116908177569600 ) ) ;
#2526 = DIRECTION ( 'NONE',  ( 0.0000000000000000000, 1.000000000000000000, 0.0000000000000000000 ) ) ;
#2527 = CARTESIAN_POINT ( 'NONE',  ( -1.428289071903438700, 0.5999702101757721200, -1.175209300951428400 ) ) ;
#2528 = FACE_OUTER_BOUND ( 'NONE', #2868, .T. ) ;
#2529 = DIRECTION ( 'NONE',  ( 0.0000000000000000000, 1.000000000000000000, -0.0000000000000000000 ) ) ;
#2530 = CARTESIAN_POINT ( 'NONE',  ( 1.495219856254200100, 0.4136496433308529100, 1.142814011163822300 ) ) ;
#2531 = VECTOR ( 'NONE', #6135, 1000.000000000000000 ) ;
#2532 = EDGE_LOOP ( 'NONE', ( #4956, #5791, #8921, #5561 ) ) ;
#2533 = FACE_OUTER_BOUND ( 'NONE', #1415, .T. ) ;
#2534 = CARTESIAN_POINT ( 'NONE',  ( 1.500652173913043400, 0.8020000000000001600, -0.9422407747293416500 ) ) ;
#2535 = CARTESIAN_POINT ( 'NONE',  ( -0.7995000000000002100, 1.150000000000000100, -0.2049999999999999300 ) ) ;
#2536 = AXIS2_PLACEMENT_3D ( 'NONE', #2265, #5022, #3758 ) ;
#2537 = CARTESIAN_POINT ( 'NONE',  ( -0.9045000000000001900, 1.150000000000000100, 0.2375000000000001300 ) ) ;
#2538 = EDGE_LOOP ( 'NONE', ( #2618, #1909, #3687, #3569 ) ) ;
#2539 = DIRECTION ( 'NONE',  ( 0.0000000000000000000, 0.0000000000000000000, -1.000000000000000000 ) ) ;
#2540 = B_SPLINE_CURVE_WITH_KNOTS ( 'NONE', 3,
 ( #1835, #9162, #410, #6371, #5610, #4071 ),
 .UNSPECIFIED., .F., .F.,
 ( 4, 2, 4 ),
 ( 0.0000000000000000000, 0.0001491077572134351800, 0.0002982155144268703500 ),
 .UNSPECIFIED. ) ;
#2541 = CARTESIAN_POINT ( 'NONE',  ( -1.466207733209825600, 0.3999999999999999700, -1.247677207292406700 ) ) ;
#2542 = EDGE_CURVE ( 'NONE', #5556, #2059, #1511, .T. ) ;
#2543 = CYLINDRICAL_SURFACE ( 'NONE', #7770, 0.02250000000000004400 ) ;
#2544 = EDGE_CURVE ( 'NONE', #8902, #4341, #3701, .T. ) ;
#2545 = DIRECTION ( 'NONE',  ( 0.9781476007338061300, 0.0000000000000000000, 0.2079116908177575400 ) ) ;
#2546 =( NAMED_UNIT ( * ) SI_UNIT ( $, .STERADIAN. ) SOLID_ANGLE_UNIT ( ) );
#2547 = CARTESIAN_POINT ( 'NONE',  ( -0.7470000000000000000, 1.200000000000000200, -0.3074999999999999400 ) ) ;
#2548 = CARTESIAN_POINT ( 'NONE',  ( 1.094897184309959300, 0.4599999999999999100, 1.394806356122903400 ) ) ;
#2549 = CARTESIAN_POINT ( 'NONE',  ( -0.5823458511873609300, 0.5999999999999998700, -1.437078118549192500 ) ) ;
#2550 = EDGE_CURVE ( 'NONE', #1228, #2068, #6759, .T. ) ;
#2551 = PRESENTATION_LAYER_ASSIGNMENT (  '', '', ( #568 ) ) ;
#2552 = AXIS2_PLACEMENT_3D ( 'NONE', #4424, #3621, #9533 ) ;
#2553 = LINE ( 'NONE', #6050, #590 ) ;
#2554 = DIRECTION ( 'NONE',  ( -0.9976689818299084900, -0.06823930461598866300, 0.0000000000000000000 ) ) ;
#2555 = CARTESIAN_POINT ( 'NONE',  ( -0.6420000000000002400, 1.086360389693210800, 0.1050000000000000700 ) ) ;
#2556 = CARTESIAN_POINT ( 'NONE',  ( -1.434782608695653200, 0.5999999999999988700, -1.130499522697269600 ) ) ;
#2557 = EDGE_CURVE ( 'NONE', #5649, #6783, #8299, .T. ) ;
#2558 = VECTOR ( 'NONE', #452, 1000.000000000000200 ) ;
#2559 = DIRECTION ( 'NONE',  ( 0.0000000000000000000, 1.000000000000000000, -0.0000000000000000000 ) ) ;
#2560 = DIRECTION ( 'NONE',  ( 0.0000000000000000000, 0.0000000000000000000, -1.000000000000000000 ) ) ;
#2561 = DIRECTION ( 'NONE',  ( 0.0000000000000000000, 0.0000000000000000000, -1.000000000000000000 ) ) ;
#2562 = AXIS2_PLACEMENT_3D ( 'NONE', #4508, #8922, #8175 ) ;
#2563 = DIRECTION ( 'NONE',  ( 0.0000000000000000000, 0.0000000000000000000, -1.000000000000000000 ) ) ;
#2564 = FILL_AREA_STYLE ('',( #7014 ) ) ;
#2565 = DIRECTION ( 'NONE',  ( 0.0000000000000000000, 0.0000000000000000000, -1.000000000000000000 ) ) ;
#2566 = CARTESIAN_POINT ( 'NONE',  ( -0.6945000000000002300, 1.150000000000000100, -0.2049999999999999300 ) ) ;
#2567 = ORIENTED_EDGE ( 'NONE', *, *, #6337, .F. ) ;
#2568 = EDGE_CURVE ( 'NONE', #3528, #9434, #8009, .T. ) ;
#2569 = COLOUR_RGB ( '',1.000000000000000000, 1.000000000000000000, 1.000000000000000000 ) ;
#2570 = AXIS2_PLACEMENT_3D ( 'NONE', #4873, #8529, #1153 ) ;
#2571 = CARTESIAN_POINT ( 'NONE',  ( -1.494310824241347400, 0.8019999999999999400, -1.203611319094897600 ) ) ;
#2572 = CARTESIAN_POINT ( 'NONE',  ( -1.325694516421790400, 0.3999999999999999700, -1.345748868766599000 ) ) ;
#2573 = DIRECTION ( 'NONE',  ( 0.0000000000000000000, 1.000000000000000000, 0.0000000000000000000 ) ) ;
#2574 = EDGE_CURVE ( 'NONE', #2155, #8194, #812, .T. ) ;
#2575 = ORIENTED_EDGE ( 'NONE', *, *, #5401, .T. ) ;
#2576 = EDGE_CURVE ( 'NONE', #5441, #6802, #2338, .T. ) ;
#2577 = EDGE_CURVE ( 'NONE', #1419, #2375, #3246, .T. ) ;
#2578 = CARTESIAN_POINT ( 'NONE',  ( -0.9923099990469564900, 0.4867779796079357800, 1.440053328178821000 ) ) ;
#2579 = CYLINDRICAL_SURFACE ( 'NONE', #2089, 0.02250000000000005800 ) ;
#2580 = EDGE_LOOP ( 'NONE', ( #7948, #6577 ) ) ;
#2581 = DIRECTION ( 'NONE',  ( 0.0000000000000000000, 0.0000000000000000000, 1.000000000000000000 ) ) ;
#2582 = DIRECTION ( 'NONE',  ( -0.0000000000000000000, 1.000000000000000000, -0.0000000000000000000 ) ) ;
#2583 = ORIENTED_EDGE ( 'NONE', *, *, #7614, .T. ) ;
#2584 = CARTESIAN_POINT ( 'NONE',  ( -1.007000000000000100, 1.200000000000000200, -0.1574999999999999200 ) ) ;
#2585 = STYLED_ITEM ( 'NONE', ( #666 ), #4319 ) ;
#2586 = FACE_OUTER_BOUND ( 'NONE', #7827, .T. ) ;
#2587 = EDGE_LOOP ( 'NONE', ( #2636, #8145, #2306, #3867 ) ) ;
#2588 = CARTESIAN_POINT ( 'NONE',  ( 1.495444808898836100, 0.7860421869650378000, 1.136449269038611900 ) ) ;
#2589 = CYLINDRICAL_SURFACE ( 'NONE', #9108, 0.02250000000000005800 ) ;
#2590 = EDGE_CURVE ( 'NONE', #2490, #1671, #1051, .T. ) ;
#2591 = CARTESIAN_POINT ( 'NONE',  ( 0.9775194722219027200, 0.4599999999999998500, 1.419755759021033700 ) ) ;
#2592 = MANIFOLD_SOLID_BREP ( 'Cut-Extrude5', #966 ) ;
#2593 = VECTOR ( 'NONE', #4895, 1000.000000000000000 ) ;
#2594 = ORIENTED_EDGE ( 'NONE', *, *, #4069, .T. ) ;
#2595 = ORIENTED_EDGE ( 'NONE', *, *, #9065, .F. ) ;
#2596 = CARTESIAN_POINT ( 'NONE',  ( 1.427004805574064900, 0.6000000000000000900, 1.186857947964828200 ) ) ;
#2597 = CIRCLE ( 'NONE', #744, 0.02250000000000005800 ) ;
#2598 = CARTESIAN_POINT ( 'NONE',  ( -1.325104555681434900, 0.7907211330436763100, 1.346834854977745800 ) ) ;
#2599 = AXIS2_PLACEMENT_3D ( 'NONE', #9047, #8224, #1647 ) ;
#2600 = DIRECTION ( 'NONE',  ( -0.9781476007338061300, 0.0000000000000000000, -0.2079116908177569600 ) ) ;
#2601 = DIRECTION ( 'NONE',  ( 0.0000000000000000000, 1.000000000000000000, 0.0000000000000000000 ) ) ;
#2602 = ORIENTED_EDGE ( 'NONE', *, *, #9506, .T. ) ;
#2603 = CARTESIAN_POINT ( 'NONE',  ( 0.9816777060382549900, 0.4529234108412327200, 1.439318711035696400 ) ) ;
#2604 = ORIENTED_EDGE ( 'NONE', *, *, #1645, .F. ) ;
#2605 = EDGE_CURVE ( 'NONE', #7726, #8084, #3013, .T. ) ;
#2606 = CARTESIAN_POINT ( 'NONE',  ( -0.5390000000000001500, 1.150000000000000100, -0.1574999999999999700 ) ) ;
#2607 = PRESENTATION_LAYER_ASSIGNMENT (  '', '', ( #8240 ) ) ;
#2608 = CARTESIAN_POINT ( 'NONE',  ( -1.007000000000000100, 1.200000000000000200, 0.1800000000000001600 ) ) ;
#2609 = ADVANCED_FACE ( 'NONE', ( #8217 ), #6886, .F. ) ;
#2610 = ORIENTED_EDGE ( 'NONE', *, *, #4704, .F. ) ;
#2611 = ADVANCED_FACE ( 'NONE', ( #2439 ), #4296, .F. ) ;
#2612 = SURFACE_SIDE_STYLE ('',( #4119 ) ) ;
#2613 = LINE ( 'NONE', #6186, #2386 ) ;
#2614 = ORIENTED_EDGE ( 'NONE', *, *, #5350, .T. ) ;
#2615 = CARTESIAN_POINT ( 'NONE',  ( -1.010846508129718900, 0.5050500497074840200, 1.438083353419036900 ) ) ;
#2616 = CIRCLE ( 'NONE', #1924, 0.02250000000000005800 ) ;
#2617 = ORIENTED_EDGE ( 'NONE', *, *, #840, .T. ) ;
#2618 = ORIENTED_EDGE ( 'NONE', *, *, #1387, .F. ) ;
#2619 = VERTEX_POINT ( 'NONE', #7448 ) ;
#2620 = DIRECTION ( 'NONE',  ( 0.0000000000000000000, 1.000000000000000000, 0.0000000000000000000 ) ) ;
#2621 = COLOUR_RGB ( '',1.000000000000000000, 1.000000000000000000, 1.000000000000000000 ) ;
#2622 = VERTEX_POINT ( 'NONE', #5100 ) ;
#2623 = DIRECTION ( 'NONE',  ( 0.0000000000000000000, 1.000000000000000000, 0.0000000000000000000 ) ) ;
#2624 = CARTESIAN_POINT ( 'NONE',  ( -1.345557676727287200, 0.6000247699279814800, -1.271663772421596500 ) ) ;
#2625 = ADVANCED_FACE ( 'NONE', ( #7198 ), #7160, .T. ) ;
#2626 = STYLED_ITEM ( 'NONE', ( #9284 ), #7359 ) ;
#2627 = EDGE_LOOP ( 'NONE', ( #95, #8758, #3933, #4608 ) ) ;
#2628 = CYLINDRICAL_SURFACE ( 'NONE', #1048, 0.02250000000000005800 ) ;
#2629 = EDGE_LOOP ( 'NONE', ( #572, #7042, #5867, #7938 ) ) ;
#2630 = EDGE_LOOP ( 'NONE', ( #502, #7791, #7698 ) ) ;
#2631 = CARTESIAN_POINT ( 'NONE',  ( -1.093513784570066900, 0.4688190291854560900, 1.390743773134018900 ) ) ;
#2632 = AXIS2_PLACEMENT_3D ( 'NONE', #5705, #1223, #6437 ) ;
#2633 = CARTESIAN_POINT ( 'NONE',  ( 1.495248075073558600, 0.7862554444370962700, 1.145691304933875700 ) ) ;
#2634 = FACE_OUTER_BOUND ( 'NONE', #1790, .T. ) ;
#2635 = EDGE_CURVE ( 'NONE', #9498, #5515, #9129, .T. ) ;
#2636 = ORIENTED_EDGE ( 'NONE', *, *, #1040, .F. ) ;
#2637 = CARTESIAN_POINT ( 'NONE',  ( 1.493644428016919400, 0.7999999999999998200, 1.203445444133213200 ) ) ;
#2638 = FACE_OUTER_BOUND ( 'NONE', #8273, .T. ) ;
#2639 = ORIENTED_EDGE ( 'NONE', *, *, #4570, .T. ) ;
#2640 = CARTESIAN_POINT ( 'NONE',  ( -1.033235305706307900, 0.5594350930244524900, 1.367200053288699200 ) ) ;
#2641 = DIRECTION ( 'NONE',  ( 0.0000000000000000000, -1.000000000000000000, 0.0000000000000000000 ) ) ;
#2642 = PRESENTATION_STYLE_ASSIGNMENT (( #8877 ) ) ;
#2643 = CARTESIAN_POINT ( 'NONE',  ( 1.279941855525978100, 0.8000000000000001600, -1.134750653960801900 ) ) ;
#2644 = ORIENTED_EDGE ( 'NONE', *, *, #4774, .F. ) ;
#2645 = ORIENTED_EDGE ( 'NONE', *, *, #9007, .F. ) ;
#2646 = VERTEX_POINT ( 'NONE', #857 ) ;
#2647 = CARTESIAN_POINT ( 'NONE',  ( 0.5931453759609361900, 0.4139876401014490600, -1.495438813010396800 ) ) ;
#2648 = DIRECTION ( 'NONE',  ( 0.0000000000000000000, 1.000000000000000000, 0.0000000000000000000 ) ) ;
#2649 =( LENGTH_UNIT ( ) NAMED_UNIT ( * ) SI_UNIT ( .MILLI., .METRE. ) );
#2650 = DIRECTION ( 'NONE',  ( 0.0000000000000000000, 1.000000000000000000, 0.0000000000000000000 ) ) ;
#2651 = CIRCLE ( 'NONE', #7804, 0.02250000000000005800 ) ;
#2652 = AXIS2_PLACEMENT_3D ( 'NONE', #2881, #8783, #5122 ) ;
#2653 = ORIENTED_EDGE ( 'NONE', *, *, #5536, .T. ) ;
#2654 = EDGE_CURVE ( 'NONE', #8084, #232, #6285, .T. ) ;
#2655 = CARTESIAN_POINT ( 'NONE',  ( -1.350177882909683500, 0.4082297417201434800, -1.337729000200158300 ) ) ;
#2656 = CARTESIAN_POINT ( 'NONE',  ( 1.495053508510705100, 0.4135550150422240300, 1.145887316335129700 ) ) ;
#2657 = ADVANCED_FACE ( 'NONE', ( #4173 ), #8887, .T. ) ;
#2658 = ADVANCED_FACE ( 'NONE', ( #8337 ), #7521, .T. ) ;
#2659 = CARTESIAN_POINT ( 'NONE',  ( 1.143751040218046200, 0.8000000000000003800, 1.388673279720156900 ) ) ;
#2660 = AXIS2_PLACEMENT_3D ( 'NONE', #4161, #5654, #490 ) ;
#2661 = CIRCLE ( 'NONE', #3275, 0.2200581444740220300 ) ;
#2662 = CARTESIAN_POINT ( 'NONE',  ( -1.039164827090409000, 0.5572017808396315700, 1.366661568606902800 ) ) ;
#2663 = DIRECTION ( 'NONE',  ( 0.0000000000000000000, 1.000000000000000000, -0.0000000000000000000 ) ) ;
#2664 = SURFACE_STYLE_USAGE ( .BOTH. , #3305 ) ;
#2665 = CARTESIAN_POINT ( 'NONE',  ( -0.9045000000000001900, 1.150000000000000100, 0.2600000000000001800 ) ) ;
#2666 = FACE_OUTER_BOUND ( 'NONE', #4022, .T. ) ;
#2667 = B_SPLINE_CURVE_WITH_KNOTS ( 'NONE', 3,
 ( #8815, #4447, #5233, #707, #6738, #6668 ),
 .UNSPECIFIED., .F., .F.,
 ( 4, 2, 4 ),
 ( 0.0000000000000000000, 0.0001476523949022846300, 0.0002953047898045692700 ),
 .UNSPECIFIED. ) ;
#2668 = ADVANCED_FACE ( 'NONE', ( #8451 ), #3472, .T. ) ;
#2669 = CARTESIAN_POINT ( 'NONE',  ( -1.007000000000000100, 1.150000000000000100, -0.1574999999999999200 ) ) ;
#2670 = EDGE_CURVE ( 'NONE', #2466, #9213, #2215, .T. ) ;
#2671 = AXIS2_PLACEMENT_3D ( 'NONE', #1159, #1858, #1097 ) ;
#2672 = DIRECTION ( 'NONE',  ( 0.0000000000000000000, 0.0000000000000000000, 1.000000000000000000 ) ) ;
#2673 = DIRECTION ( 'NONE',  ( 0.0000000000000000000, 0.0000000000000000000, -1.000000000000000000 ) ) ;
#2674 = CARTESIAN_POINT ( 'NONE',  ( 1.030507456653524200, 0.5454432288778045000, 1.380460565333967200 ) ) ;
#2675 = CARTESIAN_POINT ( 'NONE',  ( 1.230197732008288600, 0.7911813042015880500, 1.367557616138548300 ) ) ;
#2676 = AXIS2_PLACEMENT_3D ( 'NONE', #6637, #9489, #7391 ) ;
#2677 = AXIS2_PLACEMENT_3D ( 'NONE', #692, #3685, #5960 ) ;
#2678 = FILL_AREA_STYLE ('',( #7130 ) ) ;
#2679 = CARTESIAN_POINT ( 'NONE',  ( 0.6200000000000000000, 0.8000000000000003800, -1.500000000000000000 ) ) ;
#2680 = DIRECTION ( 'NONE',  ( -0.2079116908177527400, 9.800795950858354800E-017, 0.9781476007338070200 ) ) ;
#2681 = EDGE_CURVE ( 'NONE', #7989, #6542, #3814, .T. ) ;
#2682 = DIRECTION ( 'NONE',  ( 0.0000000000000000000, 1.000000000000000000, 0.0000000000000000000 ) ) ;
#2683 = EDGE_CURVE ( 'NONE', #2490, #1819, #5002, .T. ) ;
#2684 = CARTESIAN_POINT ( 'NONE',  ( -0.5996830415998065700, 0.4139876401014487300, -1.495438813010396800 ) ) ;
#2685 = ORIENTED_EDGE ( 'NONE', *, *, #5401, .F. ) ;
#2686 = CIRCLE ( 'NONE', #582, 0.02249999999999994400 ) ;
#2687 = CARTESIAN_POINT ( 'NONE',  ( 1.332087583558172000, 0.6000000000000000900, 1.277715593775932800 ) ) ;
#2688 = SURFACE_SIDE_STYLE ('',( #626 ) ) ;
#2689 = DIRECTION ( 'NONE',  ( 0.0000000000000000000, -1.000000000000000000, 0.0000000000000000000 ) ) ;
#2690 = CARTESIAN_POINT ( 'NONE',  ( 1.439066205041120500, 0.3999999999999999700, 1.282502905389540500 ) ) ;
#2691 = CARTESIAN_POINT ( 'NONE',  ( -0.7470000000000001100, 1.086360389693210800, 0.1275000000000000900 ) ) ;
#2692 = CARTESIAN_POINT ( 'NONE',  ( 0.9923099990469564900, 0.4867779796079357800, 1.440053328178821000 ) ) ;
#2693 = EDGE_LOOP ( 'NONE', ( #8279, #657 ) ) ;
#2694 = VECTOR ( 'NONE', #9132, 1000.000000000000000 ) ;
#2695 = EDGE_LOOP ( 'NONE', ( #4109, #790, #3923, #2639 ) ) ;
#2696 = AXIS2_PLACEMENT_3D ( 'NONE', #2133, #2875, #8054 ) ;
#2697 = CARTESIAN_POINT ( 'NONE',  ( -0.7470000000000001100, 1.086360389693210800, -0.1274999999999999700 ) ) ;
#2698 = VECTOR ( 'NONE', #4089, 1000.000000000000000 ) ;
#2699 = CARTESIAN_POINT ( 'NONE',  ( 1.044524795898641700, 0.4943519535759132700, 1.446406961601320700 ) ) ;
#2700 = CIRCLE ( 'NONE', #7869, 0.02000000000000004900 ) ;
#2701 = EDGE_CURVE ( 'NONE', #8773, #1329, #1046, .T. ) ;
#2702 = PLANE ( 'NONE',  #5554 ) ;
#2703 = VERTEX_POINT ( 'NONE', #1960 ) ;
#2704 = CARTESIAN_POINT ( 'NONE',  ( 1.027899292536582400, 0.5599518101668989900, 1.368190117898940600 ) ) ;
#2705 = ORIENTED_EDGE ( 'NONE', *, *, #1702, .T. ) ;
#2706 = DIRECTION ( 'NONE',  ( 0.0000000000000000000, 1.000000000000000000, -0.0000000000000000000 ) ) ;
#2707 = VERTEX_POINT ( 'NONE', #5694 ) ;
#2708 = ORIENTED_EDGE ( 'NONE', *, *, #3437, .F. ) ;
#2709 = CIRCLE ( 'NONE', #5440, 0.02250000000000005800 ) ;
#2710 =( BOUNDED_SURFACE ( )  B_SPLINE_SURFACE ( 3, 2, ( 
 ( #8086, #8051, #5020 ),
 ( #7297, #2069, #4403 ),
 ( #4328, #2872, #5117 ),
 ( #6630, #9484, #5091 ),
 ( #634, #2169, #6591 ),
 ( #3599, #3503, #9546 ),
 ( #698, #5918, #4269 ),
 ( #1438, #7219, #7964 ),
 ( #8682, #5788, #1308 ),
 ( #5280, #2226, #7472 ),
 ( #3051, #8914, #8129 ),
 ( #7511, #5180, #2993 ),
 ( #6054, #6717, #7412 ),
 ( #8163, #3713, #4552 ),
 ( #4534, #3793, #5243 ),
 ( #2926, #8199, #720 ) ),
 .UNSPECIFIED., .F., .F., .F. ) 
 B_SPLINE_SURFACE_WITH_KNOTS ( ( 4, 2, 2, 2, 2, 2, 2, 4 ),
 ( 3, 3 ),
 ( 0.0000000000000000000, 0.0005321629846973364500, 0.0007982444770460047300, 0.0009312852232203388200, 0.0009978055963075058100, 0.001031065782851089400, 0.001047695876122881200, 0.001064325969394672900 ),
 ( 0.0000000000000000000, 1.000000000000000000 ),
 .UNSPECIFIED. ) 
 GEOMETRIC_REPRESENTATION_ITEM ( )  RATIONAL_B_SPLINE_SURFACE ( (
 ( 1.000000000000000000, 0.9477957693035306000, 1.000000000000000000),
 ( 1.000000000000000000, 0.9477340877841152800, 1.000000000000000000),
 ( 1.000000000000000000, 0.9483644020575126000, 1.000000000000000000),
 ( 1.000000000000000000, 0.9490298197166335800, 1.000000000000000000),
 ( 1.000000000000000000, 0.9492950742232765200, 1.000000000000000000),
 ( 1.000000000000000000, 0.9496660691550533600, 1.000000000000000000),
 ( 1.000000000000000000, 0.9499128951838408100, 1.000000000000000000),
 ( 1.000000000000000000, 0.9502623079542339400, 1.000000000000000000),
 ( 1.000000000000000000, 0.9503737714666333800, 1.000000000000000000),
 ( 1.000000000000000000, 0.9505219754089764300, 1.000000000000000000),
 ( 1.000000000000000000, 0.9505684160043290600, 1.000000000000000000),
 ( 1.000000000000000000, 0.9506348812850540200, 1.000000000000000000),
 ( 1.000000000000000000, 0.9506565257930520400, 1.000000000000000000),
 ( 1.000000000000000000, 0.9506993340270529800, 1.000000000000000000),
 ( 1.000000000000000000, 0.9507279222635582900, 1.000000000000000000),
 ( 1.000000000000000000, 0.9507298394814794900, 1.000000000000000000) ) ) 
 REPRESENTATION_ITEM ( '' )  SURFACE ( )  );
#2711 = FILL_AREA_STYLE ('',( #7163 ) ) ;
#2712 = PRESENTATION_STYLE_ASSIGNMENT (( #6120 ) ) ;
#2713 = ORIENTED_EDGE ( 'NONE', *, *, #7681, .T. ) ;
#2714 = ORIENTED_EDGE ( 'NONE', *, *, #6244, .T. ) ;
#2715 = ADVANCED_FACE ( 'NONE', ( #463 ), #2330, .T. ) ;
#2716 = CARTESIAN_POINT ( 'NONE',  ( -1.007000000000000100, 1.150000000000000100, -0.1349999999999998700 ) ) ;
#2717 = PLANE ( 'NONE',  #427 ) ;
#2718 = DIRECTION ( 'NONE',  ( 0.0000000000000000000, 0.0000000000000000000, -1.000000000000000000 ) ) ;
#2719 = AXIS2_PLACEMENT_3D ( 'NONE', #6571, #7276, #7231 ) ;
#2720 = CYLINDRICAL_SURFACE ( 'NONE', #8216, 0.02000000000000010100 ) ;
#2721 = SURFACE_STYLE_USAGE ( .BOTH. , #4858 ) ;
#2722 = DIRECTION ( 'NONE',  ( 0.9781476007338070200, -0.0000000000000000000, -0.2079116908177527100 ) ) ;
#2723 = CYLINDRICAL_SURFACE ( 'NONE', #3040, 0.02249999999999993700 ) ;
#2724 = ORIENTED_EDGE ( 'NONE', *, *, #8822, .T. ) ;
#2725 = VERTEX_POINT ( 'NONE', #6402 ) ;
#2726 = ORIENTED_EDGE ( 'NONE', *, *, #7739, .F. ) ;
#2727 = SURFACE_SIDE_STYLE ('',( #6616 ) ) ;
#2728 = CARTESIAN_POINT ( 'NONE',  ( -0.9570000000000001800, 1.200000000000000200, 0.02250000000000017300 ) ) ;
#2729 = SURFACE_SIDE_STYLE ('',( #8839 ) ) ;
#2730 = CARTESIAN_POINT ( 'NONE',  ( -0.5370000000000001400, 1.200000000000000200, -0.02249999999999987800 ) ) ;
#2731 = PRESENTATION_STYLE_ASSIGNMENT (( #1298 ) ) ;
#2732 = AXIS2_PLACEMENT_3D ( 'NONE', #3984, #6176, #2561 ) ;
#2733 = ORIENTED_EDGE ( 'NONE', *, *, #9345, .T. ) ;
#2734 = FILL_AREA_STYLE_COLOUR ( '', #7589 ) ;
#2735 = DIRECTION ( 'NONE',  ( 0.0000000000000000000, -1.000000000000000000, 0.0000000000000000000 ) ) ;
#2736 = ORIENTED_EDGE ( 'NONE', *, *, #5931, .T. ) ;
#2737 = FACE_OUTER_BOUND ( 'NONE', #7531, .T. ) ;
#2738 = AXIS2_PLACEMENT_3D ( 'NONE', #1101, #3288, #4054 ) ;
#2739 = ORIENTED_EDGE ( 'NONE', *, *, #233, .F. ) ;
#2740 = STYLED_ITEM ( 'NONE', ( #6913 ), #6368 ) ;
#2741 = CLOSED_SHELL ( 'NONE', ( #8621, #2334, #5468, #7578 ) ) ;
#2742 = DIRECTION ( 'NONE',  ( 0.0000000000000000000, 1.000000000000000000, 0.0000000000000000000 ) ) ;
#2743 = DIRECTION ( 'NONE',  ( 0.0000000000000000000, 0.0000000000000000000, 1.000000000000000000 ) ) ;
#2744 = CARTESIAN_POINT ( 'NONE',  ( 1.086482159067402100, 0.5606393766695050300, 1.355216774994743900 ) ) ;
#2745 = CIRCLE ( 'NONE', #7265, 0.02250000000000005800 ) ;
#2746 = CARTESIAN_POINT ( 'NONE',  ( 0.5996830415998089000, 0.4139876401014501200, 1.495438813010396600 ) ) ;
#2747 = ORIENTED_EDGE ( 'NONE', *, *, #7070, .T. ) ;
#2748 = VECTOR ( 'NONE', #8683, 1000.000000000000000 ) ;
#2749 = ORIENTED_EDGE ( 'NONE', *, *, #8024, .T. ) ;
#2750 = VERTEX_POINT ( 'NONE', #4831 ) ;
#2751 = DIRECTION ( 'NONE',  ( 0.0000000000000000000, -0.0000000000000000000, -1.000000000000000000 ) ) ;
#2752 = CARTESIAN_POINT ( 'NONE',  ( -0.8520000000000000900, 1.150000000000000100, -0.1274999999999999700 ) ) ;
#2753 = AXIS2_PLACEMENT_3D ( 'NONE', #5653, #8523, #2565 ) ;
#2754 = VECTOR ( 'NONE', #6857, 1000.000000000000000 ) ;
#2755 = DIRECTION ( 'NONE',  ( 0.0000000000000000000, 1.000000000000000000, 0.0000000000000000000 ) ) ;
#2756 = CARTESIAN_POINT ( 'NONE',  ( -0.9045000000000001900, 1.200000000000000200, -0.2374999999999999100 ) ) ;
#2757 = DIRECTION ( 'NONE',  ( 0.2079116908177527400, -9.800795950858353600E-017, -0.9781476007338070200 ) ) ;
#2758 = CARTESIAN_POINT ( 'NONE',  ( -0.9045000000000001900, 1.150000000000000100, -0.2599999999999999500 ) ) ;
#2759 = ORIENTED_EDGE ( 'NONE', *, *, #6584, .T. ) ;
#2760 = CARTESIAN_POINT ( 'NONE',  ( -0.6074077311846821600, 0.6653969858008169600, 1.456107712761135900 ) ) ;
#2761 = PRESENTATION_STYLE_ASSIGNMENT (( #2184 ) ) ;
#2762 = DIRECTION ( 'NONE',  ( -0.0000000000000000000, 1.000000000000000000, -0.0000000000000000000 ) ) ;
#2763 = ORIENTED_EDGE ( 'NONE', *, *, #2095, .T. ) ;
#2764 = ADVANCED_FACE ( 'NONE', ( #2666 ), #242, .T. ) ;
#2765 = VERTEX_POINT ( 'NONE', #2608 ) ;
#2766 = SPHERICAL_SURFACE ( 'NONE', #6192, 0.02000000000000000000 ) ;
#2767 = CARTESIAN_POINT ( 'NONE',  ( -0.5390000000000001500, 1.150000000000000100, 0.1800000000000001000 ) ) ;
#2768 = EDGE_LOOP ( 'NONE', ( #4755, #6128, #2971, #6608 ) ) ;
#2769 = ORIENTED_EDGE ( 'NONE', *, *, #1967, .F. ) ;
#2770 = DIRECTION ( 'NONE',  ( 0.0000000000000000000, 1.000000000000000000, -0.0000000000000000000 ) ) ;
#2771 = VERTEX_POINT ( 'NONE', #3344 ) ;
#2772 = EDGE_CURVE ( 'NONE', #9181, #7691, #5941, .T. ) ;
#2773 = EDGE_CURVE ( 'NONE', #2276, #6079, #1732, .T. ) ;
#2774 = ADVANCED_FACE ( 'NONE', ( #343 ), #3363, .T. ) ;
#2775 = ADVANCED_FACE ( 'NONE', ( #2788 ), #1503, .F. ) ;
#2776 = VECTOR ( 'NONE', #4945, 1000.000000000000100 ) ;
#2777 = DIRECTION ( 'NONE',  ( 0.0000000000000000000, -0.0000000000000000000, -1.000000000000000000 ) ) ;
#2778 =( BOUNDED_CURVE ( )  B_SPLINE_CURVE ( 3, ( #8235, #860, #1507, #2270 ),
 .UNSPECIFIED., .F., .F. ) 
 B_SPLINE_CURVE_WITH_KNOTS ( ( 4, 4 ),
 ( 3.141592653589778500, 4.712388980384685200 ),
 .UNSPECIFIED. ) 
 CURVE ( )  GEOMETRIC_REPRESENTATION_ITEM ( )  RATIONAL_B_SPLINE_CURVE ( ( 1.000000000000000000, 0.8047378541243626100, 0.8047378541243626100, 1.000000000000000000 ) ) 
 REPRESENTATION_ITEM ( '' )  );
#2779 = DIRECTION ( 'NONE',  ( -9.853779100763935200E-016, 0.0000000000000000000, -1.000000000000000000 ) ) ;
#2780 = ORIENTED_EDGE ( 'NONE', *, *, #7244, .F. ) ;
#2781 = DIRECTION ( 'NONE',  ( -3.614007241618348300E-016, 1.000000000000000000, 0.0000000000000000000 ) ) ;
#2782 = CARTESIAN_POINT ( 'NONE',  ( 0.9841135430123599800, 0.2195099938507070500, 1.450778423005852000 ) ) ;
#2783 = AXIS2_PLACEMENT_3D ( 'NONE', #8305, #2511, #5388 ) ;
#2784 = VECTOR ( 'NONE', #1131, 1000.000000000000000 ) ;
#2785 = EDGE_CURVE ( 'NONE', #1572, #328, #6048, .T. ) ;
#2786 = CARTESIAN_POINT ( 'NONE',  ( -0.8520000000000000900, 1.150000000000000100, 0.1050000000000000800 ) ) ;
#2787 = DIRECTION ( 'NONE',  ( 0.0000000000000000000, 1.000000000000000000, 0.0000000000000000000 ) ) ;
#2788 = FACE_OUTER_BOUND ( 'NONE', #5665, .T. ) ;
#2789 = CARTESIAN_POINT ( 'NONE',  ( -1.092748934521069000, 0.02500000000000052900, 1.415709792608938600 ) ) ;
#2790 = CARTESIAN_POINT ( 'NONE',  ( -0.4870000000000002100, 1.150000000000000100, -0.1574999999999999700 ) ) ;
#2791 = CARTESIAN_POINT ( 'NONE',  ( -0.7470000000000001100, 1.150000000000000100, -0.1049999999999999300 ) ) ;
#2792 = CARTESIAN_POINT ( 'NONE',  ( 1.015268984772967000, 0.5563594545152416000, 1.372013982108337500 ) ) ;
#2793 = CIRCLE ( 'NONE', #1661, 0.02250000000000005500 ) ;
#2794 = ADVANCED_FACE ( 'NONE', ( #700 ), #8020, .T. ) ;
#2795 = DIRECTION ( 'NONE',  ( 0.0000000000000000000, 0.0000000000000000000, 1.000000000000000000 ) ) ;
#2796 = STYLED_ITEM ( 'NONE', ( #7138 ), #1697 ) ;
#2797 = DIRECTION ( 'NONE',  ( 0.0000000000000000000, 1.000000000000000000, -0.0000000000000000000 ) ) ;
#2798 = AXIS2_PLACEMENT_3D ( 'NONE', #215, #946, #2417 ) ;
#2799 = CARTESIAN_POINT ( 'NONE',  ( -1.051412972471373900, 0.5483848754981044400, 1.366975685496340900 ) ) ;
#2800 =( NAMED_UNIT ( * ) PLANE_ANGLE_UNIT ( ) SI_UNIT ( $, .RADIAN. ) );
#2801 = CARTESIAN_POINT ( 'NONE',  ( -0.5895000000000001400, 1.200000000000000200, -0.2600000000000000100 ) ) ;
#2802 = DIRECTION ( 'NONE',  ( 0.0000000000000000000, -1.000000000000000000, 0.0000000000000000000 ) ) ;
#2803 = FACE_OUTER_BOUND ( 'NONE', #8714, .T. ) ;
#2804 = DIRECTION ( 'NONE',  ( 0.0000000000000000000, 1.000000000000000000, -0.0000000000000000000 ) ) ;
#2805 = DIRECTION ( 'NONE',  ( -0.9781476007338070200, 0.0000000000000000000, -0.2079116908177526000 ) ) ;
#2806 = CARTESIAN_POINT ( 'NONE',  ( -1.279941855525978100, 1.200000000000000200, 1.134750653960801200 ) ) ;
#2807 = CARTESIAN_POINT ( 'NONE',  ( -1.325889226550852000, 0.7907169294321237900, 1.346664907692331600 ) ) ;
#2808 = AXIS2_PLACEMENT_3D ( 'NONE', #131, #8284, #9009 ) ;
#2809 = VECTOR ( 'NONE', #2325, 1000.000000000000000 ) ;
#2810 = CARTESIAN_POINT ( 'NONE',  ( -1.495438813018632500, 0.7860123599238064700, 0.9398782611060287900 ) ) ;
#2811 = ORIENTED_EDGE ( 'NONE', *, *, #6064, .F. ) ;
#2812 = ADVANCED_FACE ( 'NONE', ( #115 ), #6499, .T. ) ;
#2813 = ADVANCED_FACE ( 'NONE', ( #6524 ), #5019, .T. ) ;
#2814 = DIRECTION ( 'NONE',  ( -6.000383394016538200E-016, -1.000000000000000000, 1.731765983604663800E-016 ) ) ;
#2815 = CARTESIAN_POINT ( 'NONE',  ( -0.3885239703726777200, 0.2195099938507022200, -1.928418334695608300 ) ) ;
#2816 = VERTEX_POINT ( 'NONE', #1634 ) ;
#2817 =( LENGTH_UNIT ( ) NAMED_UNIT ( * ) SI_UNIT ( .MILLI., .METRE. ) );
#2818 = LINE ( 'NONE', #7853, #836 ) ;
#2819 = CARTESIAN_POINT ( 'NONE',  ( -0.9838259558271486000, 0.02500000000000048700, 1.418415274549673900 ) ) ;
#2820 = EDGE_CURVE ( 'NONE', #5275, #4011, #9478, .T. ) ;
#2821 = VECTOR ( 'NONE', #1965, 1000.000000000000000 ) ;
#2822 = DIRECTION ( 'NONE',  ( 0.0000000000000000000, -0.0000000000000000000, -1.000000000000000000 ) ) ;
#2823 = VERTEX_POINT ( 'NONE', #8901 ) ;
#2824 = ORIENTED_EDGE ( 'NONE', *, *, #4825, .T. ) ;
#2825 = CARTESIAN_POINT ( 'NONE',  ( -1.325045925899037700, 0.7907215713173280100, 1.346847588992008600 ) ) ;
#2826 = CARTESIAN_POINT ( 'NONE',  ( -1.488402236249604800, 0.3999999999999999700, -1.200996732728298700 ) ) ;
#2827 = LINE ( 'NONE', #3834, #2694 ) ;
#2828 = VERTEX_POINT ( 'NONE', #3035 ) ;
#2829 = DIRECTION ( 'NONE',  ( 0.0000000000000000000, 1.000000000000000000, 0.0000000000000000000 ) ) ;
#2830 = SPHERICAL_SURFACE ( 'NONE', #202, 0.02000000000000000000 ) ;
#2831 = SPHERICAL_SURFACE ( 'NONE', #3730, 0.02000000000000000000 ) ;
#2832 = VERTEX_POINT ( 'NONE', #5475 ) ;
#2833 = ORIENTED_EDGE ( 'NONE', *, *, #5024, .T. ) ;
#2834 = DIRECTION ( 'NONE',  ( 0.0000000000000000000, 0.0000000000000000000, 1.000000000000000000 ) ) ;
#2835 =( GEOMETRIC_REPRESENTATION_CONTEXT ( 3 ) GLOBAL_UNCERTAINTY_ASSIGNED_CONTEXT ( ( #6056 ) ) GLOBAL_UNIT_ASSIGNED_CONTEXT ( ( #3461, #8644, #1116 ) ) REPRESENTATION_CONTEXT ( 'NONE', 'WORKASPACE' ) );
#2836 =( NAMED_UNIT ( * ) PLANE_ANGLE_UNIT ( ) SI_UNIT ( $, .RADIAN. ) );
#2837 = PRESENTATION_STYLE_ASSIGNMENT (( #4658 ) ) ;
#2838 = EDGE_CURVE ( 'NONE', #3885, #3661, #3941, .T. ) ;
#2839 = EDGE_CURVE ( 'NONE', #6826, #4256, #8001, .T. ) ;
#2840 = VERTEX_POINT ( 'NONE', #7627 ) ;
#2841 = ORIENTED_EDGE ( 'NONE', *, *, #2223, .T. ) ;
#2842 = B_SPLINE_CURVE_WITH_KNOTS ( 'NONE', 3,
 ( #9381, #1933, #6555, #1524 ),
 .UNSPECIFIED., .F., .F.,
 ( 4, 4 ),
 ( 0.0000000000000000000, 0.0003774755947109487300 ),
 .UNSPECIFIED. ) ;
#2843 = CIRCLE ( 'NONE', #9333, 0.02000000000000005200 ) ;
#2844 = ORIENTED_EDGE ( 'NONE', *, *, #9474, .F. ) ;
#2845 = CARTESIAN_POINT ( 'NONE',  ( 1.027793568524143900, 0.5606376542758857400, 1.367692725526727500 ) ) ;
#2846 = VECTOR ( 'NONE', #2083, 1000.000000000000100 ) ;
#2847 = VERTEX_POINT ( 'NONE', #5505 ) ;
#2848 = ORIENTED_EDGE ( 'NONE', *, *, #673, .T. ) ;
#2849 = ORIENTED_EDGE ( 'NONE', *, *, #8756, .T. ) ;
#2850 = CARTESIAN_POINT ( 'NONE',  ( 1.325739219916940200, 0.4080804732952803500, 1.343044699429837500 ) ) ;
#2851 = CARTESIAN_POINT ( 'NONE',  ( -0.5390000000000001500, 1.086360389693210800, 0.1575000000000000300 ) ) ;
#2852 = AXIS2_PLACEMENT_3D ( 'NONE', #9456, #3578, #9485 ) ;
#2853 = FACE_OUTER_BOUND ( 'NONE', #9393, .T. ) ;
#2854 = VERTEX_POINT ( 'NONE', #3975 ) ;
#2855 = VERTEX_POINT ( 'NONE', #3916 ) ;
#2856 = CARTESIAN_POINT ( 'NONE',  ( 1.325634277827989700, 0.7907181728286780700, -1.346720575146578700 ) ) ;
#2857 = DIRECTION ( 'NONE',  ( 0.9781476007338040200, 0.0000000000000000000, -0.2079116908177673400 ) ) ;
#2858 = CIRCLE ( 'NONE', #6161, 0.02249999999999995100 ) ;
#2859 = VERTEX_POINT ( 'NONE', #9135 ) ;
#2860 = ORIENTED_EDGE ( 'NONE', *, *, #3349, .T. ) ;
#2861 = ORIENTED_EDGE ( 'NONE', *, *, #6711, .T. ) ;
#2862 = CARTESIAN_POINT ( 'NONE',  ( -1.037135385669040400, 0.5181498153165942100, 1.411642519743810100 ) ) ;
#2863 = EDGE_CURVE ( 'NONE', #9389, #1996, #2091, .T. ) ;
#2864 = AXIS2_PLACEMENT_3D ( 'NONE', #4839, #2650, #5219 ) ;
#2865 = ADVANCED_FACE ( 'NONE', ( #5824 ), #8858, .T. ) ;
#2866 = LINE ( 'NONE', #6264, #7155 ) ;
#2867 = AXIS2_PLACEMENT_3D ( 'NONE', #3824, #5246, #6057 ) ;
#2868 = EDGE_LOOP ( 'NONE', ( #786, #3787, #2456, #3519 ) ) ;
#2869 = VECTOR ( 'NONE', #4659, 1000.000000000000000 ) ;
#2870 = ORIENTED_EDGE ( 'NONE', *, *, #3177, .F. ) ;
#2871 = VERTEX_POINT ( 'NONE', #2756 ) ;
#2872 = CARTESIAN_POINT ( 'NONE',  ( 1.378896519700408400, 0.6000304546124981500, -1.254061083973923700 ) ) ;
#2873 = FACE_OUTER_BOUND ( 'NONE', #2139, .T. ) ;
#2874 = EDGE_CURVE ( 'NONE', #3054, #8721, #1970, .T. ) ;
#2875 = DIRECTION ( 'NONE',  ( 0.0000000000000000000, 1.000000000000000000, -0.0000000000000000000 ) ) ;
#2876 = ORIENTED_EDGE ( 'NONE', *, *, #6457, .F. ) ;
#2877 = ORIENTED_EDGE ( 'NONE', *, *, #366, .T. ) ;
#2878 = ORIENTED_EDGE ( 'NONE', *, *, #3128, .T. ) ;
#2879 = CARTESIAN_POINT ( 'NONE',  ( 0.9729486613839144500, 0.5356435660927078000, 1.398251784727862400 ) ) ;
#2880 = CARTESIAN_POINT ( 'NONE',  ( -1.137721964272999900, 0.6000000000000005300, 1.319029281518052400 ) ) ;
#2881 = CARTESIAN_POINT ( 'NONE',  ( -0.4031961843836848200, 0.005000000000000424200, -1.931537010057874800 ) ) ;
#2882 = DIRECTION ( 'NONE',  ( 0.0000000000000000000, -0.0000000000000000000, -1.000000000000000000 ) ) ;
#2883 = CARTESIAN_POINT ( 'NONE',  ( -1.475665266654360600, 0.3999999999999260300, 1.232536439909278200 ) ) ;
#2884 = CARTESIAN_POINT ( 'NONE',  ( -1.419456307405267300, 0.5999763606903225600, 1.199591071480892400 ) ) ;
#2885 = VECTOR ( 'NONE', #1489, 1000.000000000000100 ) ;
#2886 = CARTESIAN_POINT ( 'NONE',  ( -0.7470000000000000000, 1.150000000000000100, -0.2849999999999998600 ) ) ;
#2887 = ORIENTED_EDGE ( 'NONE', *, *, #4144, .T. ) ;
#2888 = DIRECTION ( 'NONE',  ( 0.0000000000000000000, -0.0000000000000000000, -1.000000000000000000 ) ) ;
#2889 = DIRECTION ( 'NONE',  ( 0.0000000000000000000, 1.000000000000000000, 0.0000000000000000000 ) ) ;
#2890 = CARTESIAN_POINT ( 'NONE',  ( 1.495438813010396200, 0.4139876401014510600, 0.5609979901584111200 ) ) ;
#2891 = DIRECTION ( 'NONE',  ( 0.0000000000000000000, 1.000000000000000000, 0.0000000000000000000 ) ) ;
#2892 = AXIS2_PLACEMENT_3D ( 'NONE', #2475, #8393, #3959 ) ;
#2893 = CARTESIAN_POINT ( 'NONE',  ( 0.0000000000000000000, 0.0000000000000000000, 0.0000000000000000000 ) ) ;
#2894 = UNCERTAINTY_MEASURE_WITH_UNIT (LENGTH_MEASURE( 1.000000000000000100E-005 ), #2649, 'distance_accuracy_value', 'NONE');
#2895 = VERTEX_POINT ( 'NONE', #3588 ) ;
#2896 = EDGE_CURVE ( 'NONE', #5066, #2703, #5231, .T. ) ;
#2897 = EDGE_CURVE ( 'NONE', #5523, #9469, #7898, .T. ) ;
#2898 = FILL_AREA_STYLE_COLOUR ( '', #983 ) ;
#2899 = DIRECTION ( 'NONE',  ( 0.0000000000000000000, 0.0000000000000000000, -1.000000000000000000 ) ) ;
#2900 = AXIS2_PLACEMENT_3D ( 'NONE', #8690, #586, #5827 ) ;
#2901 = CARTESIAN_POINT ( 'NONE',  ( -0.8520000000000000900, 1.150000000000000100, -0.08249999999999986500 ) ) ;
#2902 = EDGE_CURVE ( 'NONE', #1074, #9396, #9458, .T. ) ;
#2903 = CARTESIAN_POINT ( 'NONE',  ( -0.8250971785629035400, 0.5999999999997580600, 1.385479731061533900 ) ) ;
#2904 = CARTESIAN_POINT ( 'NONE',  ( -0.6605486766372540300, 0.3979999999999999100, 1.487796725346531800 ) ) ;
#2905 = ADVANCED_FACE ( 'NONE', ( #7777 ), #64, .F. ) ;
#2906 = ADVANCED_FACE ( 'NONE', ( #7549 ), #4874, .T. ) ;
#2907 = DIRECTION ( 'NONE',  ( 0.0000000000000000000, 1.000000000000000000, 0.0000000000000000000 ) ) ;
#2908 = CARTESIAN_POINT ( 'NONE',  ( -1.027398933732673200, 0.5599999999999998300, 1.368259928389751400 ) ) ;
#2909 = CARTESIAN_POINT ( 'NONE',  ( -1.378896519700505200, 0.6000304546124667300, 1.254061083973771400 ) ) ;
#2910 = CARTESIAN_POINT ( 'NONE',  ( 0.6182269360013448200, 0.7860123598985517800, -1.495438813010397300 ) ) ;
#2911 = EDGE_CURVE ( 'NONE', #4941, #4578, #605, .T. ) ;
#2912 = AXIS2_PLACEMENT_3D ( 'NONE', #631, #8015, #8050 ) ;
#2913 = EDGE_CURVE ( 'NONE', #6583, #6734, #5715, .T. ) ;
#2914 = CARTESIAN_POINT ( 'NONE',  ( -0.9879841896435035400, 0.02500000000000050100, 1.437978226564349700 ) ) ;
#2915 = AXIS2_PLACEMENT_3D ( 'NONE', #8974, #126, #5338 ) ;
#2916 = AXIS2_PLACEMENT_3D ( 'NONE', #4385, #5950, #2235 ) ;
#2917 = VECTOR ( 'NONE', #2722, 1000.000000000000100 ) ;
#2918 = CARTESIAN_POINT ( 'NONE',  ( -0.6420000000000002400, 1.086360389693210800, 0.1275000000000000000 ) ) ;
#2919 = CARTESIAN_POINT ( 'NONE',  ( -0.5370000000000001400, 1.150000000000000100, 0.02250000000000001000 ) ) ;
#2920 = DIRECTION ( 'NONE',  ( 0.0000000000000000000, -1.000000000000000000, 0.0000000000000000000 ) ) ;
#2921 = DIRECTION ( 'NONE',  ( 0.0000000000000000000, 0.0000000000000000000, 1.000000000000000000 ) ) ;
#2922 = ORIENTED_EDGE ( 'NONE', *, *, #3312, .F. ) ;
#2923 = CARTESIAN_POINT ( 'NONE',  ( -0.7995000000000001000, 1.086360389693210800, 0.2050000000000000400 ) ) ;
#2924 = FACE_OUTER_BOUND ( 'NONE', #3368, .T. ) ;
#2925 = ORIENTED_EDGE ( 'NONE', *, *, #4846, .T. ) ;
#2926 = CARTESIAN_POINT ( 'NONE',  ( 1.495438813010395500, 0.4139876401014512800, -1.130499522633247500 ) ) ;
#2927 = CARTESIAN_POINT ( 'NONE',  ( -0.5931453759609349700, 0.7860123598985514500, -1.495438813010397300 ) ) ;
#2928 = ORIENTED_EDGE ( 'NONE', *, *, #531, .T. ) ;
#2929 = ORIENTED_EDGE ( 'NONE', *, *, #2031, .T. ) ;
#2930 = DIRECTION ( 'NONE',  ( -6.000383394016538200E-016, -1.000000000000000000, 1.731765983604664100E-016 ) ) ;
#2931 = AXIS2_PLACEMENT_3D ( 'NONE', #8542, #9238, #8500 ) ;
#2932 = LINE ( 'NONE', #1801, #4334 ) ;
#2933 = EDGE_LOOP ( 'NONE', ( #3889, #3150, #8238, #532 ) ) ;
#2934 = CARTESIAN_POINT ( 'NONE',  ( -0.6200000000000000000, 0.8000000000000001600, -1.500000000000000000 ) ) ;
#2935 = AXIS2_PLACEMENT_3D ( 'NONE', #402, #1930, #494 ) ;
#2936 = FACE_OUTER_BOUND ( 'NONE', #5893, .T. ) ;
#2937 = DIRECTION ( 'NONE',  ( 0.0000000000000000000, 1.000000000000000000, 0.0000000000000000000 ) ) ;
#2938 = CARTESIAN_POINT ( 'NONE',  ( -0.7801591384149985100, 0.3999999999999998600, 1.461705992985077500 ) ) ;
#2939 = VERTEX_POINT ( 'NONE', #6696 ) ;
#2940 = DIRECTION ( 'NONE',  ( 0.0000000000000000000, -1.000000000000000000, 0.0000000000000000000 ) ) ;
#2941 = CLOSED_SHELL ( 'NONE', ( #2813, #8108, #6862, #2955, #9539, #5209, #3672, #5317 ) ) ;
#2942 = ORIENTED_EDGE ( 'NONE', *, *, #6220, .T. ) ;
#2943 = CARTESIAN_POINT ( 'NONE',  ( -0.4870000000000001500, 1.150000000000000100, 0.1575000000000000300 ) ) ;
#2944 = EDGE_CURVE ( 'NONE', #6931, #4371, #3469, .T. ) ;
#2945 = EDGE_LOOP ( 'NONE', ( #2377, #5871, #5562, #1545 ) ) ;
#2946 = CYLINDRICAL_SURFACE ( 'NONE', #9164, 0.02250000000000005500 ) ;
#2947 = EDGE_CURVE ( 'NONE', #973, #6228, #3223, .T. ) ;
#2948 = ORIENTED_EDGE ( 'NONE', *, *, #2461, .F. ) ;
#2949 = ORIENTED_EDGE ( 'NONE', *, *, #8282, .F. ) ;
#2950 = DIRECTION ( 'NONE',  ( 0.0000000000000000000, 0.0000000000000000000, 1.000000000000000000 ) ) ;
#2951 = DIRECTION ( 'NONE',  ( -0.9781476007338061300, 0.0000000000000000000, -0.2079116908177569600 ) ) ;
#2952 = CARTESIAN_POINT ( 'NONE',  ( -0.7470000000000000000, 1.200000000000000200, -0.3300000000000000200 ) ) ;
#2953 = CARTESIAN_POINT ( 'NONE',  ( 1.325739219909162400, 0.4080804732954069800, 1.343044699431505500 ) ) ;
#2954 = VECTOR ( 'NONE', #2503, 1000.000000000000000 ) ;
#2955 = ADVANCED_FACE ( 'NONE', ( #5695 ), #8401, .T. ) ;
#2956 = ADVANCED_FACE ( 'NONE', ( #3090 ), #2183, .T. ) ;
#2957 = EDGE_LOOP ( 'NONE', ( #2274, #6683, #7819, #9551, #719, #5260 ) ) ;
#2958 = EDGE_LOOP ( 'NONE', ( #8743, #4264, #2297, #3678 ) ) ;
#2959 = ORIENTED_EDGE ( 'NONE', *, *, #3733, .F. ) ;
#2960 = AXIS2_PLACEMENT_3D ( 'NONE', #7671, #6155, #3216 ) ;
#2961 = CARTESIAN_POINT ( 'NONE',  ( -1.099055418126314600, 0.2195099938507023600, 1.414369308137579200 ) ) ;
#2962 = EDGE_CURVE ( 'NONE', #414, #2707, #9073, .T. ) ;
#2963 = CIRCLE ( 'NONE', #8844, 0.02250000000000005800 ) ;
#2964 = ORIENTED_EDGE ( 'NONE', *, *, #4465, .F. ) ;
#2965 = DIRECTION ( 'NONE',  ( 0.0000000000000000000, -1.000000000000000000, 0.0000000000000000000 ) ) ;
#2966 = CARTESIAN_POINT ( 'NONE',  ( -0.5895000000000000200, 1.200000000000000200, 0.2600000000000001200 ) ) ;
#2967 = ORIENTED_EDGE ( 'NONE', *, *, #3836, .T. ) ;
#2968 = VECTOR ( 'NONE', #3522, 1000.000000000000100 ) ;
#2969 = VERTEX_POINT ( 'NONE', #2396 ) ;
#2970 = CARTESIAN_POINT ( 'NONE',  ( 1.262550773310056300, 0.3999999999999999700, -1.359170485693404600 ) ) ;
#2971 = ORIENTED_EDGE ( 'NONE', *, *, #1921, .T. ) ;
#2972 = CARTESIAN_POINT ( 'NONE',  ( -0.8520000000000000900, 1.150000000000000100, 0.1050000000000000800 ) ) ;
#2973 = DIRECTION ( 'NONE',  ( 0.0000000000000000000, -1.000000000000000000, 0.0000000000000000000 ) ) ;
#2974 = DIRECTION ( 'NONE',  ( 0.2079116908177635600, 0.0000000000000000000, 0.9781476007338049100 ) ) ;
#2975 = CIRCLE ( 'NONE', #5615, 0.02250000000000005500 ) ;
#2976 = CARTESIAN_POINT ( 'NONE',  ( -1.496767590330909200, 0.3999999999999998600, 1.176018320456573300 ) ) ;
#2977 = CARTESIAN_POINT ( 'NONE',  ( -1.021700184736949100, 0.5591330497679235500, 1.369749181552335000 ) ) ;
#2978 = ORIENTED_EDGE ( 'NONE', *, *, #576, .T. ) ;
#2979 = CARTESIAN_POINT ( 'NONE',  ( -0.5996830415998090100, 0.4139876401014501200, 1.495438813010396600 ) ) ;
#2980 = ORIENTED_EDGE ( 'NONE', *, *, #8218, .F. ) ;
#2981 = ORIENTED_EDGE ( 'NONE', *, *, #1320, .F. ) ;
#2982 = AXIS2_PLACEMENT_3D ( 'NONE', #3225, #3192, #5391 ) ;
#2983 = CARTESIAN_POINT ( 'NONE',  ( -0.5370000000000001400, 1.086360389693210800, 6.576353311421284500E-017 ) ) ;
#2984 = ORIENTED_EDGE ( 'NONE', *, *, #3504, .T. ) ;
#2985 = DIRECTION ( 'NONE',  ( 0.0000000000000000000, -0.0000000000000000000, -1.000000000000000000 ) ) ;
#2986 = LINE ( 'NONE', #1612, #3786 ) ;
#2987 = ORIENTED_EDGE ( 'NONE', *, *, #5780, .F. ) ;
#2988 = DIRECTION ( 'NONE',  ( 0.0000000000000000000, 0.0000000000000000000, 1.000000000000000000 ) ) ;
#2989 = CARTESIAN_POINT ( 'NONE',  ( -1.020833512386846600, 0.4858310172232348500, 1.451442699366137300 ) ) ;
#2990 = DIRECTION ( 'NONE',  ( 0.0000000000000000000, 1.000000000000000000, 0.0000000000000000000 ) ) ;
#2991 = AXIS2_PLACEMENT_3D ( 'NONE', #1876, #5599, #3395 ) ;
#2992 = CYLINDRICAL_SURFACE ( 'NONE', #533, 0.02250000000000005800 ) ;
#2993 = CARTESIAN_POINT ( 'NONE',  ( 1.495387012558227600, 0.7861476036929382300, -1.141077958993928400 ) ) ;
#2994 = ORIENTED_EDGE ( 'NONE', *, *, #8588, .T. ) ;
#2995 = CLOSED_SHELL ( 'NONE', ( #2906, #4477, #4322, #6906 ) ) ;
#2996 = DIRECTION ( 'NONE',  ( -0.0000000000000000000, 1.000000000000000000, -0.0000000000000000000 ) ) ;
#2997 = PLANE ( 'NONE',  #7713 ) ;
#2998 = CARTESIAN_POINT ( 'NONE',  ( -0.4370000000000001100, 1.086360389693210800, -0.02250000000000001700 ) ) ;
#2999 = EDGE_CURVE ( 'NONE', #4558, #4211, #161, .T. ) ;
#3000 = CARTESIAN_POINT ( 'NONE',  ( 1.364772314527849000, 0.6000000000000000900, -1.263176986787585700 ) ) ;
#3001 = DIRECTION ( 'NONE',  ( -0.0000000000000000000, 1.000000000000000000, -0.0000000000000000000 ) ) ;
#3002 = EDGE_CURVE ( 'NONE', #1572, #6450, #1079, .T. ) ;
#3003 = CARTESIAN_POINT ( 'NONE',  ( -1.347600147397549000, 0.3979999999999999600, 1.341759427031396800 ) ) ;
#3004 = EDGE_LOOP ( 'NONE', ( #2964, #5166, #1470, #4363 ) ) ;
#3005 = ADVANCED_FACE ( 'NONE', ( #1644 ), #361, .F. ) ;
#3006 = ADVANCED_FACE ( 'NONE', ( #721 ), #3132, .T. ) ;
#3007 = CARTESIAN_POINT ( 'NONE',  ( -0.6420000000000002400, 1.200000000000000200, 0.1050000000000000700 ) ) ;
#3008 = CARTESIAN_POINT ( 'NONE',  ( -0.5999999999999995300, 0.3999999999999999700, 1.500000000000000000 ) ) ;
#3009 = CARTESIAN_POINT ( 'NONE',  ( -1.493750438427760500, 0.7867599803195590700, 1.163968230670557400 ) ) ;
#3010 = DIRECTION ( 'NONE',  ( -0.0000000000000000000, 1.000000000000000000, -0.0000000000000000000 ) ) ;
#3011 = VECTOR ( 'NONE', #8885, 1000.000000000000000 ) ;
#3012 = UNCERTAINTY_MEASURE_WITH_UNIT (LENGTH_MEASURE( 1.000000000000000100E-005 ), #5732, 'distance_accuracy_value', 'NONE');
#3013 = LINE ( 'NONE', #3454, #3240 ) ;
#3014 = EDGE_CURVE ( 'NONE', #2707, #5996, #7332, .T. ) ;
#3015 = CARTESIAN_POINT ( 'NONE',  ( -0.7470000000000001100, 1.150000000000000100, 0.08249999999999997600 ) ) ;
#3016 = CARTESIAN_POINT ( 'NONE',  ( -1.495428207587392100, 0.4139551168042375800, 1.179274141554937500 ) ) ;
#3017 = EDGE_CURVE ( 'NONE', #7452, #2832, #5009, .T. ) ;
#3018 = CARTESIAN_POINT ( 'NONE',  ( 1.044524795898641900, 0.4943519535759133800, 1.446406961601320700 ) ) ;
#3019 = DIRECTION ( 'NONE',  ( 0.0000000000000000000, -1.000000000000000000, 0.0000000000000000000 ) ) ;
#3020 = ORIENTED_EDGE ( 'NONE', *, *, #4441, .F. ) ;
#3021 = DIRECTION ( 'NONE',  ( 0.0000000000000000000, 1.000000000000000000, -0.0000000000000000000 ) ) ;
#3022 = AXIS2_PLACEMENT_3D ( 'NONE', #6157, #3097, #5384 ) ;
#3023 = CARTESIAN_POINT ( 'NONE',  ( -0.5390000000000001500, 1.200000000000000200, 0.1575000000000000300 ) ) ;
#3024 = CARTESIAN_POINT ( 'NONE',  ( -0.7802182237043897600, 0.3979999999999994100, -1.462360177885333000 ) ) ;
#3025 = CARTESIAN_POINT ( 'NONE',  ( -0.8520000000000000900, 1.200000000000000200, -0.1049999999999999300 ) ) ;
#3026 = DIRECTION ( 'NONE',  ( -0.0000000000000000000, 1.000000000000000000, -0.0000000000000000000 ) ) ;
#3027 = CARTESIAN_POINT ( 'NONE',  ( -1.495438813010396400, 0.7860123598985491200, 1.130499522758024300 ) ) ;
#3028 = ORIENTED_EDGE ( 'NONE', *, *, #8680, .F. ) ;
#3029 = DIRECTION ( 'NONE',  ( 0.0000000000000000000, 1.000000000000000000, 0.0000000000000000000 ) ) ;
#3030 = CARTESIAN_POINT ( 'NONE',  ( -1.417984886572341500, 0.4092309499259042000, -1.304939485489184000 ) ) ;
#3031 = EDGE_CURVE ( 'NONE', #413, #1838, #9362, .T. ) ;
#3032 = FACE_OUTER_BOUND ( 'NONE', #7240, .T. ) ;
#3033 = EDGE_CURVE ( 'NONE', #798, #7423, #1355, .T. ) ;
#3034 = AXIS2_PLACEMENT_3D ( 'NONE', #8503, #4072, #4778 ) ;
#3035 = CARTESIAN_POINT ( 'NONE',  ( -1.500000000000000900, 0.3999999999999999700, -1.130499522727401300 ) ) ;
#3036 = ORIENTED_EDGE ( 'NONE', *, *, #5575, .T. ) ;
#3037 = EDGE_CURVE ( 'NONE', #9575, #2012, #2508, .T. ) ;
#3038 = MECHANICAL_DESIGN_GEOMETRIC_PRESENTATION_REPRESENTATION (  '', ( #568 ), #1064 ) ;
#3039 = FACE_OUTER_BOUND ( 'NONE', #1813, .T. ) ;
#3040 = AXIS2_PLACEMENT_3D ( 'NONE', #3858, #3756, #9015 ) ;
#3041 = VERTEX_POINT ( 'NONE', #8928 ) ;
#3042 = CARTESIAN_POINT ( 'NONE',  ( -0.9775194722219029400, 0.4588561431712427900, 1.419755759021033700 ) ) ;
#3043 = CYLINDRICAL_SURFACE ( 'NONE', #3172, 0.02250000000000005800 ) ;
#3044 = CYLINDRICAL_SURFACE ( 'NONE', #401, 0.02250000000000005800 ) ;
#3045 = VERTEX_POINT ( 'NONE', #8308 ) ;
#3046 = ADVANCED_FACE ( 'NONE', ( #2011 ), #4668, .F. ) ;
#3047 = ADVANCED_FACE ( 'NONE', ( #1448 ), #8210, .T. ) ;
#3048 = VERTEX_POINT ( 'NONE', #3904 ) ;
#3049 = EDGE_CURVE ( 'NONE', #67, #2318, #4692, .T. ) ;
#3050 = ORIENTED_EDGE ( 'NONE', *, *, #7403, .F. ) ;
#3051 = CARTESIAN_POINT ( 'NONE',  ( 1.495220395228497900, 0.4136489356890520300, -1.142811351478483700 ) ) ;
#3052 = CARTESIAN_POINT ( 'NONE',  ( -0.7470000000000001100, 1.150000000000000100, -0.1274999999999999700 ) ) ;
#3053 = VECTOR ( 'NONE', #6398, 1000.000000000000000 ) ;
#3054 = VERTEX_POINT ( 'NONE', #2365 ) ;
#3055 = ORIENTED_EDGE ( 'NONE', *, *, #1399, .T. ) ;
#3056 = DIRECTION ( 'NONE',  ( 0.0000000000000000000, 1.000000000000000000, 0.0000000000000000000 ) ) ;
#3057 = AXIS2_PLACEMENT_3D ( 'NONE', #6689, #4433, #8133 ) ;
#3058 = DIRECTION ( 'NONE',  ( 7.295530811232854000E-016, 1.000000000000000000, -2.007058065463964400E-016 ) ) ;
#3059 = VECTOR ( 'NONE', #1133, 1000.000000000000000 ) ;
#3060 = CARTESIAN_POINT ( 'NONE',  ( -0.9550000000000000700, 1.150000000000000100, -0.1349999999999998700 ) ) ;
#3061 = CARTESIAN_POINT ( 'NONE',  ( -1.077473489828210100, 0.4756832934467467000, 1.439403500508133800 ) ) ;
#3062 = CARTESIAN_POINT ( 'NONE',  ( -1.500652173913043600, 0.3979999999999999600, 1.152083909450870400 ) ) ;
#3063 = CYLINDRICAL_SURFACE ( 'NONE', #5370, 0.02250000000000005800 ) ;
#3064 = VECTOR ( 'NONE', #4440, 1000.000000000000000 ) ;
#3065 = CARTESIAN_POINT ( 'NONE',  ( 1.074568095400964000, 0.4793780072123020000, 1.440021061157884300 ) ) ;
#3066 = ORIENTED_EDGE ( 'NONE', *, *, #1957, .T. ) ;
#3067 = CARTESIAN_POINT ( 'NONE',  ( -1.494436296167573500, 0.7865752792312984400, 1.157912580824076200 ) ) ;
#3068 = ORIENTED_EDGE ( 'NONE', *, *, #7635, .T. ) ;
#3069 = ORIENTED_EDGE ( 'NONE', *, *, #3037, .F. ) ;
#3070 = CARTESIAN_POINT ( 'NONE',  ( -0.7470000000000001100, 1.150000000000000100, -0.02249999999999999600 ) ) ;
#3071 = CARTESIAN_POINT ( 'NONE',  ( 1.371623983978962300, 0.4000000000001129300, 1.332344414637681100 ) ) ;
#3072 = CARTESIAN_POINT ( 'NONE',  ( 1.090378747851715100, 0.4863454563891342900, 1.419152835312272700 ) ) ;
#3073 = AXIS2_PLACEMENT_3D ( 'NONE', #8740, #7993, #1339 ) ;
#3074 = ORIENTED_EDGE ( 'NONE', *, *, #6942, .F. ) ;
#3075 = CYLINDRICAL_SURFACE ( 'NONE', #6491, 0.02250000000000005800 ) ;
#3076 = EDGE_CURVE ( 'NONE', #7476, #3661, #2105, .T. ) ;
#3077 = EDGE_CURVE ( 'NONE', #8772, #6474, #1202, .T. ) ;
#3078 = ORIENTED_EDGE ( 'NONE', *, *, #7192, .F. ) ;
#3079 = DIRECTION ( 'NONE',  ( 0.0000000000000000000, 0.0000000000000000000, -1.000000000000000000 ) ) ;
#3080 = LINE ( 'NONE', #8909, #1113 ) ;
#3081 = VERTEX_POINT ( 'NONE', #822 ) ;
#3082 = ORIENTED_EDGE ( 'NONE', *, *, #4310, .T. ) ;
#3083 = CARTESIAN_POINT ( 'NONE',  ( -0.5895000000000000200, 1.150000000000000100, 0.2375000000000002100 ) ) ;
#3084 = CARTESIAN_POINT ( 'NONE',  ( 0.2711462582846209100, 0.2195099938507022200, -1.903468931797478000 ) ) ;
#3085 = CARTESIAN_POINT ( 'NONE',  ( 1.325739436625235100, 0.4080804831286987100, -1.343044648398380200 ) ) ;
#3086 = FACE_OUTER_BOUND ( 'NONE', #4708, .T. ) ;
#3087 = VERTEX_POINT ( 'NONE', #7776 ) ;
#3088 = ORIENTED_EDGE ( 'NONE', *, *, #2299, .T. ) ;
#3089 = AXIS2_PLACEMENT_3D ( 'NONE', #3114, #9008, #5306 ) ;
#3090 = FACE_OUTER_BOUND ( 'NONE', #3668, .T. ) ;
#3091 = ORIENTED_EDGE ( 'NONE', *, *, #6879, .F. ) ;
#3092 = VERTEX_POINT ( 'NONE', #4068 ) ;
#3093 = CARTESIAN_POINT ( 'NONE',  ( -1.374141999381679700, 0.7904815984544586400, 1.336129028187065000 ) ) ;
#3094 = AXIS2_PLACEMENT_3D ( 'NONE', #3456, #9433, #1283 ) ;
#3095 = CARTESIAN_POINT ( 'NONE',  ( -0.7470000000000000000, 1.150000000000000100, -0.3074999999999999400 ) ) ;
#3096 = CARTESIAN_POINT ( 'NONE',  ( -0.4870000000000002100, 1.150000000000000100, -0.1574999999999999700 ) ) ;
#3097 = DIRECTION ( 'NONE',  ( -0.9757648823399466300, -0.06975647374411790600, -0.2074052283885258800 ) ) ;
#3098 = ORIENTED_EDGE ( 'NONE', *, *, #9264, .T. ) ;
#3099 = CARTESIAN_POINT ( 'NONE',  ( -0.8520000000000000900, 1.150000000000000100, 0.1050000000000000800 ) ) ;
#3100 = VECTOR ( 'NONE', #1566, 1000.000000000000000 ) ;
#3101 = ORIENTED_EDGE ( 'NONE', *, *, #2284, .F. ) ;
#3102 = CARTESIAN_POINT ( 'NONE',  ( -0.7470000000000000000, 1.086360389693210800, 0.3075000000000000500 ) ) ;
#3103 = CARTESIAN_POINT ( 'NONE',  ( -1.434782608695653200, 0.6000000000000000900, -0.9453455680914555300 ) ) ;
#3104 = AXIS2_PLACEMENT_3D ( 'NONE', #6310, #1014, #6205 ) ;
#3105 = ADVANCED_FACE ( 'NONE', ( #7341 ), #1731, .T. ) ;
#3106 = DIRECTION ( 'NONE',  ( 0.0000000000000000000, 1.000000000000000000, 0.0000000000000000000 ) ) ;
#3107 = DIRECTION ( 'NONE',  ( -0.06823212742845939600, -0.9975640502598249700, 0.01450318640162396400 ) ) ;
#3108 = FACE_OUTER_BOUND ( 'NONE', #2587, .T. ) ;
#3109 = EDGE_CURVE ( 'NONE', #2375, #8323, #7669, .T. ) ;
#3110 = AXIS2_PLACEMENT_3D ( 'NONE', #2346, #82, #7540 ) ;
#3111 = AXIS2_PLACEMENT_3D ( 'NONE', #2789, #5729, #5003 ) ;
#3112 = ORIENTED_EDGE ( 'NONE', *, *, #5058, .F. ) ;
#3113 = ORIENTED_EDGE ( 'NONE', *, *, #1036, .F. ) ;
#3114 = CARTESIAN_POINT ( 'NONE',  ( -0.5895000000000000200, 1.086360389693210800, 0.2600000000000001200 ) ) ;
#3115 = DIRECTION ( 'NONE',  ( -0.2079116908177528500, -1.143494478793304100E-015, -0.9781476007338070200 ) ) ;
#3116 = CARTESIAN_POINT ( 'NONE',  ( -0.5895000000000001400, 1.086360389693210800, -0.2824999999999999700 ) ) ;
#3117 = DIRECTION ( 'NONE',  ( -0.9781476007338070200, 2.121019507454156500E-016, -0.2079116908177527400 ) ) ;
#3118 = CARTESIAN_POINT ( 'NONE',  ( -1.005398891869289500, 0.4529234108412327200, 1.454723429234030800 ) ) ;
#3119 = VERTEX_POINT ( 'NONE', #4740 ) ;
#3120 = CARTESIAN_POINT ( 'NONE',  ( 1.005400298960886800, 0.4748526993968247300, 1.454723130147478800 ) ) ;
#3121 = AXIS2_PLACEMENT_3D ( 'NONE', #4303, #1214, #9359 ) ;
#3122 = CARTESIAN_POINT ( 'NONE',  ( 1.006666859480175500, 0.4633214476849780700, 1.454453914398351900 ) ) ;
#3123 = VERTEX_POINT ( 'NONE', #2514 ) ;
#3124 = CARTESIAN_POINT ( 'NONE',  ( 1.466277338441463400, 0.3999999999999999700, -1.247566489699313700 ) ) ;
#3125 = CARTESIAN_POINT ( 'NONE',  ( -0.6420000000000002400, 1.200000000000000200, -0.08250000000000001800 ) ) ;
#3126 = EDGE_CURVE ( 'NONE', #1008, #1896, #4635, .T. ) ;
#3127 = CARTESIAN_POINT ( 'NONE',  ( -1.488402236249604800, 0.3999999999999999700, -1.200996732728298700 ) ) ;
#3128 = EDGE_CURVE ( 'NONE', #6810, #9545, #6846, .T. ) ;
#3129 = CARTESIAN_POINT ( 'NONE',  ( -1.499999999999998900, 0.4000000000000000200, 8.673617379884035500E-016 ) ) ;
#3130 = DIRECTION ( 'NONE',  ( 0.0000000000000000000, 0.0000000000000000000, 1.000000000000000000 ) ) ;
#3131 = MANIFOLD_SOLID_BREP ( 'Boss-Extrude7[5]', #7262 ) ;
#3132 = PLANE ( 'NONE',  #6446 ) ;
#3133 =( NAMED_UNIT ( * ) PLANE_ANGLE_UNIT ( ) SI_UNIT ( $, .RADIAN. ) );
#3134 = DIRECTION ( 'NONE',  ( -0.0000000000000000000, 1.000000000000000000, -0.0000000000000000000 ) ) ;
#3135 = CARTESIAN_POINT ( 'NONE',  ( -0.6420000000000002400, 1.150000000000000100, 0.08250000000000011500 ) ) ;
#3136 = AXIS2_PLACEMENT_3D ( 'NONE', #7757, #5541, #6304 ) ;
#3137 = DIRECTION ( 'NONE',  ( -0.0000000000000000000, 1.000000000000000000, -0.0000000000000000000 ) ) ;
#3138 = CARTESIAN_POINT ( 'NONE',  ( -0.9816777060382576600, 0.2195099938507023300, 1.439318711035709100 ) ) ;
#3139 = EDGE_CURVE ( 'NONE', #9273, #6698, #4884, .T. ) ;
#3140 = ADVANCED_FACE ( 'NONE', ( #2082 ), #5816, .F. ) ;
#3141 = ADVANCED_FACE ( 'NONE', ( #9464 ), #3801, .T. ) ;
#3142 = FACE_OUTER_BOUND ( 'NONE', #8798, .T. ) ;
#3143 = CARTESIAN_POINT ( 'NONE',  ( -1.494921851290856600, 0.7868169179417623400, 1.183120545852399200 ) ) ;
#3144 = CARTESIAN_POINT ( 'NONE',  ( -0.8520000000000000900, 1.086360389693210800, 0.08250000000000003200 ) ) ;
#3145 = VERTEX_POINT ( 'NONE', #4189 ) ;
#3146 = DIRECTION ( 'NONE',  ( 0.0000000000000000000, 1.000000000000000000, -0.0000000000000000000 ) ) ;
#3147 = LINE ( 'NONE', #3060, #8706 ) ;
#3148 = CARTESIAN_POINT ( 'NONE',  ( 1.401880649841643400, 0.5999999999999996400, -1.230146126991669800 ) ) ;
#3149 = B_SPLINE_CURVE_WITH_KNOTS ( 'NONE', 3,
 ( #5866, #3742, #1433, #4455, #3016, #4526 ),
 .UNSPECIFIED., .F., .F.,
 ( 4, 2, 4 ),
 ( 0.0000000000000000000, 0.0001463238840196136000, 0.0002926477680392272100 ),
 .UNSPECIFIED. ) ;
#3150 = ORIENTED_EDGE ( 'NONE', *, *, #6263, .T. ) ;
#3151 = CARTESIAN_POINT ( 'NONE',  ( -1.466207733209825600, 0.3999999999999999700, -1.247677207292406700 ) ) ;
#3152 = AXIS2_PLACEMENT_3D ( 'NONE', #3868, #3833, #3158 ) ;
#3153 = VECTOR ( 'NONE', #1027, 1000.000000000000000 ) ;
#3154 = CARTESIAN_POINT ( 'NONE',  ( -0.7801591384149980700, 0.3999999999999994100, -1.461705992985075100 ) ) ;
#3155 = ORIENTED_EDGE ( 'NONE', *, *, #6271, .T. ) ;
#3156 = DIRECTION ( 'NONE',  ( 0.0000000000000000000, 1.000000000000000000, 0.0000000000000000000 ) ) ;
#3157 = ORIENTED_EDGE ( 'NONE', *, *, #2245, .T. ) ;
#3158 = DIRECTION ( 'NONE',  ( -0.9781476007338070200, 0.0000000000000000000, 0.2079116908177527400 ) ) ;
#3159 = LINE ( 'NONE', #9101, #7586 ) ;
#3160 = CARTESIAN_POINT ( 'NONE',  ( -0.4870000000000001500, 1.086360389693210800, 0.1575000000000000300 ) ) ;
#3161 = ORIENTED_EDGE ( 'NONE', *, *, #8531, .F. ) ;
#3162 = FACE_OUTER_BOUND ( 'NONE', #5782, .T. ) ;
#3163 = CYLINDRICAL_SURFACE ( 'NONE', #9502, 0.02250000000000005800 ) ;
#3164 = ORIENTED_EDGE ( 'NONE', *, *, #9374, .F. ) ;
#3165 = EDGE_LOOP ( 'NONE', ( #162, #8959, #3068, #3527 ) ) ;
#3166 = CARTESIAN_POINT ( 'NONE',  ( -0.5390000000000001500, 1.086360389693210800, -0.1349999999999999300 ) ) ;
#3167 = FACE_OUTER_BOUND ( 'NONE', #5637, .T. ) ;
#3168 = PLANE ( 'NONE',  #5746 ) ;
#3169 = AXIS2_PLACEMENT_3D ( 'NONE', #2643, #4065, #1177 ) ;
#3170 = ORIENTED_EDGE ( 'NONE', *, *, #2635, .F. ) ;
#3171 = DIRECTION ( 'NONE',  ( 0.0000000000000000000, 1.000000000000000000, -0.0000000000000000000 ) ) ;
#3172 = AXIS2_PLACEMENT_3D ( 'NONE', #425, #2682, #4891 ) ;
#3173 = CARTESIAN_POINT ( 'NONE',  ( -0.7995000000000002100, 1.150000000000000100, -0.2275000000000000100 ) ) ;
#3174 = CARTESIAN_POINT ( 'NONE',  ( -1.112264232167867700, 0.02639512947488287900, 1.411561688041167900 ) ) ;
#3175 = VERTEX_POINT ( 'NONE', #7833 ) ;
#3176 = ORIENTED_EDGE ( 'NONE', *, *, #4056, .F. ) ;
#3177 = EDGE_CURVE ( 'NONE', #2407, #9075, #7311, .T. ) ;
#3178 = CARTESIAN_POINT ( 'NONE',  ( 1.434782608695653000, 0.5999999999999994200, 0.5702134989594442900 ) ) ;
#3179 = SURFACE_STYLE_FILL_AREA ( #8996 ) ;
#3180 = DIRECTION ( 'NONE',  ( 0.0000000000000000000, 1.000000000000000000, -0.0000000000000000000 ) ) ;
#3181 = EDGE_CURVE ( 'NONE', #2847, #6826, #6143, .T. ) ;
#3182 = VECTOR ( 'NONE', #7208, 1000.000000000000000 ) ;
#3183 = VECTOR ( 'NONE', #1277, 1000.000000000000000 ) ;
#3184 = ORIENTED_EDGE ( 'NONE', *, *, #6653, .T. ) ;
#3185 = CARTESIAN_POINT ( 'NONE',  ( 1.434782608695653400, 0.6000000000000000900, 1.151328281294502300 ) ) ;
#3186 = VERTEX_POINT ( 'NONE', #7069 ) ;
#3187 = VERTEX_POINT ( 'NONE', #446 ) ;
#3188 = CARTESIAN_POINT ( 'NONE',  ( -1.427004805574063600, 0.6000000000000007500, 1.186857947964828900 ) ) ;
#3189 = LINE ( 'NONE', #2017, #4591 ) ;
#3190 = EDGE_LOOP ( 'NONE', ( #2048, #7286, #5114, #9041 ) ) ;
#3191 = ADVANCED_FACE ( 'NONE', ( #5104 ), #9355, .F. ) ;
#3192 = DIRECTION ( 'NONE',  ( 0.0000000000000000000, 1.000000000000000000, -0.0000000000000000000 ) ) ;
#3193 = SURFACE_STYLE_USAGE ( .BOTH. , #8462 ) ;
#3194 = DIRECTION ( 'NONE',  ( 0.0000000000000000000, -1.000000000000000000, 0.0000000000000000000 ) ) ;
#3195 = VERTEX_POINT ( 'NONE', #498 ) ;
#3196 = VECTOR ( 'NONE', #2090, 1000.000000000000000 ) ;
#3197 = ORIENTED_EDGE ( 'NONE', *, *, #6940, .T. ) ;
#3198 = VERTEX_POINT ( 'NONE', #1249 ) ;
#3199 = MECHANICAL_DESIGN_GEOMETRIC_PRESENTATION_REPRESENTATION (  '', ( #6832 ), #8285 ) ;
#3200 = EDGE_CURVE ( 'NONE', #3145, #6466, #5345, .T. ) ;
#3201 = DIRECTION ( 'NONE',  ( -0.2079116908177361900, 0.0000000000000000000, -0.9781476007338105700 ) ) ;
#3202 = CYLINDRICAL_SURFACE ( 'NONE', #8053, 0.02249999999999994400 ) ;
#3203 = DIRECTION ( 'NONE',  ( 0.0000000000000000000, -0.0000000000000000000, 1.000000000000000000 ) ) ;
#3204 = CARTESIAN_POINT ( 'NONE',  ( -1.495444808898837900, 0.7860421869650051600, -1.136449269037184600 ) ) ;
#3205 = EDGE_LOOP ( 'NONE', ( #6884, #3727, #1362, #4097 ) ) ;
#3206 = SURFACE_STYLE_FILL_AREA ( #7799 ) ;
#3207 = ORIENTED_EDGE ( 'NONE', *, *, #1840, .F. ) ;
#3208 = ORIENTED_EDGE ( 'NONE', *, *, #3434, .F. ) ;
#3209 = CARTESIAN_POINT ( 'NONE',  ( -0.9550000000000000700, 1.150000000000000100, -0.1574999999999999200 ) ) ;
#3210 = SURFACE_STYLE_USAGE ( .BOTH. , #5511 ) ;
#3211 = FACE_OUTER_BOUND ( 'NONE', #8369, .T. ) ;
#3212 = ORIENTED_EDGE ( 'NONE', *, *, #8263, .T. ) ;
#3213 = CARTESIAN_POINT ( 'NONE',  ( 0.6202685462403906300, 0.8020000000000001600, -1.500652173913043600 ) ) ;
#3214 = CIRCLE ( 'NONE', #3893, 0.02249999999999995100 ) ;
#3215 = VERTEX_POINT ( 'NONE', #4935 ) ;
#3216 = DIRECTION ( 'NONE',  ( 0.0000000000000000000, 0.0000000000000000000, -1.000000000000000000 ) ) ;
#3217 = EDGE_LOOP ( 'NONE', ( #2415, #8848, #5581, #7459 ) ) ;
#3218 = CARTESIAN_POINT ( 'NONE',  ( 1.434782608695653000, 0.6000000000000000900, 0.0000000000000000000 ) ) ;
#3219 = B_SPLINE_CURVE_WITH_KNOTS ( 'NONE', 3,
 ( #1163, #9388, #543, #9425, #6636, #2810, #9488 ),
 .UNSPECIFIED., .F., .F.,
 ( 4, 1, 1, 1, 4 ),
 ( 0.0000000000000000000, 0.0005633026050136591900, 0.001130499522766968500, 0.001697696440520278700, 0.002260999045525056000 ),
 .UNSPECIFIED. ) ;
#3220 = SURFACE_SIDE_STYLE ('',( #8642 ) ) ;
#3221 = EDGE_CURVE ( 'NONE', #798, #7506, #2842, .T. ) ;
#3222 = CARTESIAN_POINT ( 'NONE',  ( -1.434782608695654100, 0.6000000000000005300, 3.794707603699265500E-016 ) ) ;
#3223 = LINE ( 'NONE', #8065, #6138 ) ;
#3224 = AXIS2_PLACEMENT_3D ( 'NONE', #8788, #2191, #8694 ) ;
#3225 = CARTESIAN_POINT ( 'NONE',  ( -1.007000000000000100, 1.200000000000000200, 0.1575000000000000800 ) ) ;
#3226 = FILL_AREA_STYLE_COLOUR ( '', #3676 ) ;
#3227 = CARTESIAN_POINT ( 'NONE',  ( -0.7470000000000000000, 1.086360389693210800, -0.3300000000000000200 ) ) ;
#3228 = CARTESIAN_POINT ( 'NONE',  ( -1.007000000000000100, 1.200000000000000200, -0.1574999999999999200 ) ) ;
#3229 = AXIS2_PLACEMENT_3D ( 'NONE', #3877, #7077, #6378 ) ;
#3230 = CARTESIAN_POINT ( 'NONE',  ( -1.466277338441626600, 0.3999999999999999700, 1.247566489699053000 ) ) ;
#3231 = AXIS2_PLACEMENT_3D ( 'NONE', #4035, #5555, #3992 ) ;
#3232 = ORIENTED_EDGE ( 'NONE', *, *, #598, .T. ) ;
#3233 = DIRECTION ( 'NONE',  ( 0.0000000000000000000, 0.0000000000000000000, 1.000000000000000000 ) ) ;
#3234 = DIRECTION ( 'NONE',  ( 0.0000000000000000000, -1.000000000000000000, 0.0000000000000000000 ) ) ;
#3235 = CARTESIAN_POINT ( 'NONE',  ( -1.495090974099808400, 0.7863311698131004700, -1.148768035627513200 ) ) ;
#3236 = VECTOR ( 'NONE', #815, 1000.000000000000000 ) ;
#3237 = DIRECTION ( 'NONE',  ( 0.0000000000000000000, 0.0000000000000000000, -1.000000000000000000 ) ) ;
#3238 = CARTESIAN_POINT ( 'NONE',  ( -1.057000000000000200, 1.086360389693210800, 1.171986986784016800E-016 ) ) ;
#3239 = ADVANCED_FACE ( 'NONE', ( #2203 ), #910, .T. ) ;
#3240 = VECTOR ( 'NONE', #7197, 1000.000000000000000 ) ;
#3241 = DIRECTION ( 'NONE',  ( 0.0000000000000000000, 0.0000000000000000000, -1.000000000000000000 ) ) ;
#3242 = DIRECTION ( 'NONE',  ( 0.0000000000000000000, 1.000000000000000000, -0.0000000000000000000 ) ) ;
#3243 = CARTESIAN_POINT ( 'NONE',  ( 1.094897184309959500, 0.2195099938507023600, 1.394806356122902700 ) ) ;
#3244 = CARTESIAN_POINT ( 'NONE',  ( 1.279941855525978700, 0.3999999999999999700, -1.130499522727401700 ) ) ;
#3245 = CARTESIAN_POINT ( 'NONE',  ( 1.495438813010397300, 0.4139876401014500100, -1.130499522634566000 ) ) ;
#3246 = CIRCLE ( 'NONE', #8865, 0.02250000000000005800 ) ;
#3247 = CARTESIAN_POINT ( 'NONE',  ( 0.5931453759609353100, 0.6000000000000000900, 1.434782608695652100 ) ) ;
#3248 = LINE ( 'NONE', #7041, #8685 ) ;
#3249 = STYLED_ITEM ( 'NONE', ( #2127 ), #8461 ) ;
#3250 = CARTESIAN_POINT ( 'NONE',  ( -1.143807022165300900, 0.8020000000000016000, 1.389370635568485400 ) ) ;
#3251 =( LENGTH_UNIT ( ) NAMED_UNIT ( * ) SI_UNIT ( .MILLI., .METRE. ) );
#3252 = EDGE_CURVE ( 'NONE', #4685, #677, #2651, .T. ) ;
#3253 = DIRECTION ( 'NONE',  ( 0.0000000000000000000, 1.000000000000000000, -0.0000000000000000000 ) ) ;
#3254 = FACE_OUTER_BOUND ( 'NONE', #32, .T. ) ;
#3255 = CYLINDRICAL_SURFACE ( 'NONE', #8365, 0.02250000000000005800 ) ;
#3256 = CARTESIAN_POINT ( 'NONE',  ( 0.3885239703726777200, 0.2195099938507022200, -1.928418334695608300 ) ) ;
#3257 = VERTEX_POINT ( 'NONE', #5604 ) ;
#3258 = LINE ( 'NONE', #9412, #2118 ) ;
#3259 = DIRECTION ( 'NONE',  ( -0.9781476007338070200, -6.229315014092167600E-016, -0.2079116908177527900 ) ) ;
#3260 = CARTESIAN_POINT ( 'NONE',  ( 1.345557676723077500, 0.6000247699279172000, 1.271663772423539800 ) ) ;
#3261 = EDGE_CURVE ( 'NONE', #7032, #9545, #1147, .T. ) ;
#3262 = CIRCLE ( 'NONE', #4745, 0.02250000000000005800 ) ;
#3263 = ORIENTED_EDGE ( 'NONE', *, *, #8976, .T. ) ;
#3264 = CYLINDRICAL_SURFACE ( 'NONE', #6633, 0.02250000000000005800 ) ;
#3265 = EDGE_LOOP ( 'NONE', ( #5754, #5446 ) ) ;
#3266 = CARTESIAN_POINT ( 'NONE',  ( 0.9684599935771947000, 0.7999999999999998200, -1.425932541885676800 ) ) ;
#3267 = DIRECTION ( 'NONE',  ( 0.0000000000000000000, -0.3100205998309171800, 0.9507298394814788200 ) ) ;
#3268 = FACE_OUTER_BOUND ( 'NONE', #8778, .T. ) ;
#3269 = ORIENTED_EDGE ( 'NONE', *, *, #84, .F. ) ;
#3270 = DIRECTION ( 'NONE',  ( 1.000000000000000000, 0.0000000000000000000, -2.168404344971009600E-016 ) ) ;
#3271 = DIRECTION ( 'NONE',  ( 0.0000000000000000000, 1.000000000000000000, 0.0000000000000000000 ) ) ;
#3272 = VERTEX_POINT ( 'NONE', #1395 ) ;
#3273 = B_SPLINE_CURVE_WITH_KNOTS ( 'NONE', 3,
 ( #9493, #2211, #609, #1360 ),
 .UNSPECIFIED., .F., .F.,
 ( 4, 4 ),
 ( 0.0000000000000000000, 4.981195386651690000E-006 ),
 .UNSPECIFIED. ) ;
#3274 = AXIS2_PLACEMENT_3D ( 'NONE', #3084, #9571, #713 ) ;
#3275 = AXIS2_PLACEMENT_3D ( 'NONE', #3823, #2996, #5354 ) ;
#3276 = ORIENTED_EDGE ( 'NONE', *, *, #7743, .F. ) ;
#3277 = CARTESIAN_POINT ( 'NONE',  ( -1.143751040218046600, 0.8000000000000016000, 1.388673279720159100 ) ) ;
#3278 = FACE_OUTER_BOUND ( 'NONE', #914, .T. ) ;
#3279 = ADVANCED_FACE ( 'NONE', ( #449 ), #8150, .F. ) ;
#3280 = CARTESIAN_POINT ( 'NONE',  ( -1.394693821405398800, 0.3999999999999783200, -1.318278714250651600 ) ) ;
#3281 = FACE_OUTER_BOUND ( 'NONE', #1605, .T. ) ;
#3282 = ORIENTED_EDGE ( 'NONE', *, *, #5202, .F. ) ;
#3283 = DIRECTION ( 'NONE',  ( -0.0000000000000000000, 1.000000000000000000, -0.0000000000000000000 ) ) ;
#3284 = EDGE_LOOP ( 'NONE', ( #1421, #1427 ) ) ;
#3285 = CARTESIAN_POINT ( 'NONE',  ( -1.325889227904380600, 0.7907169422464611600, -1.346664914048300000 ) ) ;
#3286 = FACE_BOUND ( 'NONE', #944, .T. ) ;
#3287 = CYLINDRICAL_SURFACE ( 'NONE', #878, 0.02000000000000005200 ) ;
#3288 = DIRECTION ( 'NONE',  ( -0.0000000000000000000, 1.000000000000000000, -0.0000000000000000000 ) ) ;
#3289 = ORIENTED_EDGE ( 'NONE', *, *, #1423, .T. ) ;
#3290 = ORIENTED_EDGE ( 'NONE', *, *, #8345, .F. ) ;
#3291 = ORIENTED_EDGE ( 'NONE', *, *, #5902, .T. ) ;
#3292 = DIRECTION ( 'NONE',  ( -0.0000000000000000000, 1.000000000000000000, -0.0000000000000000000 ) ) ;
#3293 = DIRECTION ( 'NONE',  ( 0.0000000000000000000, 0.0000000000000000000, -1.000000000000000000 ) ) ;
#3294 = MANIFOLD_SOLID_BREP ( 'Boss-Extrude7[11]', #7505 ) ;
#3295 = VECTOR ( 'NONE', #25, 1000.000000000000000 ) ;
#3296 = ORIENTED_EDGE ( 'NONE', *, *, #4701, .T. ) ;
#3297 = CYLINDRICAL_SURFACE ( 'NONE', #3523, 0.02249999999999992300 ) ;
#3298 = ORIENTED_EDGE ( 'NONE', *, *, #8011, .F. ) ;
#3299 = ORIENTED_EDGE ( 'NONE', *, *, #6999, .F. ) ;
#3300 = SURFACE_STYLE_USAGE ( .BOTH. , #7766 ) ;
#3301 = EDGE_CURVE ( 'NONE', #3195, #2765, #7650, .T. ) ;
#3302 = DIRECTION ( 'NONE',  ( 0.2079116908177527400, 4.463728848905789400E-017, 0.9781476007338070200 ) ) ;
#3303 = FACE_OUTER_BOUND ( 'NONE', #5667, .T. ) ;
#3304 = ORIENTED_EDGE ( 'NONE', *, *, #3813, .F. ) ;
#3305 = SURFACE_SIDE_STYLE ('',( #622 ) ) ;
#3306 = CARTESIAN_POINT ( 'NONE',  ( -0.9045000000000001900, 1.200000000000000200, 0.2600000000000001800 ) ) ;
#3307 = ORIENTED_EDGE ( 'NONE', *, *, #6178, .T. ) ;
#3308 = COLOUR_RGB ( '',1.000000000000000000, 1.000000000000000000, 1.000000000000000000 ) ;
#3309 = ORIENTED_EDGE ( 'NONE', *, *, #4056, .T. ) ;
#3310 = EDGE_LOOP ( 'NONE', ( #4377, #5896, #9346, #1869 ) ) ;
#3311 = CARTESIAN_POINT ( 'NONE',  ( -1.499999999999999800, 0.8000000000000001600, -0.9422711519448042600 ) ) ;
#3312 = EDGE_CURVE ( 'NONE', #4052, #1819, #4523, .T. ) ;
#3313 = CARTESIAN_POINT ( 'NONE',  ( -0.9570000000000001800, 1.200000000000000200, -0.02249999999999993700 ) ) ;
#3314 = DIRECTION ( 'NONE',  ( 0.0000000000000000000, 1.000000000000000000, 0.0000000000000000000 ) ) ;
#3315 = CARTESIAN_POINT ( 'NONE',  ( 1.279941855525978700, 0.0000000000000000000, -1.130499522727401700 ) ) ;
#3316 = DIRECTION ( 'NONE',  ( 0.0000000000000000000, -1.000000000000000000, 0.0000000000000000000 ) ) ;
#3317 = CARTESIAN_POINT ( 'NONE',  ( -1.072879380152845100, 0.6000103683717852300, -1.332932442500615000 ) ) ;
#3318 = ORIENTED_EDGE ( 'NONE', *, *, #8219, .F. ) ;
#3319 = AXIS2_PLACEMENT_3D ( 'NONE', #1291, #9442, #7283 ) ;
#3320 = ORIENTED_EDGE ( 'NONE', *, *, #1840, .T. ) ;
#3321 = ORIENTED_EDGE ( 'NONE', *, *, #5909, .F. ) ;
#3322 = EDGE_CURVE ( 'NONE', #3048, #414, #9573, .T. ) ;
#3323 = CARTESIAN_POINT ( 'NONE',  ( -1.495433535334455400, 0.7859971542999642000, -1.134433025898075900 ) ) ;
#3324 = EDGE_CURVE ( 'NONE', #2510, #9045, #4050, .T. ) ;
#3325 = LINE ( 'NONE', #2110, #4871 ) ;
#3326 = EDGE_LOOP ( 'NONE', ( #2335, #3605, #8418, #959, #3375, #9329, #7982, #8611, #4438, #7367, #1188, #6033, #6790, #4267, #3898 ) ) ;
#3327 = ORIENTED_EDGE ( 'NONE', *, *, #3014, .F. ) ;
#3328 = ADVANCED_FACE ( 'NONE', ( #2533 ), #2217, .T. ) ;
#3329 = ORIENTED_EDGE ( 'NONE', *, *, #3711, .F. ) ;
#3330 = CARTESIAN_POINT ( 'NONE',  ( -0.7995000000000001000, 1.150000000000000100, 0.2050000000000000400 ) ) ;
#3331 = DIRECTION ( 'NONE',  ( -0.03256719356880716200, 0.9502255231857595900, 0.3098561488649226900 ) ) ;
#3332 = PLANE ( 'NONE',  #9480 ) ;
#3333 = AXIS2_PLACEMENT_3D ( 'NONE', #4869, #6456, #397 ) ;
#3334 =( LENGTH_UNIT ( ) NAMED_UNIT ( * ) SI_UNIT ( .MILLI., .METRE. ) );
#3335 = AXIS2_PLACEMENT_3D ( 'NONE', #6307, #2491, #7046 ) ;
#3336 = EDGE_LOOP ( 'NONE', ( #4201, #8650 ) ) ;
#3337 = CARTESIAN_POINT ( 'NONE',  ( -0.5895000000000000200, 1.200000000000000200, 0.2600000000000001200 ) ) ;
#3338 = B_SPLINE_CURVE_WITH_KNOTS ( 'NONE', 3,
 ( #1562, #7441, #7512, #6842, #4554, #5324 ),
 .UNSPECIFIED., .F., .F.,
 ( 4, 2, 4 ),
 ( 4.848699518061080300E-019, 0.0001491078524607842200, 0.0002982157049215679500 ),
 .UNSPECIFIED. ) ;
#3339 = ADVANCED_FACE ( 'NONE', ( #2321 ), #1608, .T. ) ;
#3340 = CARTESIAN_POINT ( 'NONE',  ( -0.7470000000000000000, 1.200000000000000200, -0.2849999999999998600 ) ) ;
#3341 = CARTESIAN_POINT ( 'NONE',  ( -0.7995000000000001000, 1.200000000000000200, 0.2275000000000001200 ) ) ;
#3342 = PRESENTATION_STYLE_ASSIGNMENT (( #1502 ) ) ;
#3343 = EDGE_CURVE ( 'NONE', #2318, #67, #1381, .T. ) ;
#3344 = CARTESIAN_POINT ( 'NONE',  ( -0.5390000000000001500, 1.150000000000000100, 0.1349999999999999800 ) ) ;
#3345 = AXIS2_PLACEMENT_3D ( 'NONE', #9271, #5646, #2822 ) ;
#3346 = ORIENTED_EDGE ( 'NONE', *, *, #234, .F. ) ;
#3347 = DIRECTION ( 'NONE',  ( -0.0000000000000000000, 1.000000000000000000, -0.0000000000000000000 ) ) ;
#3348 = CARTESIAN_POINT ( 'NONE',  ( -0.6182269360013436000, 0.7860123598985514500, -1.495438813010397300 ) ) ;
#3349 = EDGE_CURVE ( 'NONE', #1290, #4579, #4335, .T. ) ;
#3350 = PLANE ( 'NONE',  #1494 ) ;
#3351 = CARTESIAN_POINT ( 'NONE',  ( 1.495433535334455200, 0.7859971542999637500, 1.134433025898075700 ) ) ;
#3352 = AXIS2_PLACEMENT_3D ( 'NONE', #5720, #701, #4470 ) ;
#3353 = CARTESIAN_POINT ( 'NONE',  ( -1.409854139095247000, 0.5999617559716532400, -1.216295287082088000 ) ) ;
#3354 = EDGE_CURVE ( 'NONE', #1352, #9074, #7537, .T. ) ;
#3355 = CARTESIAN_POINT ( 'NONE',  ( 1.495408060417703100, 0.4138293123844531400, 1.136659269116600600 ) ) ;
#3356 = CARTESIAN_POINT ( 'NONE',  ( 1.325026337631668200, 0.7907215304527237500, -1.346851624498494700 ) ) ;
#3357 = CARTESIAN_POINT ( 'NONE',  ( 1.143807022165300300, 0.8020000000000003800, 1.389370635568483200 ) ) ;
#3358 = DIRECTION ( 'NONE',  ( 6.000383394016538200E-016, -1.000000000000000000, 1.731765983604664100E-016 ) ) ;
#3359 = DIRECTION ( 'NONE',  ( -0.0000000000000000000, 1.000000000000000000, -0.0000000000000000000 ) ) ;
#3360 = EDGE_CURVE ( 'NONE', #3041, #830, #791, .T. ) ;
#3361 = CARTESIAN_POINT ( 'NONE',  ( -1.030507456653524200, 0.5454432288778045000, 1.380460565333967200 ) ) ;
#3362 = STYLED_ITEM ( 'NONE', ( #8719 ), #8058 ) ;
#3363 = PLANE ( 'NONE',  #769 ) ;
#3364 = ADVANCED_FACE ( 'NONE', ( #109 ), #2766, .T. ) ;
#3365 = FILL_AREA_STYLE ('',( #8592 ) ) ;
#3366 = EDGE_CURVE ( 'NONE', #9536, #5275, #6599, .T. ) ;
#3367 = CARTESIAN_POINT ( 'NONE',  ( 1.500000000000000000, 0.8000000000000001600, 1.134750653960801700 ) ) ;
#3368 = EDGE_LOOP ( 'NONE', ( #5142, #5285 ) ) ;
#3369 = DIRECTION ( 'NONE',  ( 0.0000000000000000000, 1.000000000000000000, -0.0000000000000000000 ) ) ;
#3370 = ORIENTED_EDGE ( 'NONE', *, *, #38, .T. ) ;
#3371 = VECTOR ( 'NONE', #399, 1000.000000000000200 ) ;
#3372 = ORIENTED_EDGE ( 'NONE', *, *, #1584, .F. ) ;
#3373 = CARTESIAN_POINT ( 'NONE',  ( 1.014445837075314200, 0.4797064074141473300, 1.452800441667420900 ) ) ;
#3374 = CARTESIAN_POINT ( 'NONE',  ( -0.5895000000000000200, 1.150000000000000100, 0.2825000000000000800 ) ) ;
#3375 = ORIENTED_EDGE ( 'NONE', *, *, #7545, .T. ) ;
#3376 = ADVANCED_FACE ( 'NONE', ( #6731 ), #901, .T. ) ;
#3377 =( NAMED_UNIT ( * ) SI_UNIT ( $, .STERADIAN. ) SOLID_ANGLE_UNIT ( ) );
#3378 = AXIS2_PLACEMENT_3D ( 'NONE', #3228, #1667, #3968 ) ;
#3379 = FACE_OUTER_BOUND ( 'NONE', #4108, .T. ) ;
#3380 = EDGE_LOOP ( 'NONE', ( #8028, #1650, #6017, #3329 ) ) ;
#3381 = CARTESIAN_POINT ( 'NONE',  ( 1.092285995113770000, 0.4924232196829256800, 1.379058668080751100 ) ) ;
#3382 = CARTESIAN_POINT ( 'NONE',  ( 1.389427373589869200, 0.6000069547860003000, 1.241214929862068100 ) ) ;
#3383 = LINE ( 'NONE', #2161, #847 ) ;
#3384 = AXIS2_PLACEMENT_3D ( 'NONE', #8784, #1508, #2273 ) ;
#3385 = CARTESIAN_POINT ( 'NONE',  ( -0.5895000000000000200, 1.200000000000000200, 0.2375000000000002100 ) ) ;
#3386 = FACE_OUTER_BOUND ( 'NONE', #2014, .T. ) ;
#3387 = ORIENTED_EDGE ( 'NONE', *, *, #5575, .F. ) ;
#3388 = ORIENTED_EDGE ( 'NONE', *, *, #4704, .T. ) ;
#3389 = CYLINDRICAL_SURFACE ( 'NONE', #4049, 0.01999999999999999300 ) ;
#3390 = CARTESIAN_POINT ( 'NONE',  ( 1.494310824241347900, 0.8019999999999998200, 1.203611319094896900 ) ) ;
#3391 = EDGE_CURVE ( 'NONE', #8391, #8985, #8055, .T. ) ;
#3392 = VERTEX_POINT ( 'NONE', #3919 ) ;
#3393 = EDGE_CURVE ( 'NONE', #5903, #8032, #5806, .T. ) ;
#3394 = CIRCLE ( 'NONE', #1244, 0.02000000000000004900 ) ;
#3395 = DIRECTION ( 'NONE',  ( 0.0000000000000000000, 0.0000000000000000000, 1.000000000000000000 ) ) ;
#3396 = DIRECTION ( 'NONE',  ( 0.0000000000000000000, -0.0000000000000000000, -1.000000000000000000 ) ) ;
#3397 = VECTOR ( 'NONE', #704, 1000.000000000000200 ) ;
#3398 = ORIENTED_EDGE ( 'NONE', *, *, #5885, .F. ) ;
#3399 = B_SPLINE_CURVE_WITH_KNOTS ( 'NONE', 3,
 ( #2015, #2856, #8673, #6543, #658, #592, #3529 ),
 .UNSPECIFIED., .F., .F.,
 ( 4, 3, 4 ),
 ( 4.336808689942017700E-019, 7.828750635310527200E-007, 8.428750149189230800E-007 ),
 .UNSPECIFIED. ) ;
#3400 = ORIENTED_EDGE ( 'NONE', *, *, #7557, .F. ) ;
#3401 = EDGE_CURVE ( 'NONE', #4861, #5655, #5584, .T. ) ;
#3402 = MECHANICAL_DESIGN_GEOMETRIC_PRESENTATION_REPRESENTATION (  '', ( #2796 ), #439 ) ;
#3403 = AXIS2_PLACEMENT_3D ( 'NONE', #2309, #4566, #8209 ) ;
#3404 = DIRECTION ( 'NONE',  ( 0.0000000000000000000, 0.0000000000000000000, 1.000000000000000000 ) ) ;
#3405 = VECTOR ( 'NONE', #6454, 1000.000000000000100 ) ;
#3406 = CARTESIAN_POINT ( 'NONE',  ( 1.090129857041578900, 0.4629241417917986900, 1.372377844714338900 ) ) ;
#3407 = CIRCLE ( 'NONE', #4796, 0.02250000000000005800 ) ;
#3408 = DIRECTION ( 'NONE',  ( 0.0000000000000000000, 0.0000000000000000000, -1.000000000000000000 ) ) ;
#3409 = CLOSED_SHELL ( 'NONE', ( #3709, #1059, #2142, #4279 ) ) ;
#3410 = ORIENTED_EDGE ( 'NONE', *, *, #7353, .T. ) ;
#3411 = EDGE_LOOP ( 'NONE', ( #5099, #8528, #9272, #6332 ) ) ;
#3412 = DIRECTION ( 'NONE',  ( 0.0000000000000000000, 1.000000000000000000, 0.0000000000000000000 ) ) ;
#3413 = FACE_OUTER_BOUND ( 'NONE', #3891, .T. ) ;
#3414 = EDGE_LOOP ( 'NONE', ( #77, #3269 ) ) ;
#3415 =( LENGTH_UNIT ( ) NAMED_UNIT ( * ) SI_UNIT ( .MILLI., .METRE. ) );
#3416 =( BOUNDED_SURFACE ( )  B_SPLINE_SURFACE ( 3, 2, ( 
 ( #8757, #5851, #2049 ),
 ( #1390, #4283, #9435 ),
 ( #6607, #2909, #2081 ),
 ( #8096, #6643, #6513 ),
 ( #2148, #2884, #5891 ),
 ( #7278, #7232, #1452 ),
 ( #737, #824, #6044 ),
 ( #3809, #31, #3009 ),
 ( #8931, #102, #3067 ),
 ( #7492, #9560, #6757 ),
 ( #5978, #4543, #5195 ),
 ( #8871, #5298, #3728 ),
 ( #1575, #9, #8117 ),
 ( #6787, #8971, #7525 ),
 ( #3675, #3771, #2238 ),
 ( #8842, #1509, #3027 ) ),
 .UNSPECIFIED., .F., .F., .F. ) 
 B_SPLINE_SURFACE_WITH_KNOTS ( ( 4, 2, 2, 2, 2, 2, 2, 4 ),
 ( 3, 3 ),
 ( 0.0000000000000000000, 0.0005321629846973595500, 0.0007982444770460393200, 0.0009312852232203792600, 0.0009978055963075491700, 0.001031065782851134000, 0.001047695876122926600, 0.001064325969394719100 ),
 ( 0.0000000000000000000, 1.000000000000000000 ),
 .UNSPECIFIED. ) 
 GEOMETRIC_REPRESENTATION_ITEM ( )  RATIONAL_B_SPLINE_SURFACE ( (
 ( 1.000000000000000000, 0.9477957693035310400, 1.000000000000000000),
 ( 1.000000000000000000, 0.9477340877841140500, 1.000000000000000000),
 ( 1.000000000000000000, 0.9483644020575132700, 1.000000000000000000),
 ( 1.000000000000000000, 0.9490298197166342500, 1.000000000000000000),
 ( 1.000000000000000000, 0.9492950742232909600, 1.000000000000000000),
 ( 1.000000000000000000, 0.9496660691550453700, 1.000000000000000000),
 ( 1.000000000000000000, 0.9499128951838401400, 1.000000000000000000),
 ( 1.000000000000000000, 0.9502623079542332800, 1.000000000000000000),
 ( 1.000000000000000000, 0.9503737714666363700, 1.000000000000000000),
 ( 1.000000000000000000, 0.9505219754089757600, 1.000000000000000000),
 ( 1.000000000000000000, 0.9505684160043335100, 1.000000000000000000),
 ( 1.000000000000000000, 0.9506348812850520200, 1.000000000000000000),
 ( 1.000000000000000000, 0.9506565257930508200, 1.000000000000000000),
 ( 1.000000000000000000, 0.9506993340270537600, 1.000000000000000000),
 ( 1.000000000000000000, 0.9507279222635588400, 1.000000000000000000),
 ( 1.000000000000000000, 0.9507298394814794900, 1.000000000000000000) ) ) 
 REPRESENTATION_ITEM ( '' )  SURFACE ( )  );
#3417 = CARTESIAN_POINT ( 'NONE',  ( -1.500000000000000000, 1.200000000000000200, 1.134750653960801200 ) ) ;
#3418 = CARTESIAN_POINT ( 'NONE',  ( -1.476224313984986200, 0.7883438340387326500, -1.228318354960587400 ) ) ;
#3419 = EDGE_LOOP ( 'NONE', ( #1653, #2870, #3492, #5531 ) ) ;
#3420 = CIRCLE ( 'NONE', #8004, 0.02250000000000005800 ) ;
#3421 = ORIENTED_EDGE ( 'NONE', *, *, #2092, .T. ) ;
#3422 = VERTEX_POINT ( 'NONE', #4782 ) ;
#3423 = DIRECTION ( 'NONE',  ( 0.0000000000000000000, 0.0000000000000000000, -1.000000000000000000 ) ) ;
#3424 = STYLED_ITEM ( 'NONE', ( #6864 ), #2592 ) ;
#3425 = CARTESIAN_POINT ( 'NONE',  ( -0.6945000000000002300, 1.200000000000000200, -0.2049999999999999300 ) ) ;
#3426 = ADVANCED_FACE ( 'NONE', ( #8431 ), #6615, .F. ) ;
#3427 = ADVANCED_FACE ( 'NONE', ( #1369 ), #6379, .F. ) ;
#3428 = CARTESIAN_POINT ( 'NONE',  ( -1.007000000000000100, 1.086360389693210800, -0.1349999999999998700 ) ) ;
#3429 = VERTEX_POINT ( 'NONE', #4075 ) ;
#3430 = CARTESIAN_POINT ( 'NONE',  ( 0.9685701236624367800, 0.8019999999999996000, 1.426618388191971800 ) ) ;
#3431 = CARTESIAN_POINT ( 'NONE',  ( -0.5997232021850390500, 0.4080762362277924300, -1.497366444708327900 ) ) ;
#3432 = EDGE_LOOP ( 'NONE', ( #2595, #8328 ) ) ;
#3433 = ORIENTED_EDGE ( 'NONE', *, *, #2060, .F. ) ;
#3434 = EDGE_CURVE ( 'NONE', #3528, #7572, #9228, .T. ) ;
#3435 = CARTESIAN_POINT ( 'NONE',  ( 1.117885865953677000, 2.032736059451452600E-016, 1.430813584789989200 ) ) ;
#3436 = CARTESIAN_POINT ( 'NONE',  ( 1.279941855525978100, 0.8000000000000001600, 1.134750653960801900 ) ) ;
#3437 = EDGE_CURVE ( 'NONE', #2189, #9411, #4752, .T. ) ;
#3438 = CARTESIAN_POINT ( 'NONE',  ( 1.000573563836159500, 0.4971317762197325400, 1.439373074165685600 ) ) ;
#3439 = EDGE_CURVE ( 'NONE', #9529, #5474, #7300, .T. ) ;
#3440 = ADVANCED_FACE ( 'NONE', ( #2528 ), #1139, .T. ) ;
#3441 = FACE_OUTER_BOUND ( 'NONE', #7375, .T. ) ;
#3442 = CARTESIAN_POINT ( 'NONE',  ( -0.5390000000000001500, 1.200000000000000200, 0.1575000000000000300 ) ) ;
#3443 = DIRECTION ( 'NONE',  ( 0.0000000000000000000, 0.0000000000000000000, 1.000000000000000000 ) ) ;
#3444 = CARTESIAN_POINT ( 'NONE',  ( -1.347384664740791900, 0.8020000000000001600, -1.346098871829750200 ) ) ;
#3445 = ORIENTED_EDGE ( 'NONE', *, *, #7436, .T. ) ;
#3446 = PLANE ( 'NONE',  #7266 ) ;
#3447 = PLANE ( 'NONE',  #5415 ) ;
#3448 = DIRECTION ( 'NONE',  ( 0.0000000000000000000, 0.0000000000000000000, -1.000000000000000000 ) ) ;
#3449 = EDGE_CURVE ( 'NONE', #973, #1600, #6506, .T. ) ;
#3450 = CYLINDRICAL_SURFACE ( 'NONE', #40, 0.02250000000000005800 ) ;
#3451 = AXIS2_PLACEMENT_3D ( 'NONE', #1382, #3931, #4627 ) ;
#3452 = ORIENTED_EDGE ( 'NONE', *, *, #7806, .F. ) ;
#3453 = EDGE_CURVE ( 'NONE', #7989, #3547, #4272, .T. ) ;
#3454 = CARTESIAN_POINT ( 'NONE',  ( 0.6000000000000004200, 0.3999999999999999700, 1.499999999999999800 ) ) ;
#3455 = CARTESIAN_POINT ( 'NONE',  ( -0.8520000000000000900, 1.086360389693210800, -0.1274999999999999700 ) ) ;
#3456 = CARTESIAN_POINT ( 'NONE',  ( -0.9045000000000001900, 1.150000000000000100, 0.2600000000000001800 ) ) ;
#3457 = VECTOR ( 'NONE', #5418, 1000.000000000000000 ) ;
#3458 = DIRECTION ( 'NONE',  ( 0.0000000000000000000, 1.000000000000000000, 0.0000000000000000000 ) ) ;
#3459 = CARTESIAN_POINT ( 'NONE',  ( 0.9996705365093348000, 0.5397324556581526400, 1.381000000447168300 ) ) ;
#3460 = CARTESIAN_POINT ( 'NONE',  ( -0.5996557025154878300, 0.4100457000281904600, -1.496724228251676400 ) ) ;
#3461 =( LENGTH_UNIT ( ) NAMED_UNIT ( * ) SI_UNIT ( .MILLI., .METRE. ) );
#3462 = CARTESIAN_POINT ( 'NONE',  ( -0.5999999999999995300, 0.3999999999999997400, 1.500000000000000000 ) ) ;
#3463 = AXIS2_PLACEMENT_3D ( 'NONE', #4463, #3751, #793 ) ;
#3464 = PRESENTATION_LAYER_ASSIGNMENT (  '', '', ( #4293 ) ) ;
#3465 = CIRCLE ( 'NONE', #3828, 0.02250000000000005800 ) ;
#3466 = DIRECTION ( 'NONE',  ( 0.0000000000000000000, 0.0000000000000000000, 1.000000000000000000 ) ) ;
#3467 = FILL_AREA_STYLE_COLOUR ( '', #7268 ) ;
#3468 = SURFACE_STYLE_USAGE ( .BOTH. , #4217 ) ;
#3469 = CIRCLE ( 'NONE', #457, 0.02250000000000005800 ) ;
#3470 = DIRECTION ( 'NONE',  ( 0.0000000000000000000, 0.0000000000000000000, 1.000000000000000000 ) ) ;
#3471 = CARTESIAN_POINT ( 'NONE',  ( -0.9691047124801158700, 0.5606376542758857400, 1.380167426975792400 ) ) ;
#3472 = PLANE ( 'NONE',  #7157 ) ;
#3473 = UNCERTAINTY_MEASURE_WITH_UNIT (LENGTH_MEASURE( 1.000000000000000100E-005 ), #9365, 'distance_accuracy_value', 'NONE');
#3474 = DIRECTION ( 'NONE',  ( 0.0000000000000000000, 1.000000000000000000, 0.0000000000000000000 ) ) ;
#3475 = DIRECTION ( 'NONE',  ( -0.9781476007338068000, 0.0000000000000000000, 0.2079116908177535400 ) ) ;
#3476 = DIRECTION ( 'NONE',  ( 0.0000000000000000000, -1.000000000000000000, 0.0000000000000000000 ) ) ;
#3477 = AXIS2_PLACEMENT_3D ( 'NONE', #5543, #2559, #7048 ) ;
#3478 = FACE_OUTER_BOUND ( 'NONE', #7399, .T. ) ;
#3479 = CARTESIAN_POINT ( 'NONE',  ( -0.7470000000000001100, 1.150000000000000100, -0.1274999999999999700 ) ) ;
#3480 = DIRECTION ( 'NONE',  ( 0.0000000000000000000, 0.0000000000000000000, 1.000000000000000000 ) ) ;
#3481 = ADVANCED_FACE ( 'NONE', ( #2873 ), #6566, .F. ) ;
#3482 = DIRECTION ( 'NONE',  ( -0.0000000000000000000, 1.000000000000000000, -0.0000000000000000000 ) ) ;
#3483 = CARTESIAN_POINT ( 'NONE',  ( -1.495437206006902600, 0.7860074317545019400, -1.133095235764471500 ) ) ;
#3484 = CIRCLE ( 'NONE', #5170, 0.02000000000000005200 ) ;
#3485 = FILL_AREA_STYLE_COLOUR ( '', #9221 ) ;
#3486 = LINE ( 'NONE', #1951, #8799 ) ;
#3487 = DIRECTION ( 'NONE',  ( 0.0000000000000000000, -0.0000000000000000000, 1.000000000000000000 ) ) ;
#3488 = CARTESIAN_POINT ( 'NONE',  ( -0.9879841896435035400, 0.02500000000000050800, 1.437978226564350400 ) ) ;
#3489 = EDGE_CURVE ( 'NONE', #7989, #5133, #5337, .T. ) ;
#3490 = CARTESIAN_POINT ( 'NONE',  ( 1.325006775842308500, 0.7907215304527237500, -1.346855782485181200 ) ) ;
#3491 = LINE ( 'NONE', #1002, #1519 ) ;
#3492 = ORIENTED_EDGE ( 'NONE', *, *, #9200, .T. ) ;
#3493 = DIRECTION ( 'NONE',  ( -1.000000000000000000, -0.0000000000000000000, -0.0000000000000000000 ) ) ;
#3494 = FILL_AREA_STYLE ('',( #8674 ) ) ;
#3495 = CARTESIAN_POINT ( 'NONE',  ( -1.057000000000000200, 1.200000000000000200, -0.02249999999999992600 ) ) ;
#3496 = DIRECTION ( 'NONE',  ( 0.0000000000000000000, 0.0000000000000000000, 1.000000000000000000 ) ) ;
#3497 = VERTEX_POINT ( 'NONE', #3517 ) ;
#3498 = CIRCLE ( 'NONE', #2131, 0.02249999999999995100 ) ;
#3499 = EDGE_CURVE ( 'NONE', #8276, #7710, #3791, .T. ) ;
#3500 = ORIENTED_EDGE ( 'NONE', *, *, #4907, .T. ) ;
#3501 = CARTESIAN_POINT ( 'NONE',  ( -0.5999999999999995300, 0.3999999999999999700, 1.500000000000000000 ) ) ;
#3502 = FACE_OUTER_BOUND ( 'NONE', #1343, .T. ) ;
#3503 = CARTESIAN_POINT ( 'NONE',  ( 1.428371604979767200, 0.5999701660694167800, -1.174960581772446400 ) ) ;
#3504 = EDGE_CURVE ( 'NONE', #4353, #4289, #3325, .T. ) ;
#3505 = DIRECTION ( 'NONE',  ( 0.0000000000000000000, 1.000000000000000000, 0.0000000000000000000 ) ) ;
#3506 = ORIENTED_EDGE ( 'NONE', *, *, #531, .F. ) ;
#3507 = CARTESIAN_POINT ( 'NONE',  ( -0.6200000000000000000, 1.200000000000000200, 1.500000000000000000 ) ) ;
#3508 = EDGE_CURVE ( 'NONE', #5349, #7303, #5093, .T. ) ;
#3509 = EDGE_LOOP ( 'NONE', ( #1481, #2295, #2708, #6111 ) ) ;
#3510 = CARTESIAN_POINT ( 'NONE',  ( -1.094897184309959300, 0.4599999999999999100, 1.394806356122903400 ) ) ;
#3511 = ORIENTED_EDGE ( 'NONE', *, *, #5004, .F. ) ;
#3512 = ADVANCED_FACE ( 'NONE', ( #8197 ), #4381, .F. ) ;
#3513 = VECTOR ( 'NONE', #2891, 1000.000000000000000 ) ;
#3514 = SURFACE_STYLE_USAGE ( .BOTH. , #9330 ) ;
#3515 = DIRECTION ( 'NONE',  ( 0.0000000000000000000, 1.000000000000000000, 0.0000000000000000000 ) ) ;
#3516 = ORIENTED_EDGE ( 'NONE', *, *, #7930, .F. ) ;
#3517 = CARTESIAN_POINT ( 'NONE',  ( -0.9684212376288273700, 0.02500000000000050400, 1.442136460380705000 ) ) ;
#3518 = ORIENTED_EDGE ( 'NONE', *, *, #8835, .T. ) ;
#3519 = ORIENTED_EDGE ( 'NONE', *, *, #3870, .T. ) ;
#3520 = FACE_BOUND ( 'NONE', #8068, .T. ) ;
#3521 = CARTESIAN_POINT ( 'NONE',  ( -1.325694516421790100, 0.3999999999999997400, -1.345748868766599500 ) ) ;
#3522 = DIRECTION ( 'NONE',  ( -0.9781476007338068000, 0.0000000000000000000, 0.2079116908177535100 ) ) ;
#3523 = AXIS2_PLACEMENT_3D ( 'NONE', #2197, #2121, #2291 ) ;
#3524 = COLOUR_RGB ( '',1.000000000000000000, 0.8117647058823529400, 0.5019607843137254800 ) ;
#3525 = VECTOR ( 'NONE', #1151, 999.9999999999998900 ) ;
#3526 = VERTEX_POINT ( 'NONE', #8666 ) ;
#3527 = ORIENTED_EDGE ( 'NONE', *, *, #5513, .F. ) ;
#3528 = VERTEX_POINT ( 'NONE', #2752 ) ;
#3529 = CARTESIAN_POINT ( 'NONE',  ( 1.325065461210387400, 0.7907215304527226400, -1.346843308525119000 ) ) ;
#3530 = FILL_AREA_STYLE_COLOUR ( '', #3524 ) ;
#3531 = EDGE_CURVE ( 'NONE', #6786, #2129, #8548, .T. ) ;
#3532 =( NAMED_UNIT ( * ) SI_UNIT ( $, .STERADIAN. ) SOLID_ANGLE_UNIT ( ) );
#3533 = CIRCLE ( 'NONE', #4352, 0.02249999999999995100 ) ;
#3534 = ORIENTED_EDGE ( 'NONE', *, *, #8324, .T. ) ;
#3535 = CARTESIAN_POINT ( 'NONE',  ( 0.9885128018119716500, 0.4811412443534828200, 1.440294791049684600 ) ) ;
#3536 = ADVANCED_FACE ( 'NONE', ( #7060 ), #3638, .F. ) ;
#3537 = ORIENTED_EDGE ( 'NONE', *, *, #4672, .T. ) ;
#3538 = DIRECTION ( 'NONE',  ( 0.0000000000000000000, -1.246832498358326800E-013, -1.000000000000000000 ) ) ;
#3539 = DIRECTION ( 'NONE',  ( -2.168404344971009600E-016, 0.0000000000000000000, -1.000000000000000000 ) ) ;
#3540 = VECTOR ( 'NONE', #4712, 1000.000000000000000 ) ;
#3541 = AXIS2_PLACEMENT_3D ( 'NONE', #4086, #4060, #6352 ) ;
#3542 = ORIENTED_EDGE ( 'NONE', *, *, #2897, .T. ) ;
#3543 = AXIS2_PLACEMENT_3D ( 'NONE', #8537, #923, #7926 ) ;
#3544 = ORIENTED_EDGE ( 'NONE', *, *, #841, .F. ) ;
#3545 = DIRECTION ( 'NONE',  ( 0.0000000000000000000, 1.000000000000000000, 0.0000000000000000000 ) ) ;
#3546 = DIRECTION ( 'NONE',  ( 0.0000000000000000000, 0.0000000000000000000, 1.000000000000000000 ) ) ;
#3547 = VERTEX_POINT ( 'NONE', #2180 ) ;
#3548 = VERTEX_POINT ( 'NONE', #7362 ) ;
#3549 = EDGE_CURVE ( 'NONE', #7493, #9453, #7986, .T. ) ;
#3550 = ORIENTED_EDGE ( 'NONE', *, *, #2093, .T. ) ;
#3551 = ORIENTED_EDGE ( 'NONE', *, *, #3560, .F. ) ;
#3552 = CLOSED_SHELL ( 'NONE', ( #1877, #2812, #8196, #9449 ) ) ;
#3553 = CARTESIAN_POINT ( 'NONE',  ( 1.037128556856736100, 0.5181572853029090500, 1.411610392707725000 ) ) ;
#3554 = CARTESIAN_POINT ( 'NONE',  ( 0.5996830415998025700, 0.4139876401014490600, -1.495438813010396800 ) ) ;
#3555 = CYLINDRICAL_SURFACE ( 'NONE', #7759, 0.02250000000000005500 ) ;
#3556 = CARTESIAN_POINT ( 'NONE',  ( 0.9921424234598587000, 0.02500000000000050800, 1.457541178579026400 ) ) ;
#3557 = DIRECTION ( 'NONE',  ( 0.0000000000000000000, 1.000000000000000000, -0.0000000000000000000 ) ) ;
#3558 = DIRECTION ( 'NONE',  ( 0.0000000000000000000, 1.000000000000000000, -0.0000000000000000000 ) ) ;
#3559 = ORIENTED_EDGE ( 'NONE', *, *, #3076, .F. ) ;
#3560 = EDGE_CURVE ( 'NONE', #6118, #3639, #8310, .T. ) ;
#3561 = FACE_OUTER_BOUND ( 'NONE', #2494, .T. ) ;
#3562 = DIRECTION ( 'NONE',  ( 0.0000000000000000000, 0.0000000000000000000, -1.000000000000000000 ) ) ;
#3563 = ORIENTED_EDGE ( 'NONE', *, *, #69, .F. ) ;
#3564 = FACE_OUTER_BOUND ( 'NONE', #6106, .T. ) ;
#3565 = CARTESIAN_POINT ( 'NONE',  ( 1.325694516421789900, 0.0000000000000000000, -1.345748868766599900 ) ) ;
#3566 = AXIS2_PLACEMENT_3D ( 'NONE', #3601, #1406, #6720 ) ;
#3567 = ORIENTED_EDGE ( 'NONE', *, *, #7994, .T. ) ;
#3568 = ORIENTED_EDGE ( 'NONE', *, *, #4703, .T. ) ;
#3569 = ORIENTED_EDGE ( 'NONE', *, *, #3531, .F. ) ;
#3570 = CARTESIAN_POINT ( 'NONE',  ( 1.325694516421790100, 3.532091952673165100, 1.345748868766599700 ) ) ;
#3571 = EDGE_CURVE ( 'NONE', #1721, #4613, #4985, .T. ) ;
#3572 = DIRECTION ( 'NONE',  ( -3.144429408227862800E-014, -1.000000000000000000, 1.258392596362565400E-013 ) ) ;
#3573 = CARTESIAN_POINT ( 'NONE',  ( 0.5999999999999967600, 0.3999999999999998600, -1.500000000000000000 ) ) ;
#3574 = VECTOR ( 'NONE', #7535, 1000.000000000000100 ) ;
#3575 = PLANE ( 'NONE',  #3451 ) ;
#3576 = DIRECTION ( 'NONE',  ( 0.0000000000000000000, 1.000000000000000000, -0.0000000000000000000 ) ) ;
#3577 = ORIENTED_EDGE ( 'NONE', *, *, #107, .F. ) ;
#3578 = DIRECTION ( 'NONE',  ( -1.000000000000000000, 0.0000000000000000000, 0.0000000000000000000 ) ) ;
#3579 = AXIS2_PLACEMENT_3D ( 'NONE', #6199, #9242, #1041 ) ;
#3580 = FACE_OUTER_BOUND ( 'NONE', #8315, .T. ) ;
#3581 = DIRECTION ( 'NONE',  ( 0.0000000000000000000, 1.000000000000000000, -0.0000000000000000000 ) ) ;
#3582 = AXIS2_PLACEMENT_3D ( 'NONE', #5065, #6536, #650 ) ;
#3583 = CARTESIAN_POINT ( 'NONE',  ( 0.9846690135627738100, 0.5111765881136408600, 1.453391706482259000 ) ) ;
#3584 = DIRECTION ( 'NONE',  ( 0.0000000000000000000, 0.0000000000000000000, -1.000000000000000000 ) ) ;
#3585 = ORIENTED_EDGE ( 'NONE', *, *, #7805, .T. ) ;
#3586 = CARTESIAN_POINT ( 'NONE',  ( -0.6200000000000000000, 0.8000000000000001600, 1.500000000000000000 ) ) ;
#3587 = ADVANCED_FACE ( 'NONE', ( #6261 ), #1160, .T. ) ;
#3588 = CARTESIAN_POINT ( 'NONE',  ( -0.6000000000000002000, 0.3999999999999999700, -1.499999999999999600 ) ) ;
#3589 = CARTESIAN_POINT ( 'NONE',  ( 0.5953577623506345300, 0.4080762362277933200, 1.498294347589705900 ) ) ;
#3590 = CARTESIAN_POINT ( 'NONE',  ( -0.5390000000000001500, 1.086360389693210800, -0.1574999999999999700 ) ) ;
#3591 = CARTESIAN_POINT ( 'NONE',  ( -0.8520000000000000900, 1.086360389693210800, 0.1275000000000001400 ) ) ;
#3592 = EDGE_CURVE ( 'NONE', #9508, #3087, #6031, .T. ) ;
#3593 = PLANE ( 'NONE',  #6911 ) ;
#3594 = AXIS2_PLACEMENT_3D ( 'NONE', #5767, #1324, #1947 ) ;
#3595 = AXIS2_PLACEMENT_3D ( 'NONE', #5244, #5216, #848 ) ;
#3596 = CARTESIAN_POINT ( 'NONE',  ( -1.095829191595579600, 0.5181442723582038200, 1.399191105661066000 ) ) ;
#3597 = MANIFOLD_SOLID_BREP ( 'Boss-Extrude7[21]', #4232 ) ;
#3598 = CARTESIAN_POINT ( 'NONE',  ( -1.083650699927993800, 0.4489655414475439700, 1.438090493968610600 ) ) ;
#3599 = CARTESIAN_POINT ( 'NONE',  ( 1.487965630766231500, 0.4118551592690192200, -1.190667145494115600 ) ) ;
#3600 = DIRECTION ( 'NONE',  ( 0.0000000000000000000, 0.0000000000000000000, 1.000000000000000000 ) ) ;
#3601 = CARTESIAN_POINT ( 'NONE',  ( -0.9045000000000001900, 1.150000000000000100, 0.2600000000000001800 ) ) ;
#3602 = CIRCLE ( 'NONE', #8562, 0.02250000000000005800 ) ;
#3603 = CARTESIAN_POINT ( 'NONE',  ( -0.5961006752460252800, 0.7907215304527247500, 1.501789557008226300 ) ) ;
#3604 = SURFACE_STYLE_USAGE ( .BOTH. , #4380 ) ;
#3605 = ORIENTED_EDGE ( 'NONE', *, *, #3733, .T. ) ;
#3606 = DIRECTION ( 'NONE',  ( -0.0000000000000000000, 1.000000000000000000, -0.0000000000000000000 ) ) ;
#3607 = EDGE_CURVE ( 'NONE', #8084, #8962, #4039, .T. ) ;
#3608 = DIRECTION ( 'NONE',  ( 0.0000000000000000000, 1.000000000000000000, 0.0000000000000000000 ) ) ;
#3609 = CARTESIAN_POINT ( 'NONE',  ( -1.092285995113770000, 0.4924232196829256800, 1.379058668080751100 ) ) ;
#3610 = ORIENTED_EDGE ( 'NONE', *, *, #5083, .T. ) ;
#3611 = PLANE ( 'NONE',  #5247 ) ;
#3612 = DIRECTION ( 'NONE',  ( 0.0000000000000000000, 0.0000000000000000000, 1.000000000000000000 ) ) ;
#3613 = CYLINDRICAL_SURFACE ( 'NONE', #2892, 0.02250000000000005800 ) ;
#3614 = EDGE_LOOP ( 'NONE', ( #9235, #7233, #5321, #3994, #9318 ) ) ;
#3615 = ORIENTED_EDGE ( 'NONE', *, *, #8538, .T. ) ;
#3616 = DIRECTION ( 'NONE',  ( -0.0000000000000000000, 1.000000000000000000, -0.0000000000000000000 ) ) ;
#3617 = CARTESIAN_POINT ( 'NONE',  ( -1.500000000000001100, 0.3999999999999999100, -1.152076427983974600 ) ) ;
#3618 = CIRCLE ( 'NONE', #1564, 0.02250000000000005800 ) ;
#3619 = DIRECTION ( 'NONE',  ( 0.2079116908177531300, 3.181529261181233300E-014, 0.9781476007338070200 ) ) ;
#3620 = VERTEX_POINT ( 'NONE', #1870 ) ;
#3621 = DIRECTION ( 'NONE',  ( 0.0000000000000000000, 1.000000000000000000, -0.0000000000000000000 ) ) ;
#3622 = FACE_OUTER_BOUND ( 'NONE', #6806, .T. ) ;
#3623 = EDGE_LOOP ( 'NONE', ( #5331, #6776, #1928, #3452 ) ) ;
#3624 = ADVANCED_FACE ( 'NONE', ( #3564 ), #8661, .T. ) ;
#3625 = ADVANCED_FACE ( 'NONE', ( #1485 ), #3450, .T. ) ;
#3626 = CARTESIAN_POINT ( 'NONE',  ( -0.8520000000000000900, 1.150000000000000100, 0.1275000000000001400 ) ) ;
#3627 = CIRCLE ( 'NONE', #1548, 0.02250000000000005800 ) ;
#3628 = CARTESIAN_POINT ( 'NONE',  ( -0.9879841896435035400, 0.02500000000000050400, 1.437978226564350400 ) ) ;
#3629 = AXIS2_PLACEMENT_3D ( 'NONE', #8123, #7371, #2288 ) ;
#3630 = CYLINDRICAL_SURFACE ( 'NONE', #1550, 0.02249999999999995100 ) ;
#3631 = CARTESIAN_POINT ( 'NONE',  ( 0.9838259558271486000, 0.005000000000000482400, 1.418415274549674300 ) ) ;
#3632 = EDGE_CURVE ( 'NONE', #7342, #493, #1597, .T. ) ;
#3633 = DIRECTION ( 'NONE',  ( 0.9781476007338062400, 0.0000000000000000000, 0.2079116908177569600 ) ) ;
#3634 = LINE ( 'NONE', #8386, #4940 ) ;
#3635 = ORIENTED_EDGE ( 'NONE', *, *, #867, .T. ) ;
#3636 = LINE ( 'NONE', #3741, #5987 ) ;
#3637 = CIRCLE ( 'NONE', #3842, 0.02250000000000005800 ) ;
#3638 = PLANE ( 'NONE',  #4649 ) ;
#3639 = VERTEX_POINT ( 'NONE', #6579 ) ;
#3640 = DIRECTION ( 'NONE',  ( 0.0000000000000000000, -1.000000000000000000, 0.0000000000000000000 ) ) ;
#3641 = CIRCLE ( 'NONE', #3910, 0.02249999999999995100 ) ;
#3642 = CARTESIAN_POINT ( 'NONE',  ( -1.026417777899238900, 0.5599446649820543100, 1.368486228171740700 ) ) ;
#3643 = ORIENTED_EDGE ( 'NONE', *, *, #7786, .F. ) ;
#3644 =( GEOMETRIC_REPRESENTATION_CONTEXT ( 3 ) GLOBAL_UNCERTAINTY_ASSIGNED_CONTEXT ( ( #8586 ) ) GLOBAL_UNIT_ASSIGNED_CONTEXT ( ( #8648, #7954, #4259 ) ) REPRESENTATION_CONTEXT ( 'NONE', 'WORKASPACE' ) );
#3645 = VERTEX_POINT ( 'NONE', #5735 ) ;
#3646 = ORIENTED_EDGE ( 'NONE', *, *, #2605, .F. ) ;
#3647 = DIRECTION ( 'NONE',  ( 0.0000000000000000000, 0.0000000000000000000, -1.000000000000000000 ) ) ;
#3648 = DIRECTION ( 'NONE',  ( 0.2079116908177528500, -1.143494478793304100E-015, -0.9781476007338070200 ) ) ;
#3649 = SURFACE_STYLE_FILL_AREA ( #5624 ) ;
#3650 = VERTEX_POINT ( 'NONE', #5108 ) ;
#3651 = ORIENTED_EDGE ( 'NONE', *, *, #1645, .T. ) ;
#3652 = DIRECTION ( 'NONE',  ( 0.0000000000000000000, 0.0000000000000000000, -1.000000000000000000 ) ) ;
#3653 = EDGE_CURVE ( 'NONE', #3215, #6362, #4731, .T. ) ;
#3654 = CARTESIAN_POINT ( 'NONE',  ( -0.6000000000000002000, -0.0000000000000000000, -1.499999999999999600 ) ) ;
#3655 = AXIS2_PLACEMENT_3D ( 'NONE', #7928, #8660, #9517 ) ;
#3656 = CARTESIAN_POINT ( 'NONE',  ( 0.9642630038124724300, 0.02500000000000048700, 1.422573508366028900 ) ) ;
#3657 = AXIS2_PLACEMENT_3D ( 'NONE', #6164, #9002, #3807 ) ;
#3658 = MECHANICAL_DESIGN_GEOMETRIC_PRESENTATION_REPRESENTATION (  '', ( #136 ), #7967 ) ;
#3659 = ORIENTED_EDGE ( 'NONE', *, *, #6940, .F. ) ;
#3660 = CIRCLE ( 'NONE', #7820, 0.2200581444740219200 ) ;
#3661 = VERTEX_POINT ( 'NONE', #5007 ) ;
#3662 = VERTEX_POINT ( 'NONE', #8696 ) ;
#3663 = CARTESIAN_POINT ( 'NONE',  ( 1.083648766790296800, 0.4747655701258031700, 1.438090904869712800 ) ) ;
#3664 = CYLINDRICAL_SURFACE ( 'NONE', #2027, 0.02250000000000005800 ) ;
#3665 = EDGE_CURVE ( 'NONE', #7818, #3736, #3399, .T. ) ;
#3666 = DIRECTION ( 'NONE',  ( 0.0000000000000000000, -1.000000000000000000, 0.0000000000000000000 ) ) ;
#3667 = VECTOR ( 'NONE', #957, 1000.000000000000000 ) ;
#3668 = EDGE_LOOP ( 'NONE', ( #9182, #1779 ) ) ;
#3669 = ORIENTED_EDGE ( 'NONE', *, *, #460, .T. ) ;
#3670 = CARTESIAN_POINT ( 'NONE',  ( -1.325889226551636200, 0.7907169294320195400, 1.346664907692156600 ) ) ;
#3671 = CARTESIAN_POINT ( 'NONE',  ( -1.495438813168449100, 0.4139876401489747100, -0.3768331744957496000 ) ) ;
#3672 = ADVANCED_FACE ( 'NONE', ( #1254 ), #1370, .T. ) ;
#3673 = ADVANCED_FACE ( 'NONE', ( #3108 ), #2992, .F. ) ;
#3674 = CARTESIAN_POINT ( 'NONE',  ( -0.9775194722219027200, 0.4599999999999998500, 1.419755759021033700 ) ) ;
#3675 = CARTESIAN_POINT ( 'NONE',  ( -1.495438812845873100, 0.4139876406049537400, 1.132043158691750300 ) ) ;
#3676 = COLOUR_RGB ( '',1.000000000000000000, 1.000000000000000000, 1.000000000000000000 ) ;
#3677 = DIRECTION ( 'NONE',  ( 0.0000000000000000000, 1.000000000000000000, 3.530259851808326100E-010 ) ) ;
#3678 = ORIENTED_EDGE ( 'NONE', *, *, #4399, .F. ) ;
#3679 = DIRECTION ( 'NONE',  ( 0.2079116908177531300, -3.181529261181233300E-014, -0.9781476007338070200 ) ) ;
#3680 = CARTESIAN_POINT ( 'NONE',  ( -0.8520000000000000900, 1.150000000000000100, 0.1050000000000000800 ) ) ;
#3681 = EDGE_CURVE ( 'NONE', #1072, #4984, #8872, .T. ) ;
#3682 = FILL_AREA_STYLE ('',( #8125 ) ) ;
#3683 = STYLED_ITEM ( 'NONE', ( #4623 ), #3597 ) ;
#3684 = CARTESIAN_POINT ( 'NONE',  ( -1.117885865953677000, 0.02500000000000053200, 1.430813584789989200 ) ) ;
#3685 = DIRECTION ( 'NONE',  ( 0.0000000000000000000, 1.000000000000000000, 0.0000000000000000000 ) ) ;
#3686 = CARTESIAN_POINT ( 'NONE',  ( -0.6945000000000002300, 1.200000000000000200, -0.2049999999999999300 ) ) ;
#3687 = ORIENTED_EDGE ( 'NONE', *, *, #7166, .T. ) ;
#3688 = EDGE_CURVE ( 'NONE', #8926, #7917, #3780, .T. ) ;
#3689 = CARTESIAN_POINT ( 'NONE',  ( 1.016636263630775500, 0.5081852568954291500, 1.437228884944128800 ) ) ;
#3690 = DIRECTION ( 'NONE',  ( 0.0000000000000000000, 1.000000000000000000, 0.0000000000000000000 ) ) ;
#3691 = CIRCLE ( 'NONE', #6162, 0.02250000000000005500 ) ;
#3692 = CARTESIAN_POINT ( 'NONE',  ( -1.495438813010394400, 0.4139876401014539500, 8.218654486305784000E-016 ) ) ;
#3693 = DIRECTION ( 'NONE',  ( 0.0000000000000000000, 0.0000000000000000000, 1.000000000000000000 ) ) ;
#3694 = VECTOR ( 'NONE', #1209, 1000.000000000000100 ) ;
#3695 = DIRECTION ( 'NONE',  ( 0.0000000000000000000, 0.0000000000000000000, 1.000000000000000000 ) ) ;
#3696 = CARTESIAN_POINT ( 'NONE',  ( -1.495438813010396600, 0.7860123598985495600, -1.130499522767036200 ) ) ;
#3697 = CARTESIAN_POINT ( 'NONE',  ( 1.347444579893740700, 0.3999999999999999700, -1.341125750058897600 ) ) ;
#3698 = AXIS2_PLACEMENT_3D ( 'NONE', #8095, #8809, #7327 ) ;
#3699 = SURFACE_SIDE_STYLE ('',( #8866 ) ) ;
#3700 = PLANE ( 'NONE',  #5809 ) ;
#3701 = CIRCLE ( 'NONE', #1243, 0.02000000000000009400 ) ;
#3702 = EDGE_CURVE ( 'NONE', #9075, #6228, #4743, .T. ) ;
#3703 = AXIS2_PLACEMENT_3D ( 'NONE', #6972, #8402, #6993 ) ;
#3704 = UNCERTAINTY_MEASURE_WITH_UNIT (LENGTH_MEASURE( 1.000000000000000100E-005 ), #3251, 'distance_accuracy_value', 'NONE');
#3705 = DIRECTION ( 'NONE',  ( 0.0000000000000000000, 1.000000000000000000, -0.0000000000000000000 ) ) ;
#3706 = AXIS2_PLACEMENT_3D ( 'NONE', #4156, #6486, #1235 ) ;
#3707 = LINE ( 'NONE', #7374, #8905 ) ;
#3708 = CARTESIAN_POINT ( 'NONE',  ( -1.014445837075314200, 0.4797064074141473300, 1.452800441667420900 ) ) ;
#3709 = ADVANCED_FACE ( 'NONE', ( #5797 ), #3664, .T. ) ;
#3710 = ADVANCED_FACE ( 'NONE', ( #1817 ), #9470, .T. ) ;
#3711 = EDGE_CURVE ( 'NONE', #8167, #7612, #4262, .T. ) ;
#3712 = CIRCLE ( 'NONE', #4603, 0.02250000000000005800 ) ;
#3713 = CARTESIAN_POINT ( 'NONE',  ( 1.434753049644635900, 0.5999847211770506000, -1.134306153776598800 ) ) ;
#3714 = DIRECTION ( 'NONE',  ( -0.06823212742845995200, 0.9975640502598247500, 0.01450318640162372900 ) ) ;
#3715 = ORIENTED_EDGE ( 'NONE', *, *, #4213, .F. ) ;
#3716 = CARTESIAN_POINT ( 'NONE',  ( -0.6200000000000000000, 0.5999999999999995300, -2.065876716699284200 ) ) ;
#3717 = FACE_OUTER_BOUND ( 'NONE', #1374, .T. ) ;
#3718 = EDGE_LOOP ( 'NONE', ( #5188, #5196, #9206, #7083 ) ) ;
#3719 = DIRECTION ( 'NONE',  ( 0.0000000000000000000, 0.0000000000000000000, -1.000000000000000000 ) ) ;
#3720 = CARTESIAN_POINT ( 'NONE',  ( -1.057000000000000200, 1.150000000000000100, 0.02250000000000016600 ) ) ;
#3721 = LINE ( 'NONE', #2886, #5751 ) ;
#3722 = CARTESIAN_POINT ( 'NONE',  ( -0.7470000000000000000, 1.200000000000000200, 0.3075000000000000500 ) ) ;
#3723 = CARTESIAN_POINT ( 'NONE',  ( -1.401880649841644100, 0.5999999999999992000, 1.230146126991669400 ) ) ;
#3724 = ORIENTED_EDGE ( 'NONE', *, *, #3002, .T. ) ;
#3725 = ORIENTED_EDGE ( 'NONE', *, *, #1342, .F. ) ;
#3726 = FILL_AREA_STYLE ('',( #4309 ) ) ;
#3727 = ORIENTED_EDGE ( 'NONE', *, *, #6421, .T. ) ;
#3728 = CARTESIAN_POINT ( 'NONE',  ( -1.495387012558228000, 0.7861476036929403400, 1.141077958993935300 ) ) ;
#3729 = CARTESIAN_POINT ( 'NONE',  ( -0.7995000000000001000, 1.200000000000000200, 0.2050000000000000400 ) ) ;
#3730 = AXIS2_PLACEMENT_3D ( 'NONE', #3628, #8795, #5134 ) ;
#3731 = LINE ( 'NONE', #6860, #4105 ) ;
#3732 = CIRCLE ( 'NONE', #6581, 0.02250000000000005800 ) ;
#3733 = EDGE_CURVE ( 'NONE', #34, #6542, #435, .T. ) ;
#3734 = CLOSED_SHELL ( 'NONE', ( #3863, #2381, #1943, #5210 ) ) ;
#3735 = CARTESIAN_POINT ( 'NONE',  ( -1.325694516421790100, -0.0000000000000000000, -1.345748868766599500 ) ) ;
#3736 = VERTEX_POINT ( 'NONE', #808 ) ;
#3737 = CARTESIAN_POINT ( 'NONE',  ( -0.9052904211763057600, 0.7907215304527238600, 1.436069247709659900 ) ) ;
#3738 = CARTESIAN_POINT ( 'NONE',  ( -0.6945000000000002300, 1.150000000000000100, -0.2049999999999999300 ) ) ;
#3739 = FACE_BOUND ( 'NONE', #8442, .T. ) ;
#3740 =( NAMED_UNIT ( * ) SI_UNIT ( $, .STERADIAN. ) SOLID_ANGLE_UNIT ( ) );
#3741 = CARTESIAN_POINT ( 'NONE',  ( -0.6945000000000002300, 1.086360389693210800, 0.1825000000000001100 ) ) ;
#3742 = CARTESIAN_POINT ( 'NONE',  ( -1.374081004564578800, 0.4083766763015649300, 1.332529250661107900 ) ) ;
#3743 = DIRECTION ( 'NONE',  ( 0.0000000000000000000, 0.0000000000000000000, 1.000000000000000000 ) ) ;
#3744 = FACE_OUTER_BOUND ( 'NONE', #1149, .T. ) ;
#3745 = CARTESIAN_POINT ( 'NONE',  ( -1.005398891869288900, 0.2188115784608668200, 1.454723429234030800 ) ) ;
#3746 = VECTOR ( 'NONE', #7606, 1000.000000000000000 ) ;
#3747 = EDGE_LOOP ( 'NONE', ( #8703, #4255 ) ) ;
#3748 = ORIENTED_EDGE ( 'NONE', *, *, #7377, .F. ) ;
#3749 = ORIENTED_EDGE ( 'NONE', *, *, #1093, .F. ) ;
#3750 =( GEOMETRIC_REPRESENTATION_CONTEXT ( 3 ) GLOBAL_UNCERTAINTY_ASSIGNED_CONTEXT ( ( #9279 ) ) GLOBAL_UNIT_ASSIGNED_CONTEXT ( ( #8997, #897, #9022 ) ) REPRESENTATION_CONTEXT ( 'NONE', 'WORKASPACE' ) );
#3751 = DIRECTION ( 'NONE',  ( -0.0000000000000000000, 1.000000000000000000, -0.0000000000000000000 ) ) ;
#3752 = EDGE_CURVE ( 'NONE', #2840, #1322, #318, .T. ) ;
#3753 = FACE_BOUND ( 'NONE', #8283, .T. ) ;
#3754 = CARTESIAN_POINT ( 'NONE',  ( 1.482638007146781100, 0.7997763485236407700, 1.234131541605402400 ) ) ;
#3755 = CIRCLE ( 'NONE', #856, 0.02249999999999995100 ) ;
#3756 = DIRECTION ( 'NONE',  ( 0.0000000000000000000, 1.000000000000000000, 0.0000000000000000000 ) ) ;
#3757 = EDGE_LOOP ( 'NONE', ( #4404, #8637, #8413, #6087 ) ) ;
#3758 = DIRECTION ( 'NONE',  ( 0.0000000000000000000, 0.0000000000000000000, 1.000000000000000000 ) ) ;
#3759 = FACE_OUTER_BOUND ( 'NONE', #5076, .T. ) ;
#3760 = ORIENTED_EDGE ( 'NONE', *, *, #7545, .F. ) ;
#3761 = CARTESIAN_POINT ( 'NONE',  ( 0.6605486766372548100, 0.3979999999999999600, -1.487796725346531600 ) ) ;
#3762 = VERTEX_POINT ( 'NONE', #4419 ) ;
#3763 = DIRECTION ( 'NONE',  ( 1.000000000000000000, -1.694065894508596200E-016, 0.0000000000000000000 ) ) ;
#3764 = EDGE_CURVE ( 'NONE', #8532, #3879, #7402, .T. ) ;
#3765 = CARTESIAN_POINT ( 'NONE',  ( -0.6000685462403907400, 0.3979999999999999100, -1.500652173913043000 ) ) ;
#3766 = ADVANCED_FACE ( 'NONE', ( #7864 ), #7290, .T. ) ;
#3767 = VECTOR ( 'NONE', #6526, 1000.000000000000000 ) ;
#3768 = ADVANCED_FACE ( 'NONE', ( #9448 ), #1546, .F. ) ;
#3769 = CARTESIAN_POINT ( 'NONE',  ( 1.083650699927992000, 0.4576633733901555600, 1.438090493968610800 ) ) ;
#3770 = CARTESIAN_POINT ( 'NONE',  ( 0.9775194722219027200, 3.705482896778295400E-016, 1.419755759021033700 ) ) ;
#3771 = CARTESIAN_POINT ( 'NONE',  ( -1.434782608551829400, 0.5999999995589523300, 1.134137320037131400 ) ) ;
#3772 = ORIENTED_EDGE ( 'NONE', *, *, #4921, .F. ) ;
#3773 = DIRECTION ( 'NONE',  ( 0.0000000000000000000, -0.0000000000000000000, -1.000000000000000000 ) ) ;
#3774 = LINE ( 'NONE', #8793, #5550 ) ;
#3775 = MECHANICAL_DESIGN_GEOMETRIC_PRESENTATION_REPRESENTATION (  '', ( #6293 ), #2117 ) ;
#3776 = ORIENTED_EDGE ( 'NONE', *, *, #7400, .F. ) ;
#3777 = ORIENTED_EDGE ( 'NONE', *, *, #9576, .T. ) ;
#3778 = AXIS2_PLACEMENT_3D ( 'NONE', #1945, #2680, #8577 ) ;
#3779 = ORIENTED_EDGE ( 'NONE', *, *, #7253, .F. ) ;
#3780 = LINE ( 'NONE', #3591, #210 ) ;
#3781 = UNCERTAINTY_MEASURE_WITH_UNIT (LENGTH_MEASURE( 1.000000000000000100E-005 ), #6718, 'distance_accuracy_value', 'NONE');
#3782 = CARTESIAN_POINT ( 'NONE',  ( -0.9906790234904047100, 0.003604870525118153900, 1.457852233844881600 ) ) ;
#3783 = DIRECTION ( 'NONE',  ( 0.0000000000000000000, -0.0000000000000000000, -1.000000000000000000 ) ) ;
#3784 = CARTESIAN_POINT ( 'NONE',  ( 1.495438813010397300, 0.4139876401014508900, 0.9391601626523351500 ) ) ;
#3785 = ORIENTED_EDGE ( 'NONE', *, *, #667, .T. ) ;
#3786 = VECTOR ( 'NONE', #5335, 1000.000000000000000 ) ;
#3787 = ORIENTED_EDGE ( 'NONE', *, *, #3489, .F. ) ;
#3788 = DIRECTION ( 'NONE',  ( 0.0000000000000000000, 1.000000000000000000, -0.0000000000000000000 ) ) ;
#3789 = CARTESIAN_POINT ( 'NONE',  ( 1.445898942875939700, 0.5940928039063413400, -1.900683518615061500 ) ) ;
#3790 = DIRECTION ( 'NONE',  ( 0.0000000000000000000, 0.0000000000000000000, 1.000000000000000000 ) ) ;
#3791 = CIRCLE ( 'NONE', #1344, 0.02250000000000005800 ) ;
#3792 = COLOUR_RGB ( '',0.7921568627450980000, 0.8196078431372548800, 0.9333333333333333500 ) ;
#3793 = CARTESIAN_POINT ( 'NONE',  ( 1.434782608551841400, 0.5999999995589413400, -1.134137320037143800 ) ) ;
#3794 = ORIENTED_EDGE ( 'NONE', *, *, #3850, .F. ) ;
#3795 = ORIENTED_EDGE ( 'NONE', *, *, #4261, .F. ) ;
#3796 = CARTESIAN_POINT ( 'NONE',  ( -1.279941855525978100, 0.3999999999999999700, 1.130499522727402200 ) ) ;
#3797 = VERTEX_POINT ( 'NONE', #6648 ) ;
#3798 = DIRECTION ( 'NONE',  ( -0.0000000000000000000, 1.000000000000000000, -0.0000000000000000000 ) ) ;
#3799 = CARTESIAN_POINT ( 'NONE',  ( -1.101491255100417200, 0.2195099938506972800, 1.425829020107722200 ) ) ;
#3800 = EDGE_CURVE ( 'NONE', #8940, #2969, #4505, .T. ) ;
#3801 = CYLINDRICAL_SURFACE ( 'NONE', #8945, 0.02250000000000005800 ) ;
#3802 = DIRECTION ( 'NONE',  ( 0.0000000000000000000, 0.0000000000000000000, 1.000000000000000000 ) ) ;
#3803 = DIRECTION ( 'NONE',  ( 0.0000000000000000000, 1.000000000000000000, -0.0000000000000000000 ) ) ;
#3804 = CARTESIAN_POINT ( 'NONE',  ( -0.6000000000000000900, 0.3999999999999999100, -1.499999999999999300 ) ) ;
#3805 = ORIENTED_EDGE ( 'NONE', *, *, #5350, .F. ) ;
#3806 = DIRECTION ( 'NONE',  ( 0.0000000000000000000, 0.0000000000000000000, 1.000000000000000000 ) ) ;
#3807 = DIRECTION ( 'NONE',  ( 0.0000000000000000000, 0.0000000000000000000, 1.000000000000000000 ) ) ;
#3808 = DIRECTION ( 'NONE',  ( 0.0000000000000000000, 1.000000000000000000, 0.0000000000000000000 ) ) ;
#3809 = CARTESIAN_POINT ( 'NONE',  ( -1.493668581790106800, 0.4130301413711684500, 1.161065072950938200 ) ) ;
#3810 = DIRECTION ( 'NONE',  ( 0.0000000000000000000, -0.0000000000000000000, -1.000000000000000000 ) ) ;
#3811 = DIRECTION ( 'NONE',  ( -0.0000000000000000000, 1.000000000000000000, -0.0000000000000000000 ) ) ;
#3812 = VECTOR ( 'NONE', #8953, 1000.000000000000000 ) ;
#3813 = EDGE_CURVE ( 'NONE', #4209, #106, #1700, .T. ) ;
#3814 = LINE ( 'NONE', #1155, #3694 ) ;
#3815 = DIRECTION ( 'NONE',  ( 0.0000000000000000000, 1.000000000000000000, 0.0000000000000000000 ) ) ;
#3816 = CARTESIAN_POINT ( 'NONE',  ( -0.9782522189186946300, 0.4575951436668139700, 1.423203061193381200 ) ) ;
#3817 = DIRECTION ( 'NONE',  ( 0.0000000000000000000, 0.0000000000000000000, -1.000000000000000000 ) ) ;
#3818 = EDGE_CURVE ( 'NONE', #7047, #1074, #2667, .T. ) ;
#3819 = EDGE_CURVE ( 'NONE', #4685, #8276, #6250, .T. ) ;
#3820 = ADVANCED_FACE ( 'NONE', ( #3441 ), #91, .T. ) ;
#3821 = ADVANCED_FACE ( 'NONE', ( #8088 ), #3555, .F. ) ;
#3822 = CARTESIAN_POINT ( 'NONE',  ( -0.5390000000000001500, 1.150000000000000100, -0.1574999999999999700 ) ) ;
#3823 = CARTESIAN_POINT ( 'NONE',  ( 1.279941855525978100, 1.200000000000000200, 1.134750653960801900 ) ) ;
#3824 = CARTESIAN_POINT ( 'NONE',  ( 0.9879841896435035400, 0.02500000000000050400, 1.437978226564350400 ) ) ;
#3825 = SURFACE_SIDE_STYLE ('',( #3179 ) ) ;
#3826 = DIRECTION ( 'NONE',  ( 0.0000000000000000000, 0.0000000000000000000, 1.000000000000000000 ) ) ;
#3827 = AXIS2_PLACEMENT_3D ( 'NONE', #2162, #5778, #7248 ) ;
#3828 = AXIS2_PLACEMENT_3D ( 'NONE', #9524, #8725, #9495 ) ;
#3829 = CARTESIAN_POINT ( 'NONE',  ( -1.456617477240274900, 0.3979999999999990800, -1.271412858263136500 ) ) ;
#3830 = CARTESIAN_POINT ( 'NONE',  ( -0.4870000000000002100, 1.150000000000000100, -0.1574999999999999700 ) ) ;
#3831 = CARTESIAN_POINT ( 'NONE',  ( 0.6182269360013437100, 0.7860123598985502300, 1.495438813010396800 ) ) ;
#3832 = DIRECTION ( 'NONE',  ( 0.0000000000000000000, 1.000000000000000000, 0.0000000000000000000 ) ) ;
#3833 = DIRECTION ( 'NONE',  ( -0.2079116908177527400, -9.800795950858353600E-017, -0.9781476007338070200 ) ) ;
#3834 = CARTESIAN_POINT ( 'NONE',  ( -0.4870000000000002100, 1.150000000000000100, -0.1800000000000000500 ) ) ;
#3835 = CARTESIAN_POINT ( 'NONE',  ( 1.099166030998770700, 0.4598983493396707200, 1.414889700787830300 ) ) ;
#3836 = EDGE_CURVE ( 'NONE', #9074, #7496, #7638, .T. ) ;
#3837 = STYLED_ITEM ( 'NONE', ( #8836 ), #9463 ) ;
#3838 = ORIENTED_EDGE ( 'NONE', *, *, #8198, .F. ) ;
#3839 = CARTESIAN_POINT ( 'NONE',  ( -0.5996830415998065700, 0.4139876401014487300, -1.495438813010396800 ) ) ;
#3840 = AXIS2_PLACEMENT_3D ( 'NONE', #1848, #1746, #6980 ) ;
#3841 = CARTESIAN_POINT ( 'NONE',  ( -1.098086069512212500, 0.4669697199502052500, 1.415712877857990200 ) ) ;
#3842 = AXIS2_PLACEMENT_3D ( 'NONE', #1885, #4801, #5661 ) ;
#3843 = EDGE_LOOP ( 'NONE', ( #3161, #412, #3212, #482 ) ) ;
#3844 = DIRECTION ( 'NONE',  ( 0.0000000000000000000, 1.000000000000000000, 0.0000000000000000000 ) ) ;
#3845 = DIRECTION ( 'NONE',  ( 0.0000000000000000000, 0.0000000000000000000, -1.000000000000000000 ) ) ;
#3846 = LINE ( 'NONE', #6300, #4442 ) ;
#3847 = PLANE ( 'NONE',  #7585 ) ;
#3848 = ORIENTED_EDGE ( 'NONE', *, *, #9249, .F. ) ;
#3849 = ORIENTED_EDGE ( 'NONE', *, *, #8046, .F. ) ;
#3850 = EDGE_CURVE ( 'NONE', #5277, #7499, #1053, .T. ) ;
#3851 = PRESENTATION_STYLE_ASSIGNMENT (( #6866 ) ) ;
#3852 = ORIENTED_EDGE ( 'NONE', *, *, #6003, .T. ) ;
#3853 = DIRECTION ( 'NONE',  ( 1.000000000000000000, 0.0000000000000000000, 0.0000000000000000000 ) ) ;
#3854 = VECTOR ( 'NONE', #2024, 1000.000000000000000 ) ;
#3855 = COLOUR_RGB ( '',1.000000000000000000, 1.000000000000000000, 1.000000000000000000 ) ;
#3856 = ORIENTED_EDGE ( 'NONE', *, *, #6952, .T. ) ;
#3857 = ORIENTED_EDGE ( 'NONE', *, *, #2151, .T. ) ;
#3858 = CARTESIAN_POINT ( 'NONE',  ( -0.6420000000000002400, 1.086360389693210800, -0.1049999999999999500 ) ) ;
#3859 = CARTESIAN_POINT ( 'NONE',  ( -0.5390000000000001500, 1.086360389693210800, -0.1574999999999999700 ) ) ;
#3860 = CARTESIAN_POINT ( 'NONE',  ( 1.456598031112743300, 0.3980000000000000200, -1.271449089615884800 ) ) ;
#3861 = DIRECTION ( 'NONE',  ( 0.0000000000000000000, 1.000000000000000000, 0.0000000000000000000 ) ) ;
#3862 = CARTESIAN_POINT ( 'NONE',  ( -1.500652173913044500, 0.3980000000000000200, -0.9386285311189905800 ) ) ;
#3863 = ADVANCED_FACE ( 'NONE', ( #5573 ), #1944, .T. ) ;
#3864 = ADVANCED_FACE ( 'NONE', ( #3211 ), #6020, .T. ) ;
#3865 = CARTESIAN_POINT ( 'NONE',  ( 1.068125001824690200, 0.4862548852680639900, 1.441390582974975100 ) ) ;
#3866 = DIRECTION ( 'NONE',  ( 0.0000000000000000000, -1.000000000000000000, 0.0000000000000000000 ) ) ;
#3867 = ORIENTED_EDGE ( 'NONE', *, *, #7876, .F. ) ;
#3868 = CARTESIAN_POINT ( 'NONE',  ( 1.109569398320966900, 2.864525369875850800E-016, 1.391687680760637100 ) ) ;
#3869 = PLANE ( 'NONE',  #8677 ) ;
#3870 = EDGE_CURVE ( 'NONE', #3547, #541, #784, .T. ) ;
#3871 = AXIS2_PLACEMENT_3D ( 'NONE', #9256, #9153, #6322 ) ;
#3872 = CYLINDRICAL_SURFACE ( 'NONE', #7340, 0.02000000000000004900 ) ;
#3873 = CIRCLE ( 'NONE', #4096, 0.02249999999999995100 ) ;
#3874 = EDGE_CURVE ( 'NONE', #5996, #6198, #1585, .T. ) ;
#3875 = EDGE_CURVE ( 'NONE', #7342, #5467, #7977, .T. ) ;
#3876 = EDGE_LOOP ( 'NONE', ( #5579, #2713, #675, #5297 ) ) ;
#3877 = CARTESIAN_POINT ( 'NONE',  ( -0.6200000000000000000, 0.8000000000000001600, -1.500000000000000000 ) ) ;
#3878 = ORIENTED_EDGE ( 'NONE', *, *, #2092, .F. ) ;
#3879 = VERTEX_POINT ( 'NONE', #7628 ) ;
#3880 = CARTESIAN_POINT ( 'NONE',  ( -0.9797401122048734500, 0.4553889738507916900, 1.430203048747228400 ) ) ;
#3881 = DIRECTION ( 'NONE',  ( 0.0000000000000000000, 1.000000000000000000, -0.0000000000000000000 ) ) ;
#3882 = DIRECTION ( 'NONE',  ( 0.0000000000000000000, 0.0000000000000000000, 1.000000000000000000 ) ) ;
#3883 = CARTESIAN_POINT ( 'NONE',  ( 1.017033235434640100, 0.4080762362277955400, -1.408664458890392500 ) ) ;
#3884 = FACE_OUTER_BOUND ( 'NONE', #51, .T. ) ;
#3885 = VERTEX_POINT ( 'NONE', #4580 ) ;
#3886 = ORIENTED_EDGE ( 'NONE', *, *, #903, .F. ) ;
#3887 = AXIS2_PLACEMENT_3D ( 'NONE', #6298, #6273, #7098 ) ;
#3888 = LINE ( 'NONE', #8262, #8292 ) ;
#3889 = ORIENTED_EDGE ( 'NONE', *, *, #5744, .F. ) ;
#3890 = ORIENTED_EDGE ( 'NONE', *, *, #1839, .F. ) ;
#3891 = EDGE_LOOP ( 'NONE', ( #208, #309, #6882 ) ) ;
#3892 = CARTESIAN_POINT ( 'NONE',  ( -1.007000000000000100, 1.150000000000000100, 0.1800000000000001600 ) ) ;
#3893 = AXIS2_PLACEMENT_3D ( 'NONE', #6443, #3558, #9366 ) ;
#3894 = UNCERTAINTY_MEASURE_WITH_UNIT (LENGTH_MEASURE( 1.000000000000000100E-005 ), #708, 'distance_accuracy_value', 'NONE');
#3895 = VECTOR ( 'NONE', #1028, 1000.000000000000000 ) ;
#3896 = B_SPLINE_CURVE_WITH_KNOTS ( 'NONE', 3,
 ( #8671, #7206, #3356, #3490, #8606, #8558, #4250, #9395, #4179, #4118 ),
 .UNSPECIFIED., .F., .F.,
 ( 4, 3, 3, 4 ),
 ( -5.999643411232704000E-008, 0.0000000000000000000, 0.0004290930677038239600, 0.0007220307286642910400 ),
 .UNSPECIFIED. ) ;
#3897 = ORIENTED_EDGE ( 'NONE', *, *, #291, .T. ) ;
#3898 = ORIENTED_EDGE ( 'NONE', *, *, #1890, .T. ) ;
#3899 = EDGE_CURVE ( 'NONE', #1419, #2750, #9218, .T. ) ;
#3900 = ORIENTED_EDGE ( 'NONE', *, *, #6733, .F. ) ;
#3901 = CARTESIAN_POINT ( 'NONE',  ( 1.009623165815462600, 0.4721269917376969000, 1.453825532088479900 ) ) ;
#3902 = CARTESIAN_POINT ( 'NONE',  ( -1.500000000000001100, 0.4000000000000000200, -1.152076427983974600 ) ) ;
#3903 = AXIS2_PLACEMENT_3D ( 'NONE', #4872, #3359, #1920 ) ;
#3904 = CARTESIAN_POINT ( 'NONE',  ( 0.6000000000000004200, 0.3999999999999997400, -1.499999999999999800 ) ) ;
#3905 = CARTESIAN_POINT ( 'NONE',  ( -0.7470000000000000000, 1.150000000000000100, 0.3075000000000000500 ) ) ;
#3906 = FACE_OUTER_BOUND ( 'NONE', #7304, .T. ) ;
#3907 = UNCERTAINTY_MEASURE_WITH_UNIT (LENGTH_MEASURE( 1.000000000000000100E-005 ), #4495, 'distance_accuracy_value', 'NONE');
#3908 = CARTESIAN_POINT ( 'NONE',  ( -0.7995000000000001000, 1.150000000000000100, 0.1825000000000000000 ) ) ;
#3909 = EDGE_CURVE ( 'NONE', #9536, #1677, #7165, .T. ) ;
#3910 = AXIS2_PLACEMENT_3D ( 'NONE', #1383, #3576, #5874 ) ;
#3911 = DIRECTION ( 'NONE',  ( 3.836187988367472200E-016, 0.0000000000000000000, 1.000000000000000000 ) ) ;
#3912 = AXIS2_PLACEMENT_3D ( 'NONE', #899, #6850, #8870 ) ;
#3913 = VECTOR ( 'NONE', #6096, 1000.000000000000000 ) ;
#3914 = ORIENTED_EDGE ( 'NONE', *, *, #3752, .T. ) ;
#3915 = ORIENTED_EDGE ( 'NONE', *, *, #4904, .T. ) ;
#3916 = CARTESIAN_POINT ( 'NONE',  ( 1.488402236249855000, 0.3999999999999999700, 1.200996732727558400 ) ) ;
#3917 = CARTESIAN_POINT ( 'NONE',  ( 1.325694516421790100, 0.0000000000000000000, 1.345748868766599700 ) ) ;
#3918 = DIRECTION ( 'NONE',  ( 0.0000000000000000000, 1.000000000000000000, 0.0000000000000000000 ) ) ;
#3919 = CARTESIAN_POINT ( 'NONE',  ( -0.7470000000000001100, 1.150000000000000100, 0.08249999999999997600 ) ) ;
#3920 = PRESENTATION_STYLE_ASSIGNMENT (( #15 ) ) ;
#3921 = DIRECTION ( 'NONE',  ( 0.0000000000000000000, 0.0000000000000000000, 1.000000000000000000 ) ) ;
#3922 = CARTESIAN_POINT ( 'NONE',  ( -0.5390000000000001500, 1.200000000000000200, -0.1574999999999999700 ) ) ;
#3923 = ORIENTED_EDGE ( 'NONE', *, *, #8454, .T. ) ;
#3924 = ADVANCED_FACE ( 'NONE', ( #6380 ), #437, .T. ) ;
#3925 = DIRECTION ( 'NONE',  ( 0.0000000000000000000, 1.000000000000000000, 0.0000000000000000000 ) ) ;
#3926 = PRESENTATION_LAYER_ASSIGNMENT (  '', '', ( #2440 ) ) ;
#3927 = CIRCLE ( 'NONE', #3111, 0.02000000000000009400 ) ;
#3928 = CARTESIAN_POINT ( 'NONE',  ( 1.499999999999999800, 0.8000000000000001600, 0.9422711519448041500 ) ) ;
#3929 = DIRECTION ( 'NONE',  ( 0.0000000000000000000, 0.0000000000000000000, 1.000000000000000000 ) ) ;
#3930 = CARTESIAN_POINT ( 'NONE',  ( 1.500000000000000900, 0.4000000000000000800, 1.152076427983975000 ) ) ;
#3931 = DIRECTION ( 'NONE',  ( 0.0000000000000000000, -1.000000000000000000, 0.0000000000000000000 ) ) ;
#3932 = FILL_AREA_STYLE ('',( #6210 ) ) ;
#3933 = ORIENTED_EDGE ( 'NONE', *, *, #5910, .F. ) ;
#3934 = CARTESIAN_POINT ( 'NONE',  ( 0.6000000000000004200, 0.0000000000000000000, 1.499999999999999800 ) ) ;
#3935 = CARTESIAN_POINT ( 'NONE',  ( -0.9838259558271486000, 0.005000000000000482400, 1.418415274549674300 ) ) ;
#3936 = CARTESIAN_POINT ( 'NONE',  ( 1.262628383457522300, 0.3979999999999999600, 1.359820733013525000 ) ) ;
#3937 = DIRECTION ( 'NONE',  ( 0.0000000000000000000, 1.000000000000000000, 0.0000000000000000000 ) ) ;
#3938 = VECTOR ( 'NONE', #5434, 1000.000000000000200 ) ;
#3939 = CARTESIAN_POINT ( 'NONE',  ( -1.365026579450192600, 0.6000000000000004200, 1.263006399655995500 ) ) ;
#3940 = CARTESIAN_POINT ( 'NONE',  ( 1.049349240081405500, 0.4941120675697303100, 1.445381494333863400 ) ) ;
#3941 = CIRCLE ( 'NONE', #7605, 0.01999999999999995900 ) ;
#3942 = EDGE_CURVE ( 'NONE', #8323, #2750, #4978, .T. ) ;
#3943 = CARTESIAN_POINT ( 'NONE',  ( 0.6000000000000004200, 3.532091952673165100, -1.499999999999999800 ) ) ;
#3944 = EDGE_CURVE ( 'NONE', #4489, #7287, #5921, .T. ) ;
#3945 = CARTESIAN_POINT ( 'NONE',  ( -1.007000000000000100, 1.200000000000000200, -0.1574999999999999200 ) ) ;
#3946 = CARTESIAN_POINT ( 'NONE',  ( 1.425998654284739400, 0.3999999999999721000, 1.296100651533592700 ) ) ;
#3947 = CARTESIAN_POINT ( 'NONE',  ( -1.061411804191088300, 0.5366690084342864400, 1.368972275158730300 ) ) ;
#3948 = AXIS2_PLACEMENT_3D ( 'NONE', #4106, #2485, #8470 ) ;
#3949 = LINE ( 'NONE', #4339, #1742 ) ;
#3950 = EDGE_CURVE ( 'NONE', #7491, #7917, #4028, .T. ) ;
#3951 = CARTESIAN_POINT ( 'NONE',  ( -0.9550000000000000700, 1.150000000000000100, 0.1800000000000001600 ) ) ;
#3952 = DIRECTION ( 'NONE',  ( -0.0000000000000000000, 1.000000000000000000, -0.0000000000000000000 ) ) ;
#3953 = CARTESIAN_POINT ( 'NONE',  ( -0.4370000000000001100, 1.086360389693210800, 4.127059713126576100E-017 ) ) ;
#3954 = DIRECTION ( 'NONE',  ( 0.0000000000000000000, 0.0000000000000000000, 1.000000000000000000 ) ) ;
#3955 = DIRECTION ( 'NONE',  ( 0.0000000000000000000, 1.000000000000000000, -0.0000000000000000000 ) ) ;
#3956 = CARTESIAN_POINT ( 'NONE',  ( 1.500652173913043800, 0.3980000000000002400, -0.5602009446768677600 ) ) ;
#3957 = B_SPLINE_CURVE_WITH_KNOTS ( 'NONE', 3,
 ( #584, #4412, #2143, #681, #7308, #5193 ),
 .UNSPECIFIED., .F., .F.,
 ( 4, 2, 4 ),
 ( 0.0000000000000000000, 0.0001476523949022862900, 0.0002953047898045725800 ),
 .UNSPECIFIED. ) ;
#3958 = CLOSED_SHELL ( 'NONE', ( #367, #6641, #2200, #8722 ) ) ;
#3959 = DIRECTION ( 'NONE',  ( 0.0000000000000000000, 0.0000000000000000000, 1.000000000000000000 ) ) ;
#3960 = AXIS2_PLACEMENT_3D ( 'NONE', #6773, #5322, #8829 ) ;
#3961 = AXIS2_PLACEMENT_3D ( 'NONE', #2449, #5469, #4773 ) ;
#3962 = CARTESIAN_POINT ( 'NONE',  ( -1.402048539154313600, 0.5999999999999994200, 1.229933867342750200 ) ) ;
#3963 = ADVANCED_FACE ( 'NONE', ( #3906 ), #6339, .T. ) ;
#3964 = ADVANCED_FACE ( 'NONE', ( #6719 ), #4392, .F. ) ;
#3965 = DIRECTION ( 'NONE',  ( -0.0000000000000000000, 1.000000000000000000, -0.0000000000000000000 ) ) ;
#3966 = CARTESIAN_POINT ( 'NONE',  ( 1.051711303310016100, 0.4936403193949910900, 1.444879422295542800 ) ) ;
#3967 = EDGE_LOOP ( 'NONE', ( #5090, #262 ) ) ;
#3968 = DIRECTION ( 'NONE',  ( 0.0000000000000000000, 0.0000000000000000000, 1.000000000000000000 ) ) ;
#3969 = CARTESIAN_POINT ( 'NONE',  ( 0.6187541509432499300, 0.7907215304527238600, 1.496974412104149100 ) ) ;
#3970 = LINE ( 'NONE', #804, #1649 ) ;
#3971 = ORIENTED_EDGE ( 'NONE', *, *, #8157, .F. ) ;
#3972 = VECTOR ( 'NONE', #478, 1000.000000000000000 ) ;
#3973 = DIRECTION ( 'NONE',  ( 0.0000000000000000000, 1.000000000000000000, -0.0000000000000000000 ) ) ;
#3974 = ORIENTED_EDGE ( 'NONE', *, *, #9474, .T. ) ;
#3975 = CARTESIAN_POINT ( 'NONE',  ( -0.6420000000000002400, 1.200000000000000200, -0.1274999999999998900 ) ) ;
#3976 = ORIENTED_EDGE ( 'NONE', *, *, #7901, .F. ) ;
#3977 = ORIENTED_EDGE ( 'NONE', *, *, #3360, .F. ) ;
#3978 = AXIS2_PLACEMENT_3D ( 'NONE', #2801, #7992, #9477 ) ;
#3979 = ORIENTED_EDGE ( 'NONE', *, *, #9351, .T. ) ;
#3980 = CARTESIAN_POINT ( 'NONE',  ( -0.9045000000000001900, 1.200000000000000200, -0.2599999999999999500 ) ) ;
#3981 = CARTESIAN_POINT ( 'NONE',  ( 1.434782608695652800, 0.6000000000000010900, 1.130499522697305800 ) ) ;
#3982 = FACE_OUTER_BOUND ( 'NONE', #9141, .T. ) ;
#3983 = VECTOR ( 'NONE', #8705, 1000.000000000000000 ) ;
#3984 = CARTESIAN_POINT ( 'NONE',  ( -0.7995000000000001000, 1.200000000000000200, 0.2050000000000000400 ) ) ;
#3985 = VERTEX_POINT ( 'NONE', #256 ) ;
#3986 = EDGE_LOOP ( 'NONE', ( #2393, #9459 ) ) ;
#3987 = LINE ( 'NONE', #1701, #3059 ) ;
#3988 = CARTESIAN_POINT ( 'NONE',  ( 0.7743625588895254300, 0.6000000000000005300, -1.396263707376825600 ) ) ;
#3989 = CARTESIAN_POINT ( 'NONE',  ( 1.496753030905846300, 0.3999999999999999700, 1.176108470196777400 ) ) ;
#3990 = EDGE_CURVE ( 'NONE', #6802, #5441, #544, .T. ) ;
#3991 = CIRCLE ( 'NONE', #5748, 0.6000000000000000900 ) ;
#3992 = DIRECTION ( 'NONE',  ( -0.0000000000000000000, -1.074407905678802600E-015, -1.000000000000000000 ) ) ;
#3993 = LINE ( 'NONE', #2961, #7715 ) ;
#3994 = ORIENTED_EDGE ( 'NONE', *, *, #5519, .T. ) ;
#3995 = CARTESIAN_POINT ( 'NONE',  ( 0.7802182237043907600, 0.3979999999999995800, 1.462360177885333700 ) ) ;
#3996 = VERTEX_POINT ( 'NONE', #7076 ) ;
#3997 = VERTEX_POINT ( 'NONE', #7782 ) ;
#3998 = DIRECTION ( 'NONE',  ( -0.0000000000000000000, 1.000000000000000000, -0.0000000000000000000 ) ) ;
#3999 = CARTESIAN_POINT ( 'NONE',  ( -1.033528122088072300, 0.5325284381009610700, 1.394671678888004500 ) ) ;
#4000 = CARTESIAN_POINT ( 'NONE',  ( -1.494319327003034200, 0.8019999999999998200, 1.203594127488856000 ) ) ;
#4001 = FACE_BOUND ( 'NONE', #7124, .T. ) ;
#4002 = DIRECTION ( 'NONE',  ( 0.0000000000000000000, 1.000000000000000000, 0.0000000000000000000 ) ) ;
#4003 = CARTESIAN_POINT ( 'NONE',  ( -0.5370000000000001400, 1.200000000000000200, 6.576353311421284500E-017 ) ) ;
#4004 = FACE_OUTER_BOUND ( 'NONE', #9460, .T. ) ;
#4005 = DIRECTION ( 'NONE',  ( 0.0000000000000000000, 0.0000000000000000000, 1.000000000000000000 ) ) ;
#4006 = ORIENTED_EDGE ( 'NONE', *, *, #7746, .T. ) ;
#4007 = CARTESIAN_POINT ( 'NONE',  ( -1.022670342590412500, 0.5102745190284825300, 1.436201569232301600 ) ) ;
#4008 = CARTESIAN_POINT ( 'NONE',  ( 1.500000000000000900, 0.0000000000000000000, -1.130499522727401700 ) ) ;
#4009 = CIRCLE ( 'NONE', #359, 0.02250000000000005800 ) ;
#4010 = CARTESIAN_POINT ( 'NONE',  ( -1.458111848840142600, 0.3999999999999999700, 1.260563498910914500 ) ) ;
#4011 = VERTEX_POINT ( 'NONE', #7002 ) ;
#4012 = ORIENTED_EDGE ( 'NONE', *, *, #3077, .T. ) ;
#4013 = ORIENTED_EDGE ( 'NONE', *, *, #3592, .F. ) ;
#4014 = AXIS2_PLACEMENT_3D ( 'NONE', #2216, #35, #8121 ) ;
#4015 = CARTESIAN_POINT ( 'NONE',  ( -0.7470000000000001100, 1.200000000000000200, 6.049755187787927500E-017 ) ) ;
#4016 = EDGE_CURVE ( 'NONE', #3497, #4592, #6943, .T. ) ;
#4017 = EDGE_CURVE ( 'NONE', #5591, #1819, #8185, .T. ) ;
#4018 = DIRECTION ( 'NONE',  ( -0.9781476007338070200, -2.121019507454155800E-016, 0.2079116908177527400 ) ) ;
#4019 = CARTESIAN_POINT ( 'NONE',  ( 1.395889160600009200, 0.3999999999999999700, 1.317533769311869200 ) ) ;
#4020 = DIRECTION ( 'NONE',  ( 0.0000000000000000000, 0.0000000000000000000, -1.000000000000000000 ) ) ;
#4021 = ORIENTED_EDGE ( 'NONE', *, *, #5266, .F. ) ;
#4022 = EDGE_LOOP ( 'NONE', ( #3760, #3372, #266, #1217 ) ) ;
#4023 = ORIENTED_EDGE ( 'NONE', *, *, #1921, .F. ) ;
#4024 = DIRECTION ( 'NONE',  ( 0.2079116908177527600, 0.0000000000000000000, -0.9781476007338069100 ) ) ;
#4025 = CARTESIAN_POINT ( 'NONE',  ( 1.329654766202780200, 0.5999984935707147700, 1.278224583052603600 ) ) ;
#4026 = ADVANCED_FACE ( 'NONE', ( #5453 ), #2414, .T. ) ;
#4027 = UNCERTAINTY_MEASURE_WITH_UNIT (LENGTH_MEASURE( 1.000000000000000100E-005 ), #7640, 'distance_accuracy_value', 'NONE');
#4028 = CIRCLE ( 'NONE', #3948, 0.02250000000000005800 ) ;
#4029 = VERTEX_POINT ( 'NONE', #6974 ) ;
#4030 = CARTESIAN_POINT ( 'NONE',  ( 1.264096234132523000, 0.8020000000000001600, -1.363802374266735600 ) ) ;
#4031 = CIRCLE ( 'NONE', #2719, 0.02250000000000005800 ) ;
#4032 = AXIS2_PLACEMENT_3D ( 'NONE', #536, #3021, #8204 ) ;
#4033 = ORIENTED_EDGE ( 'NONE', *, *, #4288, .F. ) ;
#4034 = VERTEX_POINT ( 'NONE', #9136 ) ;
#4035 = CARTESIAN_POINT ( 'NONE',  ( -0.7785805533069077900, 0.004999999999998689500, -0.1654924053940542200 ) ) ;
#4036 = DIRECTION ( 'NONE',  ( 0.0000000000000000000, -1.000000000000000000, 0.0000000000000000000 ) ) ;
#4037 = CARTESIAN_POINT ( 'NONE',  ( -0.4870000000000002100, 1.086360389693210800, -0.1800000000000000500 ) ) ;
#4038 = B_SPLINE_CURVE_WITH_KNOTS ( 'NONE', 3,
 ( #2541, #1752, #6963, #2507 ),
 .UNSPECIFIED., .F., .F.,
 ( 4, 4 ),
 ( 0.0000000000000000000, 1.000000000000000000 ),
 .UNSPECIFIED. ) ;
#4039 = LINE ( 'NONE', #1847, #1026 ) ;
#4040 = CARTESIAN_POINT ( 'NONE',  ( -1.500652173913043200, 0.8020000000000002700, -3.870601755773250800E-016 ) ) ;
#4041 = ORIENTED_EDGE ( 'NONE', *, *, #8454, .F. ) ;
#4042 = ORIENTED_EDGE ( 'NONE', *, *, #7192, .T. ) ;
#4043 = ORIENTED_EDGE ( 'NONE', *, *, #1839, .T. ) ;
#4044 = PRODUCT_DEFINITION ( 'UNKNOWN', '', #8620, #8112 ) ;
#4045 = CARTESIAN_POINT ( 'NONE',  ( -1.395889160763453800, 0.3999999999999999700, -1.317533769210545100 ) ) ;
#4046 = DIRECTION ( 'NONE',  ( 0.0000000000000000000, 0.0000000000000000000, -1.000000000000000000 ) ) ;
#4047 = CARTESIAN_POINT ( 'NONE',  ( 1.395756872608399300, 0.3999999999999999700, -1.317615713281688800 ) ) ;
#4048 = CARTESIAN_POINT ( 'NONE',  ( 0.8985650540540302000, 0.7907215304527314100, 1.437498768621142200 ) ) ;
#4049 = AXIS2_PLACEMENT_3D ( 'NONE', #6544, #3648, #9471 ) ;
#4050 = CIRCLE ( 'NONE', #3629, 0.02250000000000005800 ) ;
#4051 = PLANE ( 'NONE',  #7373 ) ;
#4052 = VERTEX_POINT ( 'NONE', #8408 ) ;
#4053 = CARTESIAN_POINT ( 'NONE',  ( -0.7470000000000000000, 1.150000000000000100, -0.3074999999999999400 ) ) ;
#4054 = DIRECTION ( 'NONE',  ( 0.0000000000000000000, 0.0000000000000000000, 1.000000000000000000 ) ) ;
#4055 = CARTESIAN_POINT ( 'NONE',  ( 1.488487122974270700, 0.3999999999999999700, -1.200745222768542700 ) ) ;
#4056 = EDGE_CURVE ( 'NONE', #6139, #9069, #5692, .T. ) ;
#4057 = CIRCLE ( 'NONE', #4406, 0.02000000000000004900 ) ;
#4058 = CARTESIAN_POINT ( 'NONE',  ( -0.5999999999999995300, 0.0000000000000000000, 1.500000000000000000 ) ) ;
#4059 = VECTOR ( 'NONE', #1345, 1000.000000000000200 ) ;
#4060 = DIRECTION ( 'NONE',  ( 0.0000000000000000000, 1.000000000000000000, 0.0000000000000000000 ) ) ;
#4061 = DIRECTION ( 'NONE',  ( 0.0000000000000000000, 0.0000000000000000000, -1.000000000000000000 ) ) ;
#4062 = CARTESIAN_POINT ( 'NONE',  ( -1.425167938655913100, 0.4000000000000128500, 1.296781223685286700 ) ) ;
#4063 = CARTESIAN_POINT ( 'NONE',  ( -0.9550000000000000700, 1.086360389693210800, -0.1574999999999999200 ) ) ;
#4064 = VECTOR ( 'NONE', #7783, 1000.000000000000000 ) ;
#4065 = DIRECTION ( 'NONE',  ( -0.0000000000000000000, 1.000000000000000000, 0.0000000000000000000 ) ) ;
#4066 = ADVANCED_FACE ( 'NONE', ( #6136 ), #8861, .F. ) ;
#4067 = CARTESIAN_POINT ( 'NONE',  ( -1.371623984036164100, 0.3999999999999784800, -1.332344414616954500 ) ) ;
#4068 = CARTESIAN_POINT ( 'NONE',  ( -0.5390000000000001500, 1.150000000000000100, -0.1349999999999999300 ) ) ;
#4069 = EDGE_CURVE ( 'NONE', #7467, #3195, #2192, .T. ) ;
#4070 = CARTESIAN_POINT ( 'NONE',  ( -1.395889160763453800, 0.3999999999999999700, -1.317533769210545100 ) ) ;
#4071 = CARTESIAN_POINT ( 'NONE',  ( 1.500000000000000000, 0.8000000000000001600, -1.134750653960801900 ) ) ;
#4072 = DIRECTION ( 'NONE',  ( 0.0000000000000000000, 1.000000000000000000, -0.0000000000000000000 ) ) ;
#4073 = DIRECTION ( 'NONE',  ( 0.0000000000000000000, -1.000000000000000000, 0.0000000000000000000 ) ) ;
#4074 = DIRECTION ( 'NONE',  ( -0.0000000000000000000, 1.000000000000000000, -0.0000000000000000000 ) ) ;
#4075 = CARTESIAN_POINT ( 'NONE',  ( -0.7470000000000000000, 1.200000000000000200, 0.2849999999999999800 ) ) ;
#4076 = ORIENTED_EDGE ( 'NONE', *, *, #3592, .T. ) ;
#4077 = AXIS2_PLACEMENT_3D ( 'NONE', #5726, #5758, #2039 ) ;
#4078 = CARTESIAN_POINT ( 'NONE',  ( -1.325889227903589000, 0.7907169422465780700, -1.346664914048477400 ) ) ;
#4079 = CARTESIAN_POINT ( 'NONE',  ( 1.434458265169203700, 0.5999827227446693500, 1.140940224990122600 ) ) ;
#4080 = AXIS2_PLACEMENT_3D ( 'NONE', #5461, #6258, #3954 ) ;
#4081 =( NAMED_UNIT ( * ) SI_UNIT ( $, .STERADIAN. ) SOLID_ANGLE_UNIT ( ) );
#4082 = DIRECTION ( 'NONE',  ( 0.0000000000000000000, 0.0000000000000000000, 1.000000000000000000 ) ) ;
#4083 = ORIENTED_EDGE ( 'NONE', *, *, #5021, .T. ) ;
#4084 = ORIENTED_EDGE ( 'NONE', *, *, #7867, .T. ) ;
#4085 = CARTESIAN_POINT ( 'NONE',  ( -1.079492466111638500, 0.2195099938507024100, 1.418527541953934300 ) ) ;
#4086 = CARTESIAN_POINT ( 'NONE',  ( -0.7470000000000001100, 1.200000000000000200, -0.1049999999999999300 ) ) ;
#4087 = CIRCLE ( 'NONE', #7558, 0.02250000000000004400 ) ;
#4088 = ORIENTED_EDGE ( 'NONE', *, *, #7635, .F. ) ;
#4089 = DIRECTION ( 'NONE',  ( -0.0000000000000000000, 1.000000000000000000, -0.0000000000000000000 ) ) ;
#4090 = CARTESIAN_POINT ( 'NONE',  ( 1.434782608693938100, 0.5999999999955508700, 0.3768331743983948700 ) ) ;
#4091 = EDGE_LOOP ( 'NONE', ( #9312, #853, #7385, #1068 ) ) ;
#4092 = B_SPLINE_CURVE_WITH_KNOTS ( 'NONE', 3,
 ( #1560, #6804, #3754, #6082, #2383, #7565 ),
 .UNSPECIFIED., .F., .F.,
 ( 4, 2, 4 ),
 ( 2.168404344971008900E-019, 0.0001491069319119024400, 0.0002982138638238046700 ),
 .UNSPECIFIED. ) ;
#4093 = CARTESIAN_POINT ( 'NONE',  ( -1.096907168337424100, 0.005000000000000550900, 1.435272744623614900 ) ) ;
#4094 = AXIS2_PLACEMENT_3D ( 'NONE', #6610, #5070, #5159 ) ;
#4095 = LINE ( 'NONE', #865, #6190 ) ;
#4096 = AXIS2_PLACEMENT_3D ( 'NONE', #3007, #7424, #7449 ) ;
#4097 = ORIENTED_EDGE ( 'NONE', *, *, #8791, .F. ) ;
#4098 = CARTESIAN_POINT ( 'NONE',  ( -0.9045000000000001900, 1.200000000000000200, 0.2600000000000001800 ) ) ;
#4099 = ORIENTED_EDGE ( 'NONE', *, *, #1396, .F. ) ;
#4100 = ORIENTED_EDGE ( 'NONE', *, *, #4125, .T. ) ;
#4101 = CARTESIAN_POINT ( 'NONE',  ( -1.035219848569049600, 0.5134737001386859800, 1.433930568522554300 ) ) ;
#4102 = CARTESIAN_POINT ( 'NONE',  ( 1.108105998351512900, 0.02639512947488283800, 1.391998736026492000 ) ) ;
#4103 = VECTOR ( 'NONE', #7234, 1000.000000000000000 ) ;
#4104 = CARTESIAN_POINT ( 'NONE',  ( -0.7470000000000001100, 1.200000000000000200, 6.049755187787927500E-017 ) ) ;
#4105 = VECTOR ( 'NONE', #5405, 1000.000000000000000 ) ;
#4106 = CARTESIAN_POINT ( 'NONE',  ( -0.8520000000000000900, 1.200000000000000200, 0.1050000000000000800 ) ) ;
#4107 = DIRECTION ( 'NONE',  ( 0.0000000000000000000, 1.000000000000000000, -0.0000000000000000000 ) ) ;
#4108 = EDGE_LOOP ( 'NONE', ( #1009, #4367, #374, #4510 ) ) ;
#4109 = ORIENTED_EDGE ( 'NONE', *, *, #9375, .F. ) ;
#4110 = ORIENTED_EDGE ( 'NONE', *, *, #7998, .F. ) ;
#4111 = DIRECTION ( 'NONE',  ( 0.0000000000000000000, 0.0000000000000000000, 1.000000000000000000 ) ) ;
#4112 = AXIS2_PLACEMENT_3D ( 'NONE', #9452, #7216, #7294 ) ;
#4113 = CARTESIAN_POINT ( 'NONE',  ( 1.476224313983329500, 0.7883438340387796100, 1.228318354964308400 ) ) ;
#4114 = DIRECTION ( 'NONE',  ( 0.0000000000000000000, 1.000000000000000000, -0.0000000000000000000 ) ) ;
#4115 = ADVANCED_FACE ( 'NONE', ( #7747 ), #4147, .T. ) ;
#4116 = CIRCLE ( 'NONE', #7142, 0.02250000000000005800 ) ;
#4117 = ORIENTED_EDGE ( 'NONE', *, *, #667, .F. ) ;
#4118 = CARTESIAN_POINT ( 'NONE',  ( 0.6187541509432501500, 0.7907215304527247500, -1.496974412104149300 ) ) ;
#4119 = SURFACE_STYLE_FILL_AREA ( #3365 ) ;
#4120 = ORIENTED_EDGE ( 'NONE', *, *, #4527, .F. ) ;
#4121 = VECTOR ( 'NONE', #4583, 999.9999999999998900 ) ;
#4122 = ORIENTED_EDGE ( 'NONE', *, *, #1418, .T. ) ;
#4123 = ORIENTED_EDGE ( 'NONE', *, *, #5139, .F. ) ;
#4124 = CARTESIAN_POINT ( 'NONE',  ( 1.393029001814898300, 0.8020000000000007100, 1.329655327101283000 ) ) ;
#4125 = EDGE_CURVE ( 'NONE', #5223, #1290, #7826, .T. ) ;
#4126 = CARTESIAN_POINT ( 'NONE',  ( -0.8520000000000000900, 1.200000000000000200, -0.1274999999999999700 ) ) ;
#4127 = FACE_OUTER_BOUND ( 'NONE', #767, .T. ) ;
#4128 = ORIENTED_EDGE ( 'NONE', *, *, #6066, .F. ) ;
#4129 = CARTESIAN_POINT ( 'NONE',  ( -1.495433842817182900, 0.7859971179723861400, -1.134453013373478900 ) ) ;
#4130 = ADVANCED_FACE ( 'NONE', ( #9100 ), #1968, .T. ) ;
#4131 = ORIENTED_EDGE ( 'NONE', *, *, #5290, .T. ) ;
#4132 = CIRCLE ( 'NONE', #4864, 0.02250000000000005800 ) ;
#4133 = ORIENTED_EDGE ( 'NONE', *, *, #7436, .F. ) ;
#4134 = ORIENTED_EDGE ( 'NONE', *, *, #7400, .T. ) ;
#4135 = CARTESIAN_POINT ( 'NONE',  ( -0.5390000000000001500, 1.150000000000000100, 0.1800000000000001000 ) ) ;
#4136 = CARTESIAN_POINT ( 'NONE',  ( 1.094995525603501600, 0.4586869055302347200, 1.395269015533505700 ) ) ;
#4137 = CARTESIAN_POINT ( 'NONE',  ( 1.027896814458248100, 0.5599678706710683500, 1.368178459456995000 ) ) ;
#4138 = CIRCLE ( 'NONE', #8411, 0.02250000000000005800 ) ;
#4139 = CARTESIAN_POINT ( 'NONE',  ( -0.9816777060382549900, 0.4529234108412327200, 1.439318711035696400 ) ) ;
#4140 = CARTESIAN_POINT ( 'NONE',  ( 0.9816777060382576600, 0.2195099938507023300, 1.439318711035709100 ) ) ;
#4141 = VERTEX_POINT ( 'NONE', #1222 ) ;
#4142 = AXIS2_PLACEMENT_3D ( 'NONE', #6956, #6979, #3241 ) ;
#4143 = VERTEX_POINT ( 'NONE', #6435 ) ;
#4144 = EDGE_CURVE ( 'NONE', #615, #4710, #5912, .T. ) ;
#4145 = MANIFOLD_SOLID_BREP ( 'Boss-Extrude7[8]', #4854 ) ;
#4146 = DIRECTION ( 'NONE',  ( 0.0000000000000000000, -1.000000000000000000, 0.0000000000000000000 ) ) ;
#4147 = CYLINDRICAL_SURFACE ( 'NONE', #9211, 0.02000000000000010100 ) ;
#4148 = CARTESIAN_POINT ( 'NONE',  ( -0.5370000000000001400, 1.150000000000000100, 0.02250000000000001000 ) ) ;
#4149 = DIRECTION ( 'NONE',  ( 0.0000000000000000000, 1.000000000000000000, 0.0000000000000000000 ) ) ;
#4150 = DIRECTION ( 'NONE',  ( 0.0000000000000000000, 1.000000000000000000, 0.0000000000000000000 ) ) ;
#4151 =( LENGTH_UNIT ( ) NAMED_UNIT ( * ) SI_UNIT ( .MILLI., .METRE. ) );
#4152 = ORIENTED_EDGE ( 'NONE', *, *, #5795, .T. ) ;
#4153 = VERTEX_POINT ( 'NONE', #7906 ) ;
#4154 = CARTESIAN_POINT ( 'NONE',  ( 0.6000000000000004200, 0.3999999999999999700, 1.499999999999999800 ) ) ;
#4155 = PRESENTATION_STYLE_ASSIGNMENT (( #3193 ) ) ;
#4156 = CARTESIAN_POINT ( 'NONE',  ( -1.007000000000000100, 1.150000000000000100, -0.1574999999999999200 ) ) ;
#4157 = AXIS2_PLACEMENT_3D ( 'NONE', #116, #2444, #5421 ) ;
#4158 = CARTESIAN_POINT ( 'NONE',  ( 0.6065726879804680400, 0.7000000000000000700, -1.467391304347825700 ) ) ;
#4159 = AXIS2_PLACEMENT_3D ( 'NONE', #6520, #6545, #9371 ) ;
#4160 = ORIENTED_EDGE ( 'NONE', *, *, #5622, .T. ) ;
#4161 = CARTESIAN_POINT ( 'NONE',  ( -0.4370000000000001100, 1.200000000000000200, 4.127059713126576100E-017 ) ) ;
#4162 = B_SPLINE_CURVE_WITH_KNOTS ( 'NONE', 3,
 ( #1276, #7221, #4137, #2704, #6406, #4192, #2674, #5790, #4229, #5023, #6504, #1251, #2032, #8624, #1934, #501 ),
 .UNSPECIFIED., .F., .F.,
 ( 4, 3, 3, 3, 3, 4 ),
 ( -5.999999512517275800E-008, 1.323488980084844300E-023, 1.917981572744940200E-005, 4.830498416370143200E-005, 7.378602968850229500E-005, 8.198128738304685700E-005 ),
 .UNSPECIFIED. ) ;
#4163 = DIRECTION ( 'NONE',  ( 0.0000000000000000000, 1.000000000000000000, 0.0000000000000000000 ) ) ;
#4164 = SURFACE_STYLE_FILL_AREA ( #1281 ) ;
#4165 = CARTESIAN_POINT ( 'NONE',  ( -1.254989512610312100, 0.6000000000000000900, -1.294103294648000200 ) ) ;
#4166 = ORIENTED_EDGE ( 'NONE', *, *, #4318, .T. ) ;
#4167 = CARTESIAN_POINT ( 'NONE',  ( 1.090330754946064600, 0.5356152172307351300, 1.373322995044702800 ) ) ;
#4168 = DIRECTION ( 'NONE',  ( 0.0000000000000000000, 0.0000000000000000000, -1.000000000000000000 ) ) ;
#4169 = DIRECTION ( 'NONE',  ( -1.178598083011423800E-010, -3.353430155109868300E-010, -1.000000000000000000 ) ) ;
#4170 = AXIS2_PLACEMENT_3D ( 'NONE', #684, #5828, #6644 ) ;
#4171 = CARTESIAN_POINT ( 'NONE',  ( -0.8520000000000000900, 1.200000000000000200, 0.1275000000000001400 ) ) ;
#4172 = CYLINDRICAL_SURFACE ( 'NONE', #2360, 0.02250000000000005800 ) ;
#4173 = FACE_OUTER_BOUND ( 'NONE', #9189, .T. ) ;
#4174 = CARTESIAN_POINT ( 'NONE',  ( -0.6200000000000000000, 0.8000000000000001600, 1.500000000000000000 ) ) ;
#4175 = ADVANCED_FACE ( 'NONE', ( #4383 ), #7196, .F. ) ;
#4176 = EDGE_CURVE ( 'NONE', #7925, #493, #200, .T. ) ;
#4177 = SURFACE_SIDE_STYLE ('',( #8741 ) ) ;
#4178 = CARTESIAN_POINT ( 'NONE',  ( 0.9789930845307967000, 0.4564383771331652600, 1.426688559859153000 ) ) ;
#4179 = CARTESIAN_POINT ( 'NONE',  ( 0.7142662410209348300, 0.7907215304527245300, -1.476672690639320400 ) ) ;
#4180 = CARTESIAN_POINT ( 'NONE',  ( 1.264096234132522800, 0.8020000000000001600, 1.363802374266735600 ) ) ;
#4181 = DIRECTION ( 'NONE',  ( -0.0000000000000000000, 1.000000000000000000, -0.0000000000000000000 ) ) ;
#4182 = DIRECTION ( 'NONE',  ( 0.0000000000000000000, 0.0000000000000000000, -1.000000000000000000 ) ) ;
#4183 = CARTESIAN_POINT ( 'NONE',  ( -0.6200000000000000000, 0.8000000000000001600, -1.500000000000000000 ) ) ;
#4184 = CARTESIAN_POINT ( 'NONE',  ( -0.9550000000000000700, 1.150000000000000100, -0.1349999999999998700 ) ) ;
#4185 = EDGE_CURVE ( 'NONE', #9396, #1611, #3219, .T. ) ;
#4186 = AXIS2_PLACEMENT_3D ( 'NONE', #909, #2406, #6881 ) ;
#4187 = CARTESIAN_POINT ( 'NONE',  ( -1.138152845492630200, 0.6000000000000000900, -1.318937694887518200 ) ) ;
#4188 = COLOUR_RGB ( '',1.000000000000000000, 1.000000000000000000, 1.000000000000000000 ) ;
#4189 = CARTESIAN_POINT ( 'NONE',  ( -0.9045000000000001900, 1.150000000000000100, -0.2825000000000000300 ) ) ;
#4190 = EDGE_CURVE ( 'NONE', #8742, #7273, #2975, .T. ) ;
#4191 = CARTESIAN_POINT ( 'NONE',  ( -0.9570000000000001800, 1.150000000000000100, 1.171986986784016800E-016 ) ) ;
#4192 = CARTESIAN_POINT ( 'NONE',  ( 1.029565662753071400, 0.5499548840872616800, 1.376029773392973800 ) ) ;
#4193 = EDGE_CURVE ( 'NONE', #508, #1908, #985, .T. ) ;
#4194 = CARTESIAN_POINT ( 'NONE',  ( -1.325694516421789300, 0.8000000000000001600, 1.349999999999999600 ) ) ;
#4195 = VERTEX_POINT ( 'NONE', #1894 ) ;
#4196 = LINE ( 'NONE', #8441, #7794 ) ;
#4197 = CARTESIAN_POINT ( 'NONE',  ( -1.007000000000000100, 1.150000000000000100, 0.1575000000000000800 ) ) ;
#4198 = DIRECTION ( 'NONE',  ( 0.0000000000000000000, 1.000000000000000000, -0.0000000000000000000 ) ) ;
#4199 = ORIENTED_EDGE ( 'NONE', *, *, #7070, .F. ) ;
#4200 = CARTESIAN_POINT ( 'NONE',  ( -1.015088533285796400, 0.5091369307781553600, 1.452663832370719900 ) ) ;
#4201 = ORIENTED_EDGE ( 'NONE', *, *, #8198, .T. ) ;
#4202 = CARTESIAN_POINT ( 'NONE',  ( 0.5961006913206918800, 0.7907215304527235300, 1.501789553591450700 ) ) ;
#4203 = CARTESIAN_POINT ( 'NONE',  ( -0.6200000000000000000, 1.200000000000000200, -1.500000000000000000 ) ) ;
#4204 = AXIS2_PLACEMENT_3D ( 'NONE', #7981, #4346, #7310 ) ;
#4205 = CARTESIAN_POINT ( 'NONE',  ( -1.395756872773706900, 0.3999999999999999700, 1.317615713179372000 ) ) ;
#4206 = ADVANCED_FACE ( 'NONE', ( #6483 ), #5777, .T. ) ;
#4207 = LINE ( 'NONE', #3951, #6781 ) ;
#4208 = ORIENTED_EDGE ( 'NONE', *, *, #5004, .T. ) ;
#4209 = VERTEX_POINT ( 'NONE', #8802 ) ;
#4210 = VERTEX_POINT ( 'NONE', #5027 ) ;
#4211 = VERTEX_POINT ( 'NONE', #8000 ) ;
#4212 = SURFACE_STYLE_USAGE ( .BOTH. , #2729 ) ;
#4213 = EDGE_CURVE ( 'NONE', #1543, #9326, #6122, .T. ) ;
#4214 = COLOUR_RGB ( '',1.000000000000000000, 1.000000000000000000, 1.000000000000000000 ) ;
#4215 = PLANE ( 'NONE',  #1899 ) ;
#4216 = AXIS2_PLACEMENT_3D ( 'NONE', #6647, #7368, #8098 ) ;
#4217 = SURFACE_SIDE_STYLE ('',( #3649 ) ) ;
#4218 = ORIENTED_EDGE ( 'NONE', *, *, #2911, .F. ) ;
#4219 = ADVANCED_FACE ( 'NONE', ( #2634 ), #276, .F. ) ;
#4220 = EDGE_CURVE ( 'NONE', #4011, #1677, #5625, .T. ) ;
#4221 = AXIS2_PLACEMENT_3D ( 'NONE', #2555, #9266, #4850 ) ;
#4222 = FACE_BOUND ( 'NONE', #4519, .T. ) ;
#4223 = AXIS2_PLACEMENT_3D ( 'NONE', #9058, #6928, #5420 ) ;
#4224 = CARTESIAN_POINT ( 'NONE',  ( -0.9646235731433855400, 0.4888367161553588400, 1.359085323927443600 ) ) ;
#4225 = DIRECTION ( 'NONE',  ( 0.0000000000000000000, -0.0000000000000000000, 1.000000000000000000 ) ) ;
#4226 = DIRECTION ( 'NONE',  ( 0.0000000000000000000, -0.0000000000000000000, -1.000000000000000000 ) ) ;
#4227 = LINE ( 'NONE', #268, #2954 ) ;
#4228 = DIRECTION ( 'NONE',  ( 0.0000000000000000000, 1.000000000000000000, 0.0000000000000000000 ) ) ;
#4229 = CARTESIAN_POINT ( 'NONE',  ( 1.033528122088072300, 0.5325284381009610700, 1.394671678888004500 ) ) ;
#4230 = CYLINDRICAL_SURFACE ( 'NONE', #4094, 0.02250000000000005500 ) ;
#4231 = ORIENTED_EDGE ( 'NONE', *, *, #6574, .F. ) ;
#4232 = CLOSED_SHELL ( 'NONE', ( #5411, #241, #436, #3864 ) ) ;
#4233 = ORIENTED_EDGE ( 'NONE', *, *, #8702, .F. ) ;
#4234 = EDGE_CURVE ( 'NONE', #5684, #4141, #4138, .T. ) ;
#4235 = CARTESIAN_POINT ( 'NONE',  ( -0.8520000000000000900, 1.200000000000000200, -0.08249999999999986500 ) ) ;
#4236 = FACE_BOUND ( 'NONE', #5868, .T. ) ;
#4237 = ORIENTED_EDGE ( 'NONE', *, *, #69, .T. ) ;
#4238 = CARTESIAN_POINT ( 'NONE',  ( 1.458331048916799300, 0.3999999999999999700, 1.260198000125361900 ) ) ;
#4239 = FACE_OUTER_BOUND ( 'NONE', #1145, .T. ) ;
#4240 = DIRECTION ( 'NONE',  ( -0.0000000000000000000, 1.000000000000000000, -0.0000000000000000000 ) ) ;
#4241 = AXIS2_PLACEMENT_3D ( 'NONE', #8973, #5227, #3810 ) ;
#4242 = EDGE_LOOP ( 'NONE', ( #6959, #8380 ) ) ;
#4243 = CIRCLE ( 'NONE', #7093, 0.02000000000000010100 ) ;
#4244 = CARTESIAN_POINT ( 'NONE',  ( -1.044524795898641700, 0.5091396836001149700, 1.446406961601320400 ) ) ;
#4245 = CARTESIAN_POINT ( 'NONE',  ( 1.395756872608399300, 0.3999999999999999700, -1.317615713281688800 ) ) ;
#4246 = ORIENTED_EDGE ( 'NONE', *, *, #4234, .F. ) ;
#4247 = ORIENTED_EDGE ( 'NONE', *, *, #5718, .F. ) ;
#4248 = CARTESIAN_POINT ( 'NONE',  ( -0.5390000000000001500, 1.150000000000000100, -0.1349999999999999300 ) ) ;
#4249 = CARTESIAN_POINT ( 'NONE',  ( 1.027398933732673200, 0.5599999999999998300, 1.368259928389751400 ) ) ;
#4250 = CARTESIAN_POINT ( 'NONE',  ( 0.9052904211763044300, 0.7907215304527260800, -1.436069247709661500 ) ) ;
#4251 = LINE ( 'NONE', #4158, #4602 ) ;
#4252 = ORIENTED_EDGE ( 'NONE', *, *, #3549, .T. ) ;
#4253 = CARTESIAN_POINT ( 'NONE',  ( -0.7470000000000000000, 1.086360389693210800, 0.3075000000000000500 ) ) ;
#4254 = LINE ( 'NONE', #9017, #2869 ) ;
#4255 = ORIENTED_EDGE ( 'NONE', *, *, #6244, .F. ) ;
#4256 = VERTEX_POINT ( 'NONE', #8965 ) ;
#4257 = CARTESIAN_POINT ( 'NONE',  ( -1.007000000000000100, 1.086360389693210800, -0.1574999999999999200 ) ) ;
#4258 = AXIS2_PLACEMENT_3D ( 'NONE', #3488, #8762, #2085 ) ;
#4259 =( NAMED_UNIT ( * ) SI_UNIT ( $, .STERADIAN. ) SOLID_ANGLE_UNIT ( ) );
#4260 = EDGE_CURVE ( 'NONE', #883, #4325, #2745, .T. ) ;
#4261 = EDGE_CURVE ( 'NONE', #4984, #6489, #7856, .T. ) ;
#4262 = LINE ( 'NONE', #5831, #2301 ) ;
#4263 = CARTESIAN_POINT ( 'NONE',  ( -0.7470000000000001100, 1.200000000000000200, 0.1050000000000000400 ) ) ;
#4264 = ORIENTED_EDGE ( 'NONE', *, *, #6100, .T. ) ;
#4265 = DIRECTION ( 'NONE',  ( 0.0000000000000000000, 1.000000000000000000, 0.0000000000000000000 ) ) ;
#4266 = VECTOR ( 'NONE', #122, 1000.000000000000100 ) ;
#4267 = ORIENTED_EDGE ( 'NONE', *, *, #9487, .T. ) ;
#4268 = EDGE_LOOP ( 'NONE', ( #6444, #630 ) ) ;
#4269 = CARTESIAN_POINT ( 'NONE',  ( 1.490951687155130700, 0.7873424385509908400, -1.181958733394687500 ) ) ;
#4270 = DIRECTION ( 'NONE',  ( 0.0000000000000000000, 1.000000000000000000, -0.0000000000000000000 ) ) ;
#4271 = DIRECTION ( 'NONE',  ( 0.0000000000000000000, 0.0000000000000000000, -1.000000000000000000 ) ) ;
#4272 = LINE ( 'NONE', #8687, #555 ) ;
#4273 = AXIS2_PLACEMENT_3D ( 'NONE', #5051, #7215, #2777 ) ;
#4274 = ORIENTED_EDGE ( 'NONE', *, *, #4441, .T. ) ;
#4275 = EDGE_CURVE ( 'NONE', #1600, #7047, #4870, .T. ) ;
#4276 = VERTEX_POINT ( 'NONE', #5332 ) ;
#4277 = ORIENTED_EDGE ( 'NONE', *, *, #3343, .T. ) ;
#4278 = DIRECTION ( 'NONE',  ( 0.2079116908177635600, -0.0000000000000000000, -0.9781476007338049100 ) ) ;
#4279 = ADVANCED_FACE ( 'NONE', ( #1000 ), #2181, .T. ) ;
#4280 = ADVANCED_FACE ( 'NONE', ( #1692 ), #9557, .F. ) ;
#4281 = CARTESIAN_POINT ( 'NONE',  ( 1.495438813010396800, 0.4139876401014520000, 1.130499522635703100 ) ) ;
#4282 = DIRECTION ( 'NONE',  ( 0.0000000000000000000, -0.0000000000000000000, -1.000000000000000000 ) ) ;
#4283 = CARTESIAN_POINT ( 'NONE',  ( -1.344703217661819000, 0.5999976483150643000, 1.275018685834615100 ) ) ;
#4284 = DIRECTION ( 'NONE',  ( 0.0000000000000000000, -0.0000000000000000000, -1.000000000000000000 ) ) ;
#4285 = CARTESIAN_POINT ( 'NONE',  ( -1.007000000000000100, 1.150000000000000100, -0.1574999999999999200 ) ) ;
#4286 = CARTESIAN_POINT ( 'NONE',  ( -0.6187541509432500400, 0.7907215304527252000, 1.496974412104149700 ) ) ;
#4287 = DIRECTION ( 'NONE',  ( 0.0000000000000000000, 1.000000000000000000, 0.0000000000000000000 ) ) ;
#4288 = EDGE_CURVE ( 'NONE', #2823, #5349, #6827, .T. ) ;
#4289 = VERTEX_POINT ( 'NONE', #8266 ) ;
#4290 = CARTESIAN_POINT ( 'NONE',  ( -1.119935457189611800, 0.4080762362277931500, 1.386791916445952100 ) ) ;
#4291 = CARTESIAN_POINT ( 'NONE',  ( -0.7470000000000000000, 1.086360389693210800, -0.3074999999999999400 ) ) ;
#4292 = AXIS2_PLACEMENT_3D ( 'NONE', #2411, #7690, #1713 ) ;
#4293 = STYLED_ITEM ( 'NONE', ( #688 ), #5485 ) ;
#4294 = CIRCLE ( 'NONE', #7331, 0.02250000000000005800 ) ;
#4295 =( LENGTH_UNIT ( ) NAMED_UNIT ( * ) SI_UNIT ( .MILLI., .METRE. ) );
#4296 = CYLINDRICAL_SURFACE ( 'NONE', #2676, 0.02250000000000005500 ) ;
#4297 = CARTESIAN_POINT ( 'NONE',  ( -1.411234283001963700, 0.4000000000000054100, -1.307970566404868600 ) ) ;
#4298 = FILL_AREA_STYLE ('',( #7995 ) ) ;
#4299 = CARTESIAN_POINT ( 'NONE',  ( -0.8520000000000000900, 1.150000000000000100, 0.1050000000000000800 ) ) ;
#4300 = DIRECTION ( 'NONE',  ( 5.889419529499061100E-016, -1.000000000000000000, 2.253809921677687600E-016 ) ) ;
#4301 = CARTESIAN_POINT ( 'NONE',  ( -0.6945000000000002300, 1.150000000000000100, -0.1825000000000000000 ) ) ;
#4302 = CARTESIAN_POINT ( 'NONE',  ( -1.057000000000000200, 1.150000000000000100, 1.171986986784016800E-016 ) ) ;
#4303 = CARTESIAN_POINT ( 'NONE',  ( -0.7470000000000000000, 1.150000000000000100, 0.3075000000000000500 ) ) ;
#4304 = AXIS2_PLACEMENT_3D ( 'NONE', #6883, #4548, #80 ) ;
#4305 = LINE ( 'NONE', #5674, #2341 ) ;
#4306 = CARTESIAN_POINT ( 'NONE',  ( 0.9727420894193136200, 0.4629351836815728300, 1.397279940043469900 ) ) ;
#4307 = CARTESIAN_POINT ( 'NONE',  ( -0.6945000000000002300, 1.086360389693210800, -0.1825000000000000000 ) ) ;
#4308 = CARTESIAN_POINT ( 'NONE',  ( 1.113727632137321700, 0.005000000000000543900, 1.411250632775312700 ) ) ;
#4309 = FILL_AREA_STYLE_COLOUR ( '', #9243 ) ;
#4310 = EDGE_CURVE ( 'NONE', #413, #3985, #4860, .T. ) ;
#4311 = SURFACE_SIDE_STYLE ('',( #7921 ) ) ;
#4312 = CARTESIAN_POINT ( 'NONE',  ( 1.026417777899238900, 0.5599446649820543100, 1.368486228171740700 ) ) ;
#4313 = EDGE_CURVE ( 'NONE', #8092, #6450, #8979, .T. ) ;
#4314 = DIRECTION ( 'NONE',  ( 0.0000000000000000000, 1.000000000000000000, 0.0000000000000000000 ) ) ;
#4315 = CARTESIAN_POINT ( 'NONE',  ( 1.044524795898641700, 0.4943519535759132200, 1.446406961601320700 ) ) ;
#4316 = VECTOR ( 'NONE', #2802, 1000.000000000000000 ) ;
#4317 = CARTESIAN_POINT ( 'NONE',  ( -1.088590700704714000, 0.005000000000000504900, 1.396146840594262500 ) ) ;
#4318 = EDGE_CURVE ( 'NONE', #2895, #5563, #773, .T. ) ;
#4319 = MANIFOLD_SOLID_BREP ( 'Boss-Extrude7[19]', #8729 ) ;
#4320 = CARTESIAN_POINT ( 'NONE',  ( 1.500000000000000000, 1.200000000000000200, 1.134750653960801700 ) ) ;
#4321 = ORIENTED_EDGE ( 'NONE', *, *, #8874, .T. ) ;
#4322 = ADVANCED_FACE ( 'NONE', ( #7394 ), #149, .F. ) ;
#4323 = DIRECTION ( 'NONE',  ( 0.0000000000000000000, 1.000000000000000000, 0.0000000000000000000 ) ) ;
#4324 = CIRCLE ( 'NONE', #5452, 0.2200581444740221400 ) ;
#4325 = VERTEX_POINT ( 'NONE', #7575 ) ;
#4326 = AXIS2_PLACEMENT_3D ( 'NONE', #5958, #37, #5111 ) ;
#4327 = FACE_OUTER_BOUND ( 'NONE', #6376, .T. ) ;
#4328 = CARTESIAN_POINT ( 'NONE',  ( 1.419062314184918100, 0.4092303455655382200, -1.303737350751723100 ) ) ;
#4329 = EDGE_CURVE ( 'NONE', #953, #2173, #2504, .T. ) ;
#4330 = CARTESIAN_POINT ( 'NONE',  ( -0.4370000000000001100, 1.200000000000000200, 0.02250000000000009600 ) ) ;
#4331 = DIRECTION ( 'NONE',  ( 0.0000000000000000000, 0.0000000000000000000, -1.000000000000000000 ) ) ;
#4332 = EDGE_CURVE ( 'NONE', #5672, #9516, #5326, .T. ) ;
#4333 = ORIENTED_EDGE ( 'NONE', *, *, #7618, .T. ) ;
#4334 = VECTOR ( 'NONE', #8595, 1000.000000000000000 ) ;
#4335 = B_SPLINE_CURVE_WITH_KNOTS ( 'NONE', 3,
 ( #5860, #5236, #2158, #7335, #2890, #3784, #1676 ),
 .UNSPECIFIED., .F., .F.,
 ( 4, 1, 1, 1, 4 ),
 ( -6.000000000029419300E-008, 0.0005651897612930108500, 0.001130439522586022200, 0.001695689283879033800, 0.002260939045172044900 ),
 .UNSPECIFIED. ) ;
#4336 = ORIENTED_EDGE ( 'NONE', *, *, #1541, .T. ) ;
#4337 = FACE_OUTER_BOUND ( 'NONE', #4674, .T. ) ;
#4338 = CARTESIAN_POINT ( 'NONE',  ( 1.031644912657415000, 0.5356526775820290600, 1.385811875098049700 ) ) ;
#4339 = CARTESIAN_POINT ( 'NONE',  ( -1.007000000000000100, 1.086360389693210800, -0.1799999999999999900 ) ) ;
#4340 = CYLINDRICAL_SURFACE ( 'NONE', #4546, 0.02250000000000005800 ) ;
#4341 = VERTEX_POINT ( 'NONE', #5426 ) ;
#4342 = DIRECTION ( 'NONE',  ( 0.0000000000000000000, 0.0000000000000000000, 1.000000000000000000 ) ) ;
#4343 = ORIENTED_EDGE ( 'NONE', *, *, #783, .T. ) ;
#4344 = CARTESIAN_POINT ( 'NONE',  ( -0.5390000000000001500, 1.150000000000000100, -0.1574999999999999700 ) ) ;
#4345 = CARTESIAN_POINT ( 'NONE',  ( -0.7995000000000002100, 1.150000000000000100, -0.2049999999999999300 ) ) ;
#4346 = DIRECTION ( 'NONE',  ( 0.0000000000000000000, 1.000000000000000000, -0.0000000000000000000 ) ) ;
#4347 = VERTEX_POINT ( 'NONE', #1881 ) ;
#4348 = DIRECTION ( 'NONE',  ( -0.0000000000000000000, 1.000000000000000000, -0.0000000000000000000 ) ) ;
#4349 = CARTESIAN_POINT ( 'NONE',  ( 0.9775194722219027200, 0.2195099938507024100, 1.419755759021033200 ) ) ;
#4350 = AXIS2_PLACEMENT_3D ( 'NONE', #3859, #6808, #6036 ) ;
#4351 = DIRECTION ( 'NONE',  ( 0.9781476007338061300, 0.0000000000000000000, 0.2079116908177569600 ) ) ;
#4352 = AXIS2_PLACEMENT_3D ( 'NONE', #2220, #4425, #7410 ) ;
#4353 = VERTEX_POINT ( 'NONE', #1055 ) ;
#4354 = ORIENTED_EDGE ( 'NONE', *, *, #400, .T. ) ;
#4355 = CARTESIAN_POINT ( 'NONE',  ( 1.417583775411389400, 0.7898624186503487900, -1.309160588394140200 ) ) ;
#4356 =( NAMED_UNIT ( * ) PLANE_ANGLE_UNIT ( ) SI_UNIT ( $, .RADIAN. ) );
#4357 = CARTESIAN_POINT ( 'NONE',  ( -1.031649286996699300, 0.5356242997584208500, 1.385832454746237300 ) ) ;
#4358 = CARTESIAN_POINT ( 'NONE',  ( -0.9550000000000000700, 1.086360389693210800, 0.1575000000000000800 ) ) ;
#4359 = FACE_OUTER_BOUND ( 'NONE', #7264, .T. ) ;
#4360 = EDGE_LOOP ( 'NONE', ( #4, #6670 ) ) ;
#4361 = FACE_OUTER_BOUND ( 'NONE', #2532, .T. ) ;
#4362 = CARTESIAN_POINT ( 'NONE',  ( 1.010846508129718900, 0.5050500497074840200, 1.438083353419036900 ) ) ;
#4363 = ORIENTED_EDGE ( 'NONE', *, *, #2839, .T. ) ;
#4364 = FACE_OUTER_BOUND ( 'NONE', #1341, .T. ) ;
#4365 = ORIENTED_EDGE ( 'NONE', *, *, #280, .T. ) ;
#4366 = AXIS2_PLACEMENT_3D ( 'NONE', #2966, #6654, #2743 ) ;
#4367 = ORIENTED_EDGE ( 'NONE', *, *, #596, .T. ) ;
#4368 = CARTESIAN_POINT ( 'NONE',  ( -0.9550000000000000700, 1.150000000000000100, 0.1350000000000000400 ) ) ;
#4369 = DIRECTION ( 'NONE',  ( -0.0000000000000000000, 1.000000000000000000, -0.0000000000000000000 ) ) ;
#4370 = SURFACE_STYLE_FILL_AREA ( #2564 ) ;
#4371 = VERTEX_POINT ( 'NONE', #9232 ) ;
#4372 = EDGE_LOOP ( 'NONE', ( #4700, #8361, #7962, #2392 ) ) ;
#4373 = EDGE_CURVE ( 'NONE', #2034, #2173, #2866, .T. ) ;
#4374 = CYLINDRICAL_SURFACE ( 'NONE', #7329, 0.02000000000000005200 ) ;
#4375 = ORIENTED_EDGE ( 'NONE', *, *, #8947, .T. ) ;
#4376 = ORIENTED_EDGE ( 'NONE', *, *, #3870, .F. ) ;
#4377 = ORIENTED_EDGE ( 'NONE', *, *, #8342, .F. ) ;
#4378 = CARTESIAN_POINT ( 'NONE',  ( 1.495433992448815800, 0.7859975768430344000, 1.134393045695577800 ) ) ;
#4379 = CARTESIAN_POINT ( 'NONE',  ( 0.9691047124801158700, 0.5606376542758857400, 1.380167426975792400 ) ) ;
#4380 = SURFACE_SIDE_STYLE ('',( #9252 ) ) ;
#4381 = PLANE ( 'NONE',  #2652 ) ;
#4382 = ADVANCED_FACE ( 'NONE', ( #889 ), #6605, .T. ) ;
#4383 = FACE_OUTER_BOUND ( 'NONE', #7351, .T. ) ;
#4384 = ADVANCED_FACE ( 'NONE', ( #1935 ), #3202, .T. ) ;
#4385 = CARTESIAN_POINT ( 'NONE',  ( -0.5390000000000001500, 1.150000000000000100, 0.1575000000000000300 ) ) ;
#4386 = CARTESIAN_POINT ( 'NONE',  ( 1.325694516421790100, 0.3999999999999997400, 1.345748868766599700 ) ) ;
#4387 = PLANE ( 'NONE',  #1107 ) ;
#4388 = EDGE_LOOP ( 'NONE', ( #6027, #1576, #7162, #8471 ) ) ;
#4389 = CYLINDRICAL_SURFACE ( 'NONE', #1718, 0.02249999999999992300 ) ;
#4390 = EDGE_LOOP ( 'NONE', ( #1949, #3551 ) ) ;
#4391 = CARTESIAN_POINT ( 'NONE',  ( 0.6187541509432501500, 0.7907215304527247500, -1.496974412104149300 ) ) ;
#4392 = CYLINDRICAL_SURFACE ( 'NONE', #8225, 0.02250000000000005800 ) ;
#4393 = DIRECTION ( 'NONE',  ( 0.2079116908177635600, 0.0000000000000000000, 0.9781476007338049100 ) ) ;
#4394 = SURFACE_SIDE_STYLE ('',( #6276 ) ) ;
#4395 = AXIS2_PLACEMENT_3D ( 'NONE', #272, #339, #5496 ) ;
#4396 = FACE_OUTER_BOUND ( 'NONE', #6944, .T. ) ;
#4397 = DIRECTION ( 'NONE',  ( -0.0000000000000000000, -1.000000000000000000, -0.0000000000000000000 ) ) ;
#4398 = ORIENTED_EDGE ( 'NONE', *, *, #8658, .F. ) ;
#4399 = EDGE_CURVE ( 'NONE', #9523, #1008, #8541, .T. ) ;
#4400 = EDGE_CURVE ( 'NONE', #9056, #9536, #7702, .T. ) ;
#4401 = CARTESIAN_POINT ( 'NONE',  ( -0.6420000000000002400, 1.200000000000000200, 0.1275000000000000000 ) ) ;
#4402 = CARTESIAN_POINT ( 'NONE',  ( -0.4370000000000001100, 1.200000000000000200, -0.02250000000000001700 ) ) ;
#4403 = CARTESIAN_POINT ( 'NONE',  ( 1.372997430964582700, 0.7904871150598711300, -1.336378918762963300 ) ) ;
#4404 = ORIENTED_EDGE ( 'NONE', *, *, #6733, .T. ) ;
#4405 = CARTESIAN_POINT ( 'NONE',  ( -1.085797171910266400, 0.4945398632514380100, 1.380542564303932000 ) ) ;
#4406 = AXIS2_PLACEMENT_3D ( 'NONE', #2205, #3633, #1348 ) ;
#4407 = B_SPLINE_CURVE_WITH_KNOTS ( 'NONE', 3,
 ( #8143, #777, #2883, #8066 ),
 .UNSPECIFIED., .F., .F.,
 ( 4, 4 ),
 ( 0.0000000000000000000, 1.000000000000000000 ),
 .UNSPECIFIED. ) ;
#4408 = COLOUR_RGB ( '',1.000000000000000000, 1.000000000000000000, 1.000000000000000000 ) ;
#4409 = CARTESIAN_POINT ( 'NONE',  ( -0.6945000000000002300, 1.150000000000000100, 0.2275000000000000100 ) ) ;
#4410 = CARTESIAN_POINT ( 'NONE',  ( -1.072884261493753900, 0.6000114487698474700, 1.332929283401952600 ) ) ;
#4411 = CARTESIAN_POINT ( 'NONE',  ( -1.279941855525978100, 0.0000000000000000000, 1.130499522727402200 ) ) ;
#4412 = CARTESIAN_POINT ( 'NONE',  ( 1.374172618937399700, 0.7904826375235521900, 1.336123010661905100 ) ) ;
#4413 = DIRECTION ( 'NONE',  ( -1.807003620809174400E-016, 0.0000000000000000000, -1.000000000000000000 ) ) ;
#4414 = DIRECTION ( 'NONE',  ( 0.0000000000000000000, 1.000000000000000000, 0.0000000000000000000 ) ) ;
#4415 = CARTESIAN_POINT ( 'NONE',  ( 2.065876716699284600, 0.6000000000000008700, 1.130499522771921200 ) ) ;
#4416 = EDGE_CURVE ( 'NONE', #9210, #7510, #1682, .T. ) ;
#4417 = FACE_OUTER_BOUND ( 'NONE', #111, .T. ) ;
#4418 = EDGE_CURVE ( 'NONE', #4347, #3996, #8070, .T. ) ;
#4419 = CARTESIAN_POINT ( 'NONE',  ( -1.325694516421789500, 1.200000000000000200, -1.349999999999999900 ) ) ;
#4420 = EDGE_CURVE ( 'NONE', #5133, #541, #8967, .T. ) ;
#4421 = CARTESIAN_POINT ( 'NONE',  ( -0.7470000000000000000, 1.200000000000000200, 0.3075000000000000500 ) ) ;
#4422 =( NAMED_UNIT ( * ) SI_UNIT ( $, .STERADIAN. ) SOLID_ANGLE_UNIT ( ) );
#4423 = AXIS2_PLACEMENT_3D ( 'NONE', #3830, #9001, #4605 ) ;
#4424 = CARTESIAN_POINT ( 'NONE',  ( -0.5390000000000001500, 1.150000000000000100, 0.1575000000000000300 ) ) ;
#4425 = DIRECTION ( 'NONE',  ( 0.0000000000000000000, 1.000000000000000000, 0.0000000000000000000 ) ) ;
#4426 = CARTESIAN_POINT ( 'NONE',  ( 1.041585265297793500, 0.5134737001387599300, 1.432577557428841700 ) ) ;
#4427 = ADVANCED_FACE ( 'NONE', ( #3303 ), #2427, .T. ) ;
#4428 = ADVANCED_FACE ( 'NONE', ( #9311 ), #9414, .T. ) ;
#4429 = CARTESIAN_POINT ( 'NONE',  ( -1.495438813010396400, 0.4139876401014540000, -0.9391601626523350400 ) ) ;
#4430 = CARTESIAN_POINT ( 'NONE',  ( 1.325694516421790100, 0.0000000000000000000, 1.345748868766599700 ) ) ;
#4431 = AXIS2_PLACEMENT_3D ( 'NONE', #2943, #3029, #4483 ) ;
#4432 = AXIS2_PLACEMENT_3D ( 'NONE', #649, #9241, #4845 ) ;
#4433 = DIRECTION ( 'NONE',  ( 0.0000000000000000000, 1.000000000000000000, 0.0000000000000000000 ) ) ;
#4434 = CARTESIAN_POINT ( 'NONE',  ( -1.139134263426101700, 0.3999999999999999100, 1.385403474687654500 ) ) ;
#4435 = CARTESIAN_POINT ( 'NONE',  ( -0.7470000000000000000, 1.200000000000000200, -0.3074999999999999400 ) ) ;
#4436 = CARTESIAN_POINT ( 'NONE',  ( -1.495438813010396600, 0.7860123598985495600, -1.130499522767036200 ) ) ;
#4437 = CARTESIAN_POINT ( 'NONE',  ( -1.026906858718582100, 0.5599814611086699800, 1.368370466800407500 ) ) ;
#4438 = ORIENTED_EDGE ( 'NONE', *, *, #3449, .T. ) ;
#4439 = CARTESIAN_POINT ( 'NONE',  ( 1.094897184309959700, 0.4588561431712425100, 1.394806356122903200 ) ) ;
#4440 = DIRECTION ( 'NONE',  ( -0.0000000000000000000, 1.000000000000000000, -0.0000000000000000000 ) ) ;
#4441 = EDGE_CURVE ( 'NONE', #2012, #6386, #5895, .T. ) ;
#4442 = VECTOR ( 'NONE', #6333, 1000.000000000000000 ) ;
#4443 = MANIFOLD_SOLID_BREP ( 'Boss-Extrude7[4]', #3958 ) ;
#4444 = EDGE_CURVE ( 'NONE', #9103, #104, #5429, .T. ) ;
#4445 = ORIENTED_EDGE ( 'NONE', *, *, #8583, .F. ) ;
#4446 = EDGE_CURVE ( 'NONE', #6198, #953, #8745, .T. ) ;
#4447 = CARTESIAN_POINT ( 'NONE',  ( -1.374172618937397900, 0.7904826375235490800, -1.336123010661903500 ) ) ;
#4448 = CARTESIAN_POINT ( 'NONE',  ( -1.500000000000000900, -0.0000000000000000000, -1.130499522727401300 ) ) ;
#4449 = FACE_OUTER_BOUND ( 'NONE', #5425, .T. ) ;
#4450 = VERTEX_POINT ( 'NONE', #7903 ) ;
#4451 = SURFACE_SIDE_STYLE ('',( #2478 ) ) ;
#4452 = CIRCLE ( 'NONE', #3477, 0.02250000000000004400 ) ;
#4453 = FILL_AREA_STYLE_COLOUR ( '', #3792 ) ;
#4454 = CYLINDRICAL_SURFACE ( 'NONE', #2402, 0.02249999999999995100 ) ;
#4455 = CARTESIAN_POINT ( 'NONE',  ( -1.479349492493993200, 0.4109922783045096800, 1.228388264405260400 ) ) ;
#4456 = DIRECTION ( 'NONE',  ( 0.0000000000000000000, 0.0000000000000000000, -1.000000000000000000 ) ) ;
#4457 = CLOSED_SHELL ( 'NONE', ( #6678, #9379, #1498, #2042 ) ) ;
#4458 = ORIENTED_EDGE ( 'NONE', *, *, #664, .F. ) ;
#4459 = CARTESIAN_POINT ( 'NONE',  ( -1.439066205041577500, 0.3999999999999999700, -1.282502905389062000 ) ) ;
#4460 = VERTEX_POINT ( 'NONE', #5873 ) ;
#4461 = MECHANICAL_DESIGN_GEOMETRIC_PRESENTATION_REPRESENTATION (  '', ( #5094 ), #9076 ) ;
#4462 = ORIENTED_EDGE ( 'NONE', *, *, #1791, .F. ) ;
#4463 = CARTESIAN_POINT ( 'NONE',  ( -0.8520000000000000900, 1.150000000000000100, -0.1049999999999999300 ) ) ;
#4464 = VECTOR ( 'NONE', #8818, 1000.000000000000000 ) ;
#4465 = EDGE_CURVE ( 'NONE', #8720, #4256, #9547, .T. ) ;
#4466 = CARTESIAN_POINT ( 'NONE',  ( 1.094212334490522800, 0.003604870525118221900, 1.415398737343083200 ) ) ;
#4467 = COLOUR_RGB ( '',1.000000000000000000, 1.000000000000000000, 1.000000000000000000 ) ;
#4468 = ORIENTED_EDGE ( 'NONE', *, *, #3752, .F. ) ;
#4469 = ORIENTED_EDGE ( 'NONE', *, *, #2568, .F. ) ;
#4470 = DIRECTION ( 'NONE',  ( 0.0000000000000000000, 0.0000000000000000000, 1.000000000000000000 ) ) ;
#4471 = CARTESIAN_POINT ( 'NONE',  ( 1.347444579893740700, 0.3999999999999999700, -1.341125750058897600 ) ) ;
#4472 = PLANE ( 'NONE',  #4622 ) ;
#4473 = CARTESIAN_POINT ( 'NONE',  ( -1.046931509210467800, 0.4943519535759149400, 1.445895398894833100 ) ) ;
#4474 = CARTESIAN_POINT ( 'NONE',  ( -0.9570786772085625400, 0.5999999999999998700, 1.357426197505238900 ) ) ;
#4475 = VECTOR ( 'NONE', #7513, 1000.000000000000000 ) ;
#4476 = ADVANCED_FACE ( 'NONE', ( #3413 ), #1456, .T. ) ;
#4477 = ADVANCED_FACE ( 'NONE', ( #4127 ), #3575, .T. ) ;
#4478 = FACE_OUTER_BOUND ( 'NONE', #1115, .T. ) ;
#4479 = CARTESIAN_POINT ( 'NONE',  ( -1.011556553213101900, 0.5533824171869476900, 1.373777489654805400 ) ) ;
#4480 = VERTEX_POINT ( 'NONE', #2352 ) ;
#4481 = ORIENTED_EDGE ( 'NONE', *, *, #3181, .F. ) ;
#4482 = ORIENTED_EDGE ( 'NONE', *, *, #4654, .F. ) ;
#4483 = DIRECTION ( 'NONE',  ( 0.0000000000000000000, -0.0000000000000000000, 1.000000000000000000 ) ) ;
#4484 = AXIS2_PLACEMENT_3D ( 'NONE', #3425, #8604, #9334 ) ;
#4485 = AXIS2_PLACEMENT_3D ( 'NONE', #1663, #275, #5499 ) ;
#4486 = FACE_BOUND ( 'NONE', #8831, .T. ) ;
#4487 = ORIENTED_EDGE ( 'NONE', *, *, #2370, .T. ) ;
#4488 = LINE ( 'NONE', #2513, #2041 ) ;
#4489 = VERTEX_POINT ( 'NONE', #3243 ) ;
#4490 = DIRECTION ( 'NONE',  ( 0.0000000000000000000, -1.000000000000000000, 0.0000000000000000000 ) ) ;
#4491 = FACE_OUTER_BOUND ( 'NONE', #6320, .T. ) ;
#4492 = ORIENTED_EDGE ( 'NONE', *, *, #2683, .F. ) ;
#4493 = DIRECTION ( 'NONE',  ( 0.9781476007338061300, 0.0000000000000000000, -0.2079116908177569600 ) ) ;
#4494 = ORIENTED_EDGE ( 'NONE', *, *, #2095, .F. ) ;
#4495 =( LENGTH_UNIT ( ) NAMED_UNIT ( * ) SI_UNIT ( .MILLI., .METRE. ) );
#4496 =( NAMED_UNIT ( * ) PLANE_ANGLE_UNIT ( ) SI_UNIT ( $, .RADIAN. ) );
#4497 = DIRECTION ( 'NONE',  ( 0.9757648823399466300, -0.06975647374411790600, -0.2074052283885258800 ) ) ;
#4498 = DIRECTION ( 'NONE',  ( 0.0000000000000000000, 1.000000000000000000, -0.0000000000000000000 ) ) ;
#4499 = AXIS2_PLACEMENT_3D ( 'NONE', #6247, #2529, #3237 ) ;
#4500 = ORIENTED_EDGE ( 'NONE', *, *, #1093, .T. ) ;
#4501 = CIRCLE ( 'NONE', #4157, 0.02249999999999995100 ) ;
#4502 = ORIENTED_EDGE ( 'NONE', *, *, #3177, .T. ) ;
#4503 = DIRECTION ( 'NONE',  ( 6.000383394016538200E-016, 1.000000000000000000, -1.731765983604664100E-016 ) ) ;
#4504 = CARTESIAN_POINT ( 'NONE',  ( -1.057000000000000200, 1.086360389693210800, 1.171986986784016800E-016 ) ) ;
#4505 = LINE ( 'NONE', #3782, #2516 ) ;
#4506 = EDGE_CURVE ( 'NONE', #1451, #2646, #6113, .T. ) ;
#4507 = ORIENTED_EDGE ( 'NONE', *, *, #7323, .T. ) ;
#4508 = CARTESIAN_POINT ( 'NONE',  ( -2.065876716699285500, 0.6000000000000000900, 1.130499522758019700 ) ) ;
#4509 = CYLINDRICAL_SURFACE ( 'NONE', #114, 0.2200581444740220300 ) ;
#4510 = ORIENTED_EDGE ( 'NONE', *, *, #7129, .F. ) ;
#4511 = VERTEX_POINT ( 'NONE', #8327 ) ;
#4512 = DIRECTION ( 'NONE',  ( -0.0000000000000000000, 1.000000000000000000, -0.0000000000000000000 ) ) ;
#4513 = UNCERTAINTY_MEASURE_WITH_UNIT (LENGTH_MEASURE( 1.000000000000000100E-005 ), #1629, 'distance_accuracy_value', 'NONE');
#4514 = CARTESIAN_POINT ( 'NONE',  ( -1.331887829512824900, 0.6000000000000000900, -1.277758052808991400 ) ) ;
#4515 = SURFACE_STYLE_USAGE ( .BOTH. , #6011 ) ;
#4516 = VECTOR ( 'NONE', #1389, 1000.000000000000000 ) ;
#4517 = DIRECTION ( 'NONE',  ( 0.0000000000000000000, 1.000000000000000000, 0.0000000000000000000 ) ) ;
#4518 = DIRECTION ( 'NONE',  ( 0.0000000000000000000, -1.000000000000000000, 0.0000000000000000000 ) ) ;
#4519 = EDGE_LOOP ( 'NONE', ( #7588, #1898 ) ) ;
#4520 = EDGE_LOOP ( 'NONE', ( #2013, #1384, #5286, #7860 ) ) ;
#4521 =( BOUNDED_SURFACE ( )  B_SPLINE_SURFACE ( 3, 2, ( 
 ( #4202, #5126, #3589 ),
 ( #6573, #5033, #8759 ),
 ( #5801, #8002, #7312 ),
 ( #9465, #5853, #2850 ) ),
 .UNSPECIFIED., .F., .F., .T. ) 
 B_SPLINE_SURFACE_WITH_KNOTS ( ( 4, 4 ),
 ( 3, 3 ),
 ( 0.001465203131182537300, 0.002213493823731429400 ),
 ( 0.0000000000000000000, 1.000000000000000000 ),
 .UNSPECIFIED. ) 
 GEOMETRIC_REPRESENTATION_ITEM ( )  RATIONAL_B_SPLINE_SURFACE ( (
 ( 1.000000000000000000, 0.9477934207055278600, 1.000000000000000000),
 ( 1.000000000000000000, 0.9477934207055278600, 1.000000000000000000),
 ( 1.000000000000000000, 0.9477957630486529800, 1.000000000000000000),
 ( 1.000000000000000000, 0.9477957630486529800, 1.000000000000000000) ) ) 
 REPRESENTATION_ITEM ( '' )  SURFACE ( )  );
#4522 = DIRECTION ( 'NONE',  ( -7.184566946715377900E-016, 1.000000000000000000, -2.529102003536987700E-016 ) ) ;
#4523 = CIRCLE ( 'NONE', #8777, 0.02000000000000004900 ) ;
#4524 = CARTESIAN_POINT ( 'NONE',  ( -0.9789930845307967000, 0.4564383771331652600, 1.426688559859153000 ) ) ;
#4525 = AXIS2_PLACEMENT_3D ( 'NONE', #4411, #7012, #2563 ) ;
#4526 = CARTESIAN_POINT ( 'NONE',  ( -1.495438813010396600, 0.4139876401014505600, 1.130499522633260100 ) ) ;
#4527 = EDGE_CURVE ( 'NONE', #2703, #5591, #2171, .T. ) ;
#4528 = CARTESIAN_POINT ( 'NONE',  ( 0.8387788414881305300, 0.7907215304525333500, -1.450206720399351800 ) ) ;
#4529 = EDGE_CURVE ( 'NONE', #2840, #5275, #1724, .T. ) ;
#4530 = ADVANCED_FACE ( 'NONE', ( #3086 ), #4847, .F. ) ;
#4531 = ADVANCED_FACE ( 'NONE', ( #2853 ), #6895, .T. ) ;
#4532 = CARTESIAN_POINT ( 'NONE',  ( -0.7470000000000001100, 1.150000000000000100, 0.1050000000000000400 ) ) ;
#4533 = CIRCLE ( 'NONE', #1793, 0.02250000000000005500 ) ;
#4534 = CARTESIAN_POINT ( 'NONE',  ( 1.495438812845872000, 0.4139876406049548000, -1.132043158691761000 ) ) ;
#4535 = DIRECTION ( 'NONE',  ( 0.0000000000000000000, 1.000000000000000000, 0.0000000000000000000 ) ) ;
#4536 = DIRECTION ( 'NONE',  ( 0.9774513895345935400, -0.001614583839260619900, -0.2111543847897040200 ) ) ;
#4537 = DIRECTION ( 'NONE',  ( 0.0000000000000000000, 0.0000000000000000000, -1.000000000000000000 ) ) ;
#4538 = DIRECTION ( 'NONE',  ( 0.0000000000000000000, 1.000000000000000000, -0.0000000000000000000 ) ) ;
#4539 = CARTESIAN_POINT ( 'NONE',  ( -0.7586596024986396200, 0.7907215304527263100, -1.467236590362645400 ) ) ;
#4540 = ORIENTED_EDGE ( 'NONE', *, *, #4736, .F. ) ;
#4541 = CARTESIAN_POINT ( 'NONE',  ( 0.9632208735147390600, 0.01046231240015017000, 1.422795019998927900 ) ) ;
#4542 = CARTESIAN_POINT ( 'NONE',  ( 0.9684688919967045000, 0.02639512947488285900, 1.442126331132120200 ) ) ;
#4543 = CARTESIAN_POINT ( 'NONE',  ( -1.434458173271577300, 0.5999826677634645400, 1.140940942470082000 ) ) ;
#4544 = CARTESIAN_POINT ( 'NONE',  ( -0.6945000000000002300, 1.150000000000000100, -0.2274999999999999000 ) ) ;
#4545 = CARTESIAN_POINT ( 'NONE',  ( 1.081916519117577000, 0.4970924135055827000, 1.422073771516353800 ) ) ;
#4546 = AXIS2_PLACEMENT_3D ( 'NONE', #6452, #4181, #9401 ) ;
#4547 = PRESENTATION_LAYER_ASSIGNMENT (  '', '', ( #2740 ) ) ;
#4548 = DIRECTION ( 'NONE',  ( 0.0000000000000000000, -1.000000000000000000, 0.0000000000000000000 ) ) ;
#4549 = DIRECTION ( 'NONE',  ( -0.9774504140838125000, -0.001615208711177074600, -0.2111588954039181900 ) ) ;
#4550 = CARTESIAN_POINT ( 'NONE',  ( 0.9881208758271327100, 0.4835039935943154500, 1.458395984916431600 ) ) ;
#4551 = EDGE_CURVE ( 'NONE', #7710, #8276, #8524, .T. ) ;
#4552 = CARTESIAN_POINT ( 'NONE',  ( 1.495444799116377100, 0.7860422833763841500, -1.136454926203742700 ) ) ;
#4553 = CARTESIAN_POINT ( 'NONE',  ( -1.099055418126314100, 0.4529234108412296100, 1.414369308137577700 ) ) ;
#4554 = CARTESIAN_POINT ( 'NONE',  ( -1.500000000000000200, 0.8000000000994484900, 1.185168580882939700 ) ) ;
#4555 = EDGE_LOOP ( 'NONE', ( #9316, #5590, #8598, #8036 ) ) ;
#4556 = PLANE ( 'NONE',  #3231 ) ;
#4557 = CARTESIAN_POINT ( 'NONE',  ( -1.095110411898136700, 0.2192207007240576400, 1.435654656994507900 ) ) ;
#4558 = VERTEX_POINT ( 'NONE', #2537 ) ;
#4559 = EDGE_CURVE ( 'NONE', #2012, #7726, #7843, .T. ) ;
#4560 = CARTESIAN_POINT ( 'NONE',  ( -0.8520000000000000900, 1.200000000000000200, 0.1275000000000001400 ) ) ;
#4561 = FACE_OUTER_BOUND ( 'NONE', #2768, .T. ) ;
#4562 = CARTESIAN_POINT ( 'NONE',  ( -1.493659602579935400, 0.4000000000000001900, -1.199004099306544300 ) ) ;
#4563 = EDGE_LOOP ( 'NONE', ( #8373, #2353 ) ) ;
#4564 = ADVANCED_FACE ( 'NONE', ( #3884 ), #7616, .T. ) ;
#4565 = ADVANCED_FACE ( 'NONE', ( #6593 ), #1913, .T. ) ;
#4566 = DIRECTION ( 'NONE',  ( 0.0000000000000000000, 1.000000000000000000, -0.0000000000000000000 ) ) ;
#4567 = CARTESIAN_POINT ( 'NONE',  ( -1.083698354295870700, 0.2181148643758199800, 1.438080364720026200 ) ) ;
#4568 = EDGE_LOOP ( 'NONE', ( #1706, #5962, #5340, #8499, #7936, #6024, #6215 ) ) ;
#4569 = CIRCLE ( 'NONE', #2264, 0.02250000000000005500 ) ;
#4570 = EDGE_CURVE ( 'NONE', #4619, #5106, #5315, .T. ) ;
#4571 = EDGE_LOOP ( 'NONE', ( #6703, #2517, #4494, #4720, #4991 ) ) ;
#4572 = CARTESIAN_POINT ( 'NONE',  ( 1.099055418126314100, 0.4529234108412296100, 1.414369308137577700 ) ) ;
#4573 = CIRCLE ( 'NONE', #6803, 0.02250000000000005800 ) ;
#4574 = VECTOR ( 'NONE', #3539, 1000.000000000000000 ) ;
#4575 = LINE ( 'NONE', #6287, #7249 ) ;
#4576 = EDGE_CURVE ( 'NONE', #842, #2407, #4251, .T. ) ;
#4577 = ORIENTED_EDGE ( 'NONE', *, *, #3942, .T. ) ;
#4578 = VERTEX_POINT ( 'NONE', #5689 ) ;
#4579 = VERTEX_POINT ( 'NONE', #1200 ) ;
#4580 = CARTESIAN_POINT ( 'NONE',  ( 1.041585265297793500, 0.5134737001387599300, 1.432577557428841700 ) ) ;
#4581 = CARTESIAN_POINT ( 'NONE',  ( -0.9816777060382576600, 0.2195099938507023600, 1.439318711035709100 ) ) ;
#4582 = CARTESIAN_POINT ( 'NONE',  ( -1.057000000000000200, 1.086360389693210800, 0.02250000000000016600 ) ) ;
#4583 = DIRECTION ( 'NONE',  ( -0.06823212742845971600, 0.9975640502598248600, -0.01450318640162377000 ) ) ;
#4584 = FACE_OUTER_BOUND ( 'NONE', #8035, .T. ) ;
#4585 = EDGE_LOOP ( 'NONE', ( #7567, #476 ) ) ;
#4586 = ORIENTED_EDGE ( 'NONE', *, *, #5266, .T. ) ;
#4587 = MECHANICAL_DESIGN_GEOMETRIC_PRESENTATION_REPRESENTATION (  '', ( #2585 ), #3750 ) ;
#4588 = CARTESIAN_POINT ( 'NONE',  ( -0.5370000000000001400, 1.200000000000000200, -0.02249999999999987800 ) ) ;
#4589 = AXIS2_PLACEMENT_3D ( 'NONE', #9066, #3832, #193 ) ;
#4590 = DIRECTION ( 'NONE',  ( 0.0000000000000000000, -1.000000000000000000, 0.0000000000000000000 ) ) ;
#4591 = VECTOR ( 'NONE', #8732, 1000.000000000000000 ) ;
#4592 = VERTEX_POINT ( 'NONE', #7861 ) ;
#4593 = LINE ( 'NONE', #249, #294 ) ;
#4594 = CARTESIAN_POINT ( 'NONE',  ( 1.438010820619972400, 0.3999999999999999700, -1.283600108041317100 ) ) ;
#4595 = ORIENTED_EDGE ( 'NONE', *, *, #8635, .F. ) ;
#4596 = LINE ( 'NONE', #8350, #5064 ) ;
#4597 = ORIENTED_EDGE ( 'NONE', *, *, #5471, .F. ) ;
#4598 = ORIENTED_EDGE ( 'NONE', *, *, #7559, .F. ) ;
#4599 = CARTESIAN_POINT ( 'NONE',  ( -1.475580540929002800, 0.3999999999999993000, -1.232694537342160700 ) ) ;
#4600 = EDGE_CURVE ( 'NONE', #8991, #7968, #9152, .T. ) ;
#4601 = CARTESIAN_POINT ( 'NONE',  ( -1.500000000000000000, 0.3999999999999999700, 1.152076427983975700 ) ) ;
#4602 = VECTOR ( 'NONE', #4824, 1000.000000000000000 ) ;
#4603 = AXIS2_PLACEMENT_3D ( 'NONE', #4532, #5211, #752 ) ;
#4604 = ORIENTED_EDGE ( 'NONE', *, *, #6530, .F. ) ;
#4605 = DIRECTION ( 'NONE',  ( 0.0000000000000000000, -0.0000000000000000000, -1.000000000000000000 ) ) ;
#4606 = DIRECTION ( 'NONE',  ( -0.0000000000000000000, 1.000000000000000000, -0.0000000000000000000 ) ) ;
#4607 = DIRECTION ( 'NONE',  ( 0.0000000000000000000, 0.0000000000000000000, -1.000000000000000000 ) ) ;
#4608 = ORIENTED_EDGE ( 'NONE', *, *, #3850, .T. ) ;
#4609 = FACE_OUTER_BOUND ( 'NONE', #5039, .T. ) ;
#4610 = PRESENTATION_LAYER_ASSIGNMENT (  '', '', ( #2796 ) ) ;
#4611 = ORIENTED_EDGE ( 'NONE', *, *, #3014, .T. ) ;
#4612 = AXIS2_PLACEMENT_3D ( 'NONE', #4656, #8387, #4763 ) ;
#4613 = VERTEX_POINT ( 'NONE', #9222 ) ;
#4614 = PRESENTATION_STYLE_ASSIGNMENT (( #3514 ) ) ;
#4615 = DIRECTION ( 'NONE',  ( 0.0000000000000000000, 1.000000000000000000, 0.0000000000000000000 ) ) ;
#4616 = ORIENTED_EDGE ( 'NONE', *, *, #9199, .T. ) ;
#4617 = VECTOR ( 'NONE', #3347, 1000.000000000000000 ) ;
#4618 = EDGE_LOOP ( 'NONE', ( #163, #8476, #1440, #1005 ) ) ;
#4619 = VERTEX_POINT ( 'NONE', #6419 ) ;
#4620 = CARTESIAN_POINT ( 'NONE',  ( 1.092748934521068800, 0.02500000000000051500, 1.415709792608938400 ) ) ;
#4621 = ADVANCED_FACE ( 'NONE', ( #5182 ), #8522, .T. ) ;
#4622 = AXIS2_PLACEMENT_3D ( 'NONE', #6753, #60, #6007 ) ;
#4623 = PRESENTATION_STYLE_ASSIGNMENT (( #5620 ) ) ;
#4624 = AXIS2_PLACEMENT_3D ( 'NONE', #8178, #7450, #2236 ) ;
#4625 = CARTESIAN_POINT ( 'NONE',  ( -0.5390000000000001500, 1.200000000000000200, 0.1575000000000000300 ) ) ;
#4626 = ORIENTED_EDGE ( 'NONE', *, *, #8312, .T. ) ;
#4627 = DIRECTION ( 'NONE',  ( 0.0000000000000000000, -0.0000000000000000000, -1.000000000000000000 ) ) ;
#4628 = VERTEX_POINT ( 'NONE', #1823 ) ;
#4629 = CARTESIAN_POINT ( 'NONE',  ( -0.8520000000000000900, 1.200000000000000200, -0.1274999999999999700 ) ) ;
#4630 = MANIFOLD_SOLID_BREP ( 'Boss-Extrude7[23]', #3409 ) ;
#4631 = CARTESIAN_POINT ( 'NONE',  ( -1.095601450582487600, 0.4599999999999999100, 1.394656659705514800 ) ) ;
#4632 = CARTESIAN_POINT ( 'NONE',  ( -0.6945000000000002300, 1.200000000000000200, 0.2275000000000000100 ) ) ;
#4633 = EDGE_CURVE ( 'NONE', #232, #8934, #7966, .T. ) ;
#4634 = CARTESIAN_POINT ( 'NONE',  ( 1.364772314527851000, 0.6000000000000000900, 1.263176986787588400 ) ) ;
#4635 = CIRCLE ( 'NONE', #695, 0.02249999999999994400 ) ;
#4636 = CARTESIAN_POINT ( 'NONE',  ( -0.6945000000000002300, 1.086360389693210800, 0.2050000000000000400 ) ) ;
#4637 = EDGE_CURVE ( 'NONE', #5649, #2855, #304, .T. ) ;
#4638 = CARTESIAN_POINT ( 'NONE',  ( -1.347600147397549900, 0.3980000000000000200, -1.341759427031395900 ) ) ;
#4639 = CLOSED_SHELL ( 'NONE', ( #8775, #8536, #8894, #1358 ) ) ;
#4640 = DIRECTION ( 'NONE',  ( 0.0000000000000000000, 1.000000000000000000, 0.0000000000000000000 ) ) ;
#4641 = DIRECTION ( 'NONE',  ( 0.9976689818299084900, -0.06823930461598833000, 0.0000000000000000000 ) ) ;
#4642 = DIRECTION ( 'NONE',  ( 0.0000000000000000000, 1.000000000000000000, -0.0000000000000000000 ) ) ;
#4643 = PLANE ( 'NONE',  #7416 ) ;
#4644 = DIRECTION ( 'NONE',  ( -0.0000000000000000000, -1.000000000000000000, -0.0000000000000000000 ) ) ;
#4645 = VECTOR ( 'NONE', #9332, 1000.000000000000000 ) ;
#4646 = ORIENTED_EDGE ( 'NONE', *, *, #8469, .T. ) ;
#4647 = CARTESIAN_POINT ( 'NONE',  ( -0.7470000000000000000, 1.086360389693210800, -0.2849999999999998600 ) ) ;
#4648 = DIRECTION ( 'NONE',  ( -0.0000000000000000000, 1.000000000000000000, -0.0000000000000000000 ) ) ;
#4649 = AXIS2_PLACEMENT_3D ( 'NONE', #8805, #2940, #8115 ) ;
#4650 = DIRECTION ( 'NONE',  ( 0.0000000000000000000, 0.0000000000000000000, -1.000000000000000000 ) ) ;
#4651 = LINE ( 'NONE', #8993, #2327 ) ;
#4652 = DIRECTION ( 'NONE',  ( -0.2111591708505916300, 0.0000000000000000000, 0.9774516891210995900 ) ) ;
#4653 = DIRECTION ( 'NONE',  ( 0.0000000000000000000, 1.000000000000000000, 0.0000000000000000000 ) ) ;
#4654 = EDGE_CURVE ( 'NONE', #288, #8294, #4714, .T. ) ;
#4655 = VECTOR ( 'NONE', #7904, 1000.000000000000000 ) ;
#4656 = CARTESIAN_POINT ( 'NONE',  ( -0.5895000000000000200, 1.086360389693210800, 0.2600000000000001200 ) ) ;
#4657 = CARTESIAN_POINT ( 'NONE',  ( 0.9906790234904047100, 0.003604870525118153900, 1.457852233844881600 ) ) ;
#4658 = SURFACE_STYLE_USAGE ( .BOTH. , #7646 ) ;
#4659 = DIRECTION ( 'NONE',  ( -0.0000000000000000000, 1.000000000000000000, -0.0000000000000000000 ) ) ;
#4660 = CARTESIAN_POINT ( 'NONE',  ( 1.494326489163228200, 0.3979999999999996900, 1.199124112598388200 ) ) ;
#4661 = PRODUCT ( 'VLS3012CX-100M-1', 'VLS3012CX-100M-1', '', ( #5906 ) ) ;
#4662 = CARTESIAN_POINT ( 'NONE',  ( -1.007000000000000100, 1.150000000000000100, 0.1575000000000000800 ) ) ;
#4663 = AXIS2_PLACEMENT_3D ( 'NONE', #3953, #173, #1849 ) ;
#4664 = FILL_AREA_STYLE_COLOUR ( '', #539 ) ;
#4665 = CARTESIAN_POINT ( 'NONE',  ( -1.427004805574064100, 0.6000000000000005300, -1.186857947964828500 ) ) ;
#4666 = ADVANCED_FACE ( 'NONE', ( #8630 ), #2384, .T. ) ;
#4667 = DIRECTION ( 'NONE',  ( -7.184566946715377900E-016, 1.000000000000000000, -2.529102003536987700E-016 ) ) ;
#4668 = PLANE ( 'NONE',  #2201 ) ;
#4669 = CARTESIAN_POINT ( 'NONE',  ( -0.4870000000000001500, 1.150000000000000100, 0.1575000000000000300 ) ) ;
#4670 = DIRECTION ( 'NONE',  ( 0.0000000000000000000, 0.0000000000000000000, 1.000000000000000000 ) ) ;
#4671 = CIRCLE ( 'NONE', #1728, 0.02250000000000005800 ) ;
#4672 = EDGE_CURVE ( 'NONE', #3392, #2390, #4116, .T. ) ;
#4673 =( GEOMETRIC_REPRESENTATION_CONTEXT ( 3 ) GLOBAL_UNCERTAINTY_ASSIGNED_CONTEXT ( ( #43 ) ) GLOBAL_UNIT_ASSIGNED_CONTEXT ( ( #1492, #7463, #2252 ) ) REPRESENTATION_CONTEXT ( 'NONE', 'WORKASPACE' ) );
#4674 = EDGE_LOOP ( 'NONE', ( #2050, #2005, #2984, #320 ) ) ;
#4675 = CARTESIAN_POINT ( 'NONE',  ( -0.6074077135465999500, 0.6653967891667693600, -1.456107648641337600 ) ) ;
#4676 = SURFACE_SIDE_STYLE ('',( #481 ) ) ;
#4677 = CARTESIAN_POINT ( 'NONE',  ( -1.495219856254274700, 0.4136496433309117500, -1.142814011162183600 ) ) ;
#4678 = AXIS2_PLACEMENT_3D ( 'NONE', #548, #5707, #2006 ) ;
#4679 = DIRECTION ( 'NONE',  ( 0.0000000000000000000, 1.000000000000000000, 0.0000000000000000000 ) ) ;
#4680 = DIRECTION ( 'NONE',  ( 0.2079116908177528200, 1.144913268445491900E-015, 0.9781476007338069100 ) ) ;
#4681 = CARTESIAN_POINT ( 'NONE',  ( 0.9858359398545286600, 0.4529234108408729000, 1.458881663050403600 ) ) ;
#4682 = ORIENTED_EDGE ( 'NONE', *, *, #1458, .F. ) ;
#4683 = EDGE_CURVE ( 'NONE', #5903, #7761, #3189, .T. ) ;
#4684 = VECTOR ( 'NONE', #1035, 1000.000000000000000 ) ;
#4685 = VERTEX_POINT ( 'NONE', #5077 ) ;
#4686 = CARTESIAN_POINT ( 'NONE',  ( 1.434782608695652600, 0.6000000000000006400, 4.878909776184770000E-016 ) ) ;
#4687 = CIRCLE ( 'NONE', #5819, 0.02250000000000005500 ) ;
#4688 = VECTOR ( 'NONE', #4644, 1000.000000000000000 ) ;
#4689 = DIRECTION ( 'NONE',  ( 0.0000000000000000000, 0.0000000000000000000, -1.000000000000000000 ) ) ;
#4690 = ORIENTED_EDGE ( 'NONE', *, *, #3261, .F. ) ;
#4691 = ORIENTED_EDGE ( 'NONE', *, *, #6283, .T. ) ;
#4692 = CIRCLE ( 'NONE', #5701, 0.02250000000000005800 ) ;
#4693 = CARTESIAN_POINT ( 'NONE',  ( 1.493659602579933100, 0.3999999999999996900, 1.199004099306544100 ) ) ;
#4694 = VERTEX_POINT ( 'NONE', #3495 ) ;
#4695 = CARTESIAN_POINT ( 'NONE',  ( -1.495433894711784000, 0.7859972752264275900, 1.134433014110233700 ) ) ;
#4696 =( NAMED_UNIT ( * ) PLANE_ANGLE_UNIT ( ) SI_UNIT ( $, .RADIAN. ) );
#4697 = CARTESIAN_POINT ( 'NONE',  ( -1.402048539154313200, 0.5999999999999994200, -1.229933867342750000 ) ) ;
#4698 = CIRCLE ( 'NONE', #2552, 0.02250000000000005800 ) ;
#4699 = CARTESIAN_POINT ( 'NONE',  ( -0.5390000000000001500, 1.150000000000000100, -0.1574999999999999700 ) ) ;
#4700 = ORIENTED_EDGE ( 'NONE', *, *, #1955, .F. ) ;
#4701 = EDGE_CURVE ( 'NONE', #5890, #9554, #1220, .T. ) ;
#4702 = LINE ( 'NONE', #2331, #8156 ) ;
#4703 = EDGE_CURVE ( 'NONE', #3661, #5066, #4927, .T. ) ;
#4704 = EDGE_CURVE ( 'NONE', #4450, #3429, #8954, .T. ) ;
#4705 = DIRECTION ( 'NONE',  ( 0.0000000000000000000, 1.000000000000000000, 0.0000000000000000000 ) ) ;
#4706 = DIRECTION ( 'NONE',  ( 1.000000000000000000, 0.0000000000000000000, -0.0000000000000000000 ) ) ;
#4707 = FACE_OUTER_BOUND ( 'NONE', #1919, .T. ) ;
#4708 = EDGE_LOOP ( 'NONE', ( #6721, #2435, #4937, #9061 ) ) ;
#4709 = DIRECTION ( 'NONE',  ( 0.0000000000000000000, 1.000000000000000000, -0.0000000000000000000 ) ) ;
#4710 = VERTEX_POINT ( 'NONE', #8676 ) ;
#4711 = CARTESIAN_POINT ( 'NONE',  ( 1.438010820619972400, 0.3999999999999999700, -1.283600108041317100 ) ) ;
#4712 = DIRECTION ( 'NONE',  ( -0.0000000000000000000, 1.000000000000000000, -0.0000000000000000000 ) ) ;
#4713 = FACE_BOUND ( 'NONE', #670, .T. ) ;
#4714 = CIRCLE ( 'NONE', #4159, 0.02250000000000005800 ) ;
#4715 = ORIENTED_EDGE ( 'NONE', *, *, #7173, .T. ) ;
#4716 = ADVANCED_FACE ( 'NONE', ( #7724 ), #4215, .F. ) ;
#4717 = CARTESIAN_POINT ( 'NONE',  ( -0.4870000000000002100, 1.150000000000000100, -0.1349999999999999300 ) ) ;
#4718 = ORIENTED_EDGE ( 'NONE', *, *, #3252, .F. ) ;
#4719 = CYLINDRICAL_SURFACE ( 'NONE', #8898, 0.02249999999999994400 ) ;
#4720 = ORIENTED_EDGE ( 'NONE', *, *, #2590, .F. ) ;
#4721 = ORIENTED_EDGE ( 'NONE', *, *, #9375, .T. ) ;
#4722 = ORIENTED_EDGE ( 'NONE', *, *, #8033, .F. ) ;
#4723 = CARTESIAN_POINT ( 'NONE',  ( 1.332087583558171800, 0.6000000000000000900, -1.277715593775932800 ) ) ;
#4724 = CARTESIAN_POINT ( 'NONE',  ( -1.417583775411384500, 0.7898624186503431200, 1.309160588394141700 ) ) ;
#4725 = AXIS2_PLACEMENT_3D ( 'NONE', #1631, #3026, #2397 ) ;
#4726 = CARTESIAN_POINT ( 'NONE',  ( -0.9550000000000000700, 1.150000000000000100, 0.1575000000000000800 ) ) ;
#4727 = DIRECTION ( 'NONE',  ( 0.0000000000000000000, 0.0000000000000000000, 1.000000000000000000 ) ) ;
#4728 = CARTESIAN_POINT ( 'NONE',  ( -0.7470000000000001100, 1.200000000000000200, -0.1049999999999999300 ) ) ;
#4729 = CARTESIAN_POINT ( 'NONE',  ( -0.7470000000000000000, 1.086360389693210800, 0.2849999999999999800 ) ) ;
#4730 = CARTESIAN_POINT ( 'NONE',  ( 1.262550773310056700, 0.3999999999999999700, 1.359170485693404600 ) ) ;
#4731 = B_SPLINE_CURVE_WITH_KNOTS ( 'NONE', 3,
 ( #5858, #7315, #1393, #7207, #4290, #7949, #5807 ),
 .UNSPECIFIED., .F., .F.,
 ( 4, 3, 4 ),
 ( 1.084202172485504400E-019, 0.0004266329876355406600, 0.0007422363434722277200 ),
 .UNSPECIFIED. ) ;
#4732 = VERTEX_POINT ( 'NONE', #1982 ) ;
#4733 = LINE ( 'NONE', #2302, #894 ) ;
#4734 = ORIENTED_EDGE ( 'NONE', *, *, #6124, .F. ) ;
#4735 = ORIENTED_EDGE ( 'NONE', *, *, #702, .T. ) ;
#4736 = EDGE_CURVE ( 'NONE', #6118, #6925, #2281, .T. ) ;
#4737 = CARTESIAN_POINT ( 'NONE',  ( -1.434782608695652300, 0.5999999999999999800, 0.5702134989594444000 ) ) ;
#4738 = AXIS2_PLACEMENT_3D ( 'NONE', #5576, #5632, #7126 ) ;
#4739 = DIRECTION ( 'NONE',  ( 0.0000000000000000000, 0.0000000000000000000, 1.000000000000000000 ) ) ;
#4740 = CARTESIAN_POINT ( 'NONE',  ( -0.7470000000000000000, 1.150000000000000100, 0.3300000000000001300 ) ) ;
#4741 = DIRECTION ( 'NONE',  ( 0.0000000000000000000, 0.0000000000000000000, -1.000000000000000000 ) ) ;
#4742 = PLANE ( 'NONE',  #988 ) ;
#4743 = LINE ( 'NONE', #2114, #1015 ) ;
#4744 = EDGE_CURVE ( 'NONE', #5474, #9529, #3755, .T. ) ;
#4745 = AXIS2_PLACEMENT_3D ( 'NONE', #75, #6022, #3079 ) ;
#4746 = ORIENTED_EDGE ( 'NONE', *, *, #1755, .F. ) ;
#4747 = FACE_OUTER_BOUND ( 'NONE', #8138, .T. ) ;
#4748 = DIRECTION ( 'NONE',  ( 0.0000000000000000000, 0.0000000000000000000, -1.000000000000000000 ) ) ;
#4749 = CARTESIAN_POINT ( 'NONE',  ( 1.109569398320966900, 0.4599999999999999600, 1.391687680760637100 ) ) ;
#4750 = PLANE ( 'NONE',  #6858 ) ;
#4751 = CARTESIAN_POINT ( 'NONE',  ( -1.494429026959502600, 0.7865748687317311000, -1.157980320696799100 ) ) ;
#4752 = CIRCLE ( 'NONE', #5838, 0.02250000000000005800 ) ;
#4753 = EDGE_CURVE ( 'NONE', #298, #2399, #9195, .T. ) ;
#4754 = CARTESIAN_POINT ( 'NONE',  ( 1.495387004505446500, 0.7861472377761957700, 1.141071649033311000 ) ) ;
#4755 = ORIENTED_EDGE ( 'NONE', *, *, #4975, .F. ) ;
#4756 = CARTESIAN_POINT ( 'NONE',  ( -1.439066205041577500, 0.3999999999999999700, -1.282502905389062000 ) ) ;
#4757 = ORIENTED_EDGE ( 'NONE', *, *, #4904, .F. ) ;
#4758 = VERTEX_POINT ( 'NONE', #2730 ) ;
#4759 = MANIFOLD_SOLID_BREP ( 'Boss-Extrude8[2]', #2941 ) ;
#4760 = AXIS2_PLACEMENT_3D ( 'NONE', #9031, #227, #7584 ) ;
#4761 = LINE ( 'NONE', #4148, #8781 ) ;
#4762 = CARTESIAN_POINT ( 'NONE',  ( 1.027968111320775300, 0.4906929504973107600, 1.449926193547846900 ) ) ;
#4763 = DIRECTION ( 'NONE',  ( 0.0000000000000000000, 0.0000000000000000000, 1.000000000000000000 ) ) ;
#4764 = DIRECTION ( 'NONE',  ( -0.0000000000000000000, 1.000000000000000000, -0.0000000000000000000 ) ) ;
#4765 =( NAMED_UNIT ( * ) SI_UNIT ( $, .STERADIAN. ) SOLID_ANGLE_UNIT ( ) );
#4766 = CARTESIAN_POINT ( 'NONE',  ( -1.325065461210387400, 0.7907215304527225300, 1.346843308525119000 ) ) ;
#4767 = VERTEX_POINT ( 'NONE', #665 ) ;
#4768 = DIRECTION ( 'NONE',  ( 0.0000000000000000000, 0.0000000000000000000, 1.000000000000000000 ) ) ;
#4769 = DIRECTION ( 'NONE',  ( 0.0000000000000000000, 0.0000000000000000000, 1.000000000000000000 ) ) ;
#4770 = FACE_OUTER_BOUND ( 'NONE', #7361, .T. ) ;
#4771 = AXIS2_PLACEMENT_3D ( 'NONE', #8794, #8107, #8824 ) ;
#4772 = CARTESIAN_POINT ( 'NONE',  ( -1.500000000000000000, 0.7999999999999998200, 0.5624734095306168600 ) ) ;
#4773 = DIRECTION ( 'NONE',  ( 0.0000000000000000000, -0.0000000000000000000, -1.000000000000000000 ) ) ;
#4774 = EDGE_CURVE ( 'NONE', #1329, #8773, #3533, .T. ) ;
#4775 = PLANE ( 'NONE',  #8355 ) ;
#4776 = EDGE_CURVE ( 'NONE', #5878, #8940, #5546, .T. ) ;
#4777 = CARTESIAN_POINT ( 'NONE',  ( -1.041585265297793500, 0.5134737001387599300, 1.432577557428841700 ) ) ;
#4778 = DIRECTION ( 'NONE',  ( 0.0000000000000000000, 0.0000000000000000000, -1.000000000000000000 ) ) ;
#4779 = CARTESIAN_POINT ( 'NONE',  ( -1.083650699927993800, 0.4529234108412403300, 1.438090493968610600 ) ) ;
#4780 = DIRECTION ( 'NONE',  ( 0.0000000000000000000, 0.0000000000000000000, -1.000000000000000000 ) ) ;
#4781 = COLOUR_RGB ( '',0.2509803921568627400, 0.2509803921568627400, 0.2509803921568627400 ) ;
#4782 = CARTESIAN_POINT ( 'NONE',  ( 0.9879841896435035400, 0.02500000000000050400, 1.457978226564350400 ) ) ;
#4783 = AXIS2_PLACEMENT_3D ( 'NONE', #5638, #6408, #6377 ) ;
#4784 = LINE ( 'NONE', #4307, #7784 ) ;
#4785 = CARTESIAN_POINT ( 'NONE',  ( 1.087284982949777300, 0.5599999999999998300, 1.355530755676162700 ) ) ;
#4786 = DIRECTION ( 'NONE',  ( 0.0000000000000000000, 1.000000000000000000, -0.0000000000000000000 ) ) ;
#4787 = EDGE_CURVE ( 'NONE', #5591, #3422, #2843, .T. ) ;
#4788 = DIRECTION ( 'NONE',  ( 0.0000000000000000000, 1.000000000000000000, -0.0000000000000000000 ) ) ;
#4789 = PRESENTATION_STYLE_ASSIGNMENT (( #3210 ) ) ;
#4790 = CARTESIAN_POINT ( 'NONE',  ( 1.500652173913042100, 0.8019999999999987100, -2.238877486182566700E-016 ) ) ;
#4791 = CARTESIAN_POINT ( 'NONE',  ( -0.9570000000000001800, 1.200000000000000200, 0.02250000000000017300 ) ) ;
#4792 = CARTESIAN_POINT ( 'NONE',  ( 1.495438813169361400, 0.4139876401461710100, 0.3768331745050327300 ) ) ;
#4793 = B_SPLINE_CURVE_WITH_KNOTS ( 'NONE', 3,
 ( #9572, #4297, #5961, #4459 ),
 .UNSPECIFIED., .F., .F.,
 ( 4, 4 ),
 ( 0.0000000000000000000, 1.000000000000000000 ),
 .UNSPECIFIED. ) ;
#4794 = EDGE_LOOP ( 'NONE', ( #4616, #5439, #8403, #1137, #3567, #7254 ) ) ;
#4795 = DIRECTION ( 'NONE',  ( 0.0000000000000000000, 0.0000000000000000000, 1.000000000000000000 ) ) ;
#4796 = AXIS2_PLACEMENT_3D ( 'NONE', #9012, #8326, #9084 ) ;
#4797 = MECHANICAL_DESIGN_GEOMETRIC_PRESENTATION_REPRESENTATION (  '', ( #4293 ), #7094 ) ;
#4798 = CYLINDRICAL_SURFACE ( 'NONE', #7707, 0.02249999999999992300 ) ;
#4799 = CARTESIAN_POINT ( 'NONE',  ( -0.5370000000000001400, 1.086360389693210800, 6.576353311421284500E-017 ) ) ;
#4800 = CARTESIAN_POINT ( 'NONE',  ( -0.7950668834195520100, 0.8000000000000020400, 1.462788385198055900 ) ) ;
#4801 = DIRECTION ( 'NONE',  ( 0.0000000000000000000, 1.000000000000000000, -0.0000000000000000000 ) ) ;
#4802 = DIRECTION ( 'NONE',  ( 0.0000000000000000000, 0.0000000000000000000, 1.000000000000000000 ) ) ;
#4803 = CARTESIAN_POINT ( 'NONE',  ( 0.6000000000000004200, 0.3999999999999997400, 1.499999999999999800 ) ) ;
#4804 = ORIENTED_EDGE ( 'NONE', *, *, #2002, .T. ) ;
#4805 = CARTESIAN_POINT ( 'NONE',  ( 1.056671387798684000, 0.5426206656345566900, 1.367835246525015400 ) ) ;
#4806 = CARTESIAN_POINT ( 'NONE',  ( -0.5953577623506185500, 0.4080762362277925400, -1.498294347589709700 ) ) ;
#4807 = ORIENTED_EDGE ( 'NONE', *, *, #5781, .F. ) ;
#4808 = LINE ( 'NONE', #7169, #1765 ) ;
#4809 = ORIENTED_EDGE ( 'NONE', *, *, #5234, .T. ) ;
#4810 = CARTESIAN_POINT ( 'NONE',  ( 0.9879841896435035400, 0.02500000000000050400, 1.437978226564350400 ) ) ;
#4811 = DIRECTION ( 'NONE',  ( 0.0000000000000000000, 0.0000000000000000000, 1.000000000000000000 ) ) ;
#4812 = ORIENTED_EDGE ( 'NONE', *, *, #3508, .T. ) ;
#4813 = MECHANICAL_DESIGN_GEOMETRIC_PRESENTATION_REPRESENTATION (  '', ( #2326 ), #8911 ) ;
#4814 = CARTESIAN_POINT ( 'NONE',  ( -0.7470000000000000000, 1.150000000000000100, 0.3075000000000000500 ) ) ;
#4815 = ORIENTED_EDGE ( 'NONE', *, *, #3702, .T. ) ;
#4816 = CARTESIAN_POINT ( 'NONE',  ( -0.2711462582846209100, 0.2195099938507022200, -1.903468931797478000 ) ) ;
#4817 = CARTESIAN_POINT ( 'NONE',  ( 1.495090974099712700, 0.7863311698131504300, 1.148768035629230200 ) ) ;
#4818 = ADVANCED_FACE ( 'NONE', ( #1108 ), #747, .T. ) ;
#4819 = ORIENTED_EDGE ( 'NONE', *, *, #5805, .T. ) ;
#4820 = ORIENTED_EDGE ( 'NONE', *, *, #2654, .F. ) ;
#4821 = ORIENTED_EDGE ( 'NONE', *, *, #3401, .T. ) ;
#4822 = CARTESIAN_POINT ( 'NONE',  ( 0.7950668834195521200, 0.8000000000000001600, -1.462788385198053400 ) ) ;
#4823 = CARTESIAN_POINT ( 'NONE',  ( -0.7470000000000001100, 1.086360389693210800, 0.08249999999999997600 ) ) ;
#4824 = DIRECTION ( 'NONE',  ( 0.1266298249066671900, 0.9430765049807924300, -0.3075249472763474900 ) ) ;
#4825 = EDGE_CURVE ( 'NONE', #2969, #7452, #6582, .T. ) ;
#4826 = DIRECTION ( 'NONE',  ( 0.0000000000000000000, 1.000000000000000000, 0.0000000000000000000 ) ) ;
#4827 = LINE ( 'NONE', #488, #5534 ) ;
#4828 = DIRECTION ( 'NONE',  ( 0.0000000000000000000, 1.000000000000000000, -0.0000000000000000000 ) ) ;
#4829 = EDGE_LOOP ( 'NONE', ( #8999, #7388, #8508, #8259, #6681 ) ) ;
#4830 = DIRECTION ( 'NONE',  ( 0.0000000000000000000, 0.0000000000000000000, 1.000000000000000000 ) ) ;
#4831 = CARTESIAN_POINT ( 'NONE',  ( -0.5390000000000001500, 1.200000000000000200, -0.1349999999999999300 ) ) ;
#4832 = VECTOR ( 'NONE', #1253, 1000.000000000000200 ) ;
#4833 = ORIENTED_EDGE ( 'NONE', *, *, #8884, .T. ) ;
#4834 = CARTESIAN_POINT ( 'NONE',  ( -0.5895000000000001400, 1.150000000000000100, -0.2824999999999999700 ) ) ;
#4835 = CARTESIAN_POINT ( 'NONE',  ( -0.6000000000000002000, 3.532091952673165100, -1.499999999999999600 ) ) ;
#4836 = DIRECTION ( 'NONE',  ( 0.0000000000000000000, 1.000000000000000000, -0.0000000000000000000 ) ) ;
#4837 = CARTESIAN_POINT ( 'NONE',  ( -0.4370000000000001100, 1.150000000000000100, -0.02250000000000001700 ) ) ;
#4838 = ORIENTED_EDGE ( 'NONE', *, *, #3899, .T. ) ;
#4839 = CARTESIAN_POINT ( 'NONE',  ( -0.5390000000000001500, 1.086360389693210800, 0.1575000000000000300 ) ) ;
#4840 = ORIENTED_EDGE ( 'NONE', *, *, #1541, .F. ) ;
#4841 = ORIENTED_EDGE ( 'NONE', *, *, #6935, .T. ) ;
#4842 = EDGE_CURVE ( 'NONE', #5460, #508, #2474, .T. ) ;
#4843 = VERTEX_POINT ( 'NONE', #5406 ) ;
#4844 = EDGE_CURVE ( 'NONE', #715, #3187, #2793, .T. ) ;
#4845 = DIRECTION ( 'NONE',  ( 0.0000000000000000000, 0.0000000000000000000, 1.000000000000000000 ) ) ;
#4846 = EDGE_CURVE ( 'NONE', #7726, #5852, #2553, .T. ) ;
#4847 = CYLINDRICAL_SURFACE ( 'NONE', #9011, 0.02250000000000005800 ) ;
#4848 = VERTEX_POINT ( 'NONE', #5372 ) ;
#4849 = DIRECTION ( 'NONE',  ( 0.0000000000000000000, 0.0000000000000000000, -1.000000000000000000 ) ) ;
#4850 = DIRECTION ( 'NONE',  ( 0.0000000000000000000, 0.0000000000000000000, 1.000000000000000000 ) ) ;
#4851 = DIRECTION ( 'NONE',  ( 0.9781476007338070200, 7.553396795047000900E-016, 0.2079116908177527900 ) ) ;
#4852 = ORIENTED_EDGE ( 'NONE', *, *, #5109, .T. ) ;
#4853 = VECTOR ( 'NONE', #6423, 1000.000000000000000 ) ;
#4854 = CLOSED_SHELL ( 'NONE', ( #8474, #9492, #5567, #954 ) ) ;
#4855 = ORIENTED_EDGE ( 'NONE', *, *, #7720, .F. ) ;
#4856 = EDGE_LOOP ( 'NONE', ( #8099, #1789, #4233, #267 ) ) ;
#4857 = CARTESIAN_POINT ( 'NONE',  ( 1.433016317300759300, 0.5999742073835081500, 1.154116862511624700 ) ) ;
#4858 = SURFACE_SIDE_STYLE ('',( #8480 ) ) ;
#4859 = CARTESIAN_POINT ( 'NONE',  ( -0.7470000000000000000, 1.150000000000000100, -0.3074999999999999400 ) ) ;
#4860 = CIRCLE ( 'NONE', #8881, 0.02249999999999992300 ) ;
#4861 = VERTEX_POINT ( 'NONE', #941 ) ;
#4862 = CARTESIAN_POINT ( 'NONE',  ( 0.5931453759609353100, 0.6000000000000000900, 1.434782608695652100 ) ) ;
#4863 = LINE ( 'NONE', #7220, #2748 ) ;
#4864 = AXIS2_PLACEMENT_3D ( 'NONE', #9348, #1269, #7183 ) ;
#4865 = VERTEX_POINT ( 'NONE', #8348 ) ;
#4866 = CARTESIAN_POINT ( 'NONE',  ( 1.466207733209994300, 0.3999999999999999700, 1.247677207292138500 ) ) ;
#4867 = AXIS2_PLACEMENT_3D ( 'NONE', #1267, #7952, #3496 ) ;
#4868 = CARTESIAN_POINT ( 'NONE',  ( -0.5390000000000001500, 1.150000000000000100, -0.1574999999999999700 ) ) ;
#4869 = CARTESIAN_POINT ( 'NONE',  ( -0.4370000000000001100, 1.200000000000000200, 4.127059713126576100E-017 ) ) ;
#4870 = B_SPLINE_CURVE_WITH_KNOTS ( 'NONE', 3,
 ( #7484, #4539, #820, #6039, #6691, #1570, #119 ),
 .UNSPECIFIED., .F., .F.,
 ( 4, 3, 4 ),
 ( 0.0000000000000000000, 0.0004290930677039915200, 0.0007229335809172414300 ),
 .UNSPECIFIED. ) ;
#4871 = VECTOR ( 'NONE', #4240, 1000.000000000000000 ) ;
#4872 = CARTESIAN_POINT ( 'NONE',  ( -0.6945000000000002300, 1.150000000000000100, -0.2049999999999999300 ) ) ;
#4873 = CARTESIAN_POINT ( 'NONE',  ( -0.6420000000000002400, 1.200000000000000200, -0.1049999999999999500 ) ) ;
#4874 = CYLINDRICAL_SURFACE ( 'NONE', #7419, 0.02250000000000005800 ) ;
#4875 = VERTEX_POINT ( 'NONE', #1771 ) ;
#4876 = ORIENTED_EDGE ( 'NONE', *, *, #4176, .T. ) ;
#4877 = AXIS2_PLACEMENT_3D ( 'NONE', #5959, #8792, #8126 ) ;
#4878 = ADVANCED_FACE ( 'NONE', ( #8222 ), #8006, .F. ) ;
#4879 = DIRECTION ( 'NONE',  ( -0.9781476007338070200, -2.121019507454155800E-016, 0.2079116908177527400 ) ) ;
#4880 = CARTESIAN_POINT ( 'NONE',  ( 1.082007576903378600, 0.4887959513968899700, 1.334165521018543900 ) ) ;
#4881 = AXIS2_PLACEMENT_3D ( 'NONE', #7533, #3115, #1616 ) ;
#4882 = CARTESIAN_POINT ( 'NONE',  ( -0.9632208735147390600, 0.01046231240015017000, 1.422795019998927900 ) ) ;
#4883 = AXIS2_PLACEMENT_3D ( 'NONE', #1442, #1475, #2228 ) ;
#4884 = LINE ( 'NONE', #6939, #1711 ) ;
#4885 = DIRECTION ( 'NONE',  ( 0.0000000000000000000, 1.000000000000000000, 0.0000000000000000000 ) ) ;
#4886 = EDGE_LOOP ( 'NONE', ( #2759, #206 ) ) ;
#4887 = UNCERTAINTY_MEASURE_WITH_UNIT (LENGTH_MEASURE( 1.000000000000000100E-005 ), #3415, 'distance_accuracy_value', 'NONE');
#4888 = CARTESIAN_POINT ( 'NONE',  ( -1.389427373592505300, 0.6000069547859955300, -1.241214929859399300 ) ) ;
#4889 = ADVANCED_FACE ( 'NONE', ( #9483 ), #2100, .T. ) ;
#4890 = EDGE_CURVE ( 'NONE', #9508, #3797, #8455, .T. ) ;
#4891 = DIRECTION ( 'NONE',  ( 0.0000000000000000000, 0.0000000000000000000, 1.000000000000000000 ) ) ;
#4892 = CARTESIAN_POINT ( 'NONE',  ( 1.463420883844923900, 0.7887544759132574200, 1.251664342522309100 ) ) ;
#4893 = ORIENTED_EDGE ( 'NONE', *, *, #5594, .T. ) ;
#4894 = CARTESIAN_POINT ( 'NONE',  ( 0.7952739266648524200, 0.8020000000000004900, 1.463453631976265900 ) ) ;
#4895 = DIRECTION ( 'NONE',  ( 0.0000000000000000000, 1.000000000000000000, 0.0000000000000000000 ) ) ;
#4896 = CARTESIAN_POINT ( 'NONE',  ( -1.325124103844686800, 0.7907209562527648400, 1.346830631541905900 ) ) ;
#4897 = PLANE ( 'NONE',  #1581 ) ;
#4898 = EDGE_CURVE ( 'NONE', #3087, #2871, #7551, .T. ) ;
#4899 = CARTESIAN_POINT ( 'NONE',  ( -1.036728891437859600, 0.5229157231027240500, 1.409730114744511600 ) ) ;
#4900 = AXIS2_PLACEMENT_3D ( 'NONE', #2669, #8615, #2834 ) ;
#4901 = CARTESIAN_POINT ( 'NONE',  ( -0.7743625588895249900, 0.6000000000000000900, -1.396263707376823100 ) ) ;
#4902 =( LENGTH_UNIT ( ) NAMED_UNIT ( * ) SI_UNIT ( .MILLI., .METRE. ) );
#4903 = CARTESIAN_POINT ( 'NONE',  ( -0.9550000000000000700, 1.200000000000000200, 0.1575000000000000800 ) ) ;
#4904 = EDGE_CURVE ( 'NONE', #6550, #4511, #5613, .T. ) ;
#4905 =( NAMED_UNIT ( * ) PLANE_ANGLE_UNIT ( ) SI_UNIT ( $, .RADIAN. ) );
#4906 = CARTESIAN_POINT ( 'NONE',  ( 0.9939391798991458200, 0.2192207007240674100, 1.457159266208132500 ) ) ;
#4907 = EDGE_CURVE ( 'NONE', #4480, #7572, #3465, .T. ) ;
#4908 = CARTESIAN_POINT ( 'NONE',  ( -1.312221775034249500, 0.5999992997202147100, -1.281938811174958800 ) ) ;
#4909 = CARTESIAN_POINT ( 'NONE',  ( -0.6945000000000002300, 1.150000000000000100, -0.2049999999999999300 ) ) ;
#4910 = CARTESIAN_POINT ( 'NONE',  ( -1.373197950699304600, 0.4081065434678188300, -1.328428408907598600 ) ) ;
#4911 = CARTESIAN_POINT ( 'NONE',  ( 1.478902542838284300, 0.4109756532082225500, 1.228904688592505500 ) ) ;
#4912 = AXIS2_PLACEMENT_3D ( 'NONE', #2366, #7620, #9030 ) ;
#4913 = CARTESIAN_POINT ( 'NONE',  ( 1.325889227904341100, 0.7907169422465734100, 1.346664914048312200 ) ) ;
#4914 = AXIS2_PLACEMENT_3D ( 'NONE', #2790, #5799, #9494 ) ;
#4915 = ADVANCED_FACE ( 'NONE', ( #6051 ), #3416, .F. ) ;
#4916 = CARTESIAN_POINT ( 'NONE',  ( -0.6420000000000002400, 1.150000000000000100, -0.1049999999999999500 ) ) ;
#4917 = ORIENTED_EDGE ( 'NONE', *, *, #5880, .F. ) ;
#4918 = VECTOR ( 'NONE', #394, 1000.000000000000000 ) ;
#4919 = EDGE_LOOP ( 'NONE', ( #4199, #5800, #4152, #4502 ) ) ;
#4920 = CARTESIAN_POINT ( 'NONE',  ( 1.456271976881600100, 0.8020000000000002700, 1.276203019419651200 ) ) ;
#4921 = EDGE_CURVE ( 'NONE', #6489, #4984, #113, .T. ) ;
#4922 = DIRECTION ( 'NONE',  ( 0.0000000000000000000, 0.0000000000000000000, -1.000000000000000000 ) ) ;
#4923 = AXIS2_PLACEMENT_3D ( 'NONE', #3822, #1685, #6885 ) ;
#4924 = CARTESIAN_POINT ( 'NONE',  ( -0.6945000000000002300, 1.200000000000000200, 0.2275000000000000100 ) ) ;
#4925 = DIRECTION ( 'NONE',  ( 0.0000000000000000000, 1.000000000000000000, -0.0000000000000000000 ) ) ;
#4926 = ORIENTED_EDGE ( 'NONE', *, *, #5047, .F. ) ;
#4927 = B_SPLINE_CURVE_WITH_KNOTS ( 'NONE', 3,
 ( #4315, #9344, #7937, #5928, #4762, #7053, #617, #5537, #3373, #5883, #3901, #5602, #3122, #9447, #6549, #623 ),
 .UNSPECIFIED., .F., .F.,
 ( 4, 3, 3, 3, 3, 4 ),
 ( 0.0000000000000000000, 1.302580120471241800E-005, 2.603318318115047800E-005, 3.932420018050128300E-005, 5.314710437164391400E-005, 6.356322544222020400E-005 ),
 .UNSPECIFIED. ) ;
#4928 = ADVANCED_FACE ( 'NONE', ( #7999 ), #7426, .T. ) ;
#4929 =( NAMED_UNIT ( * ) PLANE_ANGLE_UNIT ( ) SI_UNIT ( $, .RADIAN. ) );
#4930 = LINE ( 'NONE', #2452, #7354 ) ;
#4931 = ORIENTED_EDGE ( 'NONE', *, *, #9530, .T. ) ;
#4932 = CARTESIAN_POINT ( 'NONE',  ( -0.6790653433039215400, 0.8020000000000001600, -1.488154528892009700 ) ) ;
#4933 = UNCERTAINTY_MEASURE_WITH_UNIT (LENGTH_MEASURE( 1.000000000000000100E-005 ), #9534, 'distance_accuracy_value', 'NONE');
#4934 = CIRCLE ( 'NONE', #5577, 0.2200581444740221400 ) ;
#4935 = CARTESIAN_POINT ( 'NONE',  ( -0.5997232021850383800, 0.4080762362277926000, 1.497366444708328800 ) ) ;
#4936 = ORIENTED_EDGE ( 'NONE', *, *, #2772, .T. ) ;
#4937 = ORIENTED_EDGE ( 'NONE', *, *, #4921, .T. ) ;
#4938 = CYLINDRICAL_SURFACE ( 'NONE', #1859, 0.02250000000000005800 ) ;
#4939 = DIRECTION ( 'NONE',  ( 0.0000000000000000000, 0.0000000000000000000, -1.000000000000000000 ) ) ;
#4940 = VECTOR ( 'NONE', #3952, 1000.000000000000000 ) ;
#4941 = VERTEX_POINT ( 'NONE', #7679 ) ;
#4942 = CARTESIAN_POINT ( 'NONE',  ( -1.414031594726479200, 0.4092080972780682800, -1.302808682995512300 ) ) ;
#4943 = ORIENTED_EDGE ( 'NONE', *, *, #4701, .F. ) ;
#4944 = AXIS2_PLACEMENT_3D ( 'NONE', #9250, #335, #1873 ) ;
#4945 = DIRECTION ( 'NONE',  ( 0.9781476007338068000, 0.0000000000000000000, -0.2079116908177535100 ) ) ;
#4946 = CARTESIAN_POINT ( 'NONE',  ( -0.6945000000000002300, 1.200000000000000200, -0.1825000000000000000 ) ) ;
#4947 = PRESENTATION_LAYER_ASSIGNMENT (  '', '', ( #3424 ) ) ;
#4948 = LINE ( 'NONE', #2186, #6690 ) ;
#4949 = DIRECTION ( 'NONE',  ( 0.0000000000000000000, 0.0000000000000000000, 1.000000000000000000 ) ) ;
#4950 = VECTOR ( 'NONE', #4300, 1000.000000000000000 ) ;
#4951 = EDGE_LOOP ( 'NONE', ( #281, #8160, #7469, #1191 ) ) ;
#4952 = VERTEX_POINT ( 'NONE', #5393 ) ;
#4953 = CARTESIAN_POINT ( 'NONE',  ( 1.347233208491459100, 0.8000000000000001600, 1.345421809670801500 ) ) ;
#4954 = CARTESIAN_POINT ( 'NONE',  ( -0.5999999999999985300, 0.3999999999999999700, 1.500000000000000000 ) ) ;
#4955 = CARTESIAN_POINT ( 'NONE',  ( -1.090330754946129400, 0.5356152172307600000, 1.373322995044741000 ) ) ;
#4956 = ORIENTED_EDGE ( 'NONE', *, *, #9224, .T. ) ;
#4957 = CARTESIAN_POINT ( 'NONE',  ( -0.9879841896435035400, 0.02500000000000050100, 1.437978226564349700 ) ) ;
#4958 = PLANE ( 'NONE',  #6665 ) ;
#4959 = EDGE_CURVE ( 'NONE', #1996, #9389, #340, .T. ) ;
#4960 = EDGE_CURVE ( 'NONE', #271, #2185, #807, .T. ) ;
#4961 = ORIENTED_EDGE ( 'NONE', *, *, #970, .F. ) ;
#4962 = SURFACE_STYLE_USAGE ( .BOTH. , #9314 ) ;
#4963 = CIRCLE ( 'NONE', #9092, 0.02249999999999995100 ) ;
#4964 = ORIENTED_EDGE ( 'NONE', *, *, #2654, .T. ) ;
#4965 = ORIENTED_EDGE ( 'NONE', *, *, #1292, .T. ) ;
#4966 = CARTESIAN_POINT ( 'NONE',  ( -0.6788078763684827200, 0.8000000000000001600, -1.487499999999999800 ) ) ;
#4967 = CARTESIAN_POINT ( 'NONE',  ( 1.099566540486494000, 0.4851536616256479400, 1.416773949782946600 ) ) ;
#4968 = CARTESIAN_POINT ( 'NONE',  ( -0.7470000000000000000, 1.086360389693210800, -0.3074999999999999400 ) ) ;
#4969 = CARTESIAN_POINT ( 'NONE',  ( 1.095192626717664800, 0.4583540918702152500, 1.396196303369809500 ) ) ;
#4970 = DIRECTION ( 'NONE',  ( 0.0000000000000000000, 1.000000000000000000, 0.0000000000000000000 ) ) ;
#4971 = ORIENTED_EDGE ( 'NONE', *, *, #5718, .T. ) ;
#4972 = AXIS2_PLACEMENT_3D ( 'NONE', #1768, #7040, #3233 ) ;
#4973 = CIRCLE ( 'NONE', #855, 0.02250000000000005800 ) ;
#4974 = ORIENTED_EDGE ( 'NONE', *, *, #68, .F. ) ;
#4975 = EDGE_CURVE ( 'NONE', #8077, #3119, #8331, .T. ) ;
#4976 = DIRECTION ( 'NONE',  ( 0.0000000000000000000, 0.0000000000000000000, -1.000000000000000000 ) ) ;
#4977 = ADVANCED_FACE ( 'NONE', ( #4417 ), #7583, .T. ) ;
#4978 = CIRCLE ( 'NONE', #972, 0.02250000000000005800 ) ;
#4979 = CARTESIAN_POINT ( 'NONE',  ( -1.008890007937767800, 0.5134735352561009500, 1.439527698810360200 ) ) ;
#4980 = DIRECTION ( 'NONE',  ( 0.9781476007338070200, 0.0000000000000000000, 0.2079116908177527400 ) ) ;
#4981 = ORIENTED_EDGE ( 'NONE', *, *, #7087, .F. ) ;
#4982 = FACE_OUTER_BOUND ( 'NONE', #6917, .T. ) ;
#4983 = CARTESIAN_POINT ( 'NONE',  ( -0.7995000000000002100, 1.086360389693210800, -0.2275000000000000100 ) ) ;
#4984 = VERTEX_POINT ( 'NONE', #1699 ) ;
#4985 = CIRCLE ( 'NONE', #7187, 0.02250000000000005800 ) ;
#4986 = CARTESIAN_POINT ( 'NONE',  ( 1.254989512610312300, 0.6000000000000000900, 1.294103294648000900 ) ) ;
#4987 = EDGE_CURVE ( 'NONE', #4511, #6550, #7195, .T. ) ;
#4988 = CARTESIAN_POINT ( 'NONE',  ( -0.5390000000000001500, 1.086360389693210800, 0.1800000000000001000 ) ) ;
#4989 = AXIS2_PLACEMENT_3D ( 'NONE', #171, #6153, #6892 ) ;
#4990 = AXIS2_PLACEMENT_3D ( 'NONE', #314, #6270, #7580 ) ;
#4991 = ORIENTED_EDGE ( 'NONE', *, *, #2404, .F. ) ;
#4992 = ORIENTED_EDGE ( 'NONE', *, *, #7043, .F. ) ;
#4993 = DIRECTION ( 'NONE',  ( 0.0000000000000000000, 0.0000000000000000000, -1.000000000000000000 ) ) ;
#4994 = DIRECTION ( 'NONE',  ( 0.0000000000000000000, 0.0000000000000000000, 1.000000000000000000 ) ) ;
#4995 = CARTESIAN_POINT ( 'NONE',  ( -0.9784446560676128800, 0.5181517638211151600, 1.424108406798374000 ) ) ;
#4996 = DIRECTION ( 'NONE',  ( -0.2079116908177535700, 0.0000000000000000000, 0.9781476007338069100 ) ) ;
#4997 = DIRECTION ( 'NONE',  ( -0.0000000000000000000, 1.000000000000000000, -0.0000000000000000000 ) ) ;
#4998 = DIRECTION ( 'NONE',  ( 0.0000000000000000000, -0.0000000000000000000, 1.000000000000000000 ) ) ;
#4999 = DIRECTION ( 'NONE',  ( 0.0000000000000000000, 1.000000000000000000, 0.0000000000000000000 ) ) ;
#5000 = AXIS2_PLACEMENT_3D ( 'NONE', #1946, #7941, #3487 ) ;
#5001 = FACE_OUTER_BOUND ( 'NONE', #2043, .T. ) ;
#5002 = LINE ( 'NONE', #1129, #6409 ) ;
#5003 = DIRECTION ( 'NONE',  ( -0.9781476007338040200, 0.0000000000000000000, -0.2079116908177673400 ) ) ;
#5004 = EDGE_CURVE ( 'NONE', #3620, #6139, #1788, .T. ) ;
#5005 = CARTESIAN_POINT ( 'NONE',  ( -1.007000000000000100, 1.150000000000000100, -0.1574999999999999200 ) ) ;
#5006 = EDGE_CURVE ( 'NONE', #6631, #54, #8430, .T. ) ;
#5007 = CARTESIAN_POINT ( 'NONE',  ( 1.044524795898641700, 0.4943519535759132200, 1.446406961601320700 ) ) ;
#5008 =( NAMED_UNIT ( * ) SI_UNIT ( $, .STERADIAN. ) SOLID_ANGLE_UNIT ( ) );
#5009 = LINE ( 'NONE', #4567, #5725 ) ;
#5010 = CARTESIAN_POINT ( 'NONE',  ( -0.9045000000000001900, 1.150000000000000100, 0.2825000000000002500 ) ) ;
#5011 = CARTESIAN_POINT ( 'NONE',  ( -1.057000000000000200, 1.200000000000000200, 0.02250000000000016600 ) ) ;
#5012 = CARTESIAN_POINT ( 'NONE',  ( 0.9838359271084067300, 0.4682190516574583100, 1.440120092711693300 ) ) ;
#5013 = ADVANCED_FACE ( 'NONE', ( #8447 ), #4742, .F. ) ;
#5014 = ORIENTED_EDGE ( 'NONE', *, *, #9302, .T. ) ;
#5015 = ADVANCED_FACE ( 'NONE', ( #8575 ), #4172, .F. ) ;
#5016 = DIRECTION ( 'NONE',  ( 0.0000000000000000000, -1.000000000000000000, 0.0000000000000000000 ) ) ;
#5017 = FACE_OUTER_BOUND ( 'NONE', #5025, .T. ) ;
#5018 = AXIS2_PLACEMENT_3D ( 'NONE', #2983, #5934, #2950 ) ;
#5019 = PLANE ( 'NONE',  #8089 ) ;
#5020 = CARTESIAN_POINT ( 'NONE',  ( 1.325889226543520500, 0.7907169294321592100, -1.346664907693932100 ) ) ;
#5021 = EDGE_CURVE ( 'NONE', #2068, #877, #12, .T. ) ;
#5022 = DIRECTION ( 'NONE',  ( 0.0000000000000000000, 1.000000000000000000, 0.0000000000000000000 ) ) ;
#5023 = CARTESIAN_POINT ( 'NONE',  ( 1.035234124682945300, 0.5274048834368749700, 1.402697790062693400 ) ) ;
#5024 = EDGE_CURVE ( 'NONE', #3272, #5515, #2540, .T. ) ;
#5025 = EDGE_LOOP ( 'NONE', ( #9051, #3232, #7009, #6626 ) ) ;
#5026 = CARTESIAN_POINT ( 'NONE',  ( 0.5931453759609361900, 0.6000000000000000900, -1.434782608695651700 ) ) ;
#5027 = CARTESIAN_POINT ( 'NONE',  ( -0.8520000000000000900, 1.150000000000000100, 0.08250000000000003200 ) ) ;
#5028 = CARTESIAN_POINT ( 'NONE',  ( -0.5996830415998090100, 0.4139876401014501200, 1.495438813010396600 ) ) ;
#5029 = VERTEX_POINT ( 'NONE', #4837 ) ;
#5030 = CARTESIAN_POINT ( 'NONE',  ( -0.7995000000000002100, 1.200000000000000200, -0.2049999999999999300 ) ) ;
#5031 = CYLINDRICAL_SURFACE ( 'NONE', #5081, 0.02249999999999995100 ) ;
#5032 = ORIENTED_EDGE ( 'NONE', *, *, #4288, .T. ) ;
#5033 = CARTESIAN_POINT ( 'NONE',  ( 0.8250979953029369300, 0.5999999999999324800, 1.385479557458122500 ) ) ;
#5034 = CIRCLE ( 'NONE', #6305, 0.02250000000000005800 ) ;
#5035 = AXIS2_PLACEMENT_3D ( 'NONE', #3337, #5493, #4769 ) ;
#5036 = PLANE ( 'NONE',  #8042 ) ;
#5037 = FACE_OUTER_BOUND ( 'NONE', #8627, .T. ) ;
#5038 = ORIENTED_EDGE ( 'NONE', *, *, #2772, .F. ) ;
#5039 = EDGE_LOOP ( 'NONE', ( #8748, #4492, #8832, #7370 ) ) ;
#5040 = PLANE ( 'NONE',  #3706 ) ;
#5041 = DIRECTION ( 'NONE',  ( 0.0000000000000000000, 1.000000000000000000, 0.0000000000000000000 ) ) ;
#5042 = EDGE_LOOP ( 'NONE', ( #8057, #8313, #2289 ) ) ;
#5043 =( BOUNDED_SURFACE ( )  B_SPLINE_SURFACE ( 3, 2, ( 
 ( #1070, #3981, #1106 ),
 ( #1845, #9216, #7049 ),
 ( #5510, #290, #2588 ),
 ( #3355, #7785, #8473 ),
 ( #8511, #6282, #4754 ),
 ( #2530, #4079, #2633 ),
 ( #2656, #5588, #4817 ),
 ( #8552, #9244, #5617 ),
 ( #356, #4857, #385 ),
 ( #1772, #1863, #1141 ),
 ( #6343, #1045, #7813 ),
 ( #6977, #7722, #4113 ),
 ( #7854, #9269, #4892 ),
 ( #5644, #3382, #426 ),
 ( #1168, #6382, #1901 ),
 ( #7104, #3260, #9140 ),
 ( #8448, #4025, #9177 ),
 ( #8640, #6516, #4913 ) ),
 .UNSPECIFIED., .F., .F., .T. ) 
 B_SPLINE_SURFACE_WITH_KNOTS ( ( 4, 2, 2, 2, 2, 2, 2, 2, 4 ),
 ( 3, 3 ),
 ( 0.0000000000000000000, 1.677989116919788800E-005, 3.355978233839577600E-005, 6.711956467679155100E-005, 0.0001342391293535831000, 0.0002684782587071662000, 0.0005369565174143324100, 0.0008054347761214986100, 0.001073913034828664800 ),
 ( 0.0000000000000000000, 1.000000000000000000 ),
 .UNSPECIFIED. ) 
 GEOMETRIC_REPRESENTATION_ITEM ( )  RATIONAL_B_SPLINE_SURFACE ( (
 ( 1.000000000000000000, 0.9507298394814792700, 1.000000000000000000),
 ( 1.000000000000000000, 0.9507279475944910900, 1.000000000000000000),
 ( 1.000000000000000000, 0.9506994036189474500, 1.000000000000000000),
 ( 1.000000000000000000, 0.9506566966241353200, 1.000000000000000000),
 ( 1.000000000000000000, 0.9506351096172989100, 1.000000000000000000),
 ( 1.000000000000000000, 0.9505687868552383800, 1.000000000000000000),
 ( 1.000000000000000000, 0.9505223984411925700, 1.000000000000000000),
 ( 1.000000000000000000, 0.9503738823745603300, 1.000000000000000000),
 ( 1.000000000000000000, 0.9502613903156668100, 1.000000000000000000),
 ( 1.000000000000000000, 0.9499071330730865000, 1.000000000000000000),
 ( 1.000000000000000000, 0.9496618284579284600, 1.000000000000000000),
 ( 1.000000000000000000, 0.9492949011664068000, 1.000000000000000000),
 ( 1.000000000000000000, 0.9490262359102055200, 1.000000000000000000),
 ( 1.000000000000000000, 0.9485972984356634300, 1.000000000000000000),
 ( 1.000000000000000000, 0.9483533008010485200, 1.000000000000000000),
 ( 1.000000000000000000, 0.9477746651154028700, 1.000000000000000000),
 ( 1.000000000000000000, 0.9479420865687734300, 1.000000000000000000),
 ( 1.000000000000000000, 0.9477957630486562000, 1.000000000000000000) ) ) 
 REPRESENTATION_ITEM ( '' )  SURFACE ( )  );
#5044 = ORIENTED_EDGE ( 'NONE', *, *, #2403, .T. ) ;
#5045 = EDGE_LOOP ( 'NONE', ( #5785, #6887, #6934, #5552, #5048 ) ) ;
#5046 = ORIENTED_EDGE ( 'NONE', *, *, #5471, .T. ) ;
#5047 = EDGE_CURVE ( 'NONE', #3041, #104, #5228, .T. ) ;
#5048 = ORIENTED_EDGE ( 'NONE', *, *, #9487, .F. ) ;
#5049 = FACE_BOUND ( 'NONE', #6206, .T. ) ;
#5050 = AXIS2_PLACEMENT_3D ( 'NONE', #7433, #7372, #2985 ) ;
#5051 = CARTESIAN_POINT ( 'NONE',  ( -1.279941855525978100, 0.3999999999999999700, 1.130499522727402200 ) ) ;
#5052 = CARTESIAN_POINT ( 'NONE',  ( 0.2711462582846209100, 0.2195099938507022200, -1.903468931797478000 ) ) ;
#5053 = CIRCLE ( 'NONE', #5872, 0.5999999999999999800 ) ;
#5054 = CARTESIAN_POINT ( 'NONE',  ( 1.325739436617921800, 0.4080804831288132300, -1.343044648399948700 ) ) ;
#5055 = VECTOR ( 'NONE', #212, 1000.000000000000000 ) ;
#5056 = ORIENTED_EDGE ( 'NONE', *, *, #9438, .T. ) ;
#5057 = ORIENTED_EDGE ( 'NONE', *, *, #7796, .F. ) ;
#5058 = EDGE_CURVE ( 'NONE', #5856, #8084, #1725, .T. ) ;
#5059 = FACE_OUTER_BOUND ( 'NONE', #5643, .T. ) ;
#5060 = DIRECTION ( 'NONE',  ( 1.000000000000000000, 0.0000000000000000000, -0.0000000000000000000 ) ) ;
#5061 = ADVANCED_FACE ( 'NONE', ( #6046 ), #1844, .T. ) ;
#5062 = EDGE_LOOP ( 'NONE', ( #2981, #9093, #6697, #1366 ) ) ;
#5063 = ADVANCED_FACE ( 'NONE', ( #461 ), #6407, .F. ) ;
#5064 = VECTOR ( 'NONE', #4680, 1000.000000000000100 ) ;
#5065 = CARTESIAN_POINT ( 'NONE',  ( -0.7470000000000001100, 1.150000000000000100, 6.049755187787927500E-017 ) ) ;
#5066 = VERTEX_POINT ( 'NONE', #7194 ) ;
#5067 = ORIENTED_EDGE ( 'NONE', *, *, #1161, .F. ) ;
#5068 = SURFACE_STYLE_USAGE ( .BOTH. , #4311 ) ;
#5069 = EDGE_CURVE ( 'NONE', #3620, #3885, #4162, .T. ) ;
#5070 = DIRECTION ( 'NONE',  ( -0.0000000000000000000, 1.000000000000000000, -0.0000000000000000000 ) ) ;
#5071 = CARTESIAN_POINT ( 'NONE',  ( 1.011556553213101900, 0.5533824171869476900, 1.373777489654805400 ) ) ;
#5072 = VERTEX_POINT ( 'NONE', #2071 ) ;
#5073 = ORIENTED_EDGE ( 'NONE', *, *, #2635, .T. ) ;
#5074 = CARTESIAN_POINT ( 'NONE',  ( -0.7470000000000001100, 1.200000000000000200, 6.049755187787927500E-017 ) ) ;
#5075 = FACE_OUTER_BOUND ( 'NONE', #4360, .T. ) ;
#5076 = EDGE_LOOP ( 'NONE', ( #9429, #5178, #4586, #9113 ) ) ;
#5077 = CARTESIAN_POINT ( 'NONE',  ( -0.8520000000000000900, 1.150000000000000100, -0.08249999999999986500 ) ) ;
#5078 = ORIENTED_EDGE ( 'NONE', *, *, #5885, .T. ) ;
#5079 = ORIENTED_EDGE ( 'NONE', *, *, #5780, .T. ) ;
#5080 = DIRECTION ( 'NONE',  ( 0.0000000000000000000, 0.0000000000000000000, -1.000000000000000000 ) ) ;
#5081 = AXIS2_PLACEMENT_3D ( 'NONE', #4636, #5329, #148 ) ;
#5082 = DIRECTION ( 'NONE',  ( 0.0000000000000000000, 0.0000000000000000000, -1.000000000000000000 ) ) ;
#5083 = EDGE_CURVE ( 'NONE', #2703, #328, #465, .T. ) ;
#5084 = VECTOR ( 'NONE', #8433, 1000.000000000000200 ) ;
#5085 = CARTESIAN_POINT ( 'NONE',  ( -0.5390000000000001500, 1.150000000000000100, -0.1800000000000000500 ) ) ;
#5086 = ORIENTED_EDGE ( 'NONE', *, *, #5954, .F. ) ;
#5087 = CARTESIAN_POINT ( 'NONE',  ( -0.5370000000000001400, 1.150000000000000100, 6.576353311421284500E-017 ) ) ;
#5088 = LINE ( 'NONE', #6843, #3100 ) ;
#5089 = ORIENTED_EDGE ( 'NONE', *, *, #5378, .T. ) ;
#5090 = ORIENTED_EDGE ( 'NONE', *, *, #2063, .F. ) ;
#5091 = CARTESIAN_POINT ( 'NONE',  ( 1.463649103097228100, 0.7887485938985617800, -1.251374423634794100 ) ) ;
#5092 = CARTESIAN_POINT ( 'NONE',  ( 1.325694516421790400, 0.3999999999999999700, 1.345748868766599500 ) ) ;
#5093 = LINE ( 'NONE', #4308, #4516 ) ;
#5094 = STYLED_ITEM ( 'NONE', ( #4614 ), #4145 ) ;
#5095 = FILL_AREA_STYLE_COLOUR ( '', #2569 ) ;
#5096 = ORIENTED_EDGE ( 'NONE', *, *, #7250, .T. ) ;
#5097 = AXIS2_PLACEMENT_3D ( 'NONE', #1665, #823, #6872 ) ;
#5098 = EDGE_LOOP ( 'NONE', ( #1094, #947, #1123, #4841 ) ) ;
#5099 = ORIENTED_EDGE ( 'NONE', *, *, #6053, .F. ) ;
#5100 = CARTESIAN_POINT ( 'NONE',  ( -1.438010820619607600, 0.3999999999999999700, 1.283600108041693000 ) ) ;
#5101 = CARTESIAN_POINT ( 'NONE',  ( -0.8520000000000000900, 1.200000000000000200, -0.1049999999999999300 ) ) ;
#5102 = CARTESIAN_POINT ( 'NONE',  ( -0.5390000000000001500, 1.200000000000000200, -0.1800000000000000500 ) ) ;
#5103 = CARTESIAN_POINT ( 'NONE',  ( -1.100935699508195800, 0.4834004208873441400, 1.434416453889374400 ) ) ;
#5104 = FACE_OUTER_BOUND ( 'NONE', #322, .T. ) ;
#5105 = DIRECTION ( 'NONE',  ( 0.0000000000000000000, -1.000000000000000000, 0.0000000000000000000 ) ) ;
#5106 = VERTEX_POINT ( 'NONE', #6463 ) ;
#5107 = AXIS2_PLACEMENT_3D ( 'NONE', #1271, #4323, #6587 ) ;
#5108 = CARTESIAN_POINT ( 'NONE',  ( -0.8520000000000000900, 1.200000000000000200, 0.08250000000000003200 ) ) ;
#5109 = EDGE_CURVE ( 'NONE', #7947, #6196, #3691, .T. ) ;
#5110 =( GEOMETRIC_REPRESENTATION_CONTEXT ( 3 ) GLOBAL_UNCERTAINTY_ASSIGNED_CONTEXT ( ( #3012 ) ) GLOBAL_UNIT_ASSIGNED_CONTEXT ( ( #5732, #1262, #1230 ) ) REPRESENTATION_CONTEXT ( 'NONE', 'WORKASPACE' ) );
#5111 = DIRECTION ( 'NONE',  ( -2.168404344971009400E-016, 0.0000000000000000000, -1.000000000000000000 ) ) ;
#5112 = LINE ( 'NONE', #3144, #3457 ) ;
#5113 = PLANE ( 'NONE',  #7666 ) ;
#5114 = ORIENTED_EDGE ( 'NONE', *, *, #8560, .T. ) ;
#5115 = ADVANCED_FACE ( 'NONE', ( #5001 ), #6521, .T. ) ;
#5116 = DIRECTION ( 'NONE',  ( -0.0000000000000000000, 1.000000000000000000, -0.0000000000000000000 ) ) ;
#5117 = CARTESIAN_POINT ( 'NONE',  ( 1.419517716500570600, 0.7898389569958986800, -1.307036574424422600 ) ) ;
#5118 = AXIS2_PLACEMENT_3D ( 'NONE', #9208, #1804, #351 ) ;
#5119 = CARTESIAN_POINT ( 'NONE',  ( 1.495438813010396200, 0.7860123598985489000, 1.130499522767037400 ) ) ;
#5120 = CARTESIAN_POINT ( 'NONE',  ( -1.083650699927992000, 0.4576633733901555600, 1.438090493968610800 ) ) ;
#5121 = CARTESIAN_POINT ( 'NONE',  ( -1.434782608695655000, 0.6000000000000039700, -1.130499522694387700 ) ) ;
#5122 = DIRECTION ( 'NONE',  ( -0.2079116908177527600, 0.0000000000000000000, 0.9781476007338070200 ) ) ;
#5123 = EDGE_CURVE ( 'NONE', #1544, #7811, #9360, .T. ) ;
#5124 = CARTESIAN_POINT ( 'NONE',  ( -1.500000000000000000, 0.3999999999999999700, 1.130499522727402200 ) ) ;
#5125 = CARTESIAN_POINT ( 'NONE',  ( -1.005096451089172000, 0.5469599630796597700, 1.377316636808934000 ) ) ;
#5126 = CARTESIAN_POINT ( 'NONE',  ( 0.5823458511873773600, 0.5999999999999998700, 1.437078118549189900 ) ) ;
#5127 = CARTESIAN_POINT ( 'NONE',  ( 0.6183680235135655700, 0.7875852410257121500, -1.495951709030123300 ) ) ;
#5128 = ORIENTED_EDGE ( 'NONE', *, *, #1423, .F. ) ;
#5129 = DIRECTION ( 'NONE',  ( -0.0000000000000000000, 1.000000000000000000, -0.0000000000000000000 ) ) ;
#5130 = DIRECTION ( 'NONE',  ( 0.0000000000000000000, -1.000000000000000000, 0.0000000000000000000 ) ) ;
#5131 = LINE ( 'NONE', #4154, #2917 ) ;
#5132 =( NAMED_UNIT ( * ) SI_UNIT ( $, .STERADIAN. ) SOLID_ANGLE_UNIT ( ) );
#5133 = VERTEX_POINT ( 'NONE', #3507 ) ;
#5134 = DIRECTION ( 'NONE',  ( -1.000000000000000000, 0.0000000000000000000, 0.0000000000000000000 ) ) ;
#5135 = LINE ( 'NONE', #2, #831 ) ;
#5136 = EDGE_LOOP ( 'NONE', ( #1565, #3263 ) ) ;
#5137 = PRESENTATION_LAYER_ASSIGNMENT (  '', '', ( #3683 ) ) ;
#5138 = LINE ( 'NONE', #7793, #5855 ) ;
#5139 = EDGE_CURVE ( 'NONE', #4732, #2400, #2438, .T. ) ;
#5140 = DIRECTION ( 'NONE',  ( 0.0000000000000000000, 1.000000000000000000, 0.0000000000000000000 ) ) ;
#5141 = ORIENTED_EDGE ( 'NONE', *, *, #8510, .F. ) ;
#5142 = ORIENTED_EDGE ( 'NONE', *, *, #3252, .T. ) ;
#5143 = CYLINDRICAL_SURFACE ( 'NONE', #6249, 0.02250000000000005800 ) ;
#5144 = B_SPLINE_CURVE_WITH_KNOTS ( 'NONE', 3,
 ( #6370, #4136, #6329, #4969, #1887, #6462, #1992 ),
 .UNSPECIFIED., .F., .F.,
 ( 4, 3, 4 ),
 ( 0.0000000000000000000, 1.507081641556236100E-006, 2.093434867236019300E-005 ),
 .UNSPECIFIED. ) ;
#5145 = ORIENTED_EDGE ( 'NONE', *, *, #8704, .T. ) ;
#5146 = CARTESIAN_POINT ( 'NONE',  ( 0.5996424673428311100, 0.4120175086555278300, 1.496081247177545100 ) ) ;
#5147 = CYLINDRICAL_SURFACE ( 'NONE', #9422, 0.02250000000000005800 ) ;
#5148 = SURFACE_STYLE_FILL_AREA ( #7866 ) ;
#5149 = CARTESIAN_POINT ( 'NONE',  ( -1.082849833268239500, 0.4624683788492725500, 1.438260723432164000 ) ) ;
#5150 =( NAMED_UNIT ( * ) SI_UNIT ( $, .STERADIAN. ) SOLID_ANGLE_UNIT ( ) );
#5151 = ORIENTED_EDGE ( 'NONE', *, *, #8039, .F. ) ;
#5152 = DIRECTION ( 'NONE',  ( 0.0000000000000000000, 1.000000000000000000, 0.0000000000000000000 ) ) ;
#5153 = ORIENTED_EDGE ( 'NONE', *, *, #2450, .T. ) ;
#5154 = ADVANCED_FACE ( 'NONE', ( #2214 ), #3447, .F. ) ;
#5155 = DIRECTION ( 'NONE',  ( 0.0000000000000000000, 1.000000000000000000, 0.0000000000000000000 ) ) ;
#5156 = DIRECTION ( 'NONE',  ( 0.0000000000000000000, -0.0000000000000000000, 1.000000000000000000 ) ) ;
#5157 = CARTESIAN_POINT ( 'NONE',  ( -1.482637827906610600, 0.7997763430481542600, -1.234131813858896100 ) ) ;
#5158 = PLANE ( 'NONE',  #4241 ) ;
#5159 = DIRECTION ( 'NONE',  ( 0.0000000000000000000, 0.0000000000000000000, 1.000000000000000000 ) ) ;
#5160 = AXIS2_PLACEMENT_3D ( 'NONE', #362, #1081, #2539 ) ;
#5161 = AXIS2_PLACEMENT_3D ( 'NONE', #4814, #9110, #9175 ) ;
#5162 = VERTEX_POINT ( 'NONE', #5664 ) ;
#5163 = CYLINDRICAL_SURFACE ( 'NONE', #8505, 0.02249999999999995100 ) ;
#5164 = UNCERTAINTY_MEASURE_WITH_UNIT (LENGTH_MEASURE( 1.000000000000000100E-005 ), #3334, 'distance_accuracy_value', 'NONE');
#5165 = ORIENTED_EDGE ( 'NONE', *, *, #7878, .F. ) ;
#5166 = ORIENTED_EDGE ( 'NONE', *, *, #7980, .F. ) ;
#5167 = DIRECTION ( 'NONE',  ( -0.2079116908177526800, -1.143494478793303900E-015, -0.9781476007338070200 ) ) ;
#5168 = EDGE_CURVE ( 'NONE', #311, #7106, #1265, .T. ) ;
#5169 = DIRECTION ( 'NONE',  ( 0.0000000000000000000, 1.000000000000000000, 0.0000000000000000000 ) ) ;
#5170 = AXIS2_PLACEMENT_3D ( 'NONE', #5238, #4397, #7339 ) ;
#5171 = CARTESIAN_POINT ( 'NONE',  ( -1.040277743833308200, 0.4943519535759132700, 1.447309700385561500 ) ) ;
#5172 = DIRECTION ( 'NONE',  ( -0.2079116908177527600, 0.0000000000000000000, -0.9781476007338070200 ) ) ;
#5173 = LINE ( 'NONE', #7245, #3182 ) ;
#5174 = DIRECTION ( 'NONE',  ( 0.0000000000000000000, 1.000000000000000000, -0.0000000000000000000 ) ) ;
#5175 = LINE ( 'NONE', #3892, #3746 ) ;
#5176 = AXIS2_PLACEMENT_3D ( 'NONE', #682, #6756, #2310 ) ;
#5177 = ORIENTED_EDGE ( 'NONE', *, *, #8989, .T. ) ;
#5178 = ORIENTED_EDGE ( 'NONE', *, *, #4744, .T. ) ;
#5179 = ORIENTED_EDGE ( 'NONE', *, *, #9287, .F. ) ;
#5180 = CARTESIAN_POINT ( 'NONE',  ( 1.434635632058050400, 0.5999839502532797700, -1.137628711056639700 ) ) ;
#5181 = CARTESIAN_POINT ( 'NONE',  ( -0.9550000000000000700, 1.200000000000000200, -0.1574999999999999200 ) ) ;
#5182 = FACE_OUTER_BOUND ( 'NONE', #8629, .T. ) ;
#5183 = EDGE_LOOP ( 'NONE', ( #9521, #8161 ) ) ;
#5184 = ORIENTED_EDGE ( 'NONE', *, *, #840, .F. ) ;
#5185 = FACE_OUTER_BOUND ( 'NONE', #9094, .T. ) ;
#5186 = ORIENTED_EDGE ( 'NONE', *, *, #3836, .F. ) ;
#5187 = CARTESIAN_POINT ( 'NONE',  ( 0.9570786772085659900, 0.5999999999999996400, -1.357426197505240200 ) ) ;
#5188 = ORIENTED_EDGE ( 'NONE', *, *, #2002, .F. ) ;
#5189 = ORIENTED_EDGE ( 'NONE', *, *, #5351, .F. ) ;
#5190 = CARTESIAN_POINT ( 'NONE',  ( -0.9045000000000001900, 1.200000000000000200, 0.2600000000000001800 ) ) ;
#5191 = CARTESIAN_POINT ( 'NONE',  ( -1.347444579893740000, 0.3999999999999999700, 1.341125750058897800 ) ) ;
#5192 = SURFACE_STYLE_FILL_AREA ( #2678 ) ;
#5193 = CARTESIAN_POINT ( 'NONE',  ( 1.495433842817182900, 0.7859971179723852500, 1.134453013373478700 ) ) ;
#5194 = CARTESIAN_POINT ( 'NONE',  ( -1.488653924232672200, 0.3999999999999998600, 1.200252917066027000 ) ) ;
#5195 = CARTESIAN_POINT ( 'NONE',  ( -1.495248540080205100, 0.7862560903162885100, 1.145689831882396500 ) ) ;
#5196 = ORIENTED_EDGE ( 'NONE', *, *, #1791, .T. ) ;
#5197 = CARTESIAN_POINT ( 'NONE',  ( -0.7995000000000001000, 1.150000000000000100, 0.2275000000000001200 ) ) ;
#5198 = FACE_OUTER_BOUND ( 'NONE', #9461, .T. ) ;
#5199 = ORIENTED_EDGE ( 'NONE', *, *, #2093, .F. ) ;
#5200 = ORIENTED_EDGE ( 'NONE', *, *, #2144, .T. ) ;
#5201 = VECTOR ( 'NONE', #4018, 1000.000000000000000 ) ;
#5202 = EDGE_CURVE ( 'NONE', #4767, #6925, #4294, .T. ) ;
#5203 = ORIENTED_EDGE ( 'NONE', *, *, #9455, .T. ) ;
#5204 = CARTESIAN_POINT ( 'NONE',  ( -0.6945000000000002300, 1.150000000000000100, 0.2275000000000000100 ) ) ;
#5205 = ORIENTED_EDGE ( 'NONE', *, *, #2170, .T. ) ;
#5206 = CARTESIAN_POINT ( 'NONE',  ( 0.2564740442736137500, 0.005000000000000391300, -1.900350256435211900 ) ) ;
#5207 = EDGE_CURVE ( 'NONE', #2969, #3662, #4057, .T. ) ;
#5208 = EDGE_CURVE ( 'NONE', #6725, #3123, #2087, .T. ) ;
#5209 = ADVANCED_FACE ( 'NONE', ( #577 ), #8109, .T. ) ;
#5210 = ADVANCED_FACE ( 'NONE', ( #5479 ), #5712, .T. ) ;
#5211 = DIRECTION ( 'NONE',  ( 0.0000000000000000000, 1.000000000000000000, -0.0000000000000000000 ) ) ;
#5212 = VECTOR ( 'NONE', #8061, 1000.000000000000200 ) ;
#5213 = CARTESIAN_POINT ( 'NONE',  ( -1.495438813010397500, 0.4139876401014540600, -0.5609979901584100100 ) ) ;
#5214 = CIRCLE ( 'NONE', #1902, 0.02250000000000005800 ) ;
#5215 = ORIENTED_EDGE ( 'NONE', *, *, #6603, .T. ) ;
#5216 = DIRECTION ( 'NONE',  ( 0.0000000000000000000, -1.000000000000000000, 0.0000000000000000000 ) ) ;
#5217 = B_SPLINE_CURVE_WITH_KNOTS ( 'NONE', 3,
 ( #8101, #8789, #6618, #4355, #8816, #6580 ),
 .UNSPECIFIED., .F., .F.,
 ( 4, 2, 4 ),
 ( -5.996961826222173800E-008, 0.0001459459451462980300, 0.0002919518599108583200 ),
 .UNSPECIFIED. ) ;
#5218 = FACE_OUTER_BOUND ( 'NONE', #1683, .T. ) ;
#5219 = DIRECTION ( 'NONE',  ( 0.0000000000000000000, 0.0000000000000000000, 1.000000000000000000 ) ) ;
#5220 = CARTESIAN_POINT ( 'NONE',  ( 1.394604489120463600, 0.3999999999999998600, -1.318332552521712200 ) ) ;
#5221 = DIRECTION ( 'NONE',  ( 0.0000000000000000000, 0.0000000000000000000, -1.000000000000000000 ) ) ;
#5222 = CARTESIAN_POINT ( 'NONE',  ( -1.495438813009132700, 0.7860123598946771000, -0.3768331742570778500 ) ) ;
#5223 = VERTEX_POINT ( 'NONE', #5054 ) ;
#5224 = DIRECTION ( 'NONE',  ( 0.0000000000000000000, 1.000000000000000000, 0.0000000000000000000 ) ) ;
#5225 = CARTESIAN_POINT ( 'NONE',  ( -0.7470000000000001100, 1.200000000000000200, 0.1050000000000000400 ) ) ;
#5226 = CARTESIAN_POINT ( 'NONE',  ( -1.500000000000000900, 0.8000000000995793900, -1.185168552299256100 ) ) ;
#5227 = DIRECTION ( 'NONE',  ( 0.0000000000000000000, -1.000000000000000000, 0.0000000000000000000 ) ) ;
#5228 = LINE ( 'NONE', #1063, #2784 ) ;
#5229 = EDGE_CURVE ( 'NONE', #6467, #6070, #4533, .T. ) ;
#5230 = AXIS2_PLACEMENT_3D ( 'NONE', #7985, #8766, #7237 ) ;
#5231 = LINE ( 'NONE', #1282, #5486 ) ;
#5232 =( BOUNDED_SURFACE ( )  B_SPLINE_SURFACE ( 3, 2, ( 
 ( #2001, #7979, #5798 ),
 ( #1319, #4200, #4979 ),
 ( #6535, #2079, #509 ),
 ( #454, #5678, #6410 ) ),
 .UNSPECIFIED., .F., .F., .F. ) 
 B_SPLINE_SURFACE_WITH_KNOTS ( ( 4, 4 ),
 ( 3, 3 ),
 ( -2.026102809832286400E-018, 6.356322544253996300E-005 ),
 ( 0.0000000000000000000, 1.000000000000000000 ),
 .UNSPECIFIED. ) 
 GEOMETRIC_REPRESENTATION_ITEM ( )  RATIONAL_B_SPLINE_SURFACE ( (
 ( 1.000000000000000000, 0.8040777125353375500, 1.000000000000000000),
 ( 1.000000000000000000, 0.8048198944759394900, 1.000000000000000000),
 ( 1.000000000000000000, 0.7489567002167021300, 1.000000000000000000),
 ( 1.000000000000000000, 0.7071067811850273400, 1.000000000000000000) ) ) 
 REPRESENTATION_ITEM ( '' )  SURFACE ( )  );
#5233 = CARTESIAN_POINT ( 'NONE',  ( -1.417986521886978700, 0.7898271945312302900, -1.308586128346852100 ) ) ;
#5234 = EDGE_CURVE ( 'NONE', #830, #3041, #5940, .T. ) ;
#5235 = AXIS2_PLACEMENT_3D ( 'NONE', #418, #4146, #7100 ) ;
#5236 = CARTESIAN_POINT ( 'NONE',  ( 1.495438813010397300, 0.4139876401014507800, -0.9391601626523339300 ) ) ;
#5237 = DIRECTION ( 'NONE',  ( 0.0000000000000000000, 1.000000000000000000, -0.0000000000000000000 ) ) ;
#5238 = CARTESIAN_POINT ( 'NONE',  ( -1.001240658052934100, 0.4529234108412327200, 1.435160477219354200 ) ) ;
#5239 = DIRECTION ( 'NONE',  ( 0.0000000000000000000, 0.0000000000000000000, -1.000000000000000000 ) ) ;
#5240 = CARTESIAN_POINT ( 'NONE',  ( 1.088621540091124800, 0.4080762362277957600, 1.393447894996824100 ) ) ;
#5241 = CARTESIAN_POINT ( 'NONE',  ( -1.325694516421789500, 1.200000000000000200, 1.349999999999999900 ) ) ;
#5242 = EDGE_CURVE ( 'NONE', #7968, #7499, #6747, .T. ) ;
#5243 = CARTESIAN_POINT ( 'NONE',  ( 1.495438812485681200, 0.7860123582894225100, -1.136612612534043400 ) ) ;
#5244 = CARTESIAN_POINT ( 'NONE',  ( 1.092748934521069000, 0.02500000000000052900, 1.415709792608938600 ) ) ;
#5245 = DIRECTION ( 'NONE',  ( 0.0000000000000000000, 1.000000000000000000, 0.0000000000000000000 ) ) ;
#5246 = DIRECTION ( 'NONE',  ( 0.0000000000000000000, 1.000000000000000000, 0.0000000000000000000 ) ) ;
#5247 = AXIS2_PLACEMENT_3D ( 'NONE', #587, #5105, #4284 ) ;
#5248 = DIRECTION ( 'NONE',  ( 0.0000000000000000000, 0.0000000000000000000, -1.000000000000000000 ) ) ;
#5249 = CARTESIAN_POINT ( 'NONE',  ( 0.6604745430351494100, 0.3999999999999999700, -1.487145739063883100 ) ) ;
#5250 = CARTESIAN_POINT ( 'NONE',  ( -0.5999999999999995300, 0.0000000000000000000, 1.500000000000000000 ) ) ;
#5251 = CARTESIAN_POINT ( 'NONE',  ( -1.051711303310016100, 0.4936403193949910900, 1.444879422295542800 ) ) ;
#5252 = VECTOR ( 'NONE', #7131, 1000.000000000000000 ) ;
#5253 = CARTESIAN_POINT ( 'NONE',  ( -0.5931453759609348600, 0.6000000000000000900, -1.434782608695651400 ) ) ;
#5254 = ADVANCED_FACE ( 'NONE', ( #5821 ), #2543, .F. ) ;
#5255 = ADVANCED_FACE ( 'NONE', ( #7668 ), #7427, .T. ) ;
#5256 = DIRECTION ( 'NONE',  ( 0.0000000000000000000, 1.000000000000000000, 0.0000000000000000000 ) ) ;
#5257 = DIRECTION ( 'NONE',  ( 0.0000000000000000000, 1.000000000000000000, 0.0000000000000000000 ) ) ;
#5258 = CARTESIAN_POINT ( 'NONE',  ( -1.419232049759557600, 0.7999578307361577800, -1.312403444404386600 ) ) ;
#5259 = CARTESIAN_POINT ( 'NONE',  ( -1.495438813010397900, 0.4139876401014512300, -1.130499522635683800 ) ) ;
#5260 = ORIENTED_EDGE ( 'NONE', *, *, #4446, .T. ) ;
#5261 = DIRECTION ( 'NONE',  ( -1.000000000000000000, 0.0000000000000000000, 0.0000000000000000000 ) ) ;
#5262 = CYLINDRICAL_SURFACE ( 'NONE', #3903, 0.02249999999999995100 ) ;
#5263 = AXIS2_PLACEMENT_3D ( 'NONE', #387, #4114, #5645 ) ;
#5264 = EDGE_CURVE ( 'NONE', #2471, #7348, #1966, .T. ) ;
#5265 = ORIENTED_EDGE ( 'NONE', *, *, #471, .F. ) ;
#5266 = EDGE_CURVE ( 'NONE', #9529, #687, #7771, .T. ) ;
#5267 = CARTESIAN_POINT ( 'NONE',  ( -0.7470000000000001100, 1.200000000000000200, 0.1050000000000000400 ) ) ;
#5268 = DIRECTION ( 'NONE',  ( 0.0000000000000000000, 1.000000000000000000, 0.0000000000000000000 ) ) ;
#5269 = CIRCLE ( 'NONE', #4944, 0.02250000000000004400 ) ;
#5270 = CARTESIAN_POINT ( 'NONE',  ( -1.045194379993254200, 0.5134737001386930900, 1.431810416418726200 ) ) ;
#5271 = ORIENTED_EDGE ( 'NONE', *, *, #6195, .F. ) ;
#5272 = DIRECTION ( 'NONE',  ( 0.0000000000000000000, 1.000000000000000000, -0.0000000000000000000 ) ) ;
#5273 = LINE ( 'NONE', #8810, #2282 ) ;
#5274 = CARTESIAN_POINT ( 'NONE',  ( -1.007000000000000100, 1.086360389693210800, 0.1575000000000000800 ) ) ;
#5275 = VERTEX_POINT ( 'NONE', #4553 ) ;
#5276 = ORIENTED_EDGE ( 'NONE', *, *, #5954, .T. ) ;
#5277 = VERTEX_POINT ( 'NONE', #1603 ) ;
#5278 = PRESENTATION_LAYER_ASSIGNMENT (  '', '', ( #5094 ) ) ;
#5279 = EDGE_LOOP ( 'NONE', ( #6701, #6318, #638, #1694 ) ) ;
#5280 = CARTESIAN_POINT ( 'NONE',  ( 1.495054894737327200, 0.4135542579039245800, -1.145872492316882400 ) ) ;
#5281 = CIRCLE ( 'NONE', #1808, 0.02250000000000005800 ) ;
#5282 = EDGE_CURVE ( 'NONE', #9397, #7989, #4651, .T. ) ;
#5283 = CARTESIAN_POINT ( 'NONE',  ( -1.057000000000000200, 1.150000000000000100, -0.02249999999999992600 ) ) ;
#5284 = CIRCLE ( 'NONE', #3840, 0.02250000000000005800 ) ;
#5285 = ORIENTED_EDGE ( 'NONE', *, *, #7107, .T. ) ;
#5286 = ORIENTED_EDGE ( 'NONE', *, *, #7876, .T. ) ;
#5287 = CARTESIAN_POINT ( 'NONE',  ( -0.5390000000000001500, 1.200000000000000200, 0.1800000000000001000 ) ) ;
#5288 = CARTESIAN_POINT ( 'NONE',  ( 1.262628383457521800, 0.3979999999999999600, -1.359820733013525000 ) ) ;
#5289 = FACE_OUTER_BOUND ( 'NONE', #1714, .T. ) ;
#5290 = EDGE_CURVE ( 'NONE', #6324, #3762, #9126, .T. ) ;
#5291 = CARTESIAN_POINT ( 'NONE',  ( 1.500000000000000000, 0.8000000000000001600, -1.312950225730386000 ) ) ;
#5292 = VECTOR ( 'NONE', #4997, 1000.000000000000000 ) ;
#5293 = CARTESIAN_POINT ( 'NONE',  ( -0.9045000000000001900, 1.200000000000000200, 0.2375000000000001300 ) ) ;
#5294 = FACE_OUTER_BOUND ( 'NONE', #6041, .T. ) ;
#5295 = DIRECTION ( 'NONE',  ( 0.06823212742845995200, 0.9975640502598247500, 0.01450318640162372900 ) ) ;
#5296 = DIRECTION ( 'NONE',  ( 0.0000000000000000000, 0.0000000000000000000, 1.000000000000000000 ) ) ;
#5297 = ORIENTED_EDGE ( 'NONE', *, *, #6528, .F. ) ;
#5298 = CARTESIAN_POINT ( 'NONE',  ( -1.434635632058048400, 0.5999839502532806600, 1.137628711056643200 ) ) ;
#5299 = ORIENTED_EDGE ( 'NONE', *, *, #3366, .T. ) ;
#5300 = AXIS2_PLACEMENT_3D ( 'NONE', #8579, #4150, #9304 ) ;
#5301 = CARTESIAN_POINT ( 'NONE',  ( 1.394693821296253400, 0.4000000000001129300, 1.318278714317146400 ) ) ;
#5302 = VECTOR ( 'NONE', #5907, 1000.000000000000000 ) ;
#5303 = ORIENTED_EDGE ( 'NONE', *, *, #8538, .F. ) ;
#5304 = LINE ( 'NONE', #1730, #1563 ) ;
#5305 = VERTEX_POINT ( 'NONE', #24 ) ;
#5306 = DIRECTION ( 'NONE',  ( 0.0000000000000000000, 0.0000000000000000000, 1.000000000000000000 ) ) ;
#5307 = FACE_OUTER_BOUND ( 'NONE', #6356, .T. ) ;
#5308 = EDGE_LOOP ( 'NONE', ( #3777, #1247, #5530, #46 ) ) ;
#5309 = CARTESIAN_POINT ( 'NONE',  ( -1.093725115361734200, 0.4800991237088094700, 1.417828874908891000 ) ) ;
#5310 = ORIENTED_EDGE ( 'NONE', *, *, #5264, .F. ) ;
#5311 = DIRECTION ( 'NONE',  ( 0.0000000000000000000, -0.0000000000000000000, 1.000000000000000000 ) ) ;
#5312 = CARTESIAN_POINT ( 'NONE',  ( -1.007772784199197700, 0.4677889013271269200, 1.454218842842610600 ) ) ;
#5313 = CARTESIAN_POINT ( 'NONE',  ( -0.7470000000000000000, 1.086360389693210800, 0.3300000000000001300 ) ) ;
#5314 = ADVANCED_FACE ( 'NONE', ( #8882 ), #6281, .T. ) ;
#5315 = CIRCLE ( 'NONE', #9514, 0.02250000000000005800 ) ;
#5316 = EDGE_LOOP ( 'NONE', ( #8146, #3304, #5153, #3852 ) ) ;
#5317 = ADVANCED_FACE ( 'NONE', ( #4770 ), #759, .F. ) ;
#5318 = ORIENTED_EDGE ( 'NONE', *, *, #1978, .F. ) ;
#5319 = LINE ( 'NONE', #7090, #4853 ) ;
#5320 = EDGE_LOOP ( 'NONE', ( #411, #2841, #1602, #7750, #8067, #8557 ) ) ;
#5321 = ORIENTED_EDGE ( 'NONE', *, *, #2544, .T. ) ;
#5322 = DIRECTION ( 'NONE',  ( 0.0000000000000000000, 1.000000000000000000, 0.0000000000000000000 ) ) ;
#5323 = DIRECTION ( 'NONE',  ( 0.0000000000000000000, 1.000000000000000000, -0.0000000000000000000 ) ) ;
#5324 = CARTESIAN_POINT ( 'NONE',  ( -1.500000000000000000, 0.8000000000000001600, 1.134750653960801200 ) ) ;
#5325 = DIRECTION ( 'NONE',  ( -1.000000000000000000, 0.0000000000000000000, -0.0000000000000000000 ) ) ;
#5326 = CIRCLE ( 'NONE', #9385, 0.02249999999999995100 ) ;
#5327 = VERTEX_POINT ( 'NONE', #5283 ) ;
#5328 = DIRECTION ( 'NONE',  ( -1.224646799147353200E-016, -1.000000000000000000, 0.0000000000000000000 ) ) ;
#5329 = DIRECTION ( 'NONE',  ( 0.0000000000000000000, 1.000000000000000000, 0.0000000000000000000 ) ) ;
#5330 = VECTOR ( 'NONE', #5366, 1000.000000000000000 ) ;
#5331 = ORIENTED_EDGE ( 'NONE', *, *, #8501, .F. ) ;
#5332 = CARTESIAN_POINT ( 'NONE',  ( -0.6945000000000002300, 1.150000000000000100, -0.1825000000000000000 ) ) ;
#5333 = DIRECTION ( 'NONE',  ( 0.0000000000000000000, 0.0000000000000000000, -1.000000000000000000 ) ) ;
#5334 = CARTESIAN_POINT ( 'NONE',  ( -0.4370000000000001100, 1.200000000000000200, 4.127059713126576100E-017 ) ) ;
#5335 = DIRECTION ( 'NONE',  ( 3.836187988367472200E-016, 0.0000000000000000000, 1.000000000000000000 ) ) ;
#5336 = CARTESIAN_POINT ( 'NONE',  ( 1.030529192998819400, 0.5599999999999997200, 1.367594571243003800 ) ) ;
#5337 = LINE ( 'NONE', #3586, #8988 ) ;
#5338 = DIRECTION ( 'NONE',  ( 0.0000000000000000000, 0.0000000000000000000, -1.000000000000000000 ) ) ;
#5339 = CARTESIAN_POINT ( 'NONE',  ( 1.109909727907943700, 2.432982814635212000E-005, 1.391615341473794600 ) ) ;
#5340 = ORIENTED_EDGE ( 'NONE', *, *, #4776, .F. ) ;
#5341 = ORIENTED_EDGE ( 'NONE', *, *, #1212, .T. ) ;
#5342 = ORIENTED_EDGE ( 'NONE', *, *, #6312, .T. ) ;
#5343 = CARTESIAN_POINT ( 'NONE',  ( -0.5999999999999995300, 0.3999999999999997400, 1.500000000000000000 ) ) ;
#5344 = EDGE_CURVE ( 'NONE', #1671, #3548, #8675, .T. ) ;
#5345 = LINE ( 'NONE', #1178, #2423 ) ;
#5346 = DIRECTION ( 'NONE',  ( 0.0000000000000000000, 1.000000000000000000, 0.0000000000000000000 ) ) ;
#5347 = AXIS2_PLACEMENT_3D ( 'NONE', #9107, #3171, #4020 ) ;
#5348 = CARTESIAN_POINT ( 'NONE',  ( 1.119935457189617400, 0.4080762362277955400, -1.386791916445949000 ) ) ;
#5349 = VERTEX_POINT ( 'NONE', #6055 ) ;
#5350 = EDGE_CURVE ( 'NONE', #1441, #1142, #2661, .T. ) ;
#5351 = EDGE_CURVE ( 'NONE', #9498, #7010, #4092, .T. ) ;
#5352 = LINE ( 'NONE', #8724, #7418 ) ;
#5353 = PRODUCT_DEFINITION_SHAPE ( 'NONE', 'NONE',  #4044 ) ;
#5354 = DIRECTION ( 'NONE',  ( 0.0000000000000000000, 0.0000000000000000000, -1.000000000000000000 ) ) ;
#5355 = MANIFOLD_SOLID_BREP ( 'Boss-Extrude7[22]', #2741 ) ;
#5356 = EDGE_LOOP ( 'NONE', ( #5205, #2243 ) ) ;
#5357 = CARTESIAN_POINT ( 'NONE',  ( 1.458111848840109900, 0.3999999999999999700, -1.260563498910927100 ) ) ;
#5358 = DIRECTION ( 'NONE',  ( -0.0000000000000000000, 1.000000000000000000, -0.0000000000000000000 ) ) ;
#5359 = CARTESIAN_POINT ( 'NONE',  ( 0.6000685462403910800, 0.3979999999999999600, 1.500652173913043400 ) ) ;
#5360 =( NAMED_UNIT ( * ) PLANE_ANGLE_UNIT ( ) SI_UNIT ( $, .RADIAN. ) );
#5361 = SURFACE_SIDE_STYLE ('',( #6069 ) ) ;
#5362 = AXIS2_PLACEMENT_3D ( 'NONE', #803, #8212, #6014 ) ;
#5363 = FILL_AREA_STYLE ('',( #4664 ) ) ;
#5364 = CARTESIAN_POINT ( 'NONE',  ( -1.434782608695654800, 0.6000000000000010900, 0.5702714232599902500 ) ) ;
#5365 = ADVANCED_FACE ( 'NONE', ( #697 ), #6955, .T. ) ;
#5366 = DIRECTION ( 'NONE',  ( -5.889419529499061100E-016, -1.000000000000000000, 2.253809921677687600E-016 ) ) ;
#5367 = AXIS2_PLACEMENT_3D ( 'NONE', #7836, #3369, #1936 ) ;
#5368 = DIRECTION ( 'NONE',  ( -0.0000000000000000000, 1.000000000000000000, -0.0000000000000000000 ) ) ;
#5369 = MECHANICAL_DESIGN_GEOMETRIC_PRESENTATION_REPRESENTATION (  '', ( #874 ), #6426 ) ;
#5370 = AXIS2_PLACEMENT_3D ( 'NONE', #3096, #888, #8297 ) ;
#5371 = CARTESIAN_POINT ( 'NONE',  ( -0.7470000000000001100, 1.086360389693210800, -0.02249999999999999600 ) ) ;
#5372 = CARTESIAN_POINT ( 'NONE',  ( -0.6182269360013452600, 0.7860123598985502300, 1.495438813010396800 ) ) ;
#5373 = LINE ( 'NONE', #7883, #5252 ) ;
#5374 = CARTESIAN_POINT ( 'NONE',  ( -0.6945000000000002300, 1.150000000000000100, 0.2050000000000000400 ) ) ;
#5375 = DIRECTION ( 'NONE',  ( 0.0000000000000000000, -0.0000000000000000000, 1.000000000000000000 ) ) ;
#5376 = DIRECTION ( 'NONE',  ( 0.0000000000000000000, 1.000000000000000000, -0.0000000000000000000 ) ) ;
#5377 = ORIENTED_EDGE ( 'NONE', *, *, #4260, .T. ) ;
#5378 = EDGE_CURVE ( 'NONE', #1544, #5509, #6151, .T. ) ;
#5379 = CIRCLE ( 'NONE', #2912, 0.02250000000000005800 ) ;
#5380 = CARTESIAN_POINT ( 'NONE',  ( -1.057000000000000200, 1.150000000000000100, 1.171986986784016800E-016 ) ) ;
#5381 = DIRECTION ( 'NONE',  ( 0.0000000000000000000, 1.000000000000000000, 0.0000000000000000000 ) ) ;
#5382 = EDGE_LOOP ( 'NONE', ( #5310, #2739, #6713, #1030 ) ) ;
#5383 = CARTESIAN_POINT ( 'NONE',  ( -0.4870000000000001500, 1.150000000000000100, 0.1349999999999999800 ) ) ;
#5384 = DIRECTION ( 'NONE',  ( 0.2079116908177527600, 0.0000000000000000000, -0.9781476007338070200 ) ) ;
#5385 = CARTESIAN_POINT ( 'NONE',  ( -1.438010820619607600, 0.3999999999999999700, 1.283600108041693000 ) ) ;
#5386 = EDGE_LOOP ( 'NONE', ( #1437, #7037, #8384, #1463 ) ) ;
#5387 = LINE ( 'NONE', #9125, #3153 ) ;
#5388 = DIRECTION ( 'NONE',  ( -0.9781476007338061300, 0.0000000000000000000, 0.2079116908177569600 ) ) ;
#5389 = CARTESIAN_POINT ( 'NONE',  ( -1.500000000000000900, 0.4000000000000000200, -0.9386950364355496300 ) ) ;
#5390 = ORIENTED_EDGE ( 'NONE', *, *, #907, .F. ) ;
#5391 = DIRECTION ( 'NONE',  ( 0.0000000000000000000, 0.0000000000000000000, -1.000000000000000000 ) ) ;
#5392 = VERTEX_POINT ( 'NONE', #301 ) ;
#5393 = CARTESIAN_POINT ( 'NONE',  ( -0.9643106581803495600, 0.02639512947488284800, 1.422563379117444800 ) ) ;
#5394 = DIRECTION ( 'NONE',  ( 0.0000000000000000000, -1.000000000000000000, 0.0000000000000000000 ) ) ;
#5395 = FACE_OUTER_BOUND ( 'NONE', #868, .T. ) ;
#5396 = ORIENTED_EDGE ( 'NONE', *, *, #557, .T. ) ;
#5397 = CIRCLE ( 'NONE', #1004, 0.02250000000000005800 ) ;
#5398 = LINE ( 'NONE', #5085, #7121 ) ;
#5399 = EDGE_CURVE ( 'NONE', #1103, #7491, #5112, .T. ) ;
#5400 = ORIENTED_EDGE ( 'NONE', *, *, #6220, .F. ) ;
#5401 = EDGE_CURVE ( 'NONE', #7398, #2855, #5691, .T. ) ;
#5402 = ORIENTED_EDGE ( 'NONE', *, *, #9431, .T. ) ;
#5403 = CARTESIAN_POINT ( 'NONE',  ( -0.9570000000000001800, 1.086360389693210800, -0.02249999999999993700 ) ) ;
#5404 = VERTEX_POINT ( 'NONE', #920 ) ;
#5405 = DIRECTION ( 'NONE',  ( -3.836187988367471200E-016, -0.0000000000000000000, -1.000000000000000000 ) ) ;
#5406 = CARTESIAN_POINT ( 'NONE',  ( -0.6420000000000002400, 1.200000000000000200, 0.08250000000000011500 ) ) ;
#5407 = ORIENTED_EDGE ( 'NONE', *, *, #7504, .F. ) ;
#5408 = DIRECTION ( 'NONE',  ( 0.0000000000000000000, -0.0000000000000000000, 1.000000000000000000 ) ) ;
#5409 = FACE_OUTER_BOUND ( 'NONE', #5773, .T. ) ;
#5410 = DIRECTION ( 'NONE',  ( -0.0000000000000000000, 1.000000000000000000, -0.0000000000000000000 ) ) ;
#5411 = ADVANCED_FACE ( 'NONE', ( #455 ), #9353, .T. ) ;
#5412 = ADVANCED_FACE ( 'NONE', ( #5218 ), #8325, .T. ) ;
#5413 = ORIENTED_EDGE ( 'NONE', *, *, #7994, .F. ) ;
#5414 = ORIENTED_EDGE ( 'NONE', *, *, #68, .T. ) ;
#5415 = AXIS2_PLACEMENT_3D ( 'NONE', #9358, #537, #1993 ) ;
#5416 = DIRECTION ( 'NONE',  ( 0.0000000000000000000, 1.000000000000000000, -0.0000000000000000000 ) ) ;
#5417 = AXIS2_PLACEMENT_3D ( 'NONE', #5521, #9120, #4689 ) ;
#5418 = DIRECTION ( 'NONE',  ( 0.0000000000000000000, 1.000000000000000000, 0.0000000000000000000 ) ) ;
#5419 = DIRECTION ( 'NONE',  ( 0.0000000000000000000, 0.0000000000000000000, 1.000000000000000000 ) ) ;
#5420 = DIRECTION ( 'NONE',  ( 0.0000000000000000000, 0.0000000000000000000, 1.000000000000000000 ) ) ;
#5421 = DIRECTION ( 'NONE',  ( 0.0000000000000000000, 0.0000000000000000000, 1.000000000000000000 ) ) ;
#5422 = LINE ( 'NONE', #1558, #5055 ) ;
#5423 = ORIENTED_EDGE ( 'NONE', *, *, #8287, .T. ) ;
#5424 = CARTESIAN_POINT ( 'NONE',  ( 1.456617477240276900, 0.3979999999999999600, 1.271412858263139400 ) ) ;
#5425 = EDGE_LOOP ( 'NONE', ( #754, #5203, #1091, #8599 ) ) ;
#5426 = CARTESIAN_POINT ( 'NONE',  ( -1.112311886535745100, 0.02500000000000052900, 1.411551558792583300 ) ) ;
#5427 = EDGE_CURVE ( 'NONE', #4613, #1721, #6854, .T. ) ;
#5428 = CARTESIAN_POINT ( 'NONE',  ( -1.500652173913043600, 0.8020000000000001600, -1.156411760151925700 ) ) ;
#5429 = CIRCLE ( 'NONE', #470, 0.02250000000000005800 ) ;
#5430 = AXIS2_PLACEMENT_3D ( 'NONE', #2096, #7291, #5836 ) ;
#5431 = ORIENTED_EDGE ( 'NONE', *, *, #5207, .F. ) ;
#5432 = CARTESIAN_POINT ( 'NONE',  ( -0.4870000000000001500, 1.200000000000000200, 0.1575000000000000300 ) ) ;
#5433 = CARTESIAN_POINT ( 'NONE',  ( -0.7470000000000000000, 1.150000000000000100, -0.3300000000000000200 ) ) ;
#5434 = DIRECTION ( 'NONE',  ( -0.2079116908177527600, 3.725922427599044200E-017, 0.9781476007338069100 ) ) ;
#5435 = ORIENTED_EDGE ( 'NONE', *, *, #8344, .T. ) ;
#5436 = CARTESIAN_POINT ( 'NONE',  ( -0.5370000000000001400, 1.150000000000000100, -0.02249999999999987800 ) ) ;
#5437 = FACE_OUTER_BOUND ( 'NONE', #2369, .T. ) ;
#5438 = AXIS2_PLACEMENT_3D ( 'NONE', #3922, #913, #9010 ) ;
#5439 = ORIENTED_EDGE ( 'NONE', *, *, #5910, .T. ) ;
#5440 = AXIS2_PLACEMENT_3D ( 'NONE', #8153, #5904, #8191 ) ;
#5441 = VERTEX_POINT ( 'NONE', #5489 ) ;
#5442 = VECTOR ( 'NONE', #1929, 1000.000000000000000 ) ;
#5443 = CARTESIAN_POINT ( 'NONE',  ( -0.7995000000000001000, 1.086360389693210800, 0.2050000000000000400 ) ) ;
#5444 = CARTESIAN_POINT ( 'NONE',  ( -0.4870000000000001500, 1.200000000000000200, 0.1800000000000001000 ) ) ;
#5445 = CARTESIAN_POINT ( 'NONE',  ( -1.433643959235990900, 0.5999774282941629000, -1.149746531919412200 ) ) ;
#5446 = ORIENTED_EDGE ( 'NONE', *, *, #2701, .T. ) ;
#5447 = CARTESIAN_POINT ( 'NONE',  ( -1.279941855525978100, 0.0000000000000000000, 1.130499522727402200 ) ) ;
#5448 = FACE_OUTER_BOUND ( 'NONE', #9081, .T. ) ;
#5449 = EDGE_LOOP ( 'NONE', ( #3291, #906, #7632, #6234 ) ) ;
#5450 = ORIENTED_EDGE ( 'NONE', *, *, #9246, .T. ) ;
#5451 = DIRECTION ( 'NONE',  ( 0.0000000000000000000, 1.000000000000000000, 0.0000000000000000000 ) ) ;
#5452 = AXIS2_PLACEMENT_3D ( 'NONE', #5944, #800, #1531 ) ;
#5453 = FACE_OUTER_BOUND ( 'NONE', #5696, .T. ) ;
#5454 = CARTESIAN_POINT ( 'NONE',  ( 1.500652173913043600, 0.8020000000000000500, 1.156411760151925900 ) ) ;
#5455 = AXIS2_PLACEMENT_3D ( 'NONE', #2126, #4265, #2099 ) ;
#5456 = DIRECTION ( 'NONE',  ( 0.0000000000000000000, 1.000000000000000000, 0.0000000000000000000 ) ) ;
#5457 = VECTOR ( 'NONE', #2047, 1000.000000000000200 ) ;
#5458 = ORIENTED_EDGE ( 'NONE', *, *, #8100, .F. ) ;
#5459 = DIRECTION ( 'NONE',  ( 0.0000000000000000000, -1.000000000000000000, 0.0000000000000000000 ) ) ;
#5460 = VERTEX_POINT ( 'NONE', #6154 ) ;
#5461 = CARTESIAN_POINT ( 'NONE',  ( -0.9045000000000001900, 1.086360389693210800, 0.2600000000000001800 ) ) ;
#5462 = CARTESIAN_POINT ( 'NONE',  ( 0.7801591384149991800, 0.3999999999999995800, 1.461705992985075800 ) ) ;
#5463 = VECTOR ( 'NONE', #2055, 1000.000000000000000 ) ;
#5464 = DIRECTION ( 'NONE',  ( 0.9781476007338070200, -2.121019507454156500E-016, 0.2079116908177527400 ) ) ;
#5465 = CARTESIAN_POINT ( 'NONE',  ( -0.6000000000000002000, 0.3999999999999999700, -1.499999999999999600 ) ) ;
#5466 = CARTESIAN_POINT ( 'NONE',  ( -1.500000000000001600, 0.7999999999999999300, -0.5624734095306168600 ) ) ;
#5467 = VERTEX_POINT ( 'NONE', #9117 ) ;
#5468 = ADVANCED_FACE ( 'NONE', ( #1 ), #6927, .T. ) ;
#5469 = DIRECTION ( 'NONE',  ( 0.0000000000000000000, -1.000000000000000000, 0.0000000000000000000 ) ) ;
#5470 = DIRECTION ( 'NONE',  ( 0.0000000000000000000, 1.000000000000000000, -0.0000000000000000000 ) ) ;
#5471 = EDGE_CURVE ( 'NONE', #4732, #4875, #230, .T. ) ;
#5472 =( NAMED_UNIT ( * ) SI_UNIT ( $, .STERADIAN. ) SOLID_ANGLE_UNIT ( ) );
#5473 = VECTOR ( 'NONE', #172, 1000.000000000000000 ) ;
#5474 = VERTEX_POINT ( 'NONE', #6442 ) ;
#5475 = CARTESIAN_POINT ( 'NONE',  ( -1.083650699927993600, 0.2188115784608656000, 1.438090493968610600 ) ) ;
#5476 = DIRECTION ( 'NONE',  ( 0.2079116908177528200, -1.143494478793303900E-015, -0.9781476007338069100 ) ) ;
#5477 = CARTESIAN_POINT ( 'NONE',  ( -1.495438812634752900, 0.4139876412523112400, -1.132039460727173100 ) ) ;
#5478 = CARTESIAN_POINT ( 'NONE',  ( -1.071688349425554900, 0.5237666662399129700, 1.371437190731543700 ) ) ;
#5479 = FACE_OUTER_BOUND ( 'NONE', #6392, .T. ) ;
#5480 = CARTESIAN_POINT ( 'NONE',  ( -1.325694516421790100, -0.0000000000000000000, -1.345748868766599500 ) ) ;
#5481 = CARTESIAN_POINT ( 'NONE',  ( 0.9879841896435035400, 0.02500000000000050100, 1.437978226564349700 ) ) ;
#5482 = EDGE_CURVE ( 'NONE', #4460, #4592, #6399, .T. ) ;
#5483 = DIRECTION ( 'NONE',  ( -0.0000000000000000000, 1.000000000000000000, -0.0000000000000000000 ) ) ;
#5484 = CARTESIAN_POINT ( 'NONE',  ( -0.9550000000000000700, 1.200000000000000200, 0.1350000000000000400 ) ) ;
#5485 = MANIFOLD_SOLID_BREP ( 'Boss-Extrude7[27]', #8654 ) ;
#5486 = VECTOR ( 'NONE', #2814, 1000.000000000000000 ) ;
#5487 = CARTESIAN_POINT ( 'NONE',  ( 0.6530611828246064600, 0.6000000000000000900, -1.422047110799025100 ) ) ;
#5488 = CARTESIAN_POINT ( 'NONE',  ( -0.5895000000000000200, 1.200000000000000200, 0.2375000000000002100 ) ) ;
#5489 = CARTESIAN_POINT ( 'NONE',  ( -0.6945000000000002300, 1.200000000000000200, 0.1825000000000001100 ) ) ;
#5490 = CARTESIAN_POINT ( 'NONE',  ( -1.095094007967524700, 0.4585195523801529100, 1.395732338628540700 ) ) ;
#5491 = DIRECTION ( 'NONE',  ( 0.0000000000000000000, 1.000000000000000000, -3.530747742785944100E-010 ) ) ;
#5492 = ORIENTED_EDGE ( 'NONE', *, *, #7428, .F. ) ;
#5493 = DIRECTION ( 'NONE',  ( 0.0000000000000000000, 1.000000000000000000, 0.0000000000000000000 ) ) ;
#5494 = CARTESIAN_POINT ( 'NONE',  ( 0.9587566223550455500, 0.4000000000000001900, 1.423743925875862800 ) ) ;
#5495 = B_SPLINE_CURVE_WITH_KNOTS ( 'NONE', 3,
 ( #6071, #2437, #1680, #2408 ),
 .UNSPECIFIED., .F., .F.,
 ( 4, 4 ),
 ( 0.0000000000000000000, 6.217883288786601100E-006 ),
 .UNSPECIFIED. ) ;
#5496 = DIRECTION ( 'NONE',  ( 0.0000000000000000000, 0.0000000000000000000, 1.000000000000000000 ) ) ;
#5497 = AXIS2_PLACEMENT_3D ( 'NONE', #7027, #9197, #8460 ) ;
#5498 = CARTESIAN_POINT ( 'NONE',  ( -1.434782608695653200, 0.6000000000000000900, -0.9453088734910621800 ) ) ;
#5499 = DIRECTION ( 'NONE',  ( 0.0000000000000000000, 0.0000000000000000000, -1.000000000000000000 ) ) ;
#5500 = CARTESIAN_POINT ( 'NONE',  ( -0.5895000000000000200, 1.200000000000000200, 0.2600000000000001200 ) ) ;
#5501 = VECTOR ( 'NONE', #2159, 1000.000000000000000 ) ;
#5502 = VECTOR ( 'NONE', #7174, 1000.000000000000000 ) ;
#5503 = DIRECTION ( 'NONE',  ( 0.0000000000000000000, -0.0000000000000000000, -1.000000000000000000 ) ) ;
#5504 = VECTOR ( 'NONE', #257, 1000.000000000000000 ) ;
#5505 = CARTESIAN_POINT ( 'NONE',  ( -1.057000000000000200, 1.150000000000000100, 0.02250000000000016600 ) ) ;
#5506 = PLANE ( 'NONE',  #7838 ) ;
#5507 = CARTESIAN_POINT ( 'NONE',  ( -1.430576291615407900, 0.5999670730195529900, -1.167064031648907400 ) ) ;
#5508 = AXIS2_PLACEMENT_3D ( 'NONE', #880, #4648, #204 ) ;
#5509 = VERTEX_POINT ( 'NONE', #6511 ) ;
#5510 = CARTESIAN_POINT ( 'NONE',  ( 1.495445506429504000, 0.4139165364120369100, 1.133579716072223900 ) ) ;
#5511 = SURFACE_SIDE_STYLE ('',( #8124 ) ) ;
#5512 = ORIENTED_EDGE ( 'NONE', *, *, #7186, .T. ) ;
#5513 = EDGE_CURVE ( 'NONE', #9181, #8594, #4761, .T. ) ;
#5514 = CIRCLE ( 'NONE', #7229, 0.2200581444740219200 ) ;
#5515 = VERTEX_POINT ( 'NONE', #9391 ) ;
#5516 = CARTESIAN_POINT ( 'NONE',  ( 1.493652846592846700, 0.8000000000000003800, -1.203428422741093600 ) ) ;
#5517 = CARTESIAN_POINT ( 'NONE',  ( 1.488597793338551000, 0.3999999999999999700, 1.200421766715774400 ) ) ;
#5518 = CARTESIAN_POINT ( 'NONE',  ( -0.8520000000000000900, 1.200000000000000200, -0.1049999999999999300 ) ) ;
#5519 = EDGE_CURVE ( 'NONE', #4341, #1352, #3927, .T. ) ;
#5520 = CIRCLE ( 'NONE', #4771, 0.02250000000000005800 ) ;
#5521 = CARTESIAN_POINT ( 'NONE',  ( -0.6420000000000002400, 1.150000000000000100, 0.1050000000000000700 ) ) ;
#5522 = ORIENTED_EDGE ( 'NONE', *, *, #1090, .F. ) ;
#5523 = VERTEX_POINT ( 'NONE', #2716 ) ;
#5524 = DIRECTION ( 'NONE',  ( 0.0000000000000000000, -0.0000000000000000000, -1.000000000000000000 ) ) ;
#5525 = ORIENTED_EDGE ( 'NONE', *, *, #3944, .T. ) ;
#5526 = CARTESIAN_POINT ( 'NONE',  ( -1.500000000000000000, 0.8000000000000001600, -1.156361065365217400 ) ) ;
#5527 = CYLINDRICAL_SURFACE ( 'NONE', #2808, 0.02249999999999995100 ) ;
#5528 = LINE ( 'NONE', #5582, #2821 ) ;
#5529 = DIRECTION ( 'NONE',  ( 0.2079116908177535700, -0.0000000000000000000, 0.9781476007338069100 ) ) ;
#5530 = ORIENTED_EDGE ( 'NONE', *, *, #2348, .T. ) ;
#5531 = ORIENTED_EDGE ( 'NONE', *, *, #2947, .T. ) ;
#5532 = CARTESIAN_POINT ( 'NONE',  ( 0.6187541509432499300, 0.7907215304527238600, 1.496974412104149100 ) ) ;
#5533 = AXIS2_PLACEMENT_3D ( 'NONE', #5267, #4490, #6021 ) ;
#5534 = VECTOR ( 'NONE', #7788, 1000.000000000000000 ) ;
#5535 = EDGE_CURVE ( 'NONE', #4579, #2816, #7900, .T. ) ;
#5536 = EDGE_CURVE ( 'NONE', #541, #1441, #1715, .T. ) ;
#5537 = CARTESIAN_POINT ( 'NONE',  ( 1.017433925442263100, 0.4830782563120238900, 1.452165303878176300 ) ) ;
#5538 = DIRECTION ( 'NONE',  ( -0.1266298249066713000, -0.9430765049807925400, -0.3075249472763454400 ) ) ;
#5539 = CIRCLE ( 'NONE', #9231, 0.2200581444740220300 ) ;
#5540 = ORIENTED_EDGE ( 'NONE', *, *, #5234, .F. ) ;
#5541 = DIRECTION ( 'NONE',  ( 0.0000000000000000000, 1.000000000000000000, -0.0000000000000000000 ) ) ;
#5542 = ORIENTED_EDGE ( 'NONE', *, *, #6865, .T. ) ;
#5543 = CARTESIAN_POINT ( 'NONE',  ( -1.057000000000000200, 1.150000000000000100, 1.171986986784016800E-016 ) ) ;
#5544 = DIRECTION ( 'NONE',  ( 0.0000000000000000000, 0.0000000000000000000, 1.000000000000000000 ) ) ;
#5545 = CYLINDRICAL_SURFACE ( 'NONE', #3655, 0.02250000000000005500 ) ;
#5546 = LINE ( 'NONE', #81, #5302 ) ;
#5547 = LINE ( 'NONE', #9380, #3295 ) ;
#5548 = ORIENTED_EDGE ( 'NONE', *, *, #1292, .F. ) ;
#5549 = UNCERTAINTY_MEASURE_WITH_UNIT (LENGTH_MEASURE( 1.000000000000000100E-005 ), #9086, 'distance_accuracy_value', 'NONE');
#5550 = VECTOR ( 'NONE', #7376, 1000.000000000000200 ) ;
#5551 = ORIENTED_EDGE ( 'NONE', *, *, #347, .T. ) ;
#5552 = ORIENTED_EDGE ( 'NONE', *, *, #1890, .F. ) ;
#5553 = CARTESIAN_POINT ( 'NONE',  ( 1.254989512610312600, 0.6000000000000000900, -1.294103294648000700 ) ) ;
#5554 = AXIS2_PLACEMENT_3D ( 'NONE', #9357, #9382, #4998 ) ;
#5555 = DIRECTION ( 'NONE',  ( -4.452128847592692000E-016, -1.000000000000000000, 1.074407905678802600E-015 ) ) ;
#5556 = VERTEX_POINT ( 'NONE', #7230 ) ;
#5557 = CARTESIAN_POINT ( 'NONE',  ( -0.6945000000000002300, 1.200000000000000200, -0.1825000000000000000 ) ) ;
#5558 = B_SPLINE_CURVE_WITH_KNOTS ( 'NONE', 3,
 ( #6167, #6102, #936, #3030, #196, #6045 ),
 .UNSPECIFIED., .F., .F.,
 ( 4, 2, 4 ),
 ( -5.999994469559641600E-008, 0.0001478820891776866700, 0.0002958241783000689700 ),
 .UNSPECIFIED. ) ;
#5559 = ORIENTED_EDGE ( 'NONE', *, *, #8617, .T. ) ;
#5560 = CARTESIAN_POINT ( 'NONE',  ( -0.9570000000000001800, 1.200000000000000200, -0.02249999999999993700 ) ) ;
#5561 = ORIENTED_EDGE ( 'NONE', *, *, #1039, .F. ) ;
#5562 = ORIENTED_EDGE ( 'NONE', *, *, #1396, .T. ) ;
#5563 = VERTEX_POINT ( 'NONE', #1225 ) ;
#5564 = EDGE_LOOP ( 'NONE', ( #6191, #6841 ) ) ;
#5565 = CARTESIAN_POINT ( 'NONE',  ( -1.029565662753071400, 0.5499548840872616800, 1.376029773392973800 ) ) ;
#5566 = CARTESIAN_POINT ( 'NONE',  ( -1.347233208491459300, 0.8000000000000002700, 1.345421809670801000 ) ) ;
#5567 = ADVANCED_FACE ( 'NONE', ( #7546 ), #545, .T. ) ;
#5568 = AXIS2_PLACEMENT_3D ( 'NONE', #8301, #8174, #3719 ) ;
#5569 = ADVANCED_FACE ( 'NONE', ( #2433 ), #5232, .T. ) ;
#5570 = DIRECTION ( 'NONE',  ( 0.0000000000000000000, 0.0000000000000000000, -1.000000000000000000 ) ) ;
#5571 = DIRECTION ( 'NONE',  ( 0.0000000000000000000, -0.0000000000000000000, 1.000000000000000000 ) ) ;
#5572 = CARTESIAN_POINT ( 'NONE',  ( 1.094548006537650500, 0.4629327769347256200, 1.393405947090035300 ) ) ;
#5573 = FACE_OUTER_BOUND ( 'NONE', #4091, .T. ) ;
#5574 = CARTESIAN_POINT ( 'NONE',  ( 1.038470505609419200, 0.7907215304527227500, 1.407760946879633500 ) ) ;
#5575 = EDGE_CURVE ( 'NONE', #5392, #6508, #3957, .T. ) ;
#5576 = CARTESIAN_POINT ( 'NONE',  ( -0.7470000000000001100, 1.150000000000000100, -0.1049999999999999300 ) ) ;
#5577 = AXIS2_PLACEMENT_3D ( 'NONE', #2016, #5711, #6418 ) ;
#5578 = AXIS2_PLACEMENT_3D ( 'NONE', #689, #8790, #1428 ) ;
#5579 = ORIENTED_EDGE ( 'NONE', *, *, #1862, .T. ) ;
#5580 = CYLINDRICAL_SURFACE ( 'NONE', #5097, 0.02250000000000005800 ) ;
#5581 = ORIENTED_EDGE ( 'NONE', *, *, #350, .F. ) ;
#5582 = CARTESIAN_POINT ( 'NONE',  ( -1.007000000000000100, 1.150000000000000100, -0.1799999999999999900 ) ) ;
#5583 = CARTESIAN_POINT ( 'NONE',  ( 1.483117332963407500, 0.3999999999999270800, -1.216593893630037100 ) ) ;
#5584 = CIRCLE ( 'NONE', #3136, 0.02250000000000005800 ) ;
#5585 = EDGE_CURVE ( 'NONE', #8277, #3650, #9006, .T. ) ;
#5586 = SURFACE_STYLE_FILL_AREA ( #1467 ) ;
#5587 = DIRECTION ( 'NONE',  ( 1.000000000000000000, 0.0000000000000000000, -1.807003620809174100E-016 ) ) ;
#5588 = CARTESIAN_POINT ( 'NONE',  ( 1.434291247712295100, 0.5999814997010914900, 1.143147628964088100 ) ) ;
#5589 = ORIENTED_EDGE ( 'NONE', *, *, #4260, .F. ) ;
#5590 = ORIENTED_EDGE ( 'NONE', *, *, #9114, .F. ) ;
#5591 = VERTEX_POINT ( 'NONE', #3556 ) ;
#5592 = SURFACE_STYLE_FILL_AREA ( #3726 ) ;
#5593 = CARTESIAN_POINT ( 'NONE',  ( 1.500652173913043600, 0.8020000000000000500, -1.156411760151925900 ) ) ;
#5594 = EDGE_CURVE ( 'NONE', #6474, #8772, #7079, .T. ) ;
#5595 = DIRECTION ( 'NONE',  ( 0.0000000000000000000, 1.000000000000000000, 0.0000000000000000000 ) ) ;
#5596 = DIRECTION ( 'NONE',  ( 0.0000000000000000000, 1.000000000000000000, -0.0000000000000000000 ) ) ;
#5597 = ORIENTED_EDGE ( 'NONE', *, *, #4703, .F. ) ;
#5598 = CARTESIAN_POINT ( 'NONE',  ( -1.325065461210387400, 0.7907215304527225300, 1.346843308525119000 ) ) ;
#5599 = DIRECTION ( 'NONE',  ( 0.0000000000000000000, 1.000000000000000000, 0.0000000000000000000 ) ) ;
#5600 = DIRECTION ( 'NONE',  ( 0.0000000000000000000, 1.000000000000000000, 0.0000000000000000000 ) ) ;
#5601 = CYLINDRICAL_SURFACE ( 'NONE', #2916, 0.02250000000000005800 ) ;
#5602 = CARTESIAN_POINT ( 'NONE',  ( 1.007772784199197700, 0.4677889013271269200, 1.454218842842610600 ) ) ;
#5603 = AXIS2_PLACEMENT_3D ( 'NONE', #6183, #221, #3802 ) ;
#5604 = CARTESIAN_POINT ( 'NONE',  ( -0.9550000000000000700, 1.150000000000000100, -0.1349999999999998700 ) ) ;
#5605 = DIRECTION ( 'NONE',  ( -0.0000000000000000000, 1.000000000000000000, -0.0000000000000000000 ) ) ;
#5606 = DIRECTION ( 'NONE',  ( 0.0000000000000000000, -1.000000000000000000, 0.0000000000000000000 ) ) ;
#5607 = VECTOR ( 'NONE', #5333, 1000.000000000000000 ) ;
#5608 = EDGE_CURVE ( 'NONE', #5591, #3548, #9472, .T. ) ;
#5609 = DIRECTION ( 'NONE',  ( -0.0000000000000000000, 1.000000000000000000, -0.0000000000000000000 ) ) ;
#5610 = CARTESIAN_POINT ( 'NONE',  ( 1.499999999999999600, 0.8000000000994440500, -1.185168579851885200 ) ) ;
#5611 = DIRECTION ( 'NONE',  ( 0.0000000000000000000, 1.000000000000000000, -0.0000000000000000000 ) ) ;
#5612 = CARTESIAN_POINT ( 'NONE',  ( -0.7995000000000002100, 1.086360389693210800, -0.1824999999999998800 ) ) ;
#5613 = CIRCLE ( 'NONE', #2900, 0.02249999999999995100 ) ;
#5614 = CARTESIAN_POINT ( 'NONE',  ( -0.6945000000000002300, 1.200000000000000200, 0.2050000000000000400 ) ) ;
#5615 = AXIS2_PLACEMENT_3D ( 'NONE', #9555, #2937, #7324 ) ;
#5616 = CARTESIAN_POINT ( 'NONE',  ( -0.9045000000000001900, 1.200000000000000200, -0.2599999999999999500 ) ) ;
#5617 = CARTESIAN_POINT ( 'NONE',  ( 1.494429026959307900, 0.7865748687317706300, 1.157980320698746000 ) ) ;
#5618 = AXIS2_PLACEMENT_3D ( 'NONE', #2479, #7744, #8496 ) ;
#5619 = ADVANCED_FACE ( 'NONE', ( #7658 ), #6694, .F. ) ;
#5620 = SURFACE_STYLE_USAGE ( .BOTH. , #2727 ) ;
#5621 = LINE ( 'NONE', #4647, #2447 ) ;
#5622 = EDGE_CURVE ( 'NONE', #615, #7067, #5352, .T. ) ;
#5623 = AXIS2_PLACEMENT_3D ( 'NONE', #6482, #1146, #7082 ) ;
#5624 = FILL_AREA_STYLE ('',( #1917 ) ) ;
#5625 = B_SPLINE_CURVE_WITH_KNOTS ( 'NONE', 3,
 ( #7390, #5120, #5149, #7520, #6008, #3061, #8892, #2232, #801, #8868, #8136, #29, #5251, #97, #4473, #8206 ),
 .UNSPECIFIED., .F., .F.,
 ( 4, 3, 3, 3, 3, 4 ),
 ( 1.084202172485504300E-019, 1.421988764674582700E-005, 2.844421792348208000E-005, 4.257490508050474000E-005, 5.626158424903058000E-005, 6.356518257924328800E-005 ),
 .UNSPECIFIED. ) ;
#5626 = ADVANCED_FACE ( 'NONE', ( #1490 ), #5601, .F. ) ;
#5627 =( GEOMETRIC_REPRESENTATION_CONTEXT ( 3 ) GLOBAL_UNCERTAINTY_ASSIGNED_CONTEXT ( ( #3704 ) ) GLOBAL_UNIT_ASSIGNED_CONTEXT ( ( #3251, #250, #1210 ) ) REPRESENTATION_CONTEXT ( 'NONE', 'WORKASPACE' ) );
#5628 = AXIS2_PLACEMENT_3D ( 'NONE', #4504, #4535, #2351 ) ;
#5629 = CARTESIAN_POINT ( 'NONE',  ( 1.031649286996670900, 0.5356242997584286200, 1.385832454746237500 ) ) ;
#5630 = VERTEX_POINT ( 'NONE', #6661 ) ;
#5631 = DIRECTION ( 'NONE',  ( 0.0000000000000000000, 0.0000000000000000000, 1.000000000000000000 ) ) ;
#5632 = DIRECTION ( 'NONE',  ( 0.0000000000000000000, 1.000000000000000000, 0.0000000000000000000 ) ) ;
#5633 = LINE ( 'NONE', #9310, #4918 ) ;
#5634 =( NAMED_UNIT ( * ) PLANE_ANGLE_UNIT ( ) SI_UNIT ( $, .RADIAN. ) );
#5635 = ORIENTED_EDGE ( 'NONE', *, *, #2785, .F. ) ;
#5636 = CYLINDRICAL_SURFACE ( 'NONE', #9320, 0.02250000000000005800 ) ;
#5637 = EDGE_LOOP ( 'NONE', ( #6685, #6945 ) ) ;
#5638 = CARTESIAN_POINT ( 'NONE',  ( -0.7995000000000001000, 1.200000000000000200, 0.2050000000000000400 ) ) ;
#5639 = ORIENTED_EDGE ( 'NONE', *, *, #2495, .F. ) ;
#5640 = CARTESIAN_POINT ( 'NONE',  ( -1.329654766213392400, 0.5999984935709010700, -1.278224583049604600 ) ) ;
#5641 = AXIS2_PLACEMENT_3D ( 'NONE', #927, #8963, #6160 ) ;
#5642 = FACE_OUTER_BOUND ( 'NONE', #3336, .T. ) ;
#5643 = EDGE_LOOP ( 'NONE', ( #5648, #4974, #9112, #7019 ) ) ;
#5644 = CARTESIAN_POINT ( 'NONE',  ( 1.434059960099507900, 0.4096865781934398400, 1.284932077627936900 ) ) ;
#5645 = DIRECTION ( 'NONE',  ( 0.0000000000000000000, 0.0000000000000000000, -1.000000000000000000 ) ) ;
#5646 = DIRECTION ( 'NONE',  ( 0.0000000000000000000, -1.000000000000000000, 0.0000000000000000000 ) ) ;
#5647 = VECTOR ( 'NONE', #520, 1000.000000000000000 ) ;
#5648 = ORIENTED_EDGE ( 'NONE', *, *, #5808, .F. ) ;
#5649 = VERTEX_POINT ( 'NONE', #2182 ) ;
#5650 = EDGE_LOOP ( 'NONE', ( #5749, #2480, #3074, #6340, #6833, #7518, #8856 ) ) ;
#5651 = CARTESIAN_POINT ( 'NONE',  ( 0.6788078763684823900, 0.8000000000000001600, 1.487499999999999800 ) ) ;
#5652 = EDGE_CURVE ( 'NONE', #7499, #1600, #3273, .T. ) ;
#5653 = CARTESIAN_POINT ( 'NONE',  ( -0.5895000000000001400, 1.200000000000000200, -0.2600000000000000100 ) ) ;
#5654 = DIRECTION ( 'NONE',  ( 0.0000000000000000000, 1.000000000000000000, -0.0000000000000000000 ) ) ;
#5655 = VERTEX_POINT ( 'NONE', #5102 ) ;
#5656 = DIRECTION ( 'NONE',  ( 0.0000000000000000000, 0.0000000000000000000, -1.000000000000000000 ) ) ;
#5657 = DIRECTION ( 'NONE',  ( -0.9781476007338070200, -2.121019507454156500E-016, 0.2079116908177527400 ) ) ;
#5658 = FACE_OUTER_BOUND ( 'NONE', #416, .T. ) ;
#5659 = ORIENTED_EDGE ( 'NONE', *, *, #6994, .F. ) ;
#5660 = ADVANCED_FACE ( 'NONE', ( #3580 ), #6568, .T. ) ;
#5661 = DIRECTION ( 'NONE',  ( 0.0000000000000000000, 0.0000000000000000000, -1.000000000000000000 ) ) ;
#5662 = MANIFOLD_SOLID_BREP ( 'Boss-Extrude7[6]', #1196 ) ;
#5663 = DIRECTION ( 'NONE',  ( 0.0000000000000000000, -1.000000000000000000, 0.0000000000000000000 ) ) ;
#5664 = CARTESIAN_POINT ( 'NONE',  ( 0.9775194722219029400, 0.4588561431712427900, 1.419755759021033700 ) ) ;
#5665 = EDGE_LOOP ( 'NONE', ( #8916, #5265, #2736, #2065 ) ) ;
#5666 = CYLINDRICAL_SURFACE ( 'NONE', #3463, 0.02250000000000005800 ) ;
#5667 = EDGE_LOOP ( 'NONE', ( #6676, #6686, #2410, #7752, #1590 ) ) ;
#5668 = ORIENTED_EDGE ( 'NONE', *, *, #9065, .T. ) ;
#5669 = ORIENTED_EDGE ( 'NONE', *, *, #334, .T. ) ;
#5670 = AXIS2_PLACEMENT_3D ( 'NONE', #4085, #9247, #6485 ) ;
#5671 = EDGE_CURVE ( 'NONE', #8167, #1940, #8103, .T. ) ;
#5672 = VERTEX_POINT ( 'NONE', #775 ) ;
#5673 = CARTESIAN_POINT ( 'NONE',  ( 1.417396256959929900, 0.4091960351454326800, -1.305650330568677100 ) ) ;
#5674 = CARTESIAN_POINT ( 'NONE',  ( 0.6065726879804676000, 0.7000000000000000700, 1.467391304347826200 ) ) ;
#5675 = ADVANCED_FACE ( 'NONE', ( #1154 ), #8514, .T. ) ;
#5676 = EDGE_LOOP ( 'NONE', ( #6252, #3979 ) ) ;
#5677 =( BOUNDED_SURFACE ( )  B_SPLINE_SURFACE ( 3, 2, ( 
 ( #593, #7317, #2119 ),
 ( #2862, #3596, #8770 ),
 ( #4357, #4955, #487 ),
 ( #1981, #7178, #745 ) ),
 .UNSPECIFIED., .F., .F., .F. ) 
 B_SPLINE_SURFACE_WITH_KNOTS ( ( 4, 4 ),
 ( 3, 3 ),
 ( 0.0003981251648304153100, 0.0005320011455767962100 ),
 ( 0.0000000000000000000, 1.000000000000000000 ),
 .UNSPECIFIED. ) 
 GEOMETRIC_REPRESENTATION_ITEM ( )  RATIONAL_B_SPLINE_SURFACE ( (
 ( 1.000000000000000000, 0.7071067811865469100, 1.000000000000000000),
 ( 1.000000000000000000, 0.7071067811865469100, 1.000000000000000000),
 ( 1.000000000000000000, 0.7071067811865464600, 1.000000000000000000),
 ( 1.000000000000000000, 0.7071067811865464600, 1.000000000000000000) ) ) 
 REPRESENTATION_ITEM ( '' )  SURFACE ( )  );
#5678 = CARTESIAN_POINT ( 'NONE',  ( -0.9858359398545286600, 0.4529234108408729000, 1.458881663050403600 ) ) ;
#5679 = FACE_OUTER_BOUND ( 'NONE', #5320, .T. ) ;
#5680 = VERTEX_POINT ( 'NONE', #100 ) ;
#5681 = ORIENTED_EDGE ( 'NONE', *, *, #3764, .F. ) ;
#5682 = CARTESIAN_POINT ( 'NONE',  ( 0.9734997504806557300, 0.4924232196829256800, 1.404307463813659200 ) ) ;
#5683 = DIRECTION ( 'NONE',  ( 0.0000000000000000000, 1.000000000000000000, 0.0000000000000000000 ) ) ;
#5684 = VERTEX_POINT ( 'NONE', #5293 ) ;
#5685 = CARTESIAN_POINT ( 'NONE',  ( -0.8466160464970972100, 0.4080762362277922100, -1.444887750620427600 ) ) ;
#5686 = CIRCLE ( 'NONE', #2051, 0.02250000000000005800 ) ;
#5687 = AXIS2_PLACEMENT_3D ( 'NONE', #9251, #2601, #7768 ) ;
#5688 = ORIENTED_EDGE ( 'NONE', *, *, #7501, .T. ) ;
#5689 = CARTESIAN_POINT ( 'NONE',  ( -1.500000000000000000, 0.3999999999999999700, 1.130499522727402200 ) ) ;
#5690 = CARTESIAN_POINT ( 'NONE',  ( -0.9879841896435035400, 0.02500000000000050400, 1.437978226564350400 ) ) ;
#5691 = B_SPLINE_CURVE_WITH_KNOTS ( 'NONE', 3,
 ( #6180, #3930, #3989, #5517, #6209 ),
 .UNSPECIFIED., .F., .F.,
 ( 4, 1, 4 ),
 ( 2.168404344971008900E-019, 6.975561629650249100E-005, 7.144483705496354000E-005 ),
 .UNSPECIFIED. ) ;
#5692 = LINE ( 'NONE', #4749, #5201 ) ;
#5693 =( NAMED_UNIT ( * ) PLANE_ANGLE_UNIT ( ) SI_UNIT ( $, .RADIAN. ) );
#5694 = CARTESIAN_POINT ( 'NONE',  ( 1.325694516421790100, 0.3999999999999997400, 1.345748868766599700 ) ) ;
#5695 = FACE_OUTER_BOUND ( 'NONE', #1906, .T. ) ;
#5696 = EDGE_LOOP ( 'NONE', ( #2848, #8672, #6595, #7738 ) ) ;
#5697 = ORIENTED_EDGE ( 'NONE', *, *, #3301, .F. ) ;
#5698 =( GEOMETRIC_REPRESENTATION_CONTEXT ( 3 ) GLOBAL_UNCERTAINTY_ASSIGNED_CONTEXT ( ( #4933 ) ) GLOBAL_UNIT_ASSIGNED_CONTEXT ( ( #9534, #4496, #5132 ) ) REPRESENTATION_CONTEXT ( 'NONE', 'WORKASPACE' ) );
#5699 = CARTESIAN_POINT ( 'NONE',  ( 1.027793303023373500, 0.5606393766695050300, 1.367691476443809100 ) ) ;
#5700 = CARTESIAN_POINT ( 'NONE',  ( 1.005398891869288900, 0.2188115784608668200, 1.454723429234030800 ) ) ;
#5701 = AXIS2_PLACEMENT_3D ( 'NONE', #5432, #4640, #861 ) ;
#5702 = VECTOR ( 'NONE', #2193, 1000.000000000000000 ) ;
#5703 = ORIENTED_EDGE ( 'NONE', *, *, #4190, .T. ) ;
#5704 = CARTESIAN_POINT ( 'NONE',  ( 1.495428207587727200, 0.4139551168052602600, -1.179274141554028700 ) ) ;
#5705 = CARTESIAN_POINT ( 'NONE',  ( -0.6945000000000002300, 1.200000000000000200, 0.2050000000000000400 ) ) ;
#5706 = EDGE_CURVE ( 'NONE', #7572, #4480, #6346, .T. ) ;
#5707 = DIRECTION ( 'NONE',  ( 0.0000000000000000000, 1.000000000000000000, -0.0000000000000000000 ) ) ;
#5708 = DIRECTION ( 'NONE',  ( 0.0000000000000000000, 0.0000000000000000000, 1.000000000000000000 ) ) ;
#5709 = CARTESIAN_POINT ( 'NONE',  ( -0.5370000000000001400, 1.150000000000000100, 0.02250000000000001000 ) ) ;
#5710 = CARTESIAN_POINT ( 'NONE',  ( 1.138152845492630600, 0.5999999999999998700, 1.318937694887521800 ) ) ;
#5711 = DIRECTION ( 'NONE',  ( -0.0000000000000000000, 1.000000000000000000, -0.0000000000000000000 ) ) ;
#5712 = CYLINDRICAL_SURFACE ( 'NONE', #1295, 0.02250000000000005800 ) ;
#5713 = DIRECTION ( 'NONE',  ( -0.9774504140716856500, 0.001615208697270982200, -0.2111588954601597300 ) ) ;
#5714 = PLANE ( 'NONE',  #8610 ) ;
#5715 = CIRCLE ( 'NONE', #4624, 0.02249999999999993700 ) ;
#5716 = ADVANCED_FACE ( 'NONE', ( #4004 ), #7523, .F. ) ;
#5717 = DIRECTION ( 'NONE',  ( 0.0000000000000000000, 0.0000000000000000000, 1.000000000000000000 ) ) ;
#5718 = EDGE_CURVE ( 'NONE', #5349, #2725, #2778, .T. ) ;
#5719 = AXIS2_PLACEMENT_3D ( 'NONE', #8769, #5167, #8849 ) ;
#5720 = CARTESIAN_POINT ( 'NONE',  ( -0.5895000000000000200, 1.200000000000000200, 0.2600000000000001200 ) ) ;
#5721 = CARTESIAN_POINT ( 'NONE',  ( -1.057000000000000200, 1.150000000000000100, 0.02250000000000016600 ) ) ;
#5722 = DIRECTION ( 'NONE',  ( -0.2079116908177535700, 0.0000000000000000000, -0.9781476007338069100 ) ) ;
#5723 = EDGE_CURVE ( 'NONE', #3186, #4034, #3873, .T. ) ;
#5724 = CARTESIAN_POINT ( 'NONE',  ( 1.037135385668978000, 0.5181498153166059800, 1.411642519743805200 ) ) ;
#5725 = VECTOR ( 'NONE', #5295, 1000.000000000000000 ) ;
#5726 = CARTESIAN_POINT ( 'NONE',  ( -1.007000000000000100, 1.150000000000000100, 0.1575000000000000800 ) ) ;
#5727 = CARTESIAN_POINT ( 'NONE',  ( 0.5996424673428227800, 0.4120175086555268900, -1.496081247177545300 ) ) ;
#5728 = CARTESIAN_POINT ( 'NONE',  ( -1.350477273874714400, 0.7905975917675206500, -1.341296497501125000 ) ) ;
#5729 = DIRECTION ( 'NONE',  ( 0.2079116908177635600, -0.0000000000000000000, -0.9781476007338049100 ) ) ;
#5730 = PLANE ( 'NONE',  #9217 ) ;
#5731 = CARTESIAN_POINT ( 'NONE',  ( 1.095601450582487600, 0.4599999999999999100, 1.394656659705514800 ) ) ;
#5732 =( LENGTH_UNIT ( ) NAMED_UNIT ( * ) SI_UNIT ( .MILLI., .METRE. ) );
#5733 = AXIS2_PLACEMENT_3D ( 'NONE', #1484, #5976, #1414 ) ;
#5734 = CARTESIAN_POINT ( 'NONE',  ( -0.7470000000000001100, 1.200000000000000200, -0.1274999999999999700 ) ) ;
#5735 = CARTESIAN_POINT ( 'NONE',  ( 1.325694516421789500, 1.200000000000000200, -1.349999999999999900 ) ) ;
#5736 = DIRECTION ( 'NONE',  ( 0.0000000000000000000, 1.000000000000000000, 0.0000000000000000000 ) ) ;
#5737 = CARTESIAN_POINT ( 'NONE',  ( 1.488402236249855000, 0.3999999999999999700, 1.200996732727558400 ) ) ;
#5738 = LINE ( 'NONE', #7544, #2809 ) ;
#5739 = CARTESIAN_POINT ( 'NONE',  ( -0.5965726879804674800, 0.5000000000000000000, -1.467391304347825300 ) ) ;
#5740 = CARTESIAN_POINT ( 'NONE',  ( -0.5895000000000001400, 1.150000000000000100, -0.2600000000000000100 ) ) ;
#5741 = AXIS2_PLACEMENT_3D ( 'NONE', #9032, #228, #6189 ) ;
#5742 = CARTESIAN_POINT ( 'NONE',  ( -0.9684987383166631100, 0.5599999999999998300, 1.380779551409070600 ) ) ;
#5743 = ORIENTED_EDGE ( 'NONE', *, *, #7704, .T. ) ;
#5744 = EDGE_CURVE ( 'NONE', #6600, #4353, #2493, .T. ) ;
#5745 = CARTESIAN_POINT ( 'NONE',  ( -0.8520000000000000900, 1.150000000000000100, -0.1274999999999999700 ) ) ;
#5746 = AXIS2_PLACEMENT_3D ( 'NONE', #6947, #3918, #3203 ) ;
#5747 = SURFACE_STYLE_FILL_AREA ( #1539 ) ;
#5748 = AXIS2_PLACEMENT_3D ( 'NONE', #8426, #8389, #5491 ) ;
#5749 = ORIENTED_EDGE ( 'NONE', *, *, #9264, .F. ) ;
#5750 = LINE ( 'NONE', #456, #1307 ) ;
#5751 = VECTOR ( 'NONE', #2762, 1000.000000000000000 ) ;
#5752 = EDGE_LOOP ( 'NONE', ( #8085, #885, #2395, #2583 ) ) ;
#5753 = ORIENTED_EDGE ( 'NONE', *, *, #1759, .T. ) ;
#5754 = ORIENTED_EDGE ( 'NONE', *, *, #4774, .T. ) ;
#5755 = EDGE_CURVE ( 'NONE', #9069, #5162, #6000, .T. ) ;
#5756 = VECTOR ( 'NONE', #5346, 1000.000000000000000 ) ;
#5757 = SPHERICAL_SURFACE ( 'NONE', #9193, 0.02000000000000000000 ) ;
#5758 = DIRECTION ( 'NONE',  ( 0.0000000000000000000, 1.000000000000000000, -0.0000000000000000000 ) ) ;
#5759 = DIRECTION ( 'NONE',  ( -0.06823212742845995200, -0.9975640502598247500, -0.01450318640162373000 ) ) ;
#5760 = ORIENTED_EDGE ( 'NONE', *, *, #4844, .T. ) ;
#5761 = ORIENTED_EDGE ( 'NONE', *, *, #7250, .F. ) ;
#5762 = ADVANCED_FACE ( 'NONE', ( #4361 ), #7495, .T. ) ;
#5763 = MECHANICAL_DESIGN_GEOMETRIC_PRESENTATION_REPRESENTATION (  '', ( #2626 ), #943 ) ;
#5764 = ADVANCED_FACE ( 'NONE', ( #6807 ), #7677, .F. ) ;
#5765 = SURFACE_STYLE_USAGE ( .BOTH. , #8601 ) ;
#5766 = CARTESIAN_POINT ( 'NONE',  ( -0.8520000000000000900, 1.150000000000000100, -0.1049999999999999300 ) ) ;
#5767 = CARTESIAN_POINT ( 'NONE',  ( -0.7470000000000000000, 1.150000000000000100, -0.3074999999999999400 ) ) ;
#5768 = CARTESIAN_POINT ( 'NONE',  ( 0.9913400839080528400, 0.5278624921831948100, 1.386985195166189100 ) ) ;
#5769 = CARTESIAN_POINT ( 'NONE',  ( 1.041585265297793500, 0.5134737001387599300, 1.432577557428841700 ) ) ;
#5770 = VECTOR ( 'NONE', #5325, 1000.000000000000000 ) ;
#5771 = FACE_OUTER_BOUND ( 'NONE', #975, .T. ) ;
#5772 = ORIENTED_EDGE ( 'NONE', *, *, #7309, .F. ) ;
#5773 = EDGE_LOOP ( 'NONE', ( #5703, #2176 ) ) ;
#5774 = CARTESIAN_POINT ( 'NONE',  ( -1.325065461210387400, 0.7907215304527225300, 1.346843308525119000 ) ) ;
#5775 = CARTESIAN_POINT ( 'NONE',  ( -0.9700624686531260600, 0.4080762362277928800, -1.418648403576476400 ) ) ;
#5776 = FACE_BOUND ( 'NONE', #8260, .T. ) ;
#5777 =( BOUNDED_SURFACE ( )  B_SPLINE_SURFACE ( 3, 2, ( 
 ( #7358, #4379, #2845 ),
 ( #2076, #2879, #4338 ),
 ( #4306, #578, #3553 ),
 ( #5822, #3583, #8753 ) ),
 .UNSPECIFIED., .F., .F., .F. ) 
 B_SPLINE_SURFACE_WITH_KNOTS ( ( 4, 4 ),
 ( 3, 3 ),
 ( 0.0003907020733681790900, 0.0005245881375685636200 ),
 ( 0.0000000000000000000, 1.000000000000000000 ),
 .UNSPECIFIED. ) 
 GEOMETRIC_REPRESENTATION_ITEM ( )  RATIONAL_B_SPLINE_SURFACE ( (
 ( 1.000000000000000000, 0.7071067811865484600, 1.000000000000000000),
 ( 1.000000000000000000, 0.7071067811865484600, 1.000000000000000000),
 ( 1.000000000000000000, 0.7071067811865471300, 1.000000000000000000),
 ( 1.000000000000000000, 0.7071067811865471300, 1.000000000000000000) ) ) 
 REPRESENTATION_ITEM ( '' )  SURFACE ( )  );
#5778 = DIRECTION ( 'NONE',  ( 0.0000000000000000000, 1.000000000000000000, 0.0000000000000000000 ) ) ;
#5779 = LINE ( 'NONE', #955, #761 ) ;
#5780 = EDGE_CURVE ( 'NONE', #3997, #2765, #407, .T. ) ;
#5781 = EDGE_CURVE ( 'NONE', #7496, #2840, #4593, .T. ) ;
#5782 = EDGE_LOOP ( 'NONE', ( #153, #6801, #3078 ) ) ;
#5783 = FACE_OUTER_BOUND ( 'NONE', #5356, .T. ) ;
#5784 = VERTEX_POINT ( 'NONE', #6134 ) ;
#5785 = ORIENTED_EDGE ( 'NONE', *, *, #7720, .T. ) ;
#5786 = CARTESIAN_POINT ( 'NONE',  ( -1.027793568524143900, 0.5606376542758857400, 1.367692725526727500 ) ) ;
#5787 = DIRECTION ( 'NONE',  ( 0.0000000000000000000, 0.0000000000000000000, 1.000000000000000000 ) ) ;
#5788 = CARTESIAN_POINT ( 'NONE',  ( 1.433649113804481800, 0.5999774663789867500, -1.149699334504458800 ) ) ;
#5789 = CARTESIAN_POINT ( 'NONE',  ( -0.4870000000000001500, 1.150000000000000100, 0.1575000000000000300 ) ) ;
#5790 = CARTESIAN_POINT ( 'NONE',  ( 1.031932485197304200, 0.5386166424557860000, 1.387164797527901300 ) ) ;
#5791 = ORIENTED_EDGE ( 'NONE', *, *, #8342, .T. ) ;
#5792 = CIRCLE ( 'NONE', #10, 0.02000000000000010100 ) ;
#5793 = ORIENTED_EDGE ( 'NONE', *, *, #690, .T. ) ;
#5794 = ORIENTED_EDGE ( 'NONE', *, *, #1853, .T. ) ;
#5795 = EDGE_CURVE ( 'NONE', #3272, #2407, #2613, .T. ) ;
#5796 = CARTESIAN_POINT ( 'NONE',  ( 0.5996557025154883900, 0.4100457000281911800, -1.496724228251676600 ) ) ;
#5797 = FACE_OUTER_BOUND ( 'NONE', #9338, .T. ) ;
#5798 = CARTESIAN_POINT ( 'NONE',  ( -1.041585265297829200, 0.5134737001387100800, 1.432577557429001600 ) ) ;
#5799 = DIRECTION ( 'NONE',  ( 0.0000000000000000000, 1.000000000000000000, -0.0000000000000000000 ) ) ;
#5800 = ORIENTED_EDGE ( 'NONE', *, *, #9114, .T. ) ;
#5801 = CARTESIAN_POINT ( 'NONE',  ( 1.087025529942202500, 0.7918763842188129000, 1.398817077757457100 ) ) ;
#5802 = CARTESIAN_POINT ( 'NONE',  ( -1.007000000000000100, 1.150000000000000100, 0.1575000000000000800 ) ) ;
#5803 = CIRCLE ( 'NONE', #3698, 0.02250000000000005800 ) ;
#5804 = ORIENTED_EDGE ( 'NONE', *, *, #9119, .T. ) ;
#5805 = EDGE_CURVE ( 'NONE', #4052, #8092, #4488, .T. ) ;
#5806 = CIRCLE ( 'NONE', #5347, 0.02249999999999995100 ) ;
#5807 = CARTESIAN_POINT ( 'NONE',  ( -1.325739436612515000, 0.4080804831288145100, 1.343044648401113200 ) ) ;
#5808 = EDGE_CURVE ( 'NONE', #3392, #5811, #5779, .T. ) ;
#5809 = AXIS2_PLACEMENT_3D ( 'NONE', #780, #4518, #3773 ) ;
#5810 = PRESENTATION_LAYER_ASSIGNMENT (  '', '', ( #1426 ) ) ;
#5811 = VERTEX_POINT ( 'NONE', #9098 ) ;
#5812 = EDGE_LOOP ( 'NONE', ( #4043, #7847, #7239, #8304 ) ) ;
#5813 = ORIENTED_EDGE ( 'NONE', *, *, #4987, .F. ) ;
#5814 = ADVANCED_FACE ( 'NONE', ( #8060 ), #6105, .F. ) ;
#5815 = DIRECTION ( 'NONE',  ( -7.295530811232854000E-016, 1.000000000000000000, -2.007058065463964400E-016 ) ) ;
#5816 = CYLINDRICAL_SURFACE ( 'NONE', #7320, 0.02250000000000005500 ) ;
#5817 = ORIENTED_EDGE ( 'NONE', *, *, #8157, .T. ) ;
#5818 = CARTESIAN_POINT ( 'NONE',  ( -0.8520000000000000900, 1.150000000000000100, -0.1274999999999999700 ) ) ;
#5819 = AXIS2_PLACEMENT_3D ( 'NONE', #7895, #6319, #6394 ) ;
#5820 = CARTESIAN_POINT ( 'NONE',  ( 0.6000000000000004200, 0.3999999999999999700, -1.499999999999999800 ) ) ;
#5821 = FACE_OUTER_BOUND ( 'NONE', #3004, .T. ) ;
#5822 = CARTESIAN_POINT ( 'NONE',  ( 0.9818383461726587500, 0.4527416810792793100, 1.440074463448805600 ) ) ;
#5823 = DIRECTION ( 'NONE',  ( 0.0000000000000000000, 1.000000000000000000, 0.0000000000000000000 ) ) ;
#5824 = FACE_OUTER_BOUND ( 'NONE', #1120, .T. ) ;
#5825 = EDGE_CURVE ( 'NONE', #104, #9103, #645, .T. ) ;
#5826 = CARTESIAN_POINT ( 'NONE',  ( -1.083648766790296800, 0.4747655701258031700, 1.438090904869712800 ) ) ;
#5827 = DIRECTION ( 'NONE',  ( 0.0000000000000000000, 0.0000000000000000000, -1.000000000000000000 ) ) ;
#5828 = DIRECTION ( 'NONE',  ( 0.9781476007338062400, -1.285928060596823000E-014, 0.2079116908177569600 ) ) ;
#5829 = CARTESIAN_POINT ( 'NONE',  ( -0.9045000000000001900, 1.150000000000000100, 0.2375000000000001300 ) ) ;
#5830 = EDGE_CURVE ( 'NONE', #2828, #4578, #5304, .T. ) ;
#5831 = CARTESIAN_POINT ( 'NONE',  ( -0.4370000000000001100, 1.150000000000000100, 0.02250000000000009600 ) ) ;
#5832 = DIRECTION ( 'NONE',  ( 0.0000000000000000000, 0.0000000000000000000, 1.000000000000000000 ) ) ;
#5833 = DIRECTION ( 'NONE',  ( 0.0000000000000000000, 0.0000000000000000000, 1.000000000000000000 ) ) ;
#5834 = LINE ( 'NONE', #2040, #7674 ) ;
#5835 = DIRECTION ( 'NONE',  ( 0.0000000000000000000, 0.0000000000000000000, 1.000000000000000000 ) ) ;
#5836 = DIRECTION ( 'NONE',  ( 0.0000000000000000000, -0.0000000000000000000, -1.000000000000000000 ) ) ;
#5837 = CARTESIAN_POINT ( 'NONE',  ( -0.9550000000000000700, 1.200000000000000200, 0.1575000000000000800 ) ) ;
#5838 = AXIS2_PLACEMENT_3D ( 'NONE', #2584, #380, #7101 ) ;
#5839 = SURFACE_STYLE_USAGE ( .BOTH. , #672 ) ;
#5840 = EDGE_CURVE ( 'NONE', #3985, #413, #7029, .T. ) ;
#5841 = PLANE ( 'NONE',  #1660 ) ;
#5842 = CARTESIAN_POINT ( 'NONE',  ( -0.4870000000000001500, 1.200000000000000200, 0.1575000000000000300 ) ) ;
#5843 = FACE_OUTER_BOUND ( 'NONE', #8422, .T. ) ;
#5844 = CARTESIAN_POINT ( 'NONE',  ( -0.8383864498452323600, 0.4080762362277893200, 1.446637005388678100 ) ) ;
#5845 = CARTESIAN_POINT ( 'NONE',  ( -1.456056274862533900, 0.3999999999999999700, 1.271040149391884400 ) ) ;
#5846 = ORIENTED_EDGE ( 'NONE', *, *, #7786, .T. ) ;
#5847 = ADVANCED_FACE ( 'NONE', ( #5059 ), #3075, .F. ) ;
#5848 = CARTESIAN_POINT ( 'NONE',  ( -0.8520000000000000900, 1.200000000000000200, 0.1050000000000000800 ) ) ;
#5849 = CARTESIAN_POINT ( 'NONE',  ( -1.099055418126315000, 0.4529234108412454300, 1.414369308137580300 ) ) ;
#5850 = CIRCLE ( 'NONE', #3057, 0.02250000000000005800 ) ;
#5851 = CARTESIAN_POINT ( 'NONE',  ( -1.312221593659854900, 0.5999992973106331700, 1.281938853034263700 ) ) ;
#5852 = VERTEX_POINT ( 'NONE', #191 ) ;
#5853 = CARTESIAN_POINT ( 'NONE',  ( 1.312221775033719100, 0.5999992997202142600, 1.281938811175073100 ) ) ;
#5854 = CARTESIAN_POINT ( 'NONE',  ( 1.024037106307467800, 0.5597655545163466900, 1.369049713381664100 ) ) ;
#5855 = VECTOR ( 'NONE', #6219, 1000.000000000000000 ) ;
#5856 = VERTEX_POINT ( 'NONE', #7832 ) ;
#5857 = EDGE_LOOP ( 'NONE', ( #2285, #8254 ) ) ;
#5858 = CARTESIAN_POINT ( 'NONE',  ( -0.5997232021850383800, 0.4080762362277926000, 1.497366444708328800 ) ) ;
#5859 = CARTESIAN_POINT ( 'NONE',  ( -0.6420000000000002400, 1.200000000000000200, 0.1050000000000000700 ) ) ;
#5860 = CARTESIAN_POINT ( 'NONE',  ( 1.495438813010397700, 0.4139876401014495100, -1.130499522633262800 ) ) ;
#5861 = ORIENTED_EDGE ( 'NONE', *, *, #9530, .F. ) ;
#5862 = CARTESIAN_POINT ( 'NONE',  ( -0.9570000000000001800, 1.150000000000000100, 1.171986986784016800E-016 ) ) ;
#5863 = CIRCLE ( 'NONE', #2677, 0.02249999999999995100 ) ;
#5864 = APPLICATION_PROTOCOL_DEFINITION ( 'draft international standard', 'automotive_design', 1998, #8193 ) ;
#5865 = LINE ( 'NONE', #8458, #3854 ) ;
#5866 = CARTESIAN_POINT ( 'NONE',  ( -1.325739436612515000, 0.4080804831288145100, 1.343044648401113200 ) ) ;
#5867 = ORIENTED_EDGE ( 'NONE', *, *, #7353, .F. ) ;
#5868 = EDGE_LOOP ( 'NONE', ( #5067, #3318 ) ) ;
#5869 = CARTESIAN_POINT ( 'NONE',  ( 1.044524795898642300, 0.5091396836001834700, 1.446406961601320400 ) ) ;
#5870 = CARTESIAN_POINT ( 'NONE',  ( -0.7470000000000001100, 1.150000000000000100, 6.049755187787927500E-017 ) ) ;
#5871 = ORIENTED_EDGE ( 'NONE', *, *, #4683, .T. ) ;
#5872 = AXIS2_PLACEMENT_3D ( 'NONE', #851, #4536, #6121 ) ;
#5873 = CARTESIAN_POINT ( 'NONE',  ( -0.9838259558271486000, 0.005000000000000482400, 1.418415274549674300 ) ) ;
#5874 = DIRECTION ( 'NONE',  ( 0.0000000000000000000, 0.0000000000000000000, -1.000000000000000000 ) ) ;
#5875 = CIRCLE ( 'NONE', #696, 0.02250000000000005800 ) ;
#5876 = CARTESIAN_POINT ( 'NONE',  ( 1.279941855525978700, 3.532091952673165100, -1.130499522727401700 ) ) ;
#5877 = ORIENTED_EDGE ( 'NONE', *, *, #2896, .F. ) ;
#5878 = VERTEX_POINT ( 'NONE', #8438 ) ;
#5879 = ORIENTED_EDGE ( 'NONE', *, *, #1967, .T. ) ;
#5880 = EDGE_CURVE ( 'NONE', #423, #5563, #8564, .T. ) ;
#5881 = SURFACE_SIDE_STYLE ('',( #8913 ) ) ;
#5882 = LINE ( 'NONE', #6624, #9535 ) ;
#5883 = CARTESIAN_POINT ( 'NONE',  ( 1.012081085296084600, 0.4759899117749737400, 1.453303085174817000 ) ) ;
#5884 = CARTESIAN_POINT ( 'NONE',  ( -1.139148386417632600, 0.3979999999999999100, 1.386067216619350600 ) ) ;
#5886 = ORIENTED_EDGE ( 'NONE', *, *, #2896, .T. ) ;
#5885 = EDGE_CURVE ( 'NONE', #493, #7925, #175, .T. ) ;
#5887 = LINE ( 'NONE', #4008, #3183 ) ;
#5888 = DIRECTION ( 'NONE',  ( 0.0000000000000000000, 1.000000000000000000, -0.0000000000000000000 ) ) ;
#5889 = CARTESIAN_POINT ( 'NONE',  ( -0.9779127434287827600, 0.4874701921146941700, 1.406440574632625600 ) ) ;
#5890 = VERTEX_POINT ( 'NONE', #4135 ) ;
#5891 = CARTESIAN_POINT ( 'NONE',  ( -1.476189190368392100, 0.7883430374658144700, 1.228477264166917500 ) ) ;
#5892 = ORIENTED_EDGE ( 'NONE', *, *, #3875, .F. ) ;
#5893 = EDGE_LOOP ( 'NONE', ( #1162, #6705, #6856, #1652 ) ) ;
#5894 = DIRECTION ( 'NONE',  ( -0.0000000000000000000, 1.000000000000000000, -0.0000000000000000000 ) ) ;
#5895 = LINE ( 'NONE', #3501, #2053 ) ;
#5896 = ORIENTED_EDGE ( 'NONE', *, *, #84, .T. ) ;
#5897 = MANIFOLD_SOLID_BREP ( 'Boss-Extrude7[25]', #1938 ) ;
#5898 = VERTEX_POINT ( 'NONE', #1854 ) ;
#5899 = CARTESIAN_POINT ( 'NONE',  ( -1.496753030905815000, 0.3999999999999999700, -1.176108470197021500 ) ) ;
#5900 = VECTOR ( 'NONE', #5358, 1000.000000000000000 ) ;
#5901 = EDGE_LOOP ( 'NONE', ( #2364, #5276, #6035, #7961 ) ) ;
#5902 = EDGE_CURVE ( 'NONE', #5467, #7342, #3637, .T. ) ;
#5903 = VERTEX_POINT ( 'NONE', #4834 ) ;
#5904 = DIRECTION ( 'NONE',  ( 0.0000000000000000000, 1.000000000000000000, -0.0000000000000000000 ) ) ;
#5905 = AXIS2_PLACEMENT_3D ( 'NONE', #5870, #2164, #2097 ) ;
#5906 = PRODUCT_CONTEXT ( 'NONE', #8193, 'mechanical' ) ;
#5907 = DIRECTION ( 'NONE',  ( 6.000383394016538200E-016, -1.000000000000000000, 1.731765983604663800E-016 ) ) ;
#5908 = DIRECTION ( 'NONE',  ( 0.0000000000000000000, 0.0000000000000000000, -1.000000000000000000 ) ) ;
#5909 = EDGE_CURVE ( 'NONE', #9523, #7380, #1111, .T. ) ;
#5910 = EDGE_CURVE ( 'NONE', #5277, #8991, #9198, .T. ) ;
#5911 = ADVANCED_FACE ( 'NONE', ( #1670 ), #8956, .F. ) ;
#5912 = CIRCLE ( 'NONE', #7437, 0.02249999999999995100 ) ;
#5913 = CARTESIAN_POINT ( 'NONE',  ( -0.5999999999999995300, 0.3999999999999997400, 1.500000000000000000 ) ) ;
#5914 = ORIENTED_EDGE ( 'NONE', *, *, #7746, .F. ) ;
#5915 = CIRCLE ( 'NONE', #6894, 0.02250000000000005800 ) ;
#5916 = ORIENTED_EDGE ( 'NONE', *, *, #9005, .T. ) ;
#5917 = ORIENTED_EDGE ( 'NONE', *, *, #5536, .F. ) ;
#5918 = CARTESIAN_POINT ( 'NONE',  ( 1.430634667732474800, 0.5999673118365281800, -1.166800960299762900 ) ) ;
#5919 = DIRECTION ( 'NONE',  ( 0.0000000000000000000, 1.000000000000000000, 0.0000000000000000000 ) ) ;
#5920 = CARTESIAN_POINT ( 'NONE',  ( 1.100935699508195800, 0.4834004208873441400, 1.434416453889374400 ) ) ;
#5921 = LINE ( 'NONE', #1739, #9565 ) ;
#5922 = AXIS2_PLACEMENT_3D ( 'NONE', #2021, #2770, #5082 ) ;
#5923 = B_SPLINE_CURVE_WITH_KNOTS ( 'NONE', 3,
 ( #2953, #2255, #5240, #8414, #209, #239, #6147 ),
 .UNSPECIFIED., .F., .F.,
 ( 4, 3, 4 ),
 ( 8.556153249642128700E-015, 0.0003636232548617005200, 0.0007422361208117601900 ),
 .UNSPECIFIED. ) ;
#5924 = VERTEX_POINT ( 'NONE', #3313 ) ;
#5925 = EDGE_LOOP ( 'NONE', ( #3500, #7296 ) ) ;
#5926 = CARTESIAN_POINT ( 'NONE',  ( 1.495438813010255600, 0.7860123598981155800, -1.131797363983043200 ) ) ;
#5927 = CARTESIAN_POINT ( 'NONE',  ( -0.6604745430351485200, 0.3999999999999999100, 1.487145739063883400 ) ) ;
#5928 = CARTESIAN_POINT ( 'NONE',  ( 1.031968601624048800, 0.4921405180153470300, 1.449075863083988800 ) ) ;
#5929 = CARTESIAN_POINT ( 'NONE',  ( -1.325694516421789500, 0.8000000000000001600, -1.349999999999999900 ) ) ;
#5930 = SURFACE_STYLE_FILL_AREA ( #8396 ) ;
#5931 = EDGE_CURVE ( 'NONE', #5404, #8277, #1905, .T. ) ;
#5932 = ORIENTED_EDGE ( 'NONE', *, *, #5805, .F. ) ;
#5933 = MECHANICAL_DESIGN_GEOMETRIC_PRESENTATION_REPRESENTATION (  '', ( #1119 ), #6422 ) ;
#5934 = DIRECTION ( 'NONE',  ( 0.0000000000000000000, 1.000000000000000000, 0.0000000000000000000 ) ) ;
#5935 = PLANE ( 'NONE',  #5578 ) ;
#5936 = DIRECTION ( 'NONE',  ( 0.0000000000000000000, 0.0000000000000000000, 1.000000000000000000 ) ) ;
#5937 = CARTESIAN_POINT ( 'NONE',  ( -1.017433925442263100, 0.4830782563120238900, 1.452165303878176300 ) ) ;
#5938 = CARTESIAN_POINT ( 'NONE',  ( 1.495438813010397700, 0.4139876401014495100, -1.130499522633262800 ) ) ;
#5939 = EDGE_LOOP ( 'NONE', ( #3748, #9548, #1831, #2172 ) ) ;
#5940 = CIRCLE ( 'NONE', #2315, 0.02250000000000005800 ) ;
#5941 = CIRCLE ( 'NONE', #7664, 0.02249999999999994400 ) ;
#5942 = CARTESIAN_POINT ( 'NONE',  ( 1.001240658052933800, 0.2195099938507023800, 1.435160477219354200 ) ) ;
#5943 = AXIS2_PLACEMENT_3D ( 'NONE', #3008, #4413, #8142 ) ;
#5944 = CARTESIAN_POINT ( 'NONE',  ( -1.279941855525978900, 0.3999999999999997400, -1.130499522727401300 ) ) ;
#5945 = DIRECTION ( 'NONE',  ( 0.0000000000000000000, 0.0000000000000000000, -1.000000000000000000 ) ) ;
#5946 = UNCERTAINTY_MEASURE_WITH_UNIT (LENGTH_MEASURE( 1.000000000000000100E-005 ), #2178, 'distance_accuracy_value', 'NONE');
#5947 = CARTESIAN_POINT ( 'NONE',  ( -1.393291209621585900, 0.4000000000000001300, 1.324466651971106800 ) ) ;
#5948 = ADVANCED_FACE ( 'NONE', ( #526 ), #1335, .F. ) ;
#5949 = ORIENTED_EDGE ( 'NONE', *, *, #7377, .T. ) ;
#5950 = DIRECTION ( 'NONE',  ( -0.0000000000000000000, 1.000000000000000000, -0.0000000000000000000 ) ) ;
#5951 = CARTESIAN_POINT ( 'NONE',  ( -1.002253806455755300, 0.5434133264796551200, 1.379143994011366800 ) ) ;
#5952 = DIRECTION ( 'NONE',  ( 0.0000000000000000000, 0.0000000000000000000, -1.000000000000000000 ) ) ;
#5953 = CYLINDRICAL_SURFACE ( 'NONE', #4221, 0.02249999999999995100 ) ;
#5954 = EDGE_CURVE ( 'NONE', #1228, #1830, #5547, .T. ) ;
#5955 = EDGE_CURVE ( 'NONE', #7691, #9181, #8737, .T. ) ;
#5956 = ORIENTED_EDGE ( 'NONE', *, *, #6230, .F. ) ;
#5957 = DIRECTION ( 'NONE',  ( 0.9781476007338070200, 0.0000000000000000000, 0.2079116908177530400 ) ) ;
#5958 = CARTESIAN_POINT ( 'NONE',  ( -0.5999999999999995300, 0.3999999999999999700, 1.500000000000000000 ) ) ;
#5959 = CARTESIAN_POINT ( 'NONE',  ( 1.500000000000000900, 3.532091952673165100, -1.130499522727401700 ) ) ;
#5960 = DIRECTION ( 'NONE',  ( 0.0000000000000000000, 0.0000000000000000000, 1.000000000000000000 ) ) ;
#5961 = CARTESIAN_POINT ( 'NONE',  ( -1.425998654331403200, 0.4000000000000050700, -1.296100651485099500 ) ) ;
#5962 = ORIENTED_EDGE ( 'NONE', *, *, #3800, .F. ) ;
#5963 = AXIS2_PLACEMENT_3D ( 'NONE', #5443, #8379, #872 ) ;
#5964 = CYLINDRICAL_SURFACE ( 'NONE', #2061, 0.02250000000000005800 ) ;
#5965 = EDGE_CURVE ( 'NONE', #9209, #764, #8166, .T. ) ;
#5966 = FILL_AREA_STYLE ('',( #8915 ) ) ;
#5967 = ORIENTED_EDGE ( 'NONE', *, *, #1069, .F. ) ;
#5968 = CARTESIAN_POINT ( 'NONE',  ( 1.066426476551391800, 0.4943507479199376600, 1.441751615666977200 ) ) ;
#5969 = B_SPLINE_CURVE_WITH_KNOTS ( 'NONE', 3,
 ( #9566, #3617, #5899, #9500, #2826 ),
 .UNSPECIFIED., .F., .F.,
 ( 4, 1, 4 ),
 ( 0.0000000000000000000, 6.975561629654831200E-005, 7.144483705573560000E-005 ),
 .UNSPECIFIED. ) ;
#5970 = ORIENTED_EDGE ( 'NONE', *, *, #3049, .F. ) ;
#5971 = VECTOR ( 'NONE', #4149, 1000.000000000000000 ) ;
#5972 = LINE ( 'NONE', #5339, #7464 ) ;
#5973 = CARTESIAN_POINT ( 'NONE',  ( -0.9587734018065088300, 0.3980000000000002400, 1.424407103159568200 ) ) ;
#5974 = EDGE_LOOP ( 'NONE', ( #6182, #2160, #2811, #7387, #8939, #3794 ) ) ;
#5975 = VERTEX_POINT ( 'NONE', #8859 ) ;
#5976 = DIRECTION ( 'NONE',  ( 0.9781476007338062400, 1.285928060596823000E-014, -0.2079116908177569600 ) ) ;
#5977 = ORIENTED_EDGE ( 'NONE', *, *, #277, .F. ) ;
#5978 = CARTESIAN_POINT ( 'NONE',  ( -1.495220395228493300, 0.4136489356890639100, 1.142811351478480800 ) ) ;
#5979 = AXIS2_PLACEMENT_3D ( 'NONE', #5481, #942, #8987 ) ;
#5980 = STYLED_ITEM ( 'NONE', ( #7725 ), #5897 ) ;
#5981 = ORIENTED_EDGE ( 'NONE', *, *, #7322, .F. ) ;
#5982 = LINE ( 'NONE', #3083, #2260 ) ;
#5983 = LINE ( 'NONE', #694, #3983 ) ;
#5984 = ORIENTED_EDGE ( 'NONE', *, *, #716, .F. ) ;
#5985 = ORIENTED_EDGE ( 'NONE', *, *, #832, .F. ) ;
#5986 = DIRECTION ( 'NONE',  ( 0.0000000000000000000, 1.000000000000000000, 0.0000000000000000000 ) ) ;
#5987 = VECTOR ( 'NONE', #41, 1000.000000000000000 ) ;
#5988 = CARTESIAN_POINT ( 'NONE',  ( -0.7470000000000001100, 1.200000000000000200, -0.02249999999999999600 ) ) ;
#5989 = CARTESIAN_POINT ( 'NONE',  ( -0.5999999999999995300, 0.0000000000000000000, 1.500000000000000000 ) ) ;
#5990 = CARTESIAN_POINT ( 'NONE',  ( -1.024160146183812600, 0.4885247054952150400, 1.450735601524318900 ) ) ;
#5991 = ADVANCED_FACE ( 'NONE', ( #6226 ), #6473, .T. ) ;
#5992 = ADVANCED_FACE ( 'NONE', ( #4239 ), #3287, .T. ) ;
#5993 = CIRCLE ( 'NONE', #6488, 0.02250000000000005800 ) ;
#5994 = EDGE_LOOP ( 'NONE', ( #3669, #5079 ) ) ;
#5995 = ORIENTED_EDGE ( 'NONE', *, *, #2820, .T. ) ;
#5996 = VERTEX_POINT ( 'NONE', #4430 ) ;
#5997 = CARTESIAN_POINT ( 'NONE',  ( -1.495438813010396600, 0.4139876401014505600, 1.130499522633260100 ) ) ;
#5998 = FACE_BOUND ( 'NONE', #7052, .T. ) ;
#5999 = CARTESIAN_POINT ( 'NONE',  ( -0.9550000000000000700, 1.086360389693210800, -0.1574999999999999200 ) ) ;
#6000 = LINE ( 'NONE', #6729, #7955 ) ;
#6001 = CARTESIAN_POINT ( 'NONE',  ( -0.5931453759609330900, 0.4139876401014501200, 1.495438813010396600 ) ) ;
#6002 = ORIENTED_EDGE ( 'NONE', *, *, #7501, .F. ) ;
#6003 = EDGE_CURVE ( 'NONE', #764, #9209, #870, .T. ) ;
#6004 = CYLINDRICAL_SURFACE ( 'NONE', #551, 0.02000000000000004900 ) ;
#6005 = EDGE_LOOP ( 'NONE', ( #6374, #5949, #4715, #4961 ) ) ;
#6006 = ORIENTED_EDGE ( 'NONE', *, *, #4193, .T. ) ;
#6007 = DIRECTION ( 'NONE',  ( 0.0000000000000000000, -0.0000000000000000000, 1.000000000000000000 ) ) ;
#6008 = CARTESIAN_POINT ( 'NONE',  ( -1.079783061343265500, 0.4714155398634341000, 1.438912585927962600 ) ) ;
#6009 = CARTESIAN_POINT ( 'NONE',  ( -1.500652173913045600, 0.3980000000000000200, -0.5602009446768664300 ) ) ;
#6010 = PRESENTATION_STYLE_ASSIGNMENT (( #3300 ) ) ;
#6011 = SURFACE_SIDE_STYLE ('',( #5592 ) ) ;
#6012 = DIRECTION ( 'NONE',  ( 0.0000000000000000000, 0.0000000000000000000, 1.000000000000000000 ) ) ;
#6013 = CARTESIAN_POINT ( 'NONE',  ( 0.9879841896435035400, 0.02500000000000050800, 1.437978226564350400 ) ) ;
#6014 = DIRECTION ( 'NONE',  ( 0.0000000000000000000, 0.0000000000000000000, 1.000000000000000000 ) ) ;
#6015 = CLOSED_SHELL ( 'NONE', ( #5991, #9390, #583, #8853 ) ) ;
#6016 = LINE ( 'NONE', #924, #5900 ) ;
#6017 = ORIENTED_EDGE ( 'NONE', *, *, #1036, .T. ) ;
#6018 = ORIENTED_EDGE ( 'NONE', *, *, #2170, .F. ) ;
#6019 = ORIENTED_EDGE ( 'NONE', *, *, #26, .F. ) ;
#6020 = CYLINDRICAL_SURFACE ( 'NONE', #3089, 0.02249999999999995100 ) ;
#6021 = DIRECTION ( 'NONE',  ( 0.0000000000000000000, -0.0000000000000000000, -1.000000000000000000 ) ) ;
#6022 = DIRECTION ( 'NONE',  ( 0.0000000000000000000, 1.000000000000000000, -0.0000000000000000000 ) ) ;
#6023 = EDGE_CURVE ( 'NONE', #1940, #8069, #1552, .T. ) ;
#6024 = ORIENTED_EDGE ( 'NONE', *, *, #8884, .F. ) ;
#6025 = DIRECTION ( 'NONE',  ( -0.0000000000000000000, 1.000000000000000000, -0.0000000000000000000 ) ) ;
#6026 = AXIS2_PLACEMENT_3D ( 'NONE', #164, #129, #6141 ) ;
#6027 = ORIENTED_EDGE ( 'NONE', *, *, #7107, .F. ) ;
#6028 = CARTESIAN_POINT ( 'NONE',  ( -0.5390000000000001500, 1.200000000000000200, 0.1575000000000000300 ) ) ;
#6029 = EDGE_CURVE ( 'NONE', #4210, #5404, #8388, .T. ) ;
#6030 = EDGE_CURVE ( 'NONE', #7984, #3257, #981, .T. ) ;
#6031 = LINE ( 'NONE', #9342, #2312 ) ;
#6032 = DIRECTION ( 'NONE',  ( 0.0000000000000000000, 1.000000000000000000, 0.0000000000000000000 ) ) ;
#6033 = ORIENTED_EDGE ( 'NONE', *, *, #2902, .T. ) ;
#6034 = VERTEX_POINT ( 'NONE', #7189 ) ;
#6035 = ORIENTED_EDGE ( 'NONE', *, *, #8218, .T. ) ;
#6036 = DIRECTION ( 'NONE',  ( 0.0000000000000000000, 0.0000000000000000000, 1.000000000000000000 ) ) ;
#6037 = CARTESIAN_POINT ( 'NONE',  ( -1.325694516421789000, 3.532091952673165100, 1.345748868766600200 ) ) ;
#6038 = AXIS2_PLACEMENT_3D ( 'NONE', #9123, #4036, #9185 ) ;
#6039 = CARTESIAN_POINT ( 'NONE',  ( -1.038470505609418300, 0.7907215304527248600, -1.407760946879635900 ) ) ;
#6040 = CARTESIAN_POINT ( 'NONE',  ( -1.500652173913043600, 0.3980000000000000200, 0.9386285311189916900 ) ) ;
#6041 = EDGE_LOOP ( 'NONE', ( #8664, #2522, #1580, #9293 ) ) ;
#6042 = ADVANCED_FACE ( 'NONE', ( #6461 ), #8918, .T. ) ;
#6043 = ADVANCED_FACE ( 'NONE', ( #7015 ), #8227, .T. ) ;
#6044 = CARTESIAN_POINT ( 'NONE',  ( -1.490951687155132000, 0.7873424385510049400, 1.181958733394712400 ) ) ;
#6045 = CARTESIAN_POINT ( 'NONE',  ( -1.325739219900775600, 0.4080804732954063700, -1.343044699433313400 ) ) ;
#6046 = FACE_OUTER_BOUND ( 'NONE', #507, .T. ) ;
#6047 = CARTESIAN_POINT ( 'NONE',  ( 1.086143485732988800, 0.4917242025559981400, 1.420614735107826000 ) ) ;
#6048 = LINE ( 'NONE', #5052, #4059 ) ;
#6049 = AXIS2_PLACEMENT_3D ( 'NONE', #2157, #4393, #2857 ) ;
#6050 = CARTESIAN_POINT ( 'NONE',  ( 0.6000000000000004200, 0.3999999999999999700, 1.499999999999999800 ) ) ;
#6051 = FACE_OUTER_BOUND ( 'NONE', #5045, .T. ) ;
#6052 = DIRECTION ( 'NONE',  ( 0.0000000000000000000, 1.000000000000000000, 0.0000000000000000000 ) ) ;
#6053 = EDGE_CURVE ( 'NONE', #7506, #2520, #514, .T. ) ;
#6054 = CARTESIAN_POINT ( 'NONE',  ( 1.495408054074569600, 0.4138289481893068200, -1.136666236452476700 ) ) ;
#6055 = CARTESIAN_POINT ( 'NONE',  ( 1.099055418126314400, 0.2195099938507023600, 1.414369308137578800 ) ) ;
#6056 = UNCERTAINTY_MEASURE_WITH_UNIT (LENGTH_MEASURE( 1.000000000000000100E-005 ), #3461, 'distance_accuracy_value', 'NONE');
#6057 = DIRECTION ( 'NONE',  ( 1.000000000000000000, 0.0000000000000000000, 0.0000000000000000000 ) ) ;
#6058 = CARTESIAN_POINT ( 'NONE',  ( -0.9707252490854086900, 0.5258619858527000500, 1.391254461010788400 ) ) ;
#6059 = CARTESIAN_POINT ( 'NONE',  ( 0.6000685462403910800, 0.3979999999999999600, -1.500652173913043400 ) ) ;
#6060 = DIRECTION ( 'NONE',  ( 0.0000000000000000000, 1.000000000000000000, 0.0000000000000000000 ) ) ;
#6061 = DIRECTION ( 'NONE',  ( 0.2079116908177528500, -1.143494478793304100E-015, -0.9781476007338070200 ) ) ;
#6062 = CARTESIAN_POINT ( 'NONE',  ( -0.8520000000000000900, 1.150000000000000100, 0.1050000000000000800 ) ) ;
#6063 = ORIENTED_EDGE ( 'NONE', *, *, #1886, .T. ) ;
#6064 = EDGE_CURVE ( 'NONE', #7047, #2498, #5053, .T. ) ;
#6065 = CIRCLE ( 'NONE', #6905, 0.02249999999999994400 ) ;
#6066 = EDGE_CURVE ( 'NONE', #3762, #4732, #283, .T. ) ;
#6067 = VERTEX_POINT ( 'NONE', #1274 ) ;
#6068 = CARTESIAN_POINT ( 'NONE',  ( -0.6182269360013436000, 0.7860123598985514500, -1.495438813010397300 ) ) ;
#6069 = SURFACE_STYLE_FILL_AREA ( #9090 ) ;
#6070 = VERTEX_POINT ( 'NONE', #8917 ) ;
#6071 = CARTESIAN_POINT ( 'NONE',  ( -0.5996830415998090100, 0.4139876401014501200, 1.495438813010396600 ) ) ;
#6072 = VECTOR ( 'NONE', #5410, 1000.000000000000000 ) ;
#6073 = CARTESIAN_POINT ( 'NONE',  ( -1.005398891868379600, 0.4564162535282361200, 1.454723429234224200 ) ) ;
#6074 = ORIENTED_EDGE ( 'NONE', *, *, #1707, .T. ) ;
#6075 = ADVANCED_FACE ( 'NONE', ( #2484 ), #2723, .T. ) ;
#6076 = ADVANCED_FACE ( 'NONE', ( #4584 ), #6798, .T. ) ;
#6077 = EDGE_LOOP ( 'NONE', ( #4734, #3091, #7630, #214 ) ) ;
#6078 = AXIS2_PLACEMENT_3D ( 'NONE', #5614, #2623, #7808 ) ;
#6079 = VERTEX_POINT ( 'NONE', #4632 ) ;
#6080 = CIRCLE ( 'NONE', #1184, 0.02250000000000005800 ) ;
#6081 = AXIS2_PLACEMENT_3D ( 'NONE', #6272, #1834, #4046 ) ;
#6082 = CARTESIAN_POINT ( 'NONE',  ( 1.419232047059334000, 0.7999578247553715800, 1.312403498726972800 ) ) ;
#6083 = DIRECTION ( 'NONE',  ( 0.0000000000000000000, 0.0000000000000000000, -1.000000000000000000 ) ) ;
#6084 = FACE_OUTER_BOUND ( 'NONE', #1538, .T. ) ;
#6085 = FACE_OUTER_BOUND ( 'NONE', #8172, .T. ) ;
#6086 = VERTEX_POINT ( 'NONE', #8995 ) ;
#6087 = ORIENTED_EDGE ( 'NONE', *, *, #9119, .F. ) ;
#6088 = CIRCLE ( 'NONE', #6232, 0.02000000000000004900 ) ;
#6089 = CARTESIAN_POINT ( 'NONE',  ( 0.9570786772085636600, 0.6000000000000013100, 1.357426197505239100 ) ) ;
#6090 = B_SPLINE_CURVE_WITH_KNOTS ( 'NONE', 3,
 ( #7193, #1963, #8539, #469, #7097 ),
 .UNSPECIFIED., .F., .F.,
 ( 4, 1, 4 ),
 ( 0.0000000000000000000, 1.445755362989937600E-006, 7.118289620182261600E-005 ),
 .UNSPECIFIED. ) ;
#6091 = EDGE_CURVE ( 'NONE', #6631, #8985, #6424, .T. ) ;
#6092 = CARTESIAN_POINT ( 'NONE',  ( -1.401880649841641800, 0.6000000000000000900, -1.230146126991668500 ) ) ;
#6093 = FACE_OUTER_BOUND ( 'NONE', #8746, .T. ) ;
#6094 = AXIS2_PLACEMENT_3D ( 'NONE', #1816, #480, #9340 ) ;
#6095 = DIRECTION ( 'NONE',  ( 0.0000000000000000000, -0.0000000000000000000, -1.000000000000000000 ) ) ;
#6096 = DIRECTION ( 'NONE',  ( 0.0000000000000000000, -1.000000000000000000, 0.0000000000000000000 ) ) ;
#6097 = EDGE_LOOP ( 'NONE', ( #2122, #8828 ) ) ;
#6098 = VERTEX_POINT ( 'NONE', #176 ) ;
#6099 = DIRECTION ( 'NONE',  ( 0.9774513895479197700, 0.001614583861091350100, -0.2111543847278492800 ) ) ;
#6100 = EDGE_CURVE ( 'NONE', #7380, #1896, #751, .T. ) ;
#6101 = MECHANICAL_DESIGN_GEOMETRIC_PRESENTATION_REPRESENTATION (  '', ( #8240 ), #5110 ) ;
#6102 = CARTESIAN_POINT ( 'NONE',  ( -1.495428079823485800, 0.4139547249973356000, -1.179813543138004100 ) ) ;
#6103 = AXIS2_PLACEMENT_3D ( 'NONE', #4466, #3714, #9013 ) ;
#6104 = ORIENTED_EDGE ( 'NONE', *, *, #1458, .T. ) ;
#6105 = CYLINDRICAL_SURFACE ( 'NONE', #6964, 0.02250000000000005800 ) ;
#6106 = EDGE_LOOP ( 'NONE', ( #6726, #662, #8607, #4833 ) ) ;
#6107 = CARTESIAN_POINT ( 'NONE',  ( -0.9939391798991458200, 0.2192207007240674100, 1.457159266208132500 ) ) ;
#6108 = FACE_OUTER_BOUND ( 'NONE', #3623, .T. ) ;
#6109 = EDGE_LOOP ( 'NONE', ( #7066, #7383 ) ) ;
#6110 = ORIENTED_EDGE ( 'NONE', *, *, #8288, .T. ) ;
#6111 = ORIENTED_EDGE ( 'NONE', *, *, #9134, .F. ) ;
#6112 = CARTESIAN_POINT ( 'NONE',  ( -1.007000000000000100, 1.150000000000000100, -0.1574999999999999200 ) ) ;
#6113 = CIRCLE ( 'NONE', #2960, 0.02250000000000005800 ) ;
#6114 = ORIENTED_EDGE ( 'NONE', *, *, #2223, .F. ) ;
#6115 = STYLED_ITEM ( 'NONE', ( #7569 ), #7896 ) ;
#6116 = ORIENTED_EDGE ( 'NONE', *, *, #6704, .F. ) ;
#6117 = CIRCLE ( 'NONE', #3827, 0.02250000000000005800 ) ;
#6118 = VERTEX_POINT ( 'NONE', #5383 ) ;
#6119 = EDGE_LOOP ( 'NONE', ( #7603, #5450 ) ) ;
#6120 = SURFACE_STYLE_USAGE ( .BOTH. , #8295 ) ;
#6121 = DIRECTION ( 'NONE',  ( -0.2111546600174161700, 0.0000000000000000000, -0.9774526635867997200 ) ) ;
#6122 = CIRCLE ( 'NONE', #1598, 0.02250000000000005800 ) ;
#6123 = CARTESIAN_POINT ( 'NONE',  ( -1.083650699927993600, 0.2188115784608656000, 1.438090493968610600 ) ) ;
#6124 = EDGE_CURVE ( 'NONE', #7159, #2276, #4702, .T. ) ;
#6125 = CARTESIAN_POINT ( 'NONE',  ( 1.500000000000000900, 0.3999999999999999700, 1.152076427983975000 ) ) ;
#6126 = EDGE_LOOP ( 'NONE', ( #6995, #4321, #1679, #6820 ) ) ;
#6127 = FACE_OUTER_BOUND ( 'NONE', #3747, .T. ) ;
#6128 = ORIENTED_EDGE ( 'NONE', *, *, #8033, .T. ) ;
#6129 = ORIENTED_EDGE ( 'NONE', *, *, #6453, .T. ) ;
#6130 = DIRECTION ( 'NONE',  ( 0.0000000000000000000, -0.0000000000000000000, -1.000000000000000000 ) ) ;
#6131 = CARTESIAN_POINT ( 'NONE',  ( -1.456075528454149800, 0.3999999999999990800, -1.271004276765399300 ) ) ;
#6132 = ADVANCED_FACE ( 'NONE', ( #8727 ), #3063, .F. ) ;
#6133 = ADVANCED_FACE ( 'NONE', ( #1327 ), #2997, .T. ) ;
#6134 = CARTESIAN_POINT ( 'NONE',  ( -1.488402236249604800, 0.3999999999999999700, -1.200996732728298700 ) ) ;
#6135 = DIRECTION ( 'NONE',  ( 0.0000000000000000000, 1.000000000000000000, 0.0000000000000000000 ) ) ;
#6136 = FACE_OUTER_BOUND ( 'NONE', #6825, .T. ) ;
#6137 = DIRECTION ( 'NONE',  ( -0.0000000000000000000, 1.000000000000000000, -0.0000000000000000000 ) ) ;
#6138 = VECTOR ( 'NONE', #3608, 1000.000000000000000 ) ;
#6139 = VERTEX_POINT ( 'NONE', #9148 ) ;
#6140 = ORIENTED_EDGE ( 'NONE', *, *, #5594, .F. ) ;
#6141 = DIRECTION ( 'NONE',  ( 0.0000000000000000000, 0.0000000000000000000, -1.000000000000000000 ) ) ;
#6142 = CARTESIAN_POINT ( 'NONE',  ( -0.4370000000000001100, 1.150000000000000100, 0.02250000000000009600 ) ) ;
#6143 = LINE ( 'NONE', #5721, #9341 ) ;
#6144 = DIRECTION ( 'NONE',  ( 0.0000000000000000000, 1.000000000000000000, 0.0000000000000000000 ) ) ;
#6145 = PRESENTATION_LAYER_ASSIGNMENT (  '', '', ( #2585 ) ) ;
#6146 = DIRECTION ( 'NONE',  ( -0.0000000000000000000, -1.000000000000000000, -0.0000000000000000000 ) ) ;
#6147 = CARTESIAN_POINT ( 'NONE',  ( 0.5997232021850392700, 0.4080762362277940400, 1.497366444708327900 ) ) ;
#6148 = CLOSED_SHELL ( 'NONE', ( #5675, #99, #4716, #6075 ) ) ;
#6149 = EDGE_CURVE ( 'NONE', #2185, #5680, #2030, .T. ) ;
#6150 = FILL_AREA_STYLE ('',( #6863 ) ) ;
#6151 = LINE ( 'NONE', #9145, #5473 ) ;
#6152 = CARTESIAN_POINT ( 'NONE',  ( 0.9685701236624366700, 0.8019999999999998200, -1.426618388191971600 ) ) ;
#6153 = DIRECTION ( 'NONE',  ( 0.0000000000000000000, 1.000000000000000000, 0.0000000000000000000 ) ) ;
#6154 = CARTESIAN_POINT ( 'NONE',  ( 1.495438813010396200, 0.7860123598985489000, 1.130499522767037400 ) ) ;
#6155 = DIRECTION ( 'NONE',  ( 0.0000000000000000000, 1.000000000000000000, -0.0000000000000000000 ) ) ;
#6156 = EDGE_LOOP ( 'NONE', ( #8957, #6735 ) ) ;
#6157 = CARTESIAN_POINT ( 'NONE',  ( -0.2564740442736137500, 0.005000000000000391300, -1.900350256435211900 ) ) ;
#6158 = CARTESIAN_POINT ( 'NONE',  ( 1.500652173913044300, 0.3979999999999999600, -1.152083909450869700 ) ) ;
#6159 = B_SPLINE_CURVE_WITH_KNOTS ( 'NONE', 3,
 ( #5532, #7748, #4048, #5574, #6299, #2675, #503 ),
 .UNSPECIFIED., .F., .F.,
 ( 4, 3, 4 ),
 ( 0.0000000000000000000, 0.0004290930677039928800, 0.0007229335809172421900 ),
 .UNSPECIFIED. ) ;
#6160 = DIRECTION ( 'NONE',  ( -0.9781476007338069100, 0.0000000000000000000, 0.2079116908177528200 ) ) ;
#6161 = AXIS2_PLACEMENT_3D ( 'NONE', #2566, #4828, #1121 ) ;
#6162 = AXIS2_PLACEMENT_3D ( 'NONE', #6432, #4970, #7965 ) ;
#6163 = CARTESIAN_POINT ( 'NONE',  ( -1.456271976881600800, 0.8019999999999999400, -1.276203019419650100 ) ) ;
#6164 = CARTESIAN_POINT ( 'NONE',  ( -0.5390000000000001500, 1.150000000000000100, -0.1574999999999999700 ) ) ;
#6165 = DIRECTION ( 'NONE',  ( 0.0000000000000000000, 0.0000000000000000000, -1.000000000000000000 ) ) ;
#6166 = CARTESIAN_POINT ( 'NONE',  ( 1.042357969055252900, 0.5552291102820885400, 1.366625267155058900 ) ) ;
#6167 = CARTESIAN_POINT ( 'NONE',  ( -1.495438813010397900, 0.4139876401014512300, -1.130499522635683800 ) ) ;
#6168 = EDGE_CURVE ( 'NONE', #3123, #6725, #6212, .T. ) ;
#6169 = AXIS2_PLACEMENT_3D ( 'NONE', #2893, #8080, #691 ) ;
#6170 =( LENGTH_UNIT ( ) NAMED_UNIT ( * ) SI_UNIT ( .MILLI., .METRE. ) );
#6171 = PRESENTATION_LAYER_ASSIGNMENT (  '', '', ( #1674 ) ) ;
#6172 = CARTESIAN_POINT ( 'NONE',  ( -1.495438813010397300, 0.7860123598985487800, -1.130499522771865100 ) ) ;
#6173 = DIRECTION ( 'NONE',  ( 0.0000000000000000000, -0.0000000000000000000, -1.000000000000000000 ) ) ;
#6174 = CARTESIAN_POINT ( 'NONE',  ( 0.8779298910181065900, 0.4080762362277955400, -1.438231787496371000 ) ) ;
#6175 = ADVANCED_FACE ( 'NONE', ( #3744 ), #4556, .T. ) ;
#6176 = DIRECTION ( 'NONE',  ( 0.0000000000000000000, 1.000000000000000000, -0.0000000000000000000 ) ) ;
#6177 = MANIFOLD_SOLID_BREP ( 'Boss-Extrude7[9]', #1317 ) ;
#6178 = EDGE_CURVE ( 'NONE', #9396, #6269, #3991, .T. ) ;
#6179 = CARTESIAN_POINT ( 'NONE',  ( 1.500000000000000000, 0.8000000000000000400, 1.156361065365217700 ) ) ;
#6180 = CARTESIAN_POINT ( 'NONE',  ( 1.500000000000000900, 0.3999999999999999700, 1.130499522727401700 ) ) ;
#6181 = CARTESIAN_POINT ( 'NONE',  ( 0.6530611828246057900, 0.6000000000000000900, 1.422047110799025800 ) ) ;
#6182 = ORIENTED_EDGE ( 'NONE', *, *, #9199, .F. ) ;
#6183 = CARTESIAN_POINT ( 'NONE',  ( 1.001240658052934100, 0.4529234108412327200, 1.435160477219354200 ) ) ;
#6184 = FACE_OUTER_BOUND ( 'NONE', #7699, .T. ) ;
#6185 = CARTESIAN_POINT ( 'NONE',  ( -1.393029001814898100, 0.8020000000000004900, -1.329655327101283900 ) ) ;
#6186 = CARTESIAN_POINT ( 'NONE',  ( 0.6200000000000000000, 0.8000000000000001600, -1.500000000000000000 ) ) ;
#6187 = DIRECTION ( 'NONE',  ( 0.0000000000000000000, -0.0000000000000000000, -1.000000000000000000 ) ) ;
#6188 = ORIENTED_EDGE ( 'NONE', *, *, #2144, .F. ) ;
#6189 = DIRECTION ( 'NONE',  ( 0.0000000000000000000, -0.0000000000000000000, -1.000000000000000000 ) ) ;
#6190 = VECTOR ( 'NONE', #1486, 1000.000000000000000 ) ;
#6191 = ORIENTED_EDGE ( 'NONE', *, *, #8702, .T. ) ;
#6192 = AXIS2_PLACEMENT_3D ( 'NONE', #6620, #8318, #7560 ) ;
#6193 = PRESENTATION_STYLE_ASSIGNMENT (( #5068 ) ) ;
#6194 = LINE ( 'NONE', #6946, #6316 ) ;
#6195 = EDGE_CURVE ( 'NONE', #2075, #7834, #4227, .T. ) ;
#6196 = VERTEX_POINT ( 'NONE', #4791 ) ;
#6197 = DIRECTION ( 'NONE',  ( 0.0000000000000000000, 1.000000000000000000, 0.0000000000000000000 ) ) ;
#6198 = VERTEX_POINT ( 'NONE', #3934 ) ;
#6199 = CARTESIAN_POINT ( 'NONE',  ( -0.5999999999999995300, 3.532091952673165100, 1.500000000000000000 ) ) ;
#6200 = ORIENTED_EDGE ( 'NONE', *, *, #4744, .F. ) ;
#6201 = CARTESIAN_POINT ( 'NONE',  ( -1.434753136974853800, 0.5999847474080776100, -1.134301255056366300 ) ) ;
#6202 = CLOSED_SHELL ( 'NONE', ( #3364, #6076, #2234, #7676, #8678, #4977, #7059, #1259, #1205, #2336, #5154, #4206, #581, #5992, #3376, #4889, #8949, #8234, #6042, #3339, #1109, #811, #4564, #5365 ) ) ;
#6203 = CARTESIAN_POINT ( 'NONE',  ( 0.7388265466015729900, 0.4080762362277937100, -1.467799116102349400 ) ) ;
#6204 = VECTOR ( 'NONE', #8248, 1000.000000000000000 ) ;
#6205 = DIRECTION ( 'NONE',  ( 0.0000000000000000000, 0.0000000000000000000, -1.000000000000000000 ) ) ;
#6206 = EDGE_LOOP ( 'NONE', ( #7754, #2980 ) ) ;
#6207 = ORIENTED_EDGE ( 'NONE', *, *, #6830, .T. ) ;
#6208 = CARTESIAN_POINT ( 'NONE',  ( 1.402048539154311400, 0.6000000000000000900, -1.229933867342747800 ) ) ;
#6209 = CARTESIAN_POINT ( 'NONE',  ( 1.488402236249855000, 0.3999999999999999700, 1.200996732727558400 ) ) ;
#6210 = FILL_AREA_STYLE_COLOUR ( '', #8038 ) ;
#6211 = CARTESIAN_POINT ( 'NONE',  ( -0.5999999999999995300, 0.0000000000000000000, 1.500000000000000000 ) ) ;
#6212 = CIRCLE ( 'NONE', #4223, 0.02250000000000005800 ) ;
#6213 = CARTESIAN_POINT ( 'NONE',  ( 1.495438813163837200, 0.4139876401505042700, -0.3768331744909058100 ) ) ;
#6214 = LINE ( 'NONE', #9510, #4950 ) ;
#6215 = ORIENTED_EDGE ( 'NONE', *, *, #3017, .F. ) ;
#6216 = CARTESIAN_POINT ( 'NONE',  ( 1.500652173913043200, 0.3980000000000002400, 0.5602009446768678700 ) ) ;
#6217 = B_SPLINE_CURVE_WITH_KNOTS ( 'NONE', 3,
 ( #2591, #7135, #513, #7313, #552, #5768, #3459, #7236, #1364, #1287, #5071, #2792, #6539, #7943, #5854, #4312, #8693, #4249, #1391 ),
 .UNSPECIFIED., .F., .F.,
 ( 4, 3, 3, 3, 3, 3, 4 ),
 ( 1.084202172485504400E-019, 4.538890169543045300E-005, 9.242150701179593900E-005, 0.0001068474804057011000, 0.0001215110909703209100, 0.0001287738515402292800, 0.0001302446196262710100 ),
 .UNSPECIFIED. ) ;
#6218 = ORIENTED_EDGE ( 'NONE', *, *, #1474, .T. ) ;
#6219 = DIRECTION ( 'NONE',  ( 0.0000000000000000000, 1.000000000000000000, 0.0000000000000000000 ) ) ;
#6220 = EDGE_CURVE ( 'NONE', #516, #3092, #2597, .T. ) ;
#6221 = CARTESIAN_POINT ( 'NONE',  ( -0.6202685462403907400, 0.8020000000000001600, 1.500652173913043600 ) ) ;
#6222 = FACE_BOUND ( 'NONE', #8281, .T. ) ;
#6223 = AXIS2_PLACEMENT_3D ( 'NONE', #2135, #3581, #3408 ) ;
#6224 = ORIENTED_EDGE ( 'NONE', *, *, #3571, .F. ) ;
#6225 = ADVANCED_FACE ( 'NONE', ( #2269 ), #7486, .T. ) ;
#6226 = FACE_OUTER_BOUND ( 'NONE', #3217, .T. ) ;
#6227 = DIRECTION ( 'NONE',  ( 0.0000000000000000000, -0.0000000000000000000, -1.000000000000000000 ) ) ;
#6228 = VERTEX_POINT ( 'NONE', #1150 ) ;
#6229 = CARTESIAN_POINT ( 'NONE',  ( -1.087025529946596100, 0.7918763842185180300, -1.398817077757290400 ) ) ;
#6230 = EDGE_CURVE ( 'NONE', #637, #34, #926, .T. ) ;
#6231 = LINE ( 'NONE', #5313, #6475 ) ;
#6232 = AXIS2_PLACEMENT_3D ( 'NONE', #2914, #3679, #2951 ) ;
#6233 = PLANE ( 'NONE',  #3703 ) ;
#6234 = ORIENTED_EDGE ( 'NONE', *, *, #253, .F. ) ;
#6235 = AXIS2_PLACEMENT_3D ( 'NONE', #647, #3106, #8896 ) ;
#6236 = VERTEX_POINT ( 'NONE', #6290 ) ;
#6237 = DIRECTION ( 'NONE',  ( 0.0000000000000000000, 1.000000000000000000, 0.0000000000000000000 ) ) ;
#6238 = ADVANCED_BREP_SHAPE_REPRESENTATION ( 'VLS3012CX-100M-1', ( #7896, #6368, #6494, #8754, #160, #4443, #3131, #5662, #7182, #4145, #6177, #9463, #3294, #579, #1866, #1998, #7601, #1404, #8461, #8058, #4319, #2320, #3597, #5355, #4630, #1697, #5897, #7359, #5485, #6775, #993, #2592, #9037, #4759, #6169 ), #4673 ) ;
#6239 = VECTOR ( 'NONE', #8332, 1000.000000000000100 ) ;
#6240 = CARTESIAN_POINT ( 'NONE',  ( -0.5390000000000001500, 1.200000000000000200, -0.1574999999999999700 ) ) ;
#6241 = DIRECTION ( 'NONE',  ( -0.9781476007338070200, 7.553396795047000900E-016, 0.2079116908177527900 ) ) ;
#6242 = CARTESIAN_POINT ( 'NONE',  ( -1.490879708940800100, 0.7873517976510584500, -1.182326956552210100 ) ) ;
#6243 = ORIENTED_EDGE ( 'NONE', *, *, #1774, .T. ) ;
#6244 = EDGE_CURVE ( 'NONE', #8194, #2155, #1784, .T. ) ;
#6245 = CYLINDRICAL_SURFACE ( 'NONE', #2852, 0.5999999999999998700 ) ;
#6246 = ORIENTED_EDGE ( 'NONE', *, *, #3607, .T. ) ;
#6247 = CARTESIAN_POINT ( 'NONE',  ( -0.5895000000000001400, 1.200000000000000200, -0.2600000000000000100 ) ) ;
#6248 = FILL_AREA_STYLE_COLOUR ( '', #7727 ) ;
#6249 = AXIS2_PLACEMENT_3D ( 'NONE', #3095, #8257, #7644 ) ;
#6250 = LINE ( 'NONE', #1513, #7514 ) ;
#6251 = UNCERTAINTY_MEASURE_WITH_UNIT (LENGTH_MEASURE( 1.000000000000000100E-005 ), #8302, 'distance_accuracy_value', 'NONE');
#6252 = ORIENTED_EDGE ( 'NONE', *, *, #233, .T. ) ;
#6253 = CARTESIAN_POINT ( 'NONE',  ( 1.434782608695652800, 0.6000000000000000900, -0.9453088734910627400 ) ) ;
#6254 = CIRCLE ( 'NONE', #6415, 0.02000000000000004900 ) ;
#6255 = ORIENTED_EDGE ( 'NONE', *, *, #7323, .F. ) ;
#6256 = VERTEX_POINT ( 'NONE', #9503 ) ;
#6257 = SURFACE_SIDE_STYLE ('',( #7116 ) ) ;
#6258 = DIRECTION ( 'NONE',  ( 0.0000000000000000000, 1.000000000000000000, 0.0000000000000000000 ) ) ;
#6259 = CARTESIAN_POINT ( 'NONE',  ( -0.7470000000000000000, 1.200000000000000200, 0.3300000000000001300 ) ) ;
#6260 = DIRECTION ( 'NONE',  ( 0.2079116908177535700, 0.0000000000000000000, -0.9781476007338069100 ) ) ;
#6261 = FACE_OUTER_BOUND ( 'NONE', #7035, .T. ) ;
#6262 = CARTESIAN_POINT ( 'NONE',  ( -1.109569398320966900, 0.005000000000000509200, 1.391687680760637100 ) ) ;
#6263 = EDGE_CURVE ( 'NONE', #6600, #6067, #4827, .T. ) ;
#6264 = CARTESIAN_POINT ( 'NONE',  ( 1.325694516421789900, 3.532091952673165100, -1.345748868766599900 ) ) ;
#6265 = AXIS2_PLACEMENT_3D ( 'NONE', #4104, #8468, #8506 ) ;
#6266 = CARTESIAN_POINT ( 'NONE',  ( -1.500652173913043400, 0.8020000000000001600, 0.9422407747293416500 ) ) ;
#6267 = EDGE_LOOP ( 'NONE', ( #4876, #5078 ) ) ;
#6268 = ORIENTED_EDGE ( 'NONE', *, *, #3261, .T. ) ;
#6269 = VERTEX_POINT ( 'NONE', #5259 ) ;
#6270 = DIRECTION ( 'NONE',  ( 0.0000000000000000000, 1.000000000000000000, -0.0000000000000000000 ) ) ;
#6271 = EDGE_CURVE ( 'NONE', #8040, #7238, #6693, .T. ) ;
#6272 = CARTESIAN_POINT ( 'NONE',  ( -0.4370000000000001100, 1.200000000000000200, 4.127059713126576100E-017 ) ) ;
#6273 = DIRECTION ( 'NONE',  ( -0.0000000000000000000, 1.000000000000000000, -0.0000000000000000000 ) ) ;
#6274 = EDGE_CURVE ( 'NONE', #7800, #287, #7714, .T. ) ;
#6275 = CARTESIAN_POINT ( 'NONE',  ( -1.325739219917690100, 0.4080804732952851300, -1.343044699429673900 ) ) ;
#6276 = SURFACE_STYLE_FILL_AREA ( #8875 ) ;
#6277 = ORIENTED_EDGE ( 'NONE', *, *, #38, .F. ) ;
#6278 = DIRECTION ( 'NONE',  ( 0.0000000000000000000, 1.000000000000000000, -0.0000000000000000000 ) ) ;
#6279 = CARTESIAN_POINT ( 'NONE',  ( -1.434635890955371400, 0.5999840032813673600, -1.137622722942826400 ) ) ;
#6280 = AXIS2_PLACEMENT_3D ( 'NONE', #4197, #7845, #417 ) ;
#6281 = CYLINDRICAL_SURFACE ( 'NONE', #9035, 0.02250000000000005800 ) ;
#6282 = CARTESIAN_POINT ( 'NONE',  ( 1.434635890955319400, 0.5999840032813670300, 1.137622722943932400 ) ) ;
#6283 = EDGE_CURVE ( 'NONE', #7709, #2895, #9416, .T. ) ;
#6284 = ADVANCED_FACE ( 'NONE', ( #9071 ), #8010, .F. ) ;
#6285 = LINE ( 'NONE', #731, #6750 ) ;
#6286 = CARTESIAN_POINT ( 'NONE',  ( 1.347384664740792300, 0.8020000000000000500, -1.346098871829750200 ) ) ;
#6287 = CARTESIAN_POINT ( 'NONE',  ( -0.6200000000000000000, 1.200000000000000200, 1.500000000000000000 ) ) ;
#6288 = CARTESIAN_POINT ( 'NONE',  ( -0.6000000000000002000, 0.0000000000000000000, -1.499999999999999600 ) ) ;
#6289 = CARTESIAN_POINT ( 'NONE',  ( -0.5997232021850390500, 0.4080762362277924300, -1.497366444708327900 ) ) ;
#6290 = CARTESIAN_POINT ( 'NONE',  ( 1.500000000000000000, 1.200000000000000200, -1.134750653960801900 ) ) ;
#6291 = DIRECTION ( 'NONE',  ( 0.0000000000000000000, -1.000000000000000000, 0.0000000000000000000 ) ) ;
#6292 = B_SPLINE_CURVE_WITH_KNOTS ( 'NONE', 3,
 ( #4391, #9439, #5127, #2910 ),
 .UNSPECIFIED., .F., .F.,
 ( 4, 4 ),
 ( 0.0000000000000000000, 4.981195386650665100E-006 ),
 .UNSPECIFIED. ) ;
#6293 = STYLED_ITEM ( 'NONE', ( #2712 ), #1866 ) ;
#6294 = AXIS2_PLACEMENT_3D ( 'NONE', #5848, #7326, #7 ) ;
#6295 = CARTESIAN_POINT ( 'NONE',  ( -1.041585265297793500, 0.5134737001387599300, 1.432577557428841700 ) ) ;
#6296 = CARTESIAN_POINT ( 'NONE',  ( -1.434782608695651700, 0.5999999999999997600, -0.5702134989594431800 ) ) ;
#6297 = PLANE ( 'NONE',  #8554 ) ;
#6298 = CARTESIAN_POINT ( 'NONE',  ( -0.8520000000000000900, 1.150000000000000100, 0.1050000000000000800 ) ) ;
#6299 = CARTESIAN_POINT ( 'NONE',  ( 1.134276969924610500, 0.7907215304527167600, 1.387396654239032600 ) ) ;
#6300 = CARTESIAN_POINT ( 'NONE',  ( 1.094897184309959300, 2.977826321801558500E-016, 1.394806356122903400 ) ) ;
#6301 = CARTESIAN_POINT ( 'NONE',  ( 0.9879841896435035400, 0.02500000000000050400, 1.437978226564350400 ) ) ;
#6302 = DIRECTION ( 'NONE',  ( 0.06823212742845970200, -0.9975640502598247500, 0.01450318640162376800 ) ) ;
#6303 = CARTESIAN_POINT ( 'NONE',  ( -0.7470000000000000000, 1.200000000000000200, -0.3300000000000000200 ) ) ;
#6304 = DIRECTION ( 'NONE',  ( 0.0000000000000000000, 0.0000000000000000000, -1.000000000000000000 ) ) ;
#6305 = AXIS2_PLACEMENT_3D ( 'NONE', #5766, #7812, #8551 ) ;
#6306 = ORIENTED_EDGE ( 'NONE', *, *, #4016, .T. ) ;
#6307 = CARTESIAN_POINT ( 'NONE',  ( 0.9865207896740495500, 0.003604870525118181200, 1.438289281830204700 ) ) ;
#6308 = CIRCLE ( 'NONE', #70, 0.02000000000000005200 ) ;
#6309 = CARTESIAN_POINT ( 'NONE',  ( -0.7470000000000000000, 1.150000000000000100, 0.3300000000000001300 ) ) ;
#6310 = CARTESIAN_POINT ( 'NONE',  ( -0.8520000000000000900, 1.150000000000000100, -0.1049999999999999300 ) ) ;
#6311 = EDGE_LOOP ( 'NONE', ( #3795, #3772 ) ) ;
#6312 = EDGE_CURVE ( 'NONE', #637, #6362, #635, .T. ) ;
#6313 = FACE_OUTER_BOUND ( 'NONE', #5136, .T. ) ;
#6314 = VERTEX_POINT ( 'NONE', #4317 ) ;
#6315 = CARTESIAN_POINT ( 'NONE',  ( -0.9550000000000000700, 1.200000000000000200, 0.1575000000000000800 ) ) ;
#6316 = VECTOR ( 'NONE', #3412, 1000.000000000000000 ) ;
#6317 = CARTESIAN_POINT ( 'NONE',  ( -0.5370000000000001400, 1.200000000000000200, 6.576353311421284500E-017 ) ) ;
#6318 = ORIENTED_EDGE ( 'NONE', *, *, #6877, .T. ) ;
#6319 = DIRECTION ( 'NONE',  ( 0.0000000000000000000, 1.000000000000000000, -0.0000000000000000000 ) ) ;
#6320 = EDGE_LOOP ( 'NONE', ( #8561, #4577 ) ) ;
#6321 = CARTESIAN_POINT ( 'NONE',  ( -0.5895000000000001400, 1.086360389693210800, -0.2600000000000000100 ) ) ;
#6322 = DIRECTION ( 'NONE',  ( 0.0000000000000000000, 0.0000000000000000000, 1.000000000000000000 ) ) ;
#6323 = LINE ( 'NONE', #1632, #4684 ) ;
#6324 = VERTEX_POINT ( 'NONE', #6492 ) ;
#6325 = CARTESIAN_POINT ( 'NONE',  ( -0.6202685462403907400, 0.8020000000000001600, -1.500652173913043600 ) ) ;
#6326 = CIRCLE ( 'NONE', #1312, 0.02000000000000004900 ) ;
#6327 = CARTESIAN_POINT ( 'NONE',  ( -0.7470000000000001100, 1.150000000000000100, -0.1049999999999999300 ) ) ;
#6328 = DIRECTION ( 'NONE',  ( 0.0000000000000000000, 0.0000000000000000000, -1.000000000000000000 ) ) ;
#6329 = CARTESIAN_POINT ( 'NONE',  ( 1.095094007967524700, 0.4585195523801529100, 1.395732338628540700 ) ) ;
#6330 = EDGE_LOOP ( 'NONE', ( #2497, #4469 ) ) ;
#6331 = DIRECTION ( 'NONE',  ( 0.0000000000000000000, 1.000000000000000000, 0.0000000000000000000 ) ) ;
#6332 = ORIENTED_EDGE ( 'NONE', *, *, #1521, .T. ) ;
#6333 = DIRECTION ( 'NONE',  ( 7.184566946715377900E-016, 1.000000000000000000, -2.529102003536987700E-016 ) ) ;
#6334 = PRESENTATION_LAYER_ASSIGNMENT (  '', '', ( #6832 ) ) ;
#6335 = DIRECTION ( 'NONE',  ( 0.0000000000000000000, 0.0000000000000000000, 1.000000000000000000 ) ) ;
#6336 = LINE ( 'NONE', #3116, #6204 ) ;
#6337 = EDGE_CURVE ( 'NONE', #5975, #67, #5173, .T. ) ;
#6338 = EDGE_CURVE ( 'NONE', #9326, #1543, #1211, .T. ) ;
#6339 = PLANE ( 'NONE',  #3579 ) ;
#6340 = ORIENTED_EDGE ( 'NONE', *, *, #1372, .F. ) ;
#6341 = VERTEX_POINT ( 'NONE', #5010 ) ;
#6342 = ADVANCED_FACE ( 'NONE', ( #7137 ), #3630, .F. ) ;
#6343 = CARTESIAN_POINT ( 'NONE',  ( 1.487856120707482700, 0.4118465982537318200, 1.191016005573851900 ) ) ;
#6344 = ORIENTED_EDGE ( 'NONE', *, *, #4400, .F. ) ;
#6345 = DIRECTION ( 'NONE',  ( 0.0000000000000000000, 1.000000000000000000, 0.0000000000000000000 ) ) ;
#6346 = CIRCLE ( 'NONE', #620, 0.02250000000000005800 ) ;
#6347 = ORIENTED_EDGE ( 'NONE', *, *, #919, .T. ) ;
#6348 = CIRCLE ( 'NONE', #5979, 0.02000000000000004900 ) ;
#6349 = VERTEX_POINT ( 'NONE', #7289 ) ;
#6350 = EDGE_LOOP ( 'NONE', ( #722, #4076, #308, #6383 ) ) ;
#6351 = FILL_AREA_STYLE_COLOUR ( '', #7758 ) ;
#6352 = DIRECTION ( 'NONE',  ( 0.0000000000000000000, -0.0000000000000000000, 1.000000000000000000 ) ) ;
#6353 = MECHANICAL_DESIGN_GEOMETRIC_PRESENTATION_REPRESENTATION (  '', ( #61 ), #3644 ) ;
#6354 = AXIS2_PLACEMENT_3D ( 'NONE', #333, #3267, #8453 ) ;
#6355 = CARTESIAN_POINT ( 'NONE',  ( -0.5370000000000001400, 1.200000000000000200, 6.576353311421284500E-017 ) ) ;
#6356 = EDGE_LOOP ( 'NONE', ( #1144, #3577, #9544, #5542 ) ) ;
#6357 = CARTESIAN_POINT ( 'NONE',  ( -0.9550000000000000700, 1.200000000000000200, -0.1799999999999999900 ) ) ;
#6358 = CARTESIAN_POINT ( 'NONE',  ( -0.5895000000000000200, 1.086360389693210800, 0.2825000000000000800 ) ) ;
#6359 = DIRECTION ( 'NONE',  ( -0.9781476007338068000, 0.0000000000000000000, -0.2079116908177535400 ) ) ;
#6360 = B_SPLINE_CURVE_WITH_KNOTS ( 'NONE', 3,
 ( #18, #5171, #2254, #7465, #7434, #5990, #2989, #5937, #3708, #7411, #6743, #5312, #7634, #7598, #6073, #3118 ),
 .UNSPECIFIED., .F., .F.,
 ( 4, 3, 3, 3, 3, 4 ),
 ( 0.0000000000000000000, 1.302580120471241800E-005, 2.603318318115047800E-005, 3.932420018050128300E-005, 5.314710437164391400E-005, 6.356322544222020400E-005 ),
 .UNSPECIFIED. ) ;
#6361 = ORIENTED_EDGE ( 'NONE', *, *, #596, .F. ) ;
#6362 = VERTEX_POINT ( 'NONE', #7987 ) ;
#6363 = EDGE_LOOP ( 'NONE', ( #1186, #8975, #7718, #3327 ) ) ;
#6364 = DIRECTION ( 'NONE',  ( 0.0000000000000000000, 1.000000000000000000, -0.0000000000000000000 ) ) ;
#6365 = CARTESIAN_POINT ( 'NONE',  ( -0.7952739266648520800, 0.8020000000000010500, -1.463453631976267900 ) ) ;
#6366 = PRODUCT_RELATED_PRODUCT_CATEGORY ( 'part', '', ( #4661 ) ) ;
#6367 = CARTESIAN_POINT ( 'NONE',  ( -0.8520000000000000900, 1.150000000000000100, 0.1275000000000001400 ) ) ;
#6368 = MANIFOLD_SOLID_BREP ( 'Mirror1', #1435 ) ;
#6369 = DIRECTION ( 'NONE',  ( 0.0000000000000000000, 0.0000000000000000000, 1.000000000000000000 ) ) ;
#6370 = CARTESIAN_POINT ( 'NONE',  ( 1.094897184309959700, 0.4588561431712425100, 1.394806356122903200 ) ) ;
#6371 = CARTESIAN_POINT ( 'NONE',  ( 1.482673019657513700, 0.7997894276593433500, -1.234060061494074900 ) ) ;
#6372 = CARTESIAN_POINT ( 'NONE',  ( -1.094086591274714900, 0.4658770020918551700, 1.392049657916435400 ) ) ;
#6373 = CARTESIAN_POINT ( 'NONE',  ( -1.007000000000000100, 1.200000000000000200, -0.1799999999999999900 ) ) ;
#6374 = ORIENTED_EDGE ( 'NONE', *, *, #3324, .F. ) ;
#6375 = LINE ( 'NONE', #7122, #4617 ) ;
#6376 = EDGE_LOOP ( 'NONE', ( #9543, #1614, #7842, #9285, #2685, #8518, #1956, #8663, #9376, #8851, #8291, #2018, #6246, #8983, #4100, #2860, #79, #8814, #3445, #7150 ) ) ;
#6377 = DIRECTION ( 'NONE',  ( 0.0000000000000000000, 0.0000000000000000000, -1.000000000000000000 ) ) ;
#6378 = DIRECTION ( 'NONE',  ( -1.000000000000000000, 0.0000000000000000000, -0.0000000000000000000 ) ) ;
#6379 = PLANE ( 'NONE',  #7996 ) ;
#6380 = FACE_OUTER_BOUND ( 'NONE', #5449, .T. ) ;
#6381 = CARTESIAN_POINT ( 'NONE',  ( -0.6945000000000002300, 1.150000000000000100, 0.1825000000000001100 ) ) ;
#6382 = CARTESIAN_POINT ( 'NONE',  ( 1.374577112865660500, 0.6000125250108421200, 1.254156123872466600 ) ) ;
#6383 = ORIENTED_EDGE ( 'NONE', *, *, #2370, .F. ) ;
#6384 =( NAMED_UNIT ( * ) PLANE_ANGLE_UNIT ( ) SI_UNIT ( $, .RADIAN. ) );
#6385 = ORIENTED_EDGE ( 'NONE', *, *, #3899, .F. ) ;
#6386 = VERTEX_POINT ( 'NONE', #8041 ) ;
#6387 = ADVANCED_FACE ( 'NONE', ( #6684 ), #7600, .T. ) ;
#6388 = CARTESIAN_POINT ( 'NONE',  ( 1.325694516421789500, 0.8000000000000001600, -1.349999999999999900 ) ) ;
#6389 = CARTESIAN_POINT ( 'NONE',  ( 0.6200000000000000000, 0.8000000000000001600, 1.500000000000000000 ) ) ;
#6390 = CARTESIAN_POINT ( 'NONE',  ( -1.207302932692696300, 0.4073572315977300200, -1.368805946428042700 ) ) ;
#6391 = CARTESIAN_POINT ( 'NONE',  ( 0.6021756231192247900, 0.5350179090077353800, -1.455972420975738300 ) ) ;
#6392 = EDGE_LOOP ( 'NONE', ( #86, #4122, #7602, #3643 ) ) ;
#6393 = DIRECTION ( 'NONE',  ( 0.0000000000000000000, 1.000000000000000000, 0.0000000000000000000 ) ) ;
#6394 = DIRECTION ( 'NONE',  ( 0.0000000000000000000, 0.0000000000000000000, -1.000000000000000000 ) ) ;
#6395 = CARTESIAN_POINT ( 'NONE',  ( -0.7470000000000001100, 1.150000000000000100, 0.1275000000000000900 ) ) ;
#6396 = ADVANCED_FACE ( 'NONE', ( #1446 ), #5677, .T. ) ;
#6397 = DIRECTION ( 'NONE',  ( 0.0000000000000000000, 0.0000000000000000000, 1.000000000000000000 ) ) ;
#6398 = DIRECTION ( 'NONE',  ( -0.0000000000000000000, 1.000000000000000000, -0.0000000000000000000 ) ) ;
#6399 = CIRCLE ( 'NONE', #3778, 0.02000000000000004900 ) ;
#6400 = DIRECTION ( 'NONE',  ( 0.0000000000000000000, 0.0000000000000000000, 1.000000000000000000 ) ) ;
#6401 = AXIS2_PLACEMENT_3D ( 'NONE', #6679, #3690, #349 ) ;
#6402 = CARTESIAN_POINT ( 'NONE',  ( 1.083650699927993600, 0.2188115784608656000, 1.438090493968610600 ) ) ;
#6403 = CARTESIAN_POINT ( 'NONE',  ( -0.5370000000000001400, 1.150000000000000100, 6.576353311421284500E-017 ) ) ;
#6404 = EDGE_CURVE ( 'NONE', #4325, #883, #2709, .T. ) ;
#6405 = CARTESIAN_POINT ( 'NONE',  ( 1.102046574784774500, 0.5111767571794887400, 1.428441593815133100 ) ) ;
#6406 = CARTESIAN_POINT ( 'NONE',  ( 1.028691444031138800, 0.5548178512421660900, 1.371916897671499000 ) ) ;
#6407 = CYLINDRICAL_SURFACE ( 'NONE', #3887, 0.02250000000000005800 ) ;
#6408 = DIRECTION ( 'NONE',  ( 0.0000000000000000000, 1.000000000000000000, -0.0000000000000000000 ) ) ;
#6409 = VECTOR ( 'NONE', #5657, 1000.000000000000000 ) ;
#6410 = CARTESIAN_POINT ( 'NONE',  ( -0.9816777060382397800, 0.4529234108408728400, 1.439318711035625600 ) ) ;
#6411 = AXIS2_PLACEMENT_3D ( 'NONE', #5181, #5919, #2227 ) ;
#6412 = DIRECTION ( 'NONE',  ( 0.0000000000000000000, 0.0000000000000000000, 1.000000000000000000 ) ) ;
#6413 = DIRECTION ( 'NONE',  ( 0.0000000000000000000, 1.000000000000000000, -0.0000000000000000000 ) ) ;
#6414 = CARTESIAN_POINT ( 'NONE',  ( -0.6182269360013452600, 0.7860123598985502300, 1.495438813010396800 ) ) ;
#6415 = AXIS2_PLACEMENT_3D ( 'NONE', #9029, #8970, #7581 ) ;
#6416 = DIRECTION ( 'NONE',  ( 0.0000000000000000000, 0.0000000000000000000, 1.000000000000000000 ) ) ;
#6417 = CARTESIAN_POINT ( 'NONE',  ( 0.6790653433039212100, 0.8020000000000001600, 1.488154528892009700 ) ) ;
#6418 = DIRECTION ( 'NONE',  ( 9.853779100763929300E-016, 0.0000000000000000000, -1.000000000000000000 ) ) ;
#6419 = CARTESIAN_POINT ( 'NONE',  ( -0.9550000000000000700, 1.200000000000000200, 0.1800000000000001600 ) ) ;
#6420 = CARTESIAN_POINT ( 'NONE',  ( -1.045278548594078100, 0.5530215868665333500, 1.366738290264001500 ) ) ;
#6421 = EDGE_CURVE ( 'NONE', #9554, #5890, #4698, .T. ) ;
#6422 =( GEOMETRIC_REPRESENTATION_CONTEXT ( 3 ) GLOBAL_UNCERTAINTY_ASSIGNED_CONTEXT ( ( #2196 ) ) GLOBAL_UNIT_ASSIGNED_CONTEXT ( ( #1071, #8416, #8450 ) ) REPRESENTATION_CONTEXT ( 'NONE', 'WORKASPACE' ) );
#6423 = DIRECTION ( 'NONE',  ( -0.0000000000000000000, 1.000000000000000000, -0.0000000000000000000 ) ) ;
#6424 = B_SPLINE_CURVE_WITH_KNOTS ( 'NONE', 3,
 ( #4594, #7442, #5357, #3124 ),
 .UNSPECIFIED., .F., .F.,
 ( 4, 4 ),
 ( 0.0000000000000000000, 1.000000000000000000 ),
 .UNSPECIFIED. ) ;
#6425 = DIRECTION ( 'NONE',  ( 0.0000000000000000000, 1.000000000000000000, 0.0000000000000000000 ) ) ;
#6426 =( GEOMETRIC_REPRESENTATION_CONTEXT ( 3 ) GLOBAL_UNCERTAINTY_ASSIGNED_CONTEXT ( ( #7068 ) ) GLOBAL_UNIT_ASSIGNED_CONTEXT ( ( #6170, #9039, #8346 ) ) REPRESENTATION_CONTEXT ( 'NONE', 'WORKASPACE' ) );
#6427 = AXIS2_PLACEMENT_3D ( 'NONE', #6403, #1932, #5570 ) ;
#6428 =( NAMED_UNIT ( * ) SI_UNIT ( $, .STERADIAN. ) SOLID_ANGLE_UNIT ( ) );
#6429 = CARTESIAN_POINT ( 'NONE',  ( -1.347233208491458900, 0.8000000000000001600, -1.345421809670801500 ) ) ;
#6430 = ADVANCED_FACE ( 'NONE', ( #739 ), #5935, .F. ) ;
#6431 = ORIENTED_EDGE ( 'NONE', *, *, #5535, .F. ) ;
#6432 = CARTESIAN_POINT ( 'NONE',  ( -0.9570000000000001800, 1.200000000000000200, 1.171986986784016800E-016 ) ) ;
#6433 = CARTESIAN_POINT ( 'NONE',  ( 1.495433942952684600, 0.7859974250548991100, 1.134413034931401000 ) ) ;
#6434 = ORIENTED_EDGE ( 'NONE', *, *, #47, .T. ) ;
#6435 = CARTESIAN_POINT ( 'NONE',  ( -0.7470000000000001100, 1.200000000000000200, -0.08249999999999986500 ) ) ;
#6436 = VECTOR ( 'NONE', #2343, 1000.000000000000200 ) ;
#6437 = DIRECTION ( 'NONE',  ( 0.0000000000000000000, 0.0000000000000000000, 1.000000000000000000 ) ) ;
#6438 = EDGE_LOOP ( 'NONE', ( #5073, #1135, #5407, #5396 ) ) ;
#6439 = CARTESIAN_POINT ( 'NONE',  ( -1.325889227904339100, 0.7907169422465737400, -1.346664914048312700 ) ) ;
#6440 = ADVANCED_FACE ( 'NONE', ( #9527 ), #6671, .T. ) ;
#6441 = AXIS2_PLACEMENT_3D ( 'NONE', #902, #6099, #1613 ) ;
#6442 = CARTESIAN_POINT ( 'NONE',  ( -0.5895000000000001400, 1.150000000000000100, -0.2824999999999999700 ) ) ;
#6443 = CARTESIAN_POINT ( 'NONE',  ( -0.5895000000000001400, 1.150000000000000100, -0.2600000000000000100 ) ) ;
#6444 = ORIENTED_EDGE ( 'NONE', *, *, #28, .T. ) ;
#6445 = CARTESIAN_POINT ( 'NONE',  ( 1.089511493718522800, 0.5258619858527000500, 1.366005665277880300 ) ) ;
#6446 = AXIS2_PLACEMENT_3D ( 'NONE', #8336, #192, #152 ) ;
#6447 = FACE_OUTER_BOUND ( 'NONE', #6350, .T. ) ;
#6448 = FACE_OUTER_BOUND ( 'NONE', #7115, .T. ) ;
#6449 = DIRECTION ( 'NONE',  ( 0.0000000000000000000, 1.000000000000000000, -0.0000000000000000000 ) ) ;
#6450 = VERTEX_POINT ( 'NONE', #8852 ) ;
#6451 = CARTESIAN_POINT ( 'NONE',  ( 1.455735111161528000, 0.8000000000000002700, 1.275744909003048400 ) ) ;
#6452 = CARTESIAN_POINT ( 'NONE',  ( -0.9045000000000001900, 1.150000000000000100, 0.2600000000000001800 ) ) ;
#6453 = EDGE_CURVE ( 'NONE', #6734, #8930, #8268, .T. ) ;
#6454 = DIRECTION ( 'NONE',  ( -0.03256719356881179100, -0.9502255231857598100, -0.3098561488649216900 ) ) ;
#6455 = FACE_OUTER_BOUND ( 'NONE', #2086, .T. ) ;
#6456 = DIRECTION ( 'NONE',  ( 0.0000000000000000000, 1.000000000000000000, -0.0000000000000000000 ) ) ;
#6457 = EDGE_CURVE ( 'NONE', #7380, #9523, #2020, .T. ) ;
#6458 = VERTEX_POINT ( 'NONE', #6741 ) ;
#6459 = EDGE_CURVE ( 'NONE', #6698, #8092, #3394, .T. ) ;
#6460 = CARTESIAN_POINT ( 'NONE',  ( -1.143751040218046900, 0.8000000000000003800, -1.388673279720158600 ) ) ;
#6461 = FACE_OUTER_BOUND ( 'NONE', #1330, .T. ) ;
#6462 = CARTESIAN_POINT ( 'NONE',  ( 1.097750225268711700, 0.4544138882887438500, 1.408228858521024500 ) ) ;
#6463 = CARTESIAN_POINT ( 'NONE',  ( -0.9550000000000000700, 1.200000000000000200, 0.1350000000000000400 ) ) ;
#6464 = CARTESIAN_POINT ( 'NONE',  ( -0.4870000000000001500, 1.150000000000000100, 0.1575000000000000300 ) ) ;
#6465 = FILL_AREA_STYLE_COLOUR ( '', #7494 ) ;
#6466 = VERTEX_POINT ( 'NONE', #663 ) ;
#6467 = VERTEX_POINT ( 'NONE', #5988 ) ;
#6468 = ORIENTED_EDGE ( 'NONE', *, *, #2347, .F. ) ;
#6469 = AXIS2_PLACEMENT_3D ( 'NONE', #284, #9171, #1100 ) ;
#6470 = EDGE_CURVE ( 'NONE', #6550, #2854, #1773, .T. ) ;
#6471 = FACE_BOUND ( 'NONE', #7960, .T. ) ;
#6472 = ORIENTED_EDGE ( 'NONE', *, *, #3508, .F. ) ;
#6473 = CYLINDRICAL_SURFACE ( 'NONE', #7036, 0.02250000000000005500 ) ;
#6474 = VERTEX_POINT ( 'NONE', #2952 ) ;
#6475 = VECTOR ( 'NONE', #6052, 1000.000000000000000 ) ;
#6476 = CARTESIAN_POINT ( 'NONE',  ( -1.074435676454727400, 0.5134736184365593600, 1.425595259465911600 ) ) ;
#6477 = DIRECTION ( 'NONE',  ( 1.000000000000000000, 0.0000000000000000000, -1.827886073846607600E-016 ) ) ;
#6478 = ORIENTED_EDGE ( 'NONE', *, *, #1687, .T. ) ;
#6479 = ORIENTED_EDGE ( 'NONE', *, *, #6337, .T. ) ;
#6480 = DIRECTION ( 'NONE',  ( -0.9781476007338068000, -0.0000000000000000000, -0.2079116908177535100 ) ) ;
#6481 = ADVANCED_FACE ( 'NONE', ( #6455 ), #5163, .T. ) ;
#6482 = CARTESIAN_POINT ( 'NONE',  ( -0.9570000000000001800, 1.200000000000000200, 1.171986986784016800E-016 ) ) ;
#6483 = FACE_OUTER_BOUND ( 'NONE', #4829, .T. ) ;
#6484 = ORIENTED_EDGE ( 'NONE', *, *, #2072, .T. ) ;
#6485 = DIRECTION ( 'NONE',  ( 1.000000000000000000, 1.355252715606877000E-015, 0.0000000000000000000 ) ) ;
#6486 = DIRECTION ( 'NONE',  ( 0.0000000000000000000, 1.000000000000000000, 0.0000000000000000000 ) ) ;
#6487 = LINE ( 'NONE', #3367, #307 ) ;
#6488 = AXIS2_PLACEMENT_3D ( 'NONE', #8711, #602, #9415 ) ;
#6489 = VERTEX_POINT ( 'NONE', #2218 ) ;
#6490 = CARTESIAN_POINT ( 'NONE',  ( -1.007000000000000100, 1.086360389693210800, -0.1574999999999999200 ) ) ;
#6491 = AXIS2_PLACEMENT_3D ( 'NONE', #9128, #9027, #4739 ) ;
#6492 = CARTESIAN_POINT ( 'NONE',  ( -1.325694516421789500, 0.8000000000000001600, -1.349999999999999900 ) ) ;
#6493 = DIRECTION ( 'NONE',  ( 0.0000000000000000000, 0.0000000000000000000, -1.000000000000000000 ) ) ;
#6494 = MANIFOLD_SOLID_BREP ( 'Boss-Extrude7[1]', #3552 ) ;
#6495 = DIRECTION ( 'NONE',  ( 0.0000000000000000000, 1.000000000000000000, 0.0000000000000000000 ) ) ;
#6496 = ADVANCED_FACE ( 'NONE', ( #5409 ), #5113, .T. ) ;
#6497 = EDGE_LOOP ( 'NONE', ( #2023, #2464, #6243, #8695 ) ) ;
#6498 = CARTESIAN_POINT ( 'NONE',  ( -0.7470000000000000000, 1.150000000000000100, 0.3075000000000000500 ) ) ;
#6499 = PLANE ( 'NONE',  #4112 ) ;
#6500 = LINE ( 'NONE', #2815, #5457 ) ;
#6501 = AXIS2_PLACEMENT_3D ( 'NONE', #9020, #5328, #3763 ) ;
#6502 = CARTESIAN_POINT ( 'NONE',  ( -0.8520000000000000900, 1.150000000000000100, 0.1050000000000000800 ) ) ;
#6503 = CARTESIAN_POINT ( 'NONE',  ( -0.4370000000000001100, 1.150000000000000100, 4.127059713126576100E-017 ) ) ;
#6504 = CARTESIAN_POINT ( 'NONE',  ( 1.036728891437859600, 0.5229157231027240500, 1.409730114744511600 ) ) ;
#6505 = PRESENTATION_LAYER_ASSIGNMENT (  '', '', ( #136 ) ) ;
#6506 = LINE ( 'NONE', #1411, #5212 ) ;
#6507 = ORIENTED_EDGE ( 'NONE', *, *, #8158, .F. ) ;
#6508 = VERTEX_POINT ( 'NONE', #7337 ) ;
#6509 = ORIENTED_EDGE ( 'NONE', *, *, #8184, .T. ) ;
#6510 = CARTESIAN_POINT ( 'NONE',  ( -0.4870000000000002100, 1.150000000000000100, -0.1800000000000000500 ) ) ;
#6511 = CARTESIAN_POINT ( 'NONE',  ( -0.7995000000000001000, 1.200000000000000200, 0.2275000000000001200 ) ) ;
#6512 = CARTESIAN_POINT ( 'NONE',  ( -0.5895000000000000200, 1.150000000000000100, 0.2375000000000002100 ) ) ;
#6513 = CARTESIAN_POINT ( 'NONE',  ( -1.463649103097166800, 0.7887485938985574500, 1.251374423634869400 ) ) ;
#6514 = VECTOR ( 'NONE', #6669, 1000.000000000000000 ) ;
#6515 = DIRECTION ( 'NONE',  ( 0.0000000000000000000, 0.0000000000000000000, 1.000000000000000000 ) ) ;
#6516 = CARTESIAN_POINT ( 'NONE',  ( 1.312221775034237100, 0.5999992997203299500, 1.281938811174963000 ) ) ;
#6517 = EDGE_CURVE ( 'NONE', #106, #9209, #5982, .T. ) ;
#6518 = ADVANCED_FACE ( 'NONE', ( #3982 ), #167, .F. ) ;
#6519 =( NAMED_UNIT ( * ) PLANE_ANGLE_UNIT ( ) SI_UNIT ( $, .RADIAN. ) );
#6520 = CARTESIAN_POINT ( 'NONE',  ( -0.7470000000000000000, 1.150000000000000100, -0.3074999999999999400 ) ) ;
#6521 = CYLINDRICAL_SURFACE ( 'NONE', #7821, 0.02249999999999995100 ) ;
#6522 =( LENGTH_UNIT ( ) NAMED_UNIT ( * ) SI_UNIT ( .MILLI., .METRE. ) );
#6523 = DIRECTION ( 'NONE',  ( -0.0000000000000000000, 1.000000000000000000, -0.0000000000000000000 ) ) ;
#6524 = FACE_OUTER_BOUND ( 'NONE', #177, .T. ) ;
#6525 = DIRECTION ( 'NONE',  ( 0.0000000000000000000, 1.000000000000000000, 0.0000000000000000000 ) ) ;
#6526 = DIRECTION ( 'NONE',  ( 1.000000000000000000, 0.0000000000000000000, 0.0000000000000000000 ) ) ;
#6527 = AXIS2_PLACEMENT_3D ( 'NONE', #1841, #8443, #7755 ) ;
#6528 = EDGE_CURVE ( 'NONE', #7803, #5305, #9178, .T. ) ;
#6529 = CARTESIAN_POINT ( 'NONE',  ( -0.6945000000000002300, 1.086360389693210800, -0.2049999999999999300 ) ) ;
#6530 = EDGE_CURVE ( 'NONE', #6349, #9173, #5875, .T. ) ;
#6531 = CARTESIAN_POINT ( 'NONE',  ( 1.495433993800857400, 0.7859975809892951700, -1.134393015401831400 ) ) ;
#6532 = CARTESIAN_POINT ( 'NONE',  ( 1.439066205041120500, 0.3999999999999999700, 1.282502905389540500 ) ) ;
#6533 = ADVANCED_FACE ( 'NONE', ( #8830 ), #110, .F. ) ;
#6534 = ADVANCED_FACE ( 'NONE', ( #395 ), #7597, .T. ) ;
#6535 = CARTESIAN_POINT ( 'NONE',  ( -1.005400298960886800, 0.4748526993968247300, 1.454723130147478800 ) ) ;
#6536 = DIRECTION ( 'NONE',  ( -0.0000000000000000000, 1.000000000000000000, -0.0000000000000000000 ) ) ;
#6537 = PLANE ( 'NONE',  #935 ) ;
#6538 = AXIS2_PLACEMENT_3D ( 'NONE', #3686, #19, #4456 ) ;
#6539 = CARTESIAN_POINT ( 'NONE',  ( 1.019557000349114300, 0.5582087547565707200, 1.370503921759507600 ) ) ;
#6540 = DIRECTION ( 'NONE',  ( 0.0000000000000000000, 0.0000000000000000000, 1.000000000000000000 ) ) ;
#6541 = VECTOR ( 'NONE', #8444, 1000.000000000000000 ) ;
#6542 = VERTEX_POINT ( 'NONE', #7538 ) ;
#6543 = CARTESIAN_POINT ( 'NONE',  ( 1.325124103844687000, 0.7907209562527655100, -1.346830631541906700 ) ) ;
#6544 = CARTESIAN_POINT ( 'NONE',  ( -0.2774527418898663500, 0.02499999999999659800, -1.904809416268837400 ) ) ;
#6545 = DIRECTION ( 'NONE',  ( 0.0000000000000000000, 1.000000000000000000, 0.0000000000000000000 ) ) ;
#6546 = LINE ( 'NONE', #843, #33 ) ;
#6547 = DIRECTION ( 'NONE',  ( -0.0000000000000000000, 1.000000000000000000, -0.0000000000000000000 ) ) ;
#6548 = EDGE_CURVE ( 'NONE', #2520, #3215, #5495, .T. ) ;
#6549 = CARTESIAN_POINT ( 'NONE',  ( 1.005398891868379600, 0.4564162535282361200, 1.454723429234224200 ) ) ;
#6550 = VERTEX_POINT ( 'NONE', #6765 ) ;
#6551 =( GEOMETRIC_REPRESENTATION_CONTEXT ( 3 ) GLOBAL_UNCERTAINTY_ASSIGNED_CONTEXT ( ( #6658 ) ) GLOBAL_UNIT_ASSIGNED_CONTEXT ( ( #1023, #9121, #8358 ) ) REPRESENTATION_CONTEXT ( 'NONE', 'WORKASPACE' ) );
#6552 = ORIENTED_EDGE ( 'NONE', *, *, #7805, .F. ) ;
#6553 = CYLINDRICAL_SURFACE ( 'NONE', #7470, 0.02250000000000005800 ) ;
#6554 = LINE ( 'NONE', #4983, #7696 ) ;
#6555 = CARTESIAN_POINT ( 'NONE',  ( 0.6021756194506212600, 0.5350177308742556400, 1.455972479062742900 ) ) ;
#6556 = DIRECTION ( 'NONE',  ( 0.0000000000000000000, 1.000000000000000000, 0.0000000000000000000 ) ) ;
#6557 = ORIENTED_EDGE ( 'NONE', *, *, #3002, .F. ) ;
#6558 = ORIENTED_EDGE ( 'NONE', *, *, #4416, .T. ) ;
#6559 = EDGE_CURVE ( 'NONE', #5474, #6098, #6336, .T. ) ;
#6560 = CYLINDRICAL_SURFACE ( 'NONE', #2931, 0.02250000000000005500 ) ;
#6561 = ORIENTED_EDGE ( 'NONE', *, *, #3942, .F. ) ;
#6562 = PRESENTATION_STYLE_ASSIGNMENT (( #2664 ) ) ;
#6563 = CIRCLE ( 'NONE', #1208, 0.02250000000000005500 ) ;
#6564 = CARTESIAN_POINT ( 'NONE',  ( 1.495438813010396800, 0.7860123598985502300, -1.130499522758018600 ) ) ;
#6565 = ORIENTED_EDGE ( 'NONE', *, *, #125, .T. ) ;
#6566 = PLANE ( 'NONE',  #348 ) ;
#6567 = ORIENTED_EDGE ( 'NONE', *, *, #841, .T. ) ;
#6568 = PLANE ( 'NONE',  #128 ) ;
#6569 = EDGE_CURVE ( 'NONE', #5680, #517, #7147, .T. ) ;
#6570 = CARTESIAN_POINT ( 'NONE',  ( -1.044524795898641700, 0.4943519535759132700, 1.446406961601320700 ) ) ;
#6571 = CARTESIAN_POINT ( 'NONE',  ( -0.7470000000000001100, 1.150000000000000100, 0.1050000000000000400 ) ) ;
#6572 = EDGE_LOOP ( 'NONE', ( #3878, #9038, #8519, #8994, #7045 ) ) ;
#6573 = CARTESIAN_POINT ( 'NONE',  ( 0.8387797047798224400, 0.7907215304526877800, 1.450206536901093200 ) ) ;
#6574 = EDGE_CURVE ( 'NONE', #1578, #6467, #7706, .T. ) ;
#6575 = DIRECTION ( 'NONE',  ( 0.0000000000000000000, 1.000000000000000000, 0.0000000000000000000 ) ) ;
#6576 = ORIENTED_EDGE ( 'NONE', *, *, #2944, .T. ) ;
#6577 = ORIENTED_EDGE ( 'NONE', *, *, #7527, .T. ) ;
#6578 = ORIENTED_EDGE ( 'NONE', *, *, #9133, .F. ) ;
#6579 = CARTESIAN_POINT ( 'NONE',  ( -0.4870000000000001500, 1.150000000000000100, 0.1800000000000001000 ) ) ;
#6580 = CARTESIAN_POINT ( 'NONE',  ( 1.325889226550855900, 0.7907169294321245700, -1.346664907692330700 ) ) ;
#6581 = AXIS2_PLACEMENT_3D ( 'NONE', #1737, #9166, #8406 ) ;
#6582 = LINE ( 'NONE', #3684, #641 ) ;
#6583 = VERTEX_POINT ( 'NONE', #3135 ) ;
#6584 = EDGE_CURVE ( 'NONE', #6070, #6467, #9405, .T. ) ;
#6585 = ADVANCED_FACE ( 'NONE', ( #6093 ), #5527, .T. ) ;
#6586 = ORIENTED_EDGE ( 'NONE', *, *, #6653, .F. ) ;
#6587 = DIRECTION ( 'NONE',  ( 0.0000000000000000000, -0.0000000000000000000, 1.000000000000000000 ) ) ;
#6588 = VECTOR ( 'NONE', #7760, 1000.000000000000000 ) ;
#6589 = ORIENTED_EDGE ( 'NONE', *, *, #5880, .T. ) ;
#6590 = EDGE_LOOP ( 'NONE', ( #6116, #7443 ) ) ;
#6591 = CARTESIAN_POINT ( 'NONE',  ( 1.476189190368473400, 0.7883430374658633200, -1.228477264166737200 ) ) ;
#6592 = CARTESIAN_POINT ( 'NONE',  ( -0.7470000000000001100, 1.200000000000000200, -0.1049999999999999300 ) ) ;
#6593 = FACE_OUTER_BOUND ( 'NONE', #336, .T. ) ;
#6594 = EDGE_LOOP ( 'NONE', ( #3400, #8139, #3320, #2239 ) ) ;
#6595 = ORIENTED_EDGE ( 'NONE', *, *, #28, .F. ) ;
#6596 = AXIS2_PLACEMENT_3D ( 'NONE', #3023, #6812, #8925 ) ;
#6597 = CIRCLE ( 'NONE', #5687, 0.02250000000000004400 ) ;
#6598 = ORIENTED_EDGE ( 'NONE', *, *, #2863, .F. ) ;
#6599 = B_SPLINE_CURVE_WITH_KNOTS ( 'NONE', 3,
 ( #1586, #5270, #7596, #940, #130, #7461, #876, #7500, #1617, #8220, #8941, #5309, #8280, #3841, #6795, #8906 ),
 .UNSPECIFIED., .F., .F.,
 ( 4, 3, 3, 3, 3, 4 ),
 ( 4.911328137975851100E-018, 1.106923339393745200E-005, 3.173537407813896200E-005, 5.293017124513892900E-005, 7.416193407791249500E-005, 9.537473738840727800E-005 ),
 .UNSPECIFIED. ) ;
#6600 = VERTEX_POINT ( 'NONE', #3173 ) ;
#6601 = EDGE_LOOP ( 'NONE', ( #8515, #2125, #8968, #4021 ) ) ;
#6602 = FILL_AREA_STYLE ('',( #5095 ) ) ;
#6603 = EDGE_CURVE ( 'NONE', #9453, #2190, #3731, .T. ) ;
#6604 = CARTESIAN_POINT ( 'NONE',  ( -1.393576398572523400, 0.3980000000000001300, 1.325079548622941900 ) ) ;
#6605 = CYLINDRICAL_SURFACE ( 'NONE', #8549, 0.02250000000000005800 ) ;
#6606 = CARTESIAN_POINT ( 'NONE',  ( -0.9815716816940847100, 0.5006874756583951100, 1.400051411275967700 ) ) ;
#6607 = CARTESIAN_POINT ( 'NONE',  ( -1.419062314185071100, 0.4092303455655074100, 1.303737350751549100 ) ) ;
#6608 = ORIENTED_EDGE ( 'NONE', *, *, #1399, .F. ) ;
#6609 = CARTESIAN_POINT ( 'NONE',  ( -0.9550000000000000700, 1.150000000000000100, -0.1799999999999999900 ) ) ;
#6610 = CARTESIAN_POINT ( 'NONE',  ( -0.9570000000000001800, 1.150000000000000100, 1.171986986784016800E-016 ) ) ;
#6611 = CIRCLE ( 'NONE', #2536, 0.02250000000000005500 ) ;
#6612 = ORIENTED_EDGE ( 'NONE', *, *, #246, .F. ) ;
#6613 = EDGE_LOOP ( 'NONE', ( #5402, #4131, #5128, #7946 ) ) ;
#6614 = PRESENTATION_LAYER_ASSIGNMENT (  '', '', ( #1119 ) ) ;
#6615 =( BOUNDED_SURFACE ( )  B_SPLINE_SURFACE ( 3, 2, ( 
 ( #1843, #2556, #6172 ),
 ( #5477, #1003, #1741 ),
 ( #6975, #6201, #3204 ),
 ( #1067, #6948, #9137 ),
 ( #2487, #6279, #324 ),
 ( #4677, #1043, #237 ),
 ( #7686, #7629, #3235 ),
 ( #2455, #5445, #4751 ),
 ( #286, #969, #1710 ),
 ( #7005, #5507, #6242 ),
 ( #9174, #2527, #7717 ),
 ( #8445, #9267, #3418 ),
 ( #1942, #3353, #1861 ),
 ( #7164, #4888, #7884 ),
 ( #4942, #419, #8600 ),
 ( #4910, #2624, #9363 ),
 ( #2655, #5640, #5728 ),
 ( #1164, #474, #6439 ) ),
 .UNSPECIFIED., .F., .F., .F. ) 
 B_SPLINE_SURFACE_WITH_KNOTS ( ( 4, 2, 2, 2, 2, 2, 2, 2, 4 ),
 ( 3, 3 ),
 ( -4.812773443663154200E-015, 1.677989116396964800E-005, 3.355978233275207000E-005, 6.711956467031691200E-005, 0.0001342391293454466000, 0.0002684782586957059700, 0.0005369565173962247100, 0.0008054347760967434600, 0.001073913034797262200 ),
 ( 0.0000000000000000000, 1.000000000000000000 ),
 .UNSPECIFIED. ) 
 GEOMETRIC_REPRESENTATION_ITEM ( )  RATIONAL_B_SPLINE_SURFACE ( (
 ( 1.000000000000000000, 0.9507298394814789300, 1.000000000000000000),
 ( 1.000000000000000000, 0.9507279475945181700, 1.000000000000000000),
 ( 1.000000000000000000, 0.9506994036189673200, 1.000000000000000000),
 ( 1.000000000000000000, 0.9506566966241560800, 1.000000000000000000),
 ( 1.000000000000000000, 0.9506351096173180100, 1.000000000000000000),
 ( 1.000000000000000000, 0.9505687868552665800, 1.000000000000000000),
 ( 1.000000000000000000, 0.9505223984412216600, 1.000000000000000000),
 ( 1.000000000000000000, 0.9503738823745875300, 1.000000000000000000),
 ( 1.000000000000000000, 0.9502613903157013400, 1.000000000000000000),
 ( 1.000000000000000000, 0.9499071330731442300, 1.000000000000000000),
 ( 1.000000000000000000, 0.9496618284579718700, 1.000000000000000000),
 ( 1.000000000000000000, 0.9492949011664078000, 1.000000000000000000),
 ( 1.000000000000000000, 0.9490262359102646900, 1.000000000000000000),
 ( 1.000000000000000000, 0.9485972984356939600, 1.000000000000000000),
 ( 1.000000000000000000, 0.9483533008011798500, 1.000000000000000000),
 ( 1.000000000000000000, 0.9477746651154307400, 1.000000000000000000),
 ( 1.000000000000000000, 0.9479420865687758800, 1.000000000000000000),
 ( 1.000000000000000000, 0.9477957630486558700, 1.000000000000000000) ) ) 
 REPRESENTATION_ITEM ( '' )  SURFACE ( )  );
#6616 = SURFACE_STYLE_FILL_AREA ( #7176 ) ;
#6617 = CARTESIAN_POINT ( 'NONE',  ( 1.279941855525978700, 0.0000000000000000000, -1.130499522727401700 ) ) ;
#6618 = CARTESIAN_POINT ( 'NONE',  ( 1.479334863945181800, 0.7883849973015142300, -1.231900615057437400 ) ) ;
#6619 = AXIS2_PLACEMENT_3D ( 'NONE', #5380, #5416, #7563 ) ;
#6620 = CARTESIAN_POINT ( 'NONE',  ( 1.092748934521069000, 0.02500000000000052900, 1.415709792608938600 ) ) ;
#6621 = AXIS2_PLACEMENT_3D ( 'NONE', #4726, #3180, #1719 ) ;
#6622 = CARTESIAN_POINT ( 'NONE',  ( 0.9838259558271486000, 0.02500000000000048700, 1.418415274549673900 ) ) ;
#6623 = ORIENTED_EDGE ( 'NONE', *, *, #9564, .F. ) ;
#6624 = CARTESIAN_POINT ( 'NONE',  ( -1.500000000000000000, 0.8000000000000001600, -1.312950225730386000 ) ) ;
#6625 = VERTEX_POINT ( 'NONE', #8347 ) ;
#6626 = ORIENTED_EDGE ( 'NONE', *, *, #4416, .F. ) ;
#6627 = DIRECTION ( 'NONE',  ( 0.0000000000000000000, 0.0000000000000000000, 1.000000000000000000 ) ) ;
#6628 = CARTESIAN_POINT ( 'NONE',  ( 1.008890007937767800, 0.5134735352561009500, 1.439527698810360200 ) ) ;
#6629 = DIRECTION ( 'NONE',  ( 0.0000000000000000000, 0.0000000000000000000, -1.000000000000000000 ) ) ;
#6630 = CARTESIAN_POINT ( 'NONE',  ( 1.463431054704210600, 0.4105378394754248300, -1.248156687974800100 ) ) ;
#6631 = VERTEX_POINT ( 'NONE', #4711 ) ;
#6632 = PLANE ( 'NONE',  #453 ) ;
#6633 = AXIS2_PLACEMENT_3D ( 'NONE', #8362, #3937, #8330 ) ;
#6634 = SURFACE_STYLE_FILL_AREA ( #5966 ) ;
#6635 = AXIS2_PLACEMENT_3D ( 'NONE', #3945, #6197, #1738 ) ;
#6636 = CARTESIAN_POINT ( 'NONE',  ( -1.495438813018632500, 0.7860123599238060300, 0.5617262046725504100 ) ) ;
#6637 = CARTESIAN_POINT ( 'NONE',  ( -0.4370000000000001100, 1.150000000000000100, 4.127059713126576100E-017 ) ) ;
#6638 = ORIENTED_EDGE ( 'NONE', *, *, #9504, .T. ) ;
#6639 = DIRECTION ( 'NONE',  ( 0.0000000000000000000, 0.0000000000000000000, 1.000000000000000000 ) ) ;
#6640 = ADVANCED_FACE ( 'NONE', ( #53 ), #2457, .T. ) ;
#6641 = ADVANCED_FACE ( 'NONE', ( #7931 ), #9109, .T. ) ;
#6642 = CARTESIAN_POINT ( 'NONE',  ( -1.279941855525978100, 0.8000000000000001600, -1.134750653960801900 ) ) ;
#6643 = CARTESIAN_POINT ( 'NONE',  ( -1.410007557260913900, 0.5999610734533156200, 1.216109073686722200 ) ) ;
#6644 = DIRECTION ( 'NONE',  ( 0.2079116908177569600, 0.0000000000000000000, -0.9781476007338061300 ) ) ;
#6645 = DIRECTION ( 'NONE',  ( 0.0000000000000000000, 1.000000000000000000, 0.0000000000000000000 ) ) ;
#6646 = VECTOR ( 'NONE', #3546, 1000.000000000000000 ) ;
#6647 = CARTESIAN_POINT ( 'NONE',  ( -0.7995000000000001000, 1.150000000000000100, 0.2050000000000000400 ) ) ;
#6648 = CARTESIAN_POINT ( 'NONE',  ( -0.9045000000000001900, 1.150000000000000100, -0.2374999999999999100 ) ) ;
#6649 = APPLICATION_PROTOCOL_DEFINITION ( 'draft international standard', 'automotive_design', 1998, #1430 ) ;
#6650 = CARTESIAN_POINT ( 'NONE',  ( -0.4870000000000001500, 1.200000000000000200, 0.1349999999999999800 ) ) ;
#6651 = PRESENTATION_LAYER_ASSIGNMENT (  '', '', ( #9574 ) ) ;
#6652 = DIRECTION ( 'NONE',  ( -0.0000000000000000000, 1.000000000000000000, -0.0000000000000000000 ) ) ;
#6653 = EDGE_CURVE ( 'NONE', #830, #9103, #8494, .T. ) ;
#6654 = DIRECTION ( 'NONE',  ( 0.0000000000000000000, 1.000000000000000000, 0.0000000000000000000 ) ) ;
#6655 = B_SPLINE_CURVE_WITH_KNOTS ( 'NONE', 3,
 ( #9116, #3143, #978, #4724, #3093, #8990 ),
 .UNSPECIFIED., .F., .F.,
 ( 4, 2, 4 ),
 ( -5.996961826204421800E-008, 0.0001459459451462999800, 0.0002919518599108620100 ),
 .UNSPECIFIED. ) ;
#6656 = CARTESIAN_POINT ( 'NONE',  ( 1.325889226550855900, 0.7907169294321245700, -1.346664907692330700 ) ) ;
#6657 = CARTESIAN_POINT ( 'NONE',  ( -1.325739436625973800, 0.4080804831287049800, 1.343044648398219000 ) ) ;
#6658 = UNCERTAINTY_MEASURE_WITH_UNIT (LENGTH_MEASURE( 1.000000000000000100E-005 ), #1023, 'distance_accuracy_value', 'NONE');
#6659 = CARTESIAN_POINT ( 'NONE',  ( 1.092748934521069000, 0.02500000000000052900, 1.415709792608938600 ) ) ;
#6660 = ORIENTED_EDGE ( 'NONE', *, *, #7225, .T. ) ;
#6661 = CARTESIAN_POINT ( 'NONE',  ( -1.325694516421789000, 0.3999999999999997400, 1.345748868766600200 ) ) ;
#6662 = VERTEX_POINT ( 'NONE', #8382 ) ;
#6663 = CARTESIAN_POINT ( 'NONE',  ( -0.7470000000000001100, 1.150000000000000100, 6.049755187787927500E-017 ) ) ;
#6664 = DIRECTION ( 'NONE',  ( 1.236788349643703400E-010, 3.530259939575862800E-010, -1.000000000000000000 ) ) ;
#6665 = AXIS2_PLACEMENT_3D ( 'NONE', #2665, #7897, #1173 ) ;
#6666 = ORIENTED_EDGE ( 'NONE', *, *, #5744, .T. ) ;
#6667 = EDGE_LOOP ( 'NONE', ( #6576, #9328 ) ) ;
#6668 = CARTESIAN_POINT ( 'NONE',  ( -1.495433842817182900, 0.7859971179723861400, -1.134453013373478900 ) ) ;
#6669 = DIRECTION ( 'NONE',  ( 0.0000000000000000000, 0.0000000000000000000, 1.000000000000000000 ) ) ;
#6670 = ORIENTED_EDGE ( 'NONE', *, *, #8874, .F. ) ;
#6671 = PLANE ( 'NONE',  #5050 ) ;
#6672 = CIRCLE ( 'NONE', #2279, 0.2200581444740219200 ) ;
#6673 = CARTESIAN_POINT ( 'NONE',  ( -1.091836173620955400, 0.4774355080512893700, 1.386919155524827500 ) ) ;
#6674 = ORIENTED_EDGE ( 'NONE', *, *, #26, .T. ) ;
#6675 = CARTESIAN_POINT ( 'NONE',  ( 0.8383864498455901900, 0.4080762362281217800, -1.446637005388492500 ) ) ;
#6676 = ORIENTED_EDGE ( 'NONE', *, *, #6569, .T. ) ;
#6677 = ADVANCED_FACE ( 'NONE', ( #7007 ), #8712, .T. ) ;
#6678 = ADVANCED_FACE ( 'NONE', ( #3622 ), #2589, .T. ) ;
#6679 = CARTESIAN_POINT ( 'NONE',  ( -0.8520000000000000900, 1.086360389693210800, 0.1050000000000000800 ) ) ;
#6680 = AXIS2_PLACEMENT_3D ( 'NONE', #8093, #6061, #2545 ) ;
#6681 = ORIENTED_EDGE ( 'NONE', *, *, #5755, .T. ) ;
#6682 = AXIS2_PLACEMENT_3D ( 'NONE', #3244, #6291, #8427 ) ;
#6683 = ORIENTED_EDGE ( 'NONE', *, *, #464, .T. ) ;
#6684 = FACE_OUTER_BOUND ( 'NONE', #3509, .T. ) ;
#6685 = ORIENTED_EDGE ( 'NONE', *, *, #5427, .T. ) ;
#6686 = ORIENTED_EDGE ( 'NONE', *, *, #1687, .F. ) ;
#6687 = CARTESIAN_POINT ( 'NONE',  ( 1.074435676454727400, 0.5134736184365593600, 1.425595259465911600 ) ) ;
#6688 = EDGE_LOOP ( 'NONE', ( #429, #5659 ) ) ;
#6689 = CARTESIAN_POINT ( 'NONE',  ( -0.7470000000000001100, 1.200000000000000200, -0.1049999999999999300 ) ) ;
#6690 = VECTOR ( 'NONE', #9496, 1000.000000000000000 ) ;
#6691 = CARTESIAN_POINT ( 'NONE',  ( -1.134276969924610700, 0.7907215304527267500, -1.387396654239038600 ) ) ;
#6692 = CARTESIAN_POINT ( 'NONE',  ( -1.426970944250408400, 0.6000000000000009800, 1.187002770122121500 ) ) ;
#6693 = CIRCLE ( 'NONE', #6235, 0.02250000000000005800 ) ;
#6694 = PLANE ( 'NONE',  #8733 ) ;
#6695 = CYLINDRICAL_SURFACE ( 'NONE', #9402, 0.02250000000000005800 ) ;
#6696 = CARTESIAN_POINT ( 'NONE',  ( -0.7470000000000001100, 1.150000000000000100, 0.1275000000000000900 ) ) ;
#6697 = ORIENTED_EDGE ( 'NONE', *, *, #3681, .T. ) ;
#6698 = VERTEX_POINT ( 'NONE', #3631 ) ;
#6699 = ORIENTED_EDGE ( 'NONE', *, *, #4016, .F. ) ;
#6700 = CARTESIAN_POINT ( 'NONE',  ( -0.9879841896435035400, 0.02500000000000050400, 1.437978226564350400 ) ) ;
#6701 = ORIENTED_EDGE ( 'NONE', *, *, #5399, .F. ) ;
#6702 = EDGE_LOOP ( 'NONE', ( #2263, #9421 ) ) ;
#6703 = ORIENTED_EDGE ( 'NONE', *, *, #291, .F. ) ;
#6704 = EDGE_CURVE ( 'NONE', #4143, #7348, #4573, .T. ) ;
#6705 = ORIENTED_EDGE ( 'NONE', *, *, #1886, .F. ) ;
#6706 = DIRECTION ( 'NONE',  ( -0.2079116908177527400, -9.800795950858354800E-017, -0.9781476007338070200 ) ) ;
#6707 = AXIS2_PLACEMENT_3D ( 'NONE', #7392, #5152, #6639 ) ;
#6708 = CARTESIAN_POINT ( 'NONE',  ( -0.7470000000000001100, 1.200000000000000200, 0.1275000000000000900 ) ) ;
#6709 = PLANE ( 'NONE',  #3274 ) ;
#6710 = EDGE_CURVE ( 'NONE', #2854, #727, #1884, .T. ) ;
#6711 = EDGE_CURVE ( 'NONE', #9411, #2189, #5397, .T. ) ;
#6712 = COLOUR_RGB ( '',1.000000000000000000, 1.000000000000000000, 1.000000000000000000 ) ;
#6713 = ORIENTED_EDGE ( 'NONE', *, *, #45, .T. ) ;
#6714 = FACE_OUTER_BOUND ( 'NONE', #6119, .T. ) ;
#6715 = ORIENTED_EDGE ( 'NONE', *, *, #7129, .T. ) ;
#6716 = VERTEX_POINT ( 'NONE', #9122 ) ;
#6717 = CARTESIAN_POINT ( 'NONE',  ( 1.434682753628229200, 0.5999842892724526200, -1.136522366989966900 ) ) ;
#6718 =( LENGTH_UNIT ( ) NAMED_UNIT ( * ) SI_UNIT ( .MILLI., .METRE. ) );
#6719 = FACE_OUTER_BOUND ( 'NONE', #6951, .T. ) ;
#6720 = DIRECTION ( 'NONE',  ( 0.0000000000000000000, 0.0000000000000000000, -1.000000000000000000 ) ) ;
#6721 = ORIENTED_EDGE ( 'NONE', *, *, #8344, .F. ) ;
#6722 = CARTESIAN_POINT ( 'NONE',  ( -0.5895000000000000200, 1.150000000000000100, 0.2600000000000001200 ) ) ;
#6723 = FACE_OUTER_BOUND ( 'NONE', #5901, .T. ) ;
#6724 = AXIS2_PLACEMENT_3D ( 'NONE', #8031, #1972, #7167 ) ;
#6725 = VERTEX_POINT ( 'NONE', #6982 ) ;
#6726 = ORIENTED_EDGE ( 'NONE', *, *, #2820, .F. ) ;
#6727 = CARTESIAN_POINT ( 'NONE',  ( -1.262550773310055600, 0.3999999999999999700, 1.359170485693405300 ) ) ;
#6728 = ADVANCED_FACE ( 'NONE', ( #8819 ), #8228, .T. ) ;
#6729 = CARTESIAN_POINT ( 'NONE',  ( 0.9775194722219027200, 3.705482896778295400E-016, 1.419755759021033700 ) ) ;
#6730 = CARTESIAN_POINT ( 'NONE',  ( 1.500000000000000000, 0.8000000000000001600, -1.134750653960801900 ) ) ;
#6731 = FACE_OUTER_BOUND ( 'NONE', #1331, .T. ) ;
#6732 = DIRECTION ( 'NONE',  ( 0.0000000000000000000, -1.000000000000000000, 0.0000000000000000000 ) ) ;
#6733 = EDGE_CURVE ( 'NONE', #2619, #1578, #4687, .T. ) ;
#6734 = VERTEX_POINT ( 'NONE', #7789 ) ;
#6735 = ORIENTED_EDGE ( 'NONE', *, *, #1708, .F. ) ;
#6736 = ORIENTED_EDGE ( 'NONE', *, *, #3391, .F. ) ;
#6737 = MECHANICAL_DESIGN_GEOMETRIC_PRESENTATION_REPRESENTATION (  '', ( #1058 ), #1420 ) ;
#6738 = CARTESIAN_POINT ( 'NONE',  ( -1.495796898654307500, 0.7871143101520086100, -1.183656458101628200 ) ) ;
#6739 = DIRECTION ( 'NONE',  ( 0.0000000000000000000, 0.0000000000000000000, 1.000000000000000000 ) ) ;
#6740 = AXIS2_PLACEMENT_3D ( 'NONE', #6327, #9259, #1156 ) ;
#6741 = CARTESIAN_POINT ( 'NONE',  ( -0.6945000000000002300, 1.150000000000000100, -0.2274999999999999000 ) ) ;
#6742 = CARTESIAN_POINT ( 'NONE',  ( -1.325694516421789500, 0.3999999999999999700, 1.345748868766600200 ) ) ;
#6743 = CARTESIAN_POINT ( 'NONE',  ( -1.009623165815462600, 0.4721269917376969000, 1.453825532088479900 ) ) ;
#6744 = CARTESIAN_POINT ( 'NONE',  ( -0.6420000000000002400, 1.150000000000000100, -0.1049999999999999500 ) ) ;
#6745 = ORIENTED_EDGE ( 'NONE', *, *, #3322, .T. ) ;
#6746 = EDGE_CURVE ( 'NONE', #6196, #7947, #7357, .T. ) ;
#6747 = LINE ( 'NONE', #2927, #1501 ) ;
#6748 = CARTESIAN_POINT ( 'NONE',  ( 1.500000000000000900, 3.532091952673165100, -1.130499522727401700 ) ) ;
#6749 = CARTESIAN_POINT ( 'NONE',  ( -1.325694516421789500, 0.8000000000000001600, -1.349999999999999900 ) ) ;
#6750 = VECTOR ( 'NONE', #821, 1000.000000000000000 ) ;
#6751 = PRESENTATION_LAYER_ASSIGNMENT (  '', '', ( #2626 ) ) ;
#6752 = CARTESIAN_POINT ( 'NONE',  ( -0.8520000000000000900, 1.150000000000000100, 0.1050000000000000800 ) ) ;
#6753 = CARTESIAN_POINT ( 'NONE',  ( -0.8520000000000000900, 1.150000000000000100, -0.1049999999999999300 ) ) ;
#6754 = CARTESIAN_POINT ( 'NONE',  ( -1.393575520743535200, 0.3980000000000003500, -1.325088740892828200 ) ) ;
#6755 =( NAMED_UNIT ( * ) SI_UNIT ( $, .STERADIAN. ) SOLID_ANGLE_UNIT ( ) );
#6756 = DIRECTION ( 'NONE',  ( 0.0000000000000000000, -1.000000000000000000, 0.0000000000000000000 ) ) ;
#6757 = CARTESIAN_POINT ( 'NONE',  ( -1.495092241016176200, 0.7863319540762159200, 1.148754705092730900 ) ) ;
#6758 = EDGE_CURVE ( 'NONE', #4843, #8930, #7247, .T. ) ;
#6759 = CIRCLE ( 'NONE', #2246, 0.02250000000000005500 ) ;
#6760 = AXIS2_PLACEMENT_3D ( 'NONE', #8274, #3811, #8213 ) ;
#6761 = EDGE_CURVE ( 'NONE', #3497, #3662, #6326, .T. ) ;
#6762 = EDGE_CURVE ( 'NONE', #7872, #6079, #1429, .T. ) ;
#6763 = CARTESIAN_POINT ( 'NONE',  ( -0.9550000000000000700, 1.086360389693210800, 0.1575000000000000800 ) ) ;
#6764 = DIRECTION ( 'NONE',  ( 0.0000000000000000000, -1.000000000000000000, 0.0000000000000000000 ) ) ;
#6765 = CARTESIAN_POINT ( 'NONE',  ( -0.6420000000000002400, 1.150000000000000100, -0.1274999999999998900 ) ) ;
#6766 = CARTESIAN_POINT ( 'NONE',  ( 1.495438813018631600, 0.7860123599238021400, 0.5617262046754895000 ) ) ;
#6767 = CARTESIAN_POINT ( 'NONE',  ( 1.085520186900580200, 0.4066083230658074600, -1.395297939751680700 ) ) ;
#6768 = ADVANCED_FACE ( 'NONE', ( #9518 ), #2371, .T. ) ;
#6769 = ADVANCED_FACE ( 'NONE', ( #3162 ), #2830, .T. ) ;
#6770 = CARTESIAN_POINT ( 'NONE',  ( 0.5996830415998025700, 0.4139876401014490600, -1.495438813010396800 ) ) ;
#6771 = ORIENTED_EDGE ( 'NONE', *, *, #8265, .T. ) ;
#6772 = LINE ( 'NONE', #4882, #9154 ) ;
#6773 = CARTESIAN_POINT ( 'NONE',  ( -0.7470000000000000000, 1.150000000000000100, -0.3074999999999999400 ) ) ;
#6774 = AXIS2_PLACEMENT_3D ( 'NONE', #4191, #9292, #2673 ) ;
#6775 = MANIFOLD_SOLID_BREP ( 'Boss-Extrude7[28]', #2506 ) ;
#6776 = ORIENTED_EDGE ( 'NONE', *, *, #371, .T. ) ;
#6777 = DIRECTION ( 'NONE',  ( -1.000000000000000000, 1.355252715606877000E-015, 0.0000000000000000000 ) ) ;
#6778 = ORIENTED_EDGE ( 'NONE', *, *, #4907, .F. ) ;
#6779 = CARTESIAN_POINT ( 'NONE',  ( -1.495433993800858300, 0.7859975809892954000, 1.134393015401831100 ) ) ;
#6780 = CIRCLE ( 'NONE', #7299, 0.02250000000000005800 ) ;
#6781 = VECTOR ( 'NONE', #5483, 1000.000000000000000 ) ;
#6782 = CARTESIAN_POINT ( 'NONE',  ( -1.434782608695653000, 0.6000000000000000900, 0.9453455680914562000 ) ) ;
#6783 = VERTEX_POINT ( 'NONE', #2690 ) ;
#6784 = CARTESIAN_POINT ( 'NONE',  ( -0.8520000000000000900, 1.150000000000000100, -0.1049999999999999300 ) ) ;
#6785 = CARTESIAN_POINT ( 'NONE',  ( -0.5999999999999995300, 0.0000000000000000000, 1.500000000000000000 ) ) ;
#6786 = VERTEX_POINT ( 'NONE', #6357 ) ;
#6787 = CARTESIAN_POINT ( 'NONE',  ( -1.495445493962313000, 0.4139163744429789600, 1.133585682899930700 ) ) ;
#6788 = DIRECTION ( 'NONE',  ( 0.0000000000000000000, -0.0000000000000000000, 1.000000000000000000 ) ) ;
#6789 = AXIS2_PLACEMENT_3D ( 'NONE', #4435, #2907, #734 ) ;
#6790 = ORIENTED_EDGE ( 'NONE', *, *, #4185, .T. ) ;
#6791 = CYLINDRICAL_SURFACE ( 'NONE', #8628, 0.02250000000000005800 ) ;
#6792 = ORIENTED_EDGE ( 'NONE', *, *, #4465, .T. ) ;
#6793 = ORIENTED_EDGE ( 'NONE', *, *, #2461, .T. ) ;
#6794 = CARTESIAN_POINT ( 'NONE',  ( -1.109909727907943700, 2.432982814635212000E-005, 1.391615341473794600 ) ) ;
#6795 = CARTESIAN_POINT ( 'NONE',  ( -1.099166030998770700, 0.4598983493396707200, 1.414889700787830300 ) ) ;
#6796 = FACE_BOUND ( 'NONE', #6590, .T. ) ;
#6797 = CARTESIAN_POINT ( 'NONE',  ( 1.495438813010396200, 0.7860123598985489000, 1.130499522767037400 ) ) ;
#6798 = SPHERICAL_SURFACE ( 'NONE', #2867, 0.02000000000000000000 ) ;
#6799 = CARTESIAN_POINT ( 'NONE',  ( 0.9816777060382397800, 0.4529234108408728400, 1.439318711035625600 ) ) ;
#6800 = FACE_OUTER_BOUND ( 'NONE', #1567, .T. ) ;
#6801 = ORIENTED_EDGE ( 'NONE', *, *, #2544, .F. ) ;
#6802 = VERTEX_POINT ( 'NONE', #4924 ) ;
#6803 = AXIS2_PLACEMENT_3D ( 'NONE', #4728, #3271, #6960 ) ;
#6804 = CARTESIAN_POINT ( 'NONE',  ( 1.500000000000000400, 0.8000000000995793900, 1.185168550329030600 ) ) ;
#6805 = DIRECTION ( 'NONE',  ( -0.0000000000000000000, 1.000000000000000000, -0.0000000000000000000 ) ) ;
#6806 = EDGE_LOOP ( 'NONE', ( #5668, #7701, #1203, #6468 ) ) ;
#6807 = FACE_OUTER_BOUND ( 'NONE', #621, .T. ) ;
#6808 = DIRECTION ( 'NONE',  ( 0.0000000000000000000, 1.000000000000000000, 0.0000000000000000000 ) ) ;
#6809 = PRESENTATION_STYLE_ASSIGNMENT (( #479 ) ) ;
#6810 = VERTEX_POINT ( 'NONE', #7181 ) ;
#6811 = ORIENTED_EDGE ( 'NONE', *, *, #125, .F. ) ;
#6812 = DIRECTION ( 'NONE',  ( 0.0000000000000000000, 1.000000000000000000, 0.0000000000000000000 ) ) ;
#6813 = CARTESIAN_POINT ( 'NONE',  ( -1.434782608695651000, 0.5999999999999989800, 2.168404344971008900E-016 ) ) ;
#6814 = VECTOR ( 'NONE', #9085, 999.9999999999998900 ) ;
#6815 = ORIENTED_EDGE ( 'NONE', *, *, #3076, .T. ) ;
#6816 = ADVANCED_FACE ( 'NONE', ( #4337 ), #6791, .F. ) ;
#6817 =( NAMED_UNIT ( * ) PLANE_ANGLE_UNIT ( ) SI_UNIT ( $, .RADIAN. ) );
#6818 = CARTESIAN_POINT ( 'NONE',  ( 1.082849833268239500, 0.4624683788492725500, 1.438260723432164000 ) ) ;
#6819 = CARTESIAN_POINT ( 'NONE',  ( 0.9816777060382576600, 0.2195099938507023600, 1.439318711035709100 ) ) ;
#6820 = ORIENTED_EDGE ( 'NONE', *, *, #6404, .F. ) ;
#6821 = DIRECTION ( 'NONE',  ( -0.0000000000000000000, 1.000000000000000000, -0.0000000000000000000 ) ) ;
#6822 = FACE_OUTER_BOUND ( 'NONE', #165, .T. ) ;
#6823 = CARTESIAN_POINT ( 'NONE',  ( -0.7995000000000002100, 1.150000000000000100, -0.2049999999999999300 ) ) ;
#6824 = ORIENTED_EDGE ( 'NONE', *, *, #5902, .F. ) ;
#6825 = EDGE_LOOP ( 'NONE', ( #8517, #6792, #1180, #4481 ) ) ;
#6826 = VERTEX_POINT ( 'NONE', #5011 ) ;
#6827 = LINE ( 'NONE', #2446, #3895 ) ;
#6828 = DIRECTION ( 'NONE',  ( 0.0000000000000000000, 0.0000000000000000000, 1.000000000000000000 ) ) ;
#6829 = CARTESIAN_POINT ( 'NONE',  ( -0.9045000000000001900, 1.150000000000000100, -0.2599999999999999500 ) ) ;
#6830 = EDGE_CURVE ( 'NONE', #4353, #6600, #1088, .T. ) ;
#6831 = ORIENTED_EDGE ( 'NONE', *, *, #4633, .T. ) ;
#6832 = STYLED_ITEM ( 'NONE', ( #3920 ), #3294 ) ;
#6833 = ORIENTED_EDGE ( 'NONE', *, *, #2523, .F. ) ;
#6834 = EDGE_CURVE ( 'NONE', #7273, #7947, #3383, .T. ) ;
#6835 = CARTESIAN_POINT ( 'NONE',  ( 1.312221593665028100, 0.5999992973105290300, -1.281938853033159900 ) ) ;
#6836 = CARTESIAN_POINT ( 'NONE',  ( -0.7470000000000001100, 1.150000000000000100, 0.1050000000000000400 ) ) ;
#6837 = FACE_OUTER_BOUND ( 'NONE', #8715, .T. ) ;
#6838 = EDGE_LOOP ( 'NONE', ( #2167, #3020, #5492, #1376 ) ) ;
#6839 = SURFACE_SIDE_STYLE ('',( #6634 ) ) ;
#6840 = DIRECTION ( 'NONE',  ( 0.0000000000000000000, -1.000000000000000000, 0.0000000000000000000 ) ) ;
#6841 = ORIENTED_EDGE ( 'NONE', *, *, #6710, .T. ) ;
#6842 = CARTESIAN_POINT ( 'NONE',  ( -1.482672984967404700, 0.7997894317692686400, 1.234060070629298100 ) ) ;
#6843 = CARTESIAN_POINT ( 'NONE',  ( -0.5370000000000001400, 1.150000000000000100, -0.02249999999999987800 ) ) ;
#6844 = CARTESIAN_POINT ( 'NONE',  ( 1.401880649841642300, 0.5999999999999997600, 1.230146126991666000 ) ) ;
#6845 = B_SPLINE_CURVE_WITH_KNOTS ( 'NONE', 3,
 ( #4019, #7685, #3946, #967 ),
 .UNSPECIFIED., .F., .F.,
 ( 4, 4 ),
 ( 0.0000000000000000000, 1.000000000000000000 ),
 .UNSPECIFIED. ) ;
#6846 = LINE ( 'NONE', #4835, #7074 ) ;
#6847 = AXIS2_PLACEMENT_3D ( 'NONE', #8684, #1964, #4271 ) ;
#6848 = CARTESIAN_POINT ( 'NONE',  ( -1.494326489163230600, 0.3980000000000001900, -1.199124112598388700 ) ) ;
#6849 = VERTEX_POINT ( 'NONE', #8013 ) ;
#6850 = DIRECTION ( 'NONE',  ( 0.0000000000000000000, 1.000000000000000000, 0.0000000000000000000 ) ) ;
#6851 = CARTESIAN_POINT ( 'NONE',  ( 1.071683117374890600, 0.4830467579768450400, 1.440634282167600100 ) ) ;
#6852 = DIRECTION ( 'NONE',  ( 0.0000000000000000000, 1.000000000000000000, -0.0000000000000000000 ) ) ;
#6853 = CARTESIAN_POINT ( 'NONE',  ( -0.8520000000000000900, 1.150000000000000100, 0.1050000000000000800 ) ) ;
#6854 = CIRCLE ( 'NONE', #6621, 0.02250000000000005800 ) ;
#6855 = PRESENTATION_LAYER_ASSIGNMENT (  '', '', ( #3837 ) ) ;
#6856 = ORIENTED_EDGE ( 'NONE', *, *, #6569, .F. ) ;
#6857 = DIRECTION ( 'NONE',  ( 0.06823212742845996500, 0.9975640502598247500, 0.01450318640162367700 ) ) ;
#6858 = AXIS2_PLACEMENT_3D ( 'NONE', #2486, #3234, #8409 ) ;
#6859 = PRESENTATION_LAYER_ASSIGNMENT (  '', '', ( #8372 ) ) ;
#6860 = CARTESIAN_POINT ( 'NONE',  ( -1.500000000000000000, 0.0000000000000000000, 1.130499522727402200 ) ) ;
#6861 = CARTESIAN_POINT ( 'NONE',  ( -0.6420000000000002400, 1.150000000000000100, 0.1275000000000000000 ) ) ;
#6862 = ADVANCED_FACE ( 'NONE', ( #386 ), #8736, .T. ) ;
#6863 = FILL_AREA_STYLE_COLOUR ( '', #828 ) ;
#6864 = PRESENTATION_STYLE_ASSIGNMENT (( #3604 ) ) ;
#6865 = EDGE_CURVE ( 'NONE', #7363, #7761, #2136, .T. ) ;
#6866 = SURFACE_STYLE_USAGE ( .BOTH. , #6257 ) ;
#6867 = DIRECTION ( 'NONE',  ( -0.0000000000000000000, 1.000000000000000000, -0.0000000000000000000 ) ) ;
#6868 = CARTESIAN_POINT ( 'NONE',  ( 0.9587734018065103800, 0.3980000000000001900, 1.424407103159569100 ) ) ;
#6869 = CARTESIAN_POINT ( 'NONE',  ( -1.007000000000000100, 1.200000000000000200, 0.1575000000000000800 ) ) ;
#6870 = CARTESIAN_POINT ( 'NONE',  ( -1.254789758563505300, 0.6000000000000000900, -1.294145753681369200 ) ) ;
#6871 = CARTESIAN_POINT ( 'NONE',  ( 1.079783061343265500, 0.4714155398634341000, 1.438912585927962600 ) ) ;
#6872 = DIRECTION ( 'NONE',  ( 0.0000000000000000000, 0.0000000000000000000, 1.000000000000000000 ) ) ;
#6873 = CARTESIAN_POINT ( 'NONE',  ( -0.5895000000000001400, 1.200000000000000200, -0.2375000000000001000 ) ) ;
#6874 = DIRECTION ( 'NONE',  ( -1.000000000000000000, 0.0000000000000000000, 3.836187988367472200E-016 ) ) ;
#6875 = AXIS2_PLACEMENT_3D ( 'NONE', #375, #6237, #6335 ) ;
#6876 = CIRCLE ( 'NONE', #743, 0.02250000000000005800 ) ;
#6877 = EDGE_CURVE ( 'NONE', #1103, #8926, #6080, .T. ) ;
#6878 = ORIENTED_EDGE ( 'NONE', *, *, #8510, .T. ) ;
#6879 = EDGE_CURVE ( 'NONE', #7872, #7159, #5863, .T. ) ;
#6880 = SURFACE_STYLE_USAGE ( .BOTH. , #4676 ) ;
#6881 = DIRECTION ( 'NONE',  ( 0.0000000000000000000, 0.0000000000000000000, -1.000000000000000000 ) ) ;
#6882 = ORIENTED_EDGE ( 'NONE', *, *, #795, .T. ) ;
#6883 = CARTESIAN_POINT ( 'NONE',  ( -0.6945000000000002300, 1.200000000000000200, -0.2049999999999999300 ) ) ;
#6884 = ORIENTED_EDGE ( 'NONE', *, *, #9005, .F. ) ;
#6885 = DIRECTION ( 'NONE',  ( 0.0000000000000000000, 0.0000000000000000000, -1.000000000000000000 ) ) ;
#6886 =( BOUNDED_SURFACE ( )  B_SPLINE_SURFACE ( 3, 2, ( 
 ( #8782, #2209, #8137 ),
 ( #2233, #8114, #1483 ),
 ( #3671, #771, #5222 ),
 ( #2138, #5121, #8893 ) ),
 .UNSPECIFIED., .F., .F., .T. ) 
 B_SPLINE_SURFACE_WITH_KNOTS ( ( 4, 4 ),
 ( 3, 3 ),
 ( 0.0000000000000000000, 0.002260999045529894600 ),
 ( 0.0000000000000000000, 1.000000000000000000 ),
 .UNSPECIFIED. ) 
 GEOMETRIC_REPRESENTATION_ITEM ( )  RATIONAL_B_SPLINE_SURFACE ( (
 ( 1.000000000000000000, 0.9507298394814794900, 1.000000000000000000),
 ( 1.000000000000000000, 0.9507298394814794900, 1.000000000000000000),
 ( 1.000000000000000000, 0.9507298394814797100, 1.000000000000000000),
 ( 1.000000000000000000, 0.9507298394814797100, 1.000000000000000000) ) ) 
 REPRESENTATION_ITEM ( '' )  SURFACE ( )  );
#6887 = ORIENTED_EDGE ( 'NONE', *, *, #6903, .F. ) ;
#6888 = AXIS2_PLACEMENT_3D ( 'NONE', #1264, #4709, #7846 ) ;
#6889 = CIRCLE ( 'NONE', #4760, 0.02250000000000005800 ) ;
#6890 = ORIENTED_EDGE ( 'NONE', *, *, #1755, .T. ) ;
#6891 = CARTESIAN_POINT ( 'NONE',  ( 1.500652173913044500, 0.8020000000000013800, 0.5623960086363283300 ) ) ;
#6892 = DIRECTION ( 'NONE',  ( 0.0000000000000000000, 0.0000000000000000000, 1.000000000000000000 ) ) ;
#6893 = VECTOR ( 'NONE', #166, 1000.000000000000000 ) ;
#6894 = AXIS2_PLACEMENT_3D ( 'NONE', #4699, #7030, #1062 ) ;
#6895 = PLANE ( 'NONE',  #7386 ) ;
#6896 = CIRCLE ( 'NONE', #1086, 0.02249999999999995100 ) ;
#6897 = FACE_OUTER_BOUND ( 'NONE', #2275, .T. ) ;
#6898 = ORIENTED_EDGE ( 'NONE', *, *, #1455, .T. ) ;
#6899 = EDGE_LOOP ( 'NONE', ( #8843, #8509 ) ) ;
#6900 = CARTESIAN_POINT ( 'NONE',  ( 1.434782608695653200, 0.6000000000000000900, -0.9453455680914559800 ) ) ;
#6901 = B_SPLINE_CURVE_WITH_KNOTS ( 'NONE', 3,
 ( #9223, #1912, #2640, #7111, #2662, #1826, #6420, #2799, #911, #3947, #5478, #6920, #4405, #9226, #6673, #2631, #6372, #1252, #3510 ),
 .UNSPECIFIED., .F., .F.,
 ( 4, 3, 3, 3, 3, 3, 4 ),
 ( 0.0000000000000000000, 8.088755818507548900E-006, 1.906234709869715700E-005, 4.218800355725409700E-005, 9.269055693261559400E-005, 0.0001214558878683530900, 0.0001312317432131398400 ),
 .UNSPECIFIED. ) ;
#6902 = FILL_AREA_STYLE_COLOUR ( '', #1183 ) ;
#6903 = EDGE_CURVE ( 'NONE', #6362, #174, #3149, .T. ) ;
#6904 = CARTESIAN_POINT ( 'NONE',  ( -1.254989512610311400, 0.6000000000000000900, 1.294103294648001100 ) ) ;
#6905 = AXIS2_PLACEMENT_3D ( 'NONE', #8251, #5376, #1553 ) ;
#6906 = ADVANCED_FACE ( 'NONE', ( #8043 ), #159, .T. ) ;
#6907 = CIRCLE ( 'NONE', #6619, 0.02250000000000004400 ) ;
#6908 = CARTESIAN_POINT ( 'NONE',  ( 0.6185438949767017000, 0.7891556476741008500, 1.496463798154597800 ) ) ;
#6909 = CARTESIAN_POINT ( 'NONE',  ( -0.8520000000000000900, 1.150000000000000100, 0.1050000000000000800 ) ) ;
#6910 = EDGE_LOOP ( 'NONE', ( #8190, #1686 ) ) ;
#6911 = AXIS2_PLACEMENT_3D ( 'NONE', #8122, #8846, #14 ) ;
#6912 = AXIS2_PLACEMENT_3D ( 'NONE', #6112, #3881, #4650 ) ;
#6913 = PRESENTATION_STYLE_ASSIGNMENT (( #4212 ) ) ;
#6914 = CARTESIAN_POINT ( 'NONE',  ( -0.7470000000000001100, 1.150000000000000100, 6.049755187787927500E-017 ) ) ;
#6915 = DIRECTION ( 'NONE',  ( 0.0000000000000000000, 1.000000000000000000, 0.0000000000000000000 ) ) ;
#6916 = SURFACE_STYLE_FILL_AREA ( #7321 ) ;
#6917 = EDGE_LOOP ( 'NONE', ( #1592, #88 ) ) ;
#6918 = DIRECTION ( 'NONE',  ( -0.9781476007338061300, 0.0000000000000000000, 0.2079116908177575400 ) ) ;
#6919 = ORIENTED_EDGE ( 'NONE', *, *, #1520, .T. ) ;
#6920 = CARTESIAN_POINT ( 'NONE',  ( -1.079885242267425000, 0.5092566819839400300, 1.375383304751378400 ) ) ;
#6921 = ORIENTED_EDGE ( 'NONE', *, *, #919, .F. ) ;
#6922 = AXIS2_PLACEMENT_3D ( 'NONE', #6700, #7453, #5261 ) ;
#6923 = ORIENTED_EDGE ( 'NONE', *, *, #1213, .F. ) ;
#6924 = ORIENTED_EDGE ( 'NONE', *, *, #2063, .T. ) ;
#6925 = VERTEX_POINT ( 'NONE', #6650 ) ;
#6926 = AXIS2_PLACEMENT_3D ( 'NONE', #8807, #8094, #5156 ) ;
#6927 = PLANE ( 'NONE',  #310 ) ;
#6928 = DIRECTION ( 'NONE',  ( 0.0000000000000000000, 1.000000000000000000, 0.0000000000000000000 ) ) ;
#6929 = CARTESIAN_POINT ( 'NONE',  ( 1.495438813010397300, 0.7860123598985498900, -1.130499522762812100 ) ) ;
#6930 = CARTESIAN_POINT ( 'NONE',  ( 0.6000000000000004200, 0.3999999999999999700, 1.499999999999999800 ) ) ;
#6931 = VERTEX_POINT ( 'NONE', #6708 ) ;
#6932 = DIRECTION ( 'NONE',  ( 0.06823212742845995200, 0.9975640502598247500, 0.01450318640162372900 ) ) ;
#6933 = FACE_OUTER_BOUND ( 'NONE', #3414, .T. ) ;
#6934 = ORIENTED_EDGE ( 'NONE', *, *, #6312, .F. ) ;
#6935 = EDGE_CURVE ( 'NONE', #1677, #5878, #6360, .T. ) ;
#6936 = DIRECTION ( 'NONE',  ( 0.0000000000000000000, 1.000000000000000000, -0.0000000000000000000 ) ) ;
#6937 = CARTESIAN_POINT ( 'NONE',  ( -0.9685701236624367800, 0.8019999999999980500, 1.426618388191969200 ) ) ;
#6938 = CARTESIAN_POINT ( 'NONE',  ( -0.9550000000000000700, 1.150000000000000100, 0.1575000000000000800 ) ) ;
#6939 = CARTESIAN_POINT ( 'NONE',  ( 1.109569398320966900, 0.005000000000000509200, 1.391687680760637100 ) ) ;
#6940 = EDGE_CURVE ( 'NONE', #5852, #232, #9289, .T. ) ;
#6941 = DIRECTION ( 'NONE',  ( 1.000000000000000000, 0.0000000000000000000, 0.0000000000000000000 ) ) ;
#6942 = EDGE_CURVE ( 'NONE', #5223, #7818, #9054, .T. ) ;
#6943 = LINE ( 'NONE', #9265, #2062 ) ;
#6944 = EDGE_LOOP ( 'NONE', ( #7625, #3066, #8079, #2204 ) ) ;
#6945 = ORIENTED_EDGE ( 'NONE', *, *, #3571, .T. ) ;
#6946 = CARTESIAN_POINT ( 'NONE',  ( -0.8520000000000000900, 1.086360389693210800, -0.08249999999999986500 ) ) ;
#6947 = CARTESIAN_POINT ( 'NONE',  ( -1.057000000000000200, 1.200000000000000200, 1.171986986784016800E-016 ) ) ;
#6948 = CARTESIAN_POINT ( 'NONE',  ( -1.434682965811107100, 0.5999843371161767100, -1.136515874691292700 ) ) ;
#6949 = VECTOR ( 'NONE', #3616, 1000.000000000000000 ) ;
#6950 = DIRECTION ( 'NONE',  ( -0.06823212742845975700, 0.9975640502598248600, 0.01450318640162318900 ) ) ;
#6951 = EDGE_LOOP ( 'NONE', ( #4482, #6660, #4893, #7610 ) ) ;
#6952 = EDGE_CURVE ( 'NONE', #8594, #4758, #7120, .T. ) ;
#6953 = ADVANCED_FACE ( 'NONE', ( #7814 ), #1651, .F. ) ;
#6954 = DIRECTION ( 'NONE',  ( -1.000000000000000000, 1.694065894508596200E-016, 0.0000000000000000000 ) ) ;
#6955 = CYLINDRICAL_SURFACE ( 'NONE', #6103, 0.02000000000000010100 ) ;
#6956 = CARTESIAN_POINT ( 'NONE',  ( -0.4870000000000001500, 1.150000000000000100, 0.1575000000000000300 ) ) ;
#6957 = DIRECTION ( 'NONE',  ( 0.0000000000000000000, -0.0000000000000000000, -1.000000000000000000 ) ) ;
#6958 = CARTESIAN_POINT ( 'NONE',  ( -0.4870000000000001500, 1.200000000000000200, 0.1575000000000000300 ) ) ;
#6959 = ORIENTED_EDGE ( 'NONE', *, *, #107, .T. ) ;
#6960 = DIRECTION ( 'NONE',  ( 0.0000000000000000000, 0.0000000000000000000, 1.000000000000000000 ) ) ;
#6961 = CARTESIAN_POINT ( 'NONE',  ( 0.7742506094758353500, 0.5999999999999996400, 1.396287502959278500 ) ) ;
#6962 = B_SPLINE_CURVE_WITH_KNOTS ( 'NONE', 3,
 ( #1864, #3460, #1904, #2684 ),
 .UNSPECIFIED., .F., .F.,
 ( 4, 4 ),
 ( 5.421010862427522200E-020, 6.217883288785082400E-006 ),
 .UNSPECIFIED. ) ;
#6963 = CARTESIAN_POINT ( 'NONE',  ( -1.449283872860704700, 0.3999999999999999700, -1.271806566157558800 ) ) ;
#6964 = AXIS2_PLACEMENT_3D ( 'NONE', #6938, #3965, #3130 ) ;
#6965 = VECTOR ( 'NONE', #9237, 1000.000000000000100 ) ;
#6966 = DIRECTION ( 'NONE',  ( 0.0000000000000000000, 0.0000000000000000000, -1.000000000000000000 ) ) ;
#6967 = CARTESIAN_POINT ( 'NONE',  ( -0.5931453759609330900, 0.6000000000000000900, 1.434782608695652100 ) ) ;
#6968 = CARTESIAN_POINT ( 'NONE',  ( -0.5390000000000001500, 1.086360389693210800, -0.1800000000000000500 ) ) ;
#6969 = DIRECTION ( 'NONE',  ( -0.0000000000000000000, 1.000000000000000000, -0.0000000000000000000 ) ) ;
#6970 = CARTESIAN_POINT ( 'NONE',  ( -0.7470000000000001100, 1.150000000000000100, -0.1049999999999999300 ) ) ;
#6971 = CARTESIAN_POINT ( 'NONE',  ( -0.8520000000000000900, 1.200000000000000200, 0.08250000000000003200 ) ) ;
#6972 = CARTESIAN_POINT ( 'NONE',  ( 0.7785805533069077900, 0.004999999999998689500, -0.1654924053940542200 ) ) ;
#6973 = CARTESIAN_POINT ( 'NONE',  ( 1.040366562082294400, 0.4943519535759023400, 1.426844009586679500 ) ) ;
#6974 = CARTESIAN_POINT ( 'NONE',  ( -1.466277338441626600, 0.3999999999999999700, 1.247566489699053000 ) ) ;
#6975 = CARTESIAN_POINT ( 'NONE',  ( -1.495445506429511600, 0.4139165364120770400, -1.133579716070796300 ) ) ;
#6976 = AXIS2_PLACEMENT_3D ( 'NONE', #5274, #8105, #2921 ) ;
#6977 = CARTESIAN_POINT ( 'NONE',  ( 1.475920770538914600, 0.4110898007739073300, 1.225382460876336200 ) ) ;
#6978 = ORIENTED_EDGE ( 'NONE', *, *, #598, .F. ) ;
#6979 = DIRECTION ( 'NONE',  ( 0.0000000000000000000, 1.000000000000000000, -0.0000000000000000000 ) ) ;
#6980 = DIRECTION ( 'NONE',  ( 0.0000000000000000000, 0.0000000000000000000, -1.000000000000000000 ) ) ;
#6981 = CARTESIAN_POINT ( 'NONE',  ( 1.092748934521069000, 0.02500000000000052900, 1.415709792608938600 ) ) ;
#6982 = CARTESIAN_POINT ( 'NONE',  ( -0.9550000000000000700, 1.200000000000000200, -0.1799999999999999900 ) ) ;
#6983 = ORIENTED_EDGE ( 'NONE', *, *, #4185, .F. ) ;
#6984 = CARTESIAN_POINT ( 'NONE',  ( -1.495433844132951800, 0.7859971220077191000, 1.134453013459255000 ) ) ;
#6985 = CARTESIAN_POINT ( 'NONE',  ( -1.500652173913043600, 0.8019999999999998200, 0.5623960086363285500 ) ) ;
#6986 = ADVANCED_FACE ( 'NONE', ( #6447 ), #5147, .F. ) ;
#6987 = ADVANCED_FACE ( 'NONE', ( #1193 ), #2469, .F. ) ;
#6988 = LINE ( 'NONE', #5343, #6436 ) ;
#6989 = ORIENTED_EDGE ( 'NONE', *, *, #8158, .T. ) ;
#6990 = CARTESIAN_POINT ( 'NONE',  ( 0.6000000000000004200, 0.3999999999999999700, -1.499999999999999800 ) ) ;
#6991 = CARTESIAN_POINT ( 'NONE',  ( -0.7470000000000001100, 1.150000000000000100, 0.1050000000000000400 ) ) ;
#6992 = CIRCLE ( 'NONE', #8860, 0.02000000000000005200 ) ;
#6993 = DIRECTION ( 'NONE',  ( 0.0000000000000000000, -1.074407905678802600E-015, -1.000000000000000000 ) ) ;
#6994 = EDGE_CURVE ( 'NONE', #5327, #7803, #4452, .T. ) ;
#6995 = ORIENTED_EDGE ( 'NONE', *, *, #884, .F. ) ;
#6996 = LINE ( 'NONE', #1192, #2846 ) ;
#6997 = DIRECTION ( 'NONE',  ( 0.0000000000000000000, 0.0000000000000000000, 1.000000000000000000 ) ) ;
#6998 = CIRCLE ( 'NONE', #3034, 0.02250000000000005800 ) ;
#6999 = EDGE_CURVE ( 'NONE', #6386, #5852, #495, .T. ) ;
#7000 = EDGE_CURVE ( 'NONE', #6098, #687, #8374, .T. ) ;
#7001 = ORIENTED_EDGE ( 'NONE', *, *, #2577, .T. ) ;
#7002 = CARTESIAN_POINT ( 'NONE',  ( -1.083650699927993800, 0.4529234108412403300, 1.438090493968610600 ) ) ;
#7003 = CARTESIAN_POINT ( 'NONE',  ( 1.500000000000000900, 3.532091952673165100, 1.130499522727401700 ) ) ;
#7004 = EDGE_LOOP ( 'NONE', ( #2298, #8423, #1690, #7654 ) ) ;
#7005 = CARTESIAN_POINT ( 'NONE',  ( -1.490744356328582000, 0.4123234014519447900, -1.179397185889342400 ) ) ;
#7006 = EDGE_LOOP ( 'NONE', ( #7851, #740 ) ) ;
#7007 = FACE_OUTER_BOUND ( 'NONE', #6613, .T. ) ;
#7008 = ORIENTED_EDGE ( 'NONE', *, *, #4787, .T. ) ;
#7009 = ORIENTED_EDGE ( 'NONE', *, *, #1708, .T. ) ;
#7010 = VERTEX_POINT ( 'NONE', #259 ) ;
#7011 = CYLINDRICAL_SURFACE ( 'NONE', #8071, 0.02249999999999993700 ) ;
#7012 = DIRECTION ( 'NONE',  ( 0.0000000000000000000, -1.000000000000000000, 0.0000000000000000000 ) ) ;
#7013 = DIRECTION ( 'NONE',  ( 0.9781476007338068000, -0.0000000000000000000, 0.2079116908177535100 ) ) ;
#7014 = FILL_AREA_STYLE_COLOUR ( '', #2621 ) ;
#7015 = FACE_OUTER_BOUND ( 'NONE', #8252, .T. ) ;
#7016 = CARTESIAN_POINT ( 'NONE',  ( -1.325379166877131800, 0.7907186494976289300, 1.346775524453898100 ) ) ;
#7017 = CARTESIAN_POINT ( 'NONE',  ( -1.087284982949777300, 0.5599999999999998300, 1.355530755676162700 ) ) ;
#7018 = VECTOR ( 'NONE', #6032, 1000.000000000000000 ) ;
#7019 = ORIENTED_EDGE ( 'NONE', *, *, #8765, .T. ) ;
#7020 = B_SPLINE_CURVE_WITH_KNOTS ( 'NONE', 3,
 ( #7573, #1530, #7445, #6779, #951, #4695, #6984 ),
 .UNSPECIFIED., .F., .F.,
 ( 4, 3, 4 ),
 ( 0.0000000000000000000, 3.893523675072874100E-006, 3.953523674732836400E-006 ),
 .UNSPECIFIED. ) ;
#7021 = EDGE_LOOP ( 'NONE', ( #2922, #4819, #9570, #384 ) ) ;
#7022 = CARTESIAN_POINT ( 'NONE',  ( -0.7470000000000001100, 1.200000000000000200, 0.1050000000000000400 ) ) ;
#7023 = DIRECTION ( 'NONE',  ( 0.0000000000000000000, 1.000000000000000000, 0.0000000000000000000 ) ) ;
#7024 = CARTESIAN_POINT ( 'NONE',  ( -1.499999999999999800, 0.8000000000000001600, 0.9422711519448042600 ) ) ;
#7025 = SURFACE_STYLE_FILL_AREA ( #7210 ) ;
#7026 = CLOSED_SHELL ( 'NONE', ( #4384, #8679, #7636, #3766 ) ) ;
#7027 = CARTESIAN_POINT ( 'NONE',  ( -0.7995000000000001000, 1.200000000000000200, 0.2050000000000000400 ) ) ;
#7028 = CARTESIAN_POINT ( 'NONE',  ( 0.6200000000000000000, 0.8000000000000001600, 1.500000000000000000 ) ) ;
#7029 = CIRCLE ( 'NONE', #4990, 0.02249999999999992300 ) ;
#7030 = DIRECTION ( 'NONE',  ( 0.0000000000000000000, 1.000000000000000000, -0.0000000000000000000 ) ) ;
#7031 = CARTESIAN_POINT ( 'NONE',  ( -0.9045000000000001900, 1.086360389693210800, 0.2600000000000001800 ) ) ;
#7032 = VERTEX_POINT ( 'NONE', #5480 ) ;
#7033 = LINE ( 'NONE', #3138, #4121 ) ;
#7034 = CARTESIAN_POINT ( 'NONE',  ( 1.347444579893732500, 0.4000000000001129900, 1.341125750058861400 ) ) ;
#7035 = EDGE_LOOP ( 'NONE', ( #8813, #5688, #3036, #96, #863, #6006, #3421, #2499, #3098, #8952, #7529, #2833, #3170, #995, #8845 ) ) ;
#7036 = AXIS2_PLACEMENT_3D ( 'NONE', #8131, #1504, #3695 ) ;
#7037 = ORIENTED_EDGE ( 'NONE', *, *, #6994, .T. ) ;
#7038 = CARTESIAN_POINT ( 'NONE',  ( -1.057000000000000200, 1.200000000000000200, 1.171986986784016800E-016 ) ) ;
#7039 = ORIENTED_EDGE ( 'NONE', *, *, #6761, .T. ) ;
#7040 = DIRECTION ( 'NONE',  ( 0.0000000000000000000, 1.000000000000000000, 0.0000000000000000000 ) ) ;
#7041 = CARTESIAN_POINT ( 'NONE',  ( -0.6420000000000002400, 1.150000000000000100, 0.08250000000000011500 ) ) ;
#7042 = ORIENTED_EDGE ( 'NONE', *, *, #5399, .T. ) ;
#7043 = EDGE_CURVE ( 'NONE', #6466, #4153, #5281, .T. ) ;
#7044 = CIRCLE ( 'NONE', #2660, 0.02250000000000005500 ) ;
#7045 = ORIENTED_EDGE ( 'NONE', *, *, #6942, .T. ) ;
#7046 = DIRECTION ( 'NONE',  ( 0.9976689818299084900, -0.06823930461598866300, 0.0000000000000000000 ) ) ;
#7047 = VERTEX_POINT ( 'NONE', #4078 ) ;
#7048 = DIRECTION ( 'NONE',  ( 0.0000000000000000000, 0.0000000000000000000, -1.000000000000000000 ) ) ;
#7049 = CARTESIAN_POINT ( 'NONE',  ( 1.495438812704520400, 0.7860123589605295700, 1.136609168761973000 ) ) ;
#7050 = CARTESIAN_POINT ( 'NONE',  ( 0.9797401122048734500, 0.4553889738507916900, 1.430203048747228400 ) ) ;
#7051 = ADVANCED_FACE ( 'NONE', ( #2936 ), #9139, .F. ) ;
#7052 = EDGE_LOOP ( 'NONE', ( #3516, #8596 ) ) ;
#7053 = CARTESIAN_POINT ( 'NONE',  ( 1.024160146183812600, 0.4885247054952150400, 1.450735601524318900 ) ) ;
#7054 = DIRECTION ( 'NONE',  ( 0.0000000000000000000, -0.0000000000000000000, 1.000000000000000000 ) ) ;
#7055 = VECTOR ( 'NONE', #5609, 1000.000000000000000 ) ;
#7056 = ORIENTED_EDGE ( 'NONE', *, *, #8835, .F. ) ;
#7057 = ORIENTED_EDGE ( 'NONE', *, *, #3128, .F. ) ;
#7058 = CARTESIAN_POINT ( 'NONE',  ( -1.325634277827987000, 0.7907181728286779600, 1.346720575146580100 ) ) ;
#7059 = ADVANCED_FACE ( 'NONE', ( #3278 ), #7689, .T. ) ;
#7060 = FACE_OUTER_BOUND ( 'NONE', #2580, .T. ) ;
#7061 = DIRECTION ( 'NONE',  ( 0.9781476007338070200, -2.121019507454155800E-016, 0.2079116908177527400 ) ) ;
#7062 = SHAPE_DEFINITION_REPRESENTATION ( #5353, #6238 ) ;
#7063 = AXIS2_PLACEMENT_3D ( 'NONE', #597, #6525, #4994 ) ;
#7064 = CARTESIAN_POINT ( 'NONE',  ( -1.264006068572897100, 0.8000000000000001600, -1.363112284369520500 ) ) ;
#7065 = CLOSED_SHELL ( 'NONE', ( #7488, #7435, #3046, #4565 ) ) ;
#7066 = ORIENTED_EDGE ( 'NONE', *, *, #7980, .T. ) ;
#7067 = VERTEX_POINT ( 'NONE', #4946 ) ;
#7068 = UNCERTAINTY_MEASURE_WITH_UNIT (LENGTH_MEASURE( 1.000000000000000100E-005 ), #6170, 'distance_accuracy_value', 'NONE');
#7069 = CARTESIAN_POINT ( 'NONE',  ( -0.6420000000000002400, 1.200000000000000200, 0.08250000000000011500 ) ) ;
#7070 = EDGE_CURVE ( 'NONE', #3645, #9075, #4808, .T. ) ;
#7071 =( NAMED_UNIT ( * ) SI_UNIT ( $, .STERADIAN. ) SOLID_ANGLE_UNIT ( ) );
#7072 = EDGE_CURVE ( 'NONE', #5556, #7997, #8709, .T. ) ;
#7073 = CARTESIAN_POINT ( 'NONE',  ( -0.9885128018119716500, 0.4811412443534828200, 1.440294791049684600 ) ) ;
#7074 = VECTOR ( 'NONE', #5606, 1000.000000000000000 ) ;
#7075 = ORIENTED_EDGE ( 'NONE', *, *, #538, .T. ) ;
#7076 = CARTESIAN_POINT ( 'NONE',  ( -0.7470000000000000000, 1.150000000000000100, 0.2849999999999999800 ) ) ;
#7077 = DIRECTION ( 'NONE',  ( 0.0000000000000000000, 0.0000000000000000000, -1.000000000000000000 ) ) ;
#7078 = AXIS2_PLACEMENT_3D ( 'NONE', #7532, #4615, #6828 ) ;
#7079 = CIRCLE ( 'NONE', #6789, 0.02250000000000005800 ) ;
#7080 = CARTESIAN_POINT ( 'NONE',  ( -0.5895000000000001400, 1.200000000000000200, -0.2600000000000000100 ) ) ;
#7081 = AXIS2_PLACEMENT_3D ( 'NONE', #2451, #6941, #4741 ) ;
#7082 = DIRECTION ( 'NONE',  ( 0.0000000000000000000, 0.0000000000000000000, 1.000000000000000000 ) ) ;
#7083 = ORIENTED_EDGE ( 'NONE', *, *, #4373, .F. ) ;
#7084 = CARTESIAN_POINT ( 'NONE',  ( 1.264006068572896900, 0.8000000000000001600, 1.363112284369520500 ) ) ;
#7085 = CARTESIAN_POINT ( 'NONE',  ( 1.475580540929238400, 0.3999999999999990800, 1.232694537341737100 ) ) ;
#7086 = CARTESIAN_POINT ( 'NONE',  ( -0.5370000000000001400, 1.150000000000000100, -0.02249999999999987800 ) ) ;
#7087 = EDGE_CURVE ( 'NONE', #3081, #1305, #8923, .T. ) ;
#7088 = AXIS2_PLACEMENT_3D ( 'NONE', #4859, #4788, #3293 ) ;
#7089 = CARTESIAN_POINT ( 'NONE',  ( -0.6420000000000002400, 1.200000000000000200, 0.1050000000000000700 ) ) ;
#7090 = CARTESIAN_POINT ( 'NONE',  ( -0.4870000000000002100, 1.150000000000000100, -0.1349999999999999300 ) ) ;
#7091 = B_SPLINE_CURVE_WITH_KNOTS ( 'NONE', 3,
 ( #2603, #1336, #7252, #5012, #1958, #3535, #2692, #7899, #3438, #1985, #4362, #3689, #2257, #1400, #1496, #4426 ),
 .UNSPECIFIED., .F., .F.,
 ( 4, 3, 3, 3, 3, 4 ),
 ( 3.556860687562118700E-018, 1.546792677631255300E-005, 3.599401640778163600E-005, 5.579884797812118300E-005, 7.530161470830432200E-005, 9.493170204952946200E-005 ),
 .UNSPECIFIED. ) ;
#7092 = EDGE_CURVE ( 'NONE', #9305, #4153, #2818, .T. ) ;
#7093 = AXIS2_PLACEMENT_3D ( 'NONE', #4620, #6950, #9111 ) ;
#7094 =( GEOMETRIC_REPRESENTATION_CONTEXT ( 3 ) GLOBAL_UNCERTAINTY_ASSIGNED_CONTEXT ( ( #3473 ) ) GLOBAL_UNIT_ASSIGNED_CONTEXT ( ( #9365, #7201, #3377 ) ) REPRESENTATION_CONTEXT ( 'NONE', 'WORKASPACE' ) );
#7095 = CARTESIAN_POINT ( 'NONE',  ( -0.6945000000000002300, 1.150000000000000100, 0.2050000000000000400 ) ) ;
#7096 = CARTESIAN_POINT ( 'NONE',  ( -0.4370000000000001100, 1.150000000000000100, 4.127059713126576100E-017 ) ) ;
#7097 = CARTESIAN_POINT ( 'NONE',  ( 1.500000000000000900, 0.3999999999999999700, -1.130499522727402200 ) ) ;
#7098 = DIRECTION ( 'NONE',  ( 0.0000000000000000000, 0.0000000000000000000, 1.000000000000000000 ) ) ;
#7099 = CARTESIAN_POINT ( 'NONE',  ( -1.000573563836159500, 0.4971317762197325400, 1.439373074165685600 ) ) ;
#7100 = DIRECTION ( 'NONE',  ( 0.0000000000000000000, -0.0000000000000000000, -1.000000000000000000 ) ) ;
#7101 = DIRECTION ( 'NONE',  ( 0.0000000000000000000, 0.0000000000000000000, 1.000000000000000000 ) ) ;
#7102 = ADVANCED_FACE ( 'NONE', ( #2251 ), #1229, .T. ) ;
#7103 =( GEOMETRIC_REPRESENTATION_CONTEXT ( 3 ) GLOBAL_UNCERTAINTY_ASSIGNED_CONTEXT ( ( #5549 ) ) GLOBAL_UNIT_ASSIGNED_CONTEXT ( ( #9086, #8424, #4765 ) ) REPRESENTATION_CONTEXT ( 'NONE', 'WORKASPACE' ) );
#7104 = CARTESIAN_POINT ( 'NONE',  ( 1.373197950693166600, 0.4081065434676974800, 1.328428408910546500 ) ) ;
#7105 = DIRECTION ( 'NONE',  ( 0.0000000000000000000, 0.0000000000000000000, 1.000000000000000000 ) ) ;
#7106 = VERTEX_POINT ( 'NONE', #9176 ) ;
#7107 = EDGE_CURVE ( 'NONE', #677, #4685, #5034, .T. ) ;
#7108 = FACE_OUTER_BOUND ( 'NONE', #203, .T. ) ;
#7109 = EDGE_LOOP ( 'NONE', ( #656, #5179 ) ) ;
#7110 = FACE_OUTER_BOUND ( 'NONE', #2357, .T. ) ;
#7111 = CARTESIAN_POINT ( 'NONE',  ( -1.035749456536799100, 0.5584881559412556700, 1.366971732717400700 ) ) ;
#7112 = ORIENTED_EDGE ( 'NONE', *, *, #3349, .F. ) ;
#7113 = DIRECTION ( 'NONE',  ( 0.0000000000000000000, 0.0000000000000000000, 1.000000000000000000 ) ) ;
#7114 = CARTESIAN_POINT ( 'NONE',  ( -0.5370000000000001400, 1.200000000000000200, 0.02250000000000001000 ) ) ;
#7115 = EDGE_LOOP ( 'NONE', ( #1512, #1197, #3282, #2780 ) ) ;
#7116 = SURFACE_STYLE_FILL_AREA ( #3932 ) ;
#7117 = ORIENTED_EDGE ( 'NONE', *, *, #47, .F. ) ;
#7118 = CARTESIAN_POINT ( 'NONE',  ( -1.028691444031138800, 0.5548178512421660900, 1.371916897671499000 ) ) ;
#7119 = CARTESIAN_POINT ( 'NONE',  ( -0.9574469850529902000, 0.6000000000000002000, -1.357347911256191300 ) ) ;
#7120 = CIRCLE ( 'NONE', #8319, 0.02249999999999994400 ) ;
#7121 = VECTOR ( 'NONE', #5116, 1000.000000000000000 ) ;
#7122 = CARTESIAN_POINT ( 'NONE',  ( -0.9045000000000001900, 1.150000000000000100, 0.2375000000000001300 ) ) ;
#7123 = ORIENTED_EDGE ( 'NONE', *, *, #7000, .T. ) ;
#7124 = EDGE_LOOP ( 'NONE', ( #2419, #5914 ) ) ;
#7125 = FACE_OUTER_BOUND ( 'NONE', #1534, .T. ) ;
#7126 = DIRECTION ( 'NONE',  ( 0.0000000000000000000, 0.0000000000000000000, 1.000000000000000000 ) ) ;
#7127 = DIRECTION ( 'NONE',  ( 0.0000000000000000000, 1.000000000000000000, -3.353430091483181600E-010 ) ) ;
#7128 =( GEOMETRIC_REPRESENTATION_CONTEXT ( 3 ) GLOBAL_UNCERTAINTY_ASSIGNED_CONTEXT ( ( #699 ) ) GLOBAL_UNIT_ASSIGNED_CONTEXT ( ( #466, #5693, #6428 ) ) REPRESENTATION_CONTEXT ( 'NONE', 'WORKASPACE' ) );
#7129 = EDGE_CURVE ( 'NONE', #2303, #715, #8479, .T. ) ;
#7130 = FILL_AREA_STYLE_COLOUR ( '', #6712 ) ;
#7131 = DIRECTION ( 'NONE',  ( 0.0000000000000000000, -1.000000000000000000, 0.0000000000000000000 ) ) ;
#7132 = ORIENTED_EDGE ( 'NONE', *, *, #4672, .F. ) ;
#7133 = CARTESIAN_POINT ( 'NONE',  ( -0.5895000000000001400, 1.150000000000000100, -0.2600000000000000100 ) ) ;
#7134 = CARTESIAN_POINT ( 'NONE',  ( -0.4370000000000001100, 1.086360389693210800, 0.02250000000000009600 ) ) ;
#7135 = CARTESIAN_POINT ( 'NONE',  ( 0.9763157783263604100, 0.4735754198411650800, 1.413185757571728600 ) ) ;
#7136 = ADVANCED_FACE ( 'NONE', ( #2008 ), #6553, .F. ) ;
#7137 = FACE_OUTER_BOUND ( 'NONE', #327, .T. ) ;
#7138 = PRESENTATION_STYLE_ASSIGNMENT (( #5839 ) ) ;
#7139 = ORIENTED_EDGE ( 'NONE', *, *, #5006, .F. ) ;
#7140 = EDGE_LOOP ( 'NONE', ( #9410, #2140, #8638, #4274 ) ) ;
#7141 = AXIS2_PLACEMENT_3D ( 'NONE', #462, #6495, #1240 ) ;
#7142 = AXIS2_PLACEMENT_3D ( 'NONE', #7243, #2797, #8697 ) ;
#7143 = PLANE ( 'NONE',  #763 ) ;
#7144 = VECTOR ( 'NONE', #979, 1000.000000000000000 ) ;
#7145 = ORIENTED_EDGE ( 'NONE', *, *, #8698, .F. ) ;
#7146 = CARTESIAN_POINT ( 'NONE',  ( -0.4870000000000002100, 1.086360389693210800, -0.1349999999999999300 ) ) ;
#7147 = B_SPLINE_CURVE_WITH_KNOTS ( 'NONE', 3,
 ( #1618, #8320, #1639, #3880, #4524, #3816, #3042 ),
 .UNSPECIFIED., .F., .F.,
 ( 4, 3, 4 ),
 ( 2.038365322632224700E-005, 3.001470501143859700E-005, 4.122268399508578300E-005 ),
 .UNSPECIFIED. ) ;
#7148 = ADVANCED_FACE ( 'NONE', ( #1076 ), #3043, .T. ) ;
#7149 = ORIENTED_EDGE ( 'NONE', *, *, #6404, .T. ) ;
#7150 = ORIENTED_EDGE ( 'NONE', *, *, #9133, .T. ) ;
#7151 = ORIENTED_EDGE ( 'NONE', *, *, #1774, .F. ) ;
#7152 = CARTESIAN_POINT ( 'NONE',  ( -0.6530611828246052400, 0.6000000000000000900, -1.422047110799024900 ) ) ;
#7153 = DIRECTION ( 'NONE',  ( 0.0000000000000000000, 0.0000000000000000000, -1.000000000000000000 ) ) ;
#7154 = CARTESIAN_POINT ( 'NONE',  ( -0.6420000000000002400, 1.150000000000000100, -0.1274999999999998900 ) ) ;
#7155 = VECTOR ( 'NONE', #441, 1000.000000000000000 ) ;
#7156 = CARTESIAN_POINT ( 'NONE',  ( -0.6420000000000002400, 1.150000000000000100, -0.1274999999999998900 ) ) ;
#7157 = AXIS2_PLACEMENT_3D ( 'NONE', #442, #9258, #1883 ) ;
#7158 = AXIS2_PLACEMENT_3D ( 'NONE', #8526, #3358, #396 ) ;
#7159 = VERTEX_POINT ( 'NONE', #6381 ) ;
#7160 = B_SPLINE_SURFACE_WITH_KNOTS ( 'NONE', 3, 1, ( 
 ( #644, #7325, #30 ),
 ( #679, #5927, #2904 ),
 ( #7422, #2938, #8869 ),
 ( #4474, #8803, #5973 ),
 ( #2880, #4434, #5884 ),
 ( #1506, #6727, #8838 ),
 ( #3, #5191, #3003 ),
 ( #8177, #5947, #6604 ),
 ( #3723, #5845, #8059 ),
 ( #6692, #9520, #8306 ),
 ( #1610, #4601, #3062 ),
 ( #6782, #8267, #6040 ),
 ( #5364, #7576, #7485 ),
 ( #6813, #3129, #2363 ),
 ( #7552, #1571, #6009 ),
 ( #3103, #5389, #3862 ),
 ( #2333, #3902, #8207 ),
 ( #9025, #4562, #6848 ),
 ( #6092, #6131, #3829 ),
 ( #929, #8998, #6754 ),
 ( #4514, #1662, #4638 ),
 ( #6870, #7522, #150 ),
 ( #898, #2424, #8232 ),
 ( #120, #2308, #1627 ),
 ( #7615, #3154, #3024 ),
 ( #8966, #8333, #62 ),
 ( #5253, #3804, #3765 ) ),
 .UNSPECIFIED., .F., .F., .F.,
 ( 4, 1, 1, 1, 2, 1, 1, 1, 2, 1, 1, 1, 2, 1, 1, 1, 2, 1, 1, 1, 4 ),
 ( 2, 1, 2 ),
 ( 0.0000000000000000000, 0.04347169486018346400, 0.08694338972036692900, 0.1304150845805504000, 0.1738867794407338600, 0.1888607433325825400, 0.2038347072244312000, 0.2188086711162798300, 0.2337826350081285100, 0.3668913175040643400, 0.5000000000000001100, 0.6331086824959359900, 0.7662173649918717600, 0.7811913288837203400, 0.7961652927755689100, 0.8111392566674176000, 0.8261132205592661700, 0.8695849154194496000, 0.9130566102796331400, 0.9565283051398165700, 1.000000000000000000 ),
 ( 0.0000000000000000000, 1.000000000000000000, 1.010000000000000000 ),
 .UNSPECIFIED. ) ;
#7161 = EDGE_LOOP ( 'NONE', ( #2769, #562, #7807, #4595 ) ) ;
#7162 = ORIENTED_EDGE ( 'NONE', *, *, #4551, .T. ) ;
#7163 = FILL_AREA_STYLE_COLOUR ( '', #4781 ) ;
#7164 = CARTESIAN_POINT ( 'NONE',  ( -1.434059960103540000, 0.4096865781935112300, -1.284932077623770000 ) ) ;
#7165 = CIRCLE ( 'NONE', #6527, 0.01999999999999995900 ) ;
#7166 = EDGE_CURVE ( 'NONE', #3257, #2129, #5750, .T. ) ;
#7167 = DIRECTION ( 'NONE',  ( 0.0000000000000000000, 0.0000000000000000000, 1.000000000000000000 ) ) ;
#7168 = ORIENTED_EDGE ( 'NONE', *, *, #7338, .F. ) ;
#7169 = CARTESIAN_POINT ( 'NONE',  ( 0.6200000000000000000, 1.200000000000000200, -1.500000000000000000 ) ) ;
#7170 = CYLINDRICAL_SURFACE ( 'NONE', #606, 0.02250000000000005800 ) ;
#7171 = CARTESIAN_POINT ( 'NONE',  ( 0.9775194722219029400, 0.4588561431712427900, 1.419755759021033700 ) ) ;
#7172 = ORIENTED_EDGE ( 'NONE', *, *, #6064, .T. ) ;
#7173 = EDGE_CURVE ( 'NONE', #9173, #6349, #6780, .T. ) ;
#7174 = DIRECTION ( 'NONE',  ( -0.0000000000000000000, -1.000000000000000000, -0.0000000000000000000 ) ) ;
#7175 = PRESENTATION_STYLE_ASSIGNMENT (( #4515 ) ) ;
#7176 = FILL_AREA_STYLE ('',( #6351 ) ) ;
#7177 = CARTESIAN_POINT ( 'NONE',  ( 1.325694516421789900, 0.3999999999999997400, -1.345748868766599900 ) ) ;
#7178 = CARTESIAN_POINT ( 'NONE',  ( -1.086482159067402100, 0.5606393766695052500, 1.355216774994743700 ) ) ;
#7179 = CYLINDRICAL_SURFACE ( 'NONE', #4080, 0.02250000000000005800 ) ;
#7180 = EDGE_LOOP ( 'NONE', ( #6110, #968 ) ) ;
#7181 = CARTESIAN_POINT ( 'NONE',  ( -0.6000000000000002000, 0.3999999999999997400, -1.499999999999999600 ) ) ;
#7182 = MANIFOLD_SOLID_BREP ( 'Boss-Extrude7[7]', #3734 ) ;
#7183 = DIRECTION ( 'NONE',  ( 0.0000000000000000000, 0.0000000000000000000, -1.000000000000000000 ) ) ;
#7184 = DIRECTION ( 'NONE',  ( 0.0000000000000000000, 1.000000000000000000, 0.0000000000000000000 ) ) ;
#7185 = CARTESIAN_POINT ( 'NONE',  ( -0.5895000000000001400, 1.150000000000000100, -0.2375000000000001000 ) ) ;
#7186 = EDGE_CURVE ( 'NONE', #4952, #8863, #6996, .T. ) ;
#7187 = AXIS2_PLACEMENT_3D ( 'NONE', #300, #1745, #7670 ) ;
#7188 = CARTESIAN_POINT ( 'NONE',  ( -0.6420000000000002400, 1.150000000000000100, 0.1050000000000000700 ) ) ;
#7189 = CARTESIAN_POINT ( 'NONE',  ( -0.6945000000000002300, 1.200000000000000200, -0.2274999999999999000 ) ) ;
#7190 = DIRECTION ( 'NONE',  ( 0.0000000000000000000, 0.0000000000000000000, 1.000000000000000000 ) ) ;
#7191 = ORIENTED_EDGE ( 'NONE', *, *, #2568, .T. ) ;
#7192 = EDGE_CURVE ( 'NONE', #7452, #8902, #7473, .T. ) ;
#7193 = CARTESIAN_POINT ( 'NONE',  ( 1.488487122974270700, 0.3999999999999999700, -1.200745222768542700 ) ) ;
#7194 = CARTESIAN_POINT ( 'NONE',  ( 1.005398891869289500, 0.4529234108412327200, 1.454723429234030800 ) ) ;
#7195 = CIRCLE ( 'NONE', #1850, 0.02249999999999995100 ) ;
#7196 = PLANE ( 'NONE',  #6280 ) ;
#7197 = DIRECTION ( 'NONE',  ( 0.0000000000000000000, 0.0000000000000000000, -1.000000000000000000 ) ) ;
#7198 = FACE_OUTER_BOUND ( 'NONE', #7729, .T. ) ;
#7199 = CARTESIAN_POINT ( 'NONE',  ( -0.4870000000000002100, 1.200000000000000200, -0.1574999999999999700 ) ) ;
#7200 = ADVANCED_FACE ( 'NONE', ( #7462 ), #4521, .F. ) ;
#7201 =( NAMED_UNIT ( * ) PLANE_ANGLE_UNIT ( ) SI_UNIT ( $, .RADIAN. ) );
#7202 = DIRECTION ( 'NONE',  ( -1.737825833578615200E-016, 0.3100205998309180600, -0.9507298394814784900 ) ) ;
#7203 = CARTESIAN_POINT ( 'NONE',  ( 1.500000000000000900, 0.3999999999999997400, -1.130499522727401700 ) ) ;
#7204 = DIRECTION ( 'NONE',  ( 0.0000000000000000000, 1.000000000000000000, 0.0000000000000000000 ) ) ;
#7205 = DIRECTION ( 'NONE',  ( -0.0000000000000000000, 1.000000000000000000, -0.0000000000000000000 ) ) ;
#7206 = CARTESIAN_POINT ( 'NONE',  ( 1.325045925899037500, 0.7907215713173284500, -1.346847588992008600 ) ) ;
#7207 = CARTESIAN_POINT ( 'NONE',  ( -1.017033235434638300, 0.4080762362277956500, 1.408664458890392300 ) ) ;
#7208 = DIRECTION ( 'NONE',  ( -0.0000000000000000000, 1.000000000000000000, -0.0000000000000000000 ) ) ;
#7209 = EDGE_CURVE ( 'NONE', #3547, #7010, #5273, .T. ) ;
#7210 = FILL_AREA_STYLE ('',( #3467 ) ) ;
#7211 = AXIS2_PLACEMENT_3D ( 'NONE', #3442, #7865, #5717 ) ;
#7212 = AXIS2_PLACEMENT_3D ( 'NONE', #2109, #7935, #4939 ) ;
#7213 = AXIS2_PLACEMENT_3D ( 'NONE', #1528, #799, #2300 ) ;
#7214 = CIRCLE ( 'NONE', #7401, 0.02250000000000005800 ) ;
#7215 = DIRECTION ( 'NONE',  ( 0.0000000000000000000, -1.000000000000000000, 0.0000000000000000000 ) ) ;
#7216 = DIRECTION ( 'NONE',  ( 0.0000000000000000000, -1.000000000000000000, 0.0000000000000000000 ) ) ;
#7217 = DIRECTION ( 'NONE',  ( 0.0000000000000000000, 1.000000000000000000, -0.0000000000000000000 ) ) ;
#7218 = LINE ( 'NONE', #1740, #6541 ) ;
#7219 = CARTESIAN_POINT ( 'NONE',  ( 1.433029638439049500, 0.5999743318357410000, -1.154021172830660600 ) ) ;
#7220 = CARTESIAN_POINT ( 'NONE',  ( -0.9570000000000001800, 1.150000000000000100, 0.02250000000000017300 ) ) ;
#7221 = CARTESIAN_POINT ( 'NONE',  ( 1.027894337156995300, 0.5599839339496451900, 1.368166804670931000 ) ) ;
#7222 = CARTESIAN_POINT ( 'NONE',  ( -0.6420000000000002400, 1.200000000000000200, -0.08250000000000001800 ) ) ;
#7223 = ADVANCED_FACE ( 'NONE', ( #8936 ), #3611, .F. ) ;
#7224 = ORIENTED_EDGE ( 'NONE', *, *, #5706, .F. ) ;
#7225 = EDGE_CURVE ( 'NONE', #288, #6474, #2149, .T. ) ;
#7226 = CIRCLE ( 'NONE', #1914, 0.02250000000000005800 ) ;
#7227 = CARTESIAN_POINT ( 'NONE',  ( 1.479349492494531000, 0.4109922783046193200, -1.228388264403479600 ) ) ;
#7228 = ORIENTED_EDGE ( 'NONE', *, *, #4017, .F. ) ;
#7229 = AXIS2_PLACEMENT_3D ( 'NONE', #8090, #3666, #27 ) ;
#7230 = CARTESIAN_POINT ( 'NONE',  ( -0.9570000000000001800, 1.150000000000000100, 0.02250000000000017300 ) ) ;
#7231 = DIRECTION ( 'NONE',  ( 0.0000000000000000000, 0.0000000000000000000, -1.000000000000000000 ) ) ;
#7232 = CARTESIAN_POINT ( 'NONE',  ( -1.428371604979795400, 0.5999701660694278800, 1.174960581772420700 ) ) ;
#7233 = ORIENTED_EDGE ( 'NONE', *, *, #7932, .T. ) ;
#7234 = DIRECTION ( 'NONE',  ( -0.0000000000000000000, 1.000000000000000000, -0.0000000000000000000 ) ) ;
#7235 = FILL_AREA_STYLE ('',( #6248 ) ) ;
#7236 = CARTESIAN_POINT ( 'NONE',  ( 1.002253806455755300, 0.5434133264796551200, 1.379143994011366800 ) ) ;
#7237 = DIRECTION ( 'NONE',  ( 0.0000000000000000000, 0.0000000000000000000, 1.000000000000000000 ) ) ;
#7238 = VERTEX_POINT ( 'NONE', #6609 ) ;
#7239 = ORIENTED_EDGE ( 'NONE', *, *, #8779, .F. ) ;
#7240 = EDGE_LOOP ( 'NONE', ( #9308, #5597, #2163, #3290 ) ) ;
#7241 = DIRECTION ( 'NONE',  ( 0.0000000000000000000, 1.000000000000000000, 0.0000000000000000000 ) ) ;
#7242 = CARTESIAN_POINT ( 'NONE',  ( -1.088621540091115900, 0.4080762362277934900, -1.393447894996826800 ) ) ;
#7243 = CARTESIAN_POINT ( 'NONE',  ( -0.7470000000000001100, 1.150000000000000100, 0.1050000000000000400 ) ) ;
#7244 = EDGE_CURVE ( 'NONE', #3639, #4767, #4948, .T. ) ;
#7245 = CARTESIAN_POINT ( 'NONE',  ( -0.4870000000000001500, 1.150000000000000100, 0.1349999999999999800 ) ) ;
#7246 =( GEOMETRIC_REPRESENTATION_CONTEXT ( 3 ) GLOBAL_UNCERTAINTY_ASSIGNED_CONTEXT ( ( #749 ) ) GLOBAL_UNIT_ASSIGNED_CONTEXT ( ( #4151, #6384, #4081 ) ) REPRESENTATION_CONTEXT ( 'NONE', 'WORKASPACE' ) );
#7247 = CIRCLE ( 'NONE', #1140, 0.02249999999999995100 ) ;
#7248 = DIRECTION ( 'NONE',  ( 0.0000000000000000000, 0.0000000000000000000, 1.000000000000000000 ) ) ;
#7249 = VECTOR ( 'NONE', #7013, 1000.000000000000100 ) ;
#7250 = EDGE_CURVE ( 'NONE', #5523, #1996, #1325, .T. ) ;
#7251 = EDGE_LOOP ( 'NONE', ( #2073, #6598 ) ) ;
#7252 = CARTESIAN_POINT ( 'NONE',  ( 0.9824899034546292800, 0.4632440422190774500, 1.439973171923963000 ) ) ;
#7253 = EDGE_CURVE ( 'NONE', #6810, #7829, #1551, .T. ) ;
#7254 = ORIENTED_EDGE ( 'NONE', *, *, #6283, .F. ) ;
#7255 = ADVANCED_FACE ( 'NONE', ( #7483 ), #8239, .T. ) ;
#7256 = ADVANCED_FACE ( 'NONE', ( #2247 ), #5158, .T. ) ;
#7257 = CARTESIAN_POINT ( 'NONE',  ( -0.9846690135627738100, 0.5111765881136408600, 1.453391706482259000 ) ) ;
#7258 =( NAMED_UNIT ( * ) SI_UNIT ( $, .STERADIAN. ) SOLID_ANGLE_UNIT ( ) );
#7259 = DIRECTION ( 'NONE',  ( 0.0000000000000000000, 0.0000000000000000000, 1.000000000000000000 ) ) ;
#7260 = DIRECTION ( 'NONE',  ( 0.0000000000000000000, 1.000000000000000000, -0.0000000000000000000 ) ) ;
#7261 = VECTOR ( 'NONE', #4503, 1000.000000000000000 ) ;
#7262 = CLOSED_SHELL ( 'NONE', ( #6387, #680, #4928, #4666 ) ) ;
#7263 = ORIENTED_EDGE ( 'NONE', *, *, #9302, .F. ) ;
#7264 = EDGE_LOOP ( 'NONE', ( #5431, #2824, #4042, #9561 ) ) ;
#7265 = AXIS2_PLACEMENT_3D ( 'NONE', #3722, #1482, #5945 ) ;
#7266 = AXIS2_PLACEMENT_3D ( 'NONE', #4098, #8572, #447 ) ;
#7267 = CYLINDRICAL_SURFACE ( 'NONE', #2864, 0.02250000000000005800 ) ;
#7268 = COLOUR_RGB ( '',0.7921568627450980000, 0.8196078431372548800, 0.9333333333333333500 ) ;
#7269 = ORIENTED_EDGE ( 'NONE', *, *, #557, .F. ) ;
#7270 = CARTESIAN_POINT ( 'NONE',  ( -1.085520186905349000, 0.4066083230626313900, 1.395297939752594200 ) ) ;
#7271 = VECTOR ( 'NONE', #1833, 1000.000000000000000 ) ;
#7272 = DIRECTION ( 'NONE',  ( 0.0000000000000000000, 0.0000000000000000000, -1.000000000000000000 ) ) ;
#7273 = VERTEX_POINT ( 'NONE', #1510 ) ;
#7274 = CARTESIAN_POINT ( 'NONE',  ( 1.325739219909162400, 0.4080804732954069800, 1.343044699431505500 ) ) ;
#7275 = CARTESIAN_POINT ( 'NONE',  ( -1.099566540486494000, 0.4851536616256479400, 1.416773949782946600 ) ) ;
#7276 = DIRECTION ( 'NONE',  ( 0.0000000000000000000, 1.000000000000000000, -0.0000000000000000000 ) ) ;
#7277 = EDGE_LOOP ( 'NONE', ( #5772, #1309, #4160, #1127 ) ) ;
#7278 = CARTESIAN_POINT ( 'NONE',  ( -1.487965630766246100, 0.4118551592690084000, 1.190667145494086900 ) ) ;
#7279 = ORIENTED_EDGE ( 'NONE', *, *, #9351, .F. ) ;
#7280 = VECTOR ( 'NONE', #6805, 1000.000000000000000 ) ;
#7281 = ORIENTED_EDGE ( 'NONE', *, *, #253, .T. ) ;
#7282 = ORIENTED_EDGE ( 'NONE', *, *, #1176, .T. ) ;
#7283 = DIRECTION ( 'NONE',  ( 0.0000000000000000000, -0.0000000000000000000, -1.000000000000000000 ) ) ;
#7284 = DIRECTION ( 'NONE',  ( 0.0000000000000000000, 1.000000000000000000, 0.0000000000000000000 ) ) ;
#7285 = LINE ( 'NONE', #6358, #7737 ) ;
#7286 = ORIENTED_EDGE ( 'NONE', *, *, #3800, .T. ) ;
#7287 = VERTEX_POINT ( 'NONE', #4439 ) ;
#7288 = EDGE_LOOP ( 'NONE', ( #5086, #5165, #4083, #3857 ) ) ;
#7289 = CARTESIAN_POINT ( 'NONE',  ( -0.4870000000000002100, 1.200000000000000200, -0.1349999999999999300 ) ) ;
#7290 = CYLINDRICAL_SURFACE ( 'NONE', #5018, 0.02249999999999994400 ) ;
#7291 = DIRECTION ( 'NONE',  ( 0.0000000000000000000, -1.000000000000000000, 0.0000000000000000000 ) ) ;
#7292 = ORIENTED_EDGE ( 'NONE', *, *, #8976, .F. ) ;
#7293 = CARTESIAN_POINT ( 'NONE',  ( -1.037128556856704600, 0.5181572853029088300, 1.411610392707732400 ) ) ;
#7294 = DIRECTION ( 'NONE',  ( 0.0000000000000000000, -0.0000000000000000000, -1.000000000000000000 ) ) ;
#7295 = LINE ( 'NONE', #3770, #5330 ) ;
#7296 = ORIENTED_EDGE ( 'NONE', *, *, #5706, .T. ) ;
#7297 = CARTESIAN_POINT ( 'NONE',  ( 1.372741205987116500, 0.4083685318068025500, -1.332820665983613300 ) ) ;
#7298 = DIRECTION ( 'NONE',  ( -0.0000000000000000000, 1.000000000000000000, -0.0000000000000000000 ) ) ;
#7299 = AXIS2_PLACEMENT_3D ( 'NONE', #7888, #6413, #3423 ) ;
#7300 = CIRCLE ( 'NONE', #7682, 0.02249999999999995100 ) ;
#7301 = CARTESIAN_POINT ( 'NONE',  ( -0.7995000000000001000, 1.150000000000000100, 0.2050000000000000400 ) ) ;
#7302 = ORIENTED_EDGE ( 'NONE', *, *, #1176, .F. ) ;
#7303 = VERTEX_POINT ( 'NONE', #8932 ) ;
#7304 = EDGE_LOOP ( 'NONE', ( #6114, #8763, #7413, #5271 ) ) ;
#7305 = CARTESIAN_POINT ( 'NONE',  ( -1.087031481779044700, 0.7918821671493943000, 1.398819047421159300 ) ) ;
#7306 = CARTESIAN_POINT ( 'NONE',  ( -0.7470000000000001100, 1.150000000000000100, -0.1274999999999999700 ) ) ;
#7307 = ADVANCED_FACE ( 'NONE', ( #8371 ), #124, .F. ) ;
#7308 = CARTESIAN_POINT ( 'NONE',  ( 1.495796898653623900, 0.7871143101540990500, 1.183656458101585600 ) ) ;
#7309 = EDGE_CURVE ( 'NONE', #4710, #733, #1878, .T. ) ;
#7310 = DIRECTION ( 'NONE',  ( 0.0000000000000000000, 0.0000000000000000000, -1.000000000000000000 ) ) ;
#7311 = LINE ( 'NONE', #8570, #570 ) ;
#7312 = CARTESIAN_POINT ( 'NONE',  ( 1.085514621932611900, 0.4066132142148095600, 1.395296399058850700 ) ) ;
#7313 = CARTESIAN_POINT ( 'NONE',  ( 0.9815716816940847100, 0.5006874756583951100, 1.400051411275967700 ) ) ;
#7314 = ORIENTED_EDGE ( 'NONE', *, *, #8756, .F. ) ;
#7315 = CARTESIAN_POINT ( 'NONE',  ( -0.7388265466015718800, 0.4080762362277921600, 1.467799116102350300 ) ) ;
#7316 = DIRECTION ( 'NONE',  ( 0.0000000000000000000, 0.0000000000000000000, 1.000000000000000000 ) ) ;
#7317 = CARTESIAN_POINT ( 'NONE',  ( -1.102046574784780100, 0.5111767571794820800, 1.428441593815162000 ) ) ;
#7318 = ORIENTED_EDGE ( 'NONE', *, *, #5482, .T. ) ;
#7319 = CARTESIAN_POINT ( 'NONE',  ( -0.4370000000000001100, 1.150000000000000100, 4.127059713126576100E-017 ) ) ;
#7320 = AXIS2_PLACEMENT_3D ( 'NONE', #7096, #8656, #7190 ) ;
#7321 = FILL_AREA_STYLE ('',( #2898 ) ) ;
#7322 = EDGE_CURVE ( 'NONE', #8902, #3662, #4095, .T. ) ;
#7323 = EDGE_CURVE ( 'NONE', #1578, #2619, #4569, .T. ) ;
#7324 = DIRECTION ( 'NONE',  ( 0.0000000000000000000, 0.0000000000000000000, 1.000000000000000000 ) ) ;
#7325 = CARTESIAN_POINT ( 'NONE',  ( -0.5999999999999995300, 0.3999999999999999700, 1.500000000000000000 ) ) ;
#7326 = DIRECTION ( 'NONE',  ( 0.0000000000000000000, 1.000000000000000000, -0.0000000000000000000 ) ) ;
#7327 = DIRECTION ( 'NONE',  ( 0.0000000000000000000, 0.0000000000000000000, -1.000000000000000000 ) ) ;
#7328 = CARTESIAN_POINT ( 'NONE',  ( -1.007000000000000100, 1.200000000000000200, 0.1350000000000000400 ) ) ;
#7329 = AXIS2_PLACEMENT_3D ( 'NONE', #890, #1606, #6777 ) ;
#7330 = DIRECTION ( 'NONE',  ( 0.0000000000000000000, -0.0000000000000000000, -1.000000000000000000 ) ) ;
#7331 = AXIS2_PLACEMENT_3D ( 'NONE', #5842, #5140, #8780 ) ;
#7332 = LINE ( 'NONE', #900, #8908 ) ;
#7333 = CARTESIAN_POINT ( 'NONE',  ( -0.9550000000000000700, 1.150000000000000100, -0.1574999999999999200 ) ) ;
#7334 = CARTESIAN_POINT ( 'NONE',  ( -0.6420000000000002400, 1.086360389693210800, 0.08250000000000011500 ) ) ;
#7335 = CARTESIAN_POINT ( 'NONE',  ( 1.495438813010398400, 0.4139876401014504500, -3.025125070667437400E-016 ) ) ;
#7336 = VECTOR ( 'NONE', #5815, 1000.000000000000000 ) ;
#7337 = CARTESIAN_POINT ( 'NONE',  ( 1.495433842817182900, 0.7859971179723852500, 1.134453013373478700 ) ) ;
#7338 = EDGE_CURVE ( 'NONE', #6341, #8647, #3970, .T. ) ;
#7339 = DIRECTION ( 'NONE',  ( 0.0000000000000000000, 0.0000000000000000000, 1.000000000000000000 ) ) ;
#7340 = AXIS2_PLACEMENT_3D ( 'NONE', #59, #5464, #9191 ) ;
#7341 = FACE_OUTER_BOUND ( 'NONE', #1522, .T. ) ;
#7342 = VERTEX_POINT ( 'NONE', #2240 ) ;
#7343 = ADVANCED_FACE ( 'NONE', ( #4449 ), #2004, .T. ) ;
#7344 = DIRECTION ( 'NONE',  ( 0.0000000000000000000, 1.000000000000000000, -0.0000000000000000000 ) ) ;
#7345 = AXIS2_PLACEMENT_3D ( 'NONE', #5859, #4314, #7404 ) ;
#7346 = CIRCLE ( 'NONE', #2570, 0.02249999999999995100 ) ;
#7347 = MECHANICAL_DESIGN_GEOMETRIC_PRESENTATION_REPRESENTATION (  '', ( #8372 ), #6551 ) ;
#7348 = VERTEX_POINT ( 'NONE', #2213 ) ;
#7349 = CYLINDRICAL_SURFACE ( 'NONE', #1703, 0.02249999999999995100 ) ;
#7350 = VECTOR ( 'NONE', #7284, 1000.000000000000000 ) ;
#7351 = EDGE_LOOP ( 'NONE', ( #9082, #6104 ) ) ;
#7352 = ORIENTED_EDGE ( 'NONE', *, *, #8011, .T. ) ;
#7353 = EDGE_CURVE ( 'NONE', #7917, #7491, #6889, .T. ) ;
#7354 = VECTOR ( 'NONE', #7656, 1000.000000000000100 ) ;
#7355 = ORIENTED_EDGE ( 'NONE', *, *, #6746, .F. ) ;
#7356 = CARTESIAN_POINT ( 'NONE',  ( -0.7995000000000001000, 1.150000000000000100, 0.1825000000000000000 ) ) ;
#7357 = CIRCLE ( 'NONE', #2991, 0.02250000000000005500 ) ;
#7358 = CARTESIAN_POINT ( 'NONE',  ( 0.9590837525839695000, 0.5249033870168068300, 1.333022517322506100 ) ) ;
#7359 = MANIFOLD_SOLID_BREP ( 'Boss-Extrude7[26]', #2319 ) ;
#7360 = VECTOR ( 'NONE', #3156, 1000.000000000000000 ) ;
#7361 = EDGE_LOOP ( 'NONE', ( #3157, #6745, #8646, #5793, #671, #4804 ) ) ;
#7362 = CARTESIAN_POINT ( 'NONE',  ( 1.096907168337423900, 0.02500000000000052900, 1.435272744623614900 ) ) ;
#7363 = VERTEX_POINT ( 'NONE', #6873 ) ;
#7364 = EDGE_LOOP ( 'NONE', ( #4123, #5046, #6638, #892 ) ) ;
#7365 = CARTESIAN_POINT ( 'NONE',  ( -0.9913400839080528400, 0.5278624921831948100, 1.386985195166189100 ) ) ;
#7366 =( NAMED_UNIT ( * ) PLANE_ANGLE_UNIT ( ) SI_UNIT ( $, .RADIAN. ) );
#7367 = ORIENTED_EDGE ( 'NONE', *, *, #4275, .T. ) ;
#7368 = DIRECTION ( 'NONE',  ( 0.0000000000000000000, -1.000000000000000000, 0.0000000000000000000 ) ) ;
#7369 = VERTEX_POINT ( 'NONE', #8340 ) ;
#7370 = ORIENTED_EDGE ( 'NONE', *, *, #5608, .F. ) ;
#7371 = DIRECTION ( 'NONE',  ( 0.0000000000000000000, 1.000000000000000000, -0.0000000000000000000 ) ) ;
#7372 = DIRECTION ( 'NONE',  ( 0.0000000000000000000, -1.000000000000000000, 0.0000000000000000000 ) ) ;
#7373 = AXIS2_PLACEMENT_3D ( 'NONE', #7780, #4073, #5503 ) ;
#7374 = CARTESIAN_POINT ( 'NONE',  ( -0.5390000000000001500, 1.150000000000000100, -0.1349999999999999300 ) ) ;
#7375 = EDGE_LOOP ( 'NONE', ( #6586, #4809, #833, #8707 ) ) ;
#7376 = DIRECTION ( 'NONE',  ( 0.2079116908177527600, 3.725922427599044200E-017, 0.9781476007338069100 ) ) ;
#7377 = EDGE_CURVE ( 'NONE', #2510, #9173, #2827, .T. ) ;
#7378 = CARTESIAN_POINT ( 'NONE',  ( 0.5961006752460352700, 0.7907215304527246400, -1.501789557008224500 ) ) ;
#7379 = ORIENTED_EDGE ( 'NONE', *, *, #7916, .T. ) ;
#7380 = VERTEX_POINT ( 'NONE', #5436 ) ;
#7381 = ORIENTED_EDGE ( 'NONE', *, *, #5069, .T. ) ;
#7382 = CARTESIAN_POINT ( 'NONE',  ( -0.7470000000000001100, 1.086360389693210800, -0.1049999999999999300 ) ) ;
#7383 = ORIENTED_EDGE ( 'NONE', *, *, #108, .T. ) ;
#7384 = CARTESIAN_POINT ( 'NONE',  ( 1.099055418126315000, 0.4529234108412454300, 1.414369308137580300 ) ) ;
#7385 = ORIENTED_EDGE ( 'NONE', *, *, #1084, .F. ) ;
#7386 = AXIS2_PLACEMENT_3D ( 'NONE', #921, #5459, #2418 ) ;
#7387 = ORIENTED_EDGE ( 'NONE', *, *, #4275, .F. ) ;
#7388 = ORIENTED_EDGE ( 'NONE', *, *, #8345, .T. ) ;
#7389 = CARTESIAN_POINT ( 'NONE',  ( -1.007000000000000100, 1.150000000000000100, 0.1800000000000001600 ) ) ;
#7390 = CARTESIAN_POINT ( 'NONE',  ( -1.083650699927993800, 0.4529234108412403300, 1.438090493968610600 ) ) ;
#7391 = DIRECTION ( 'NONE',  ( 0.0000000000000000000, 0.0000000000000000000, 1.000000000000000000 ) ) ;
#7392 = CARTESIAN_POINT ( 'NONE',  ( -0.9550000000000000700, 1.200000000000000200, -0.1574999999999999200 ) ) ;
#7393 = ADVANCED_FACE ( 'NONE', ( #5395 ), #1425, .F. ) ;
#7394 = FACE_OUTER_BOUND ( 'NONE', #5994, .T. ) ;
#7395 = DIRECTION ( 'NONE',  ( 0.0000000000000000000, 0.0000000000000000000, 1.000000000000000000 ) ) ;
#7396 = EDGE_LOOP ( 'NONE', ( #3410, #7728 ) ) ;
#7397 = VECTOR ( 'NONE', #278, 1000.000000000000000 ) ;
#7398 = VERTEX_POINT ( 'NONE', #934 ) ;
#7399 = EDGE_LOOP ( 'NONE', ( #6188, #93, #6129, #39 ) ) ;
#7400 = EDGE_CURVE ( 'NONE', #7811, #3526, #8490, .T. ) ;
#7401 = AXIS2_PLACEMENT_3D ( 'NONE', #7817, #5683, #4949 ) ;
#7402 = CIRCLE ( 'NONE', #1037, 0.02250000000000005800 ) ;
#7403 = EDGE_CURVE ( 'NONE', #2816, #5392, #1190, .T. ) ;
#7404 = DIRECTION ( 'NONE',  ( 0.0000000000000000000, 0.0000000000000000000, 1.000000000000000000 ) ) ;
#7405 = AXIS2_PLACEMENT_3D ( 'NONE', #3738, #6764, #3783 ) ;
#7406 = FILL_AREA_STYLE_COLOUR ( '', #7880 ) ;
#7407 = CARTESIAN_POINT ( 'NONE',  ( -0.6420000000000002400, 1.086360389693210800, -0.1274999999999998900 ) ) ;
#7408 = CIRCLE ( 'NONE', #5733, 0.02000000000000004900 ) ;
#7409 = CLOSED_SHELL ( 'NONE', ( #6481, #916, #7102, #7912 ) ) ;
#7410 = DIRECTION ( 'NONE',  ( 0.0000000000000000000, 0.0000000000000000000, 1.000000000000000000 ) ) ;
#7411 = CARTESIAN_POINT ( 'NONE',  ( -1.012081085296084600, 0.4759899117749737400, 1.453303085174817000 ) ) ;
#7412 = CARTESIAN_POINT ( 'NONE',  ( 1.495417158295572600, 0.7861122853376004700, -1.139538256887402600 ) ) ;
#7413 = ORIENTED_EDGE ( 'NONE', *, *, #334, .F. ) ;
#7414 = CARTESIAN_POINT ( 'NONE',  ( -0.8520000000000000900, 1.150000000000000100, 0.1050000000000000800 ) ) ;
#7415 = CARTESIAN_POINT ( 'NONE',  ( 1.103213651942669000, 0.4529234108412455400, 1.433932260152255700 ) ) ;
#7416 = AXIS2_PLACEMENT_3D ( 'NONE', #6853, #5394, #7622 ) ;
#7417 = CARTESIAN_POINT ( 'NONE',  ( 1.254789758563505500, 0.6000000000000000900, -1.294145753681369400 ) ) ;
#7418 = VECTOR ( 'NONE', #3606, 1000.000000000000000 ) ;
#7419 = AXIS2_PLACEMENT_3D ( 'NONE', #8897, #5257, #6012 ) ;
#7420 = DIRECTION ( 'NONE',  ( 0.0000000000000000000, 0.0000000000000000000, -1.000000000000000000 ) ) ;
#7421 = DIRECTION ( 'NONE',  ( 0.0000000000000000000, 0.0000000000000000000, 1.000000000000000000 ) ) ;
#7422 = CARTESIAN_POINT ( 'NONE',  ( -0.7742506094758334600, 0.6000000000000003100, 1.396287502959279600 ) ) ;
#7423 = VERTEX_POINT ( 'NONE', #3969 ) ;
#7424 = DIRECTION ( 'NONE',  ( 0.0000000000000000000, 1.000000000000000000, 0.0000000000000000000 ) ) ;
#7425 = CARTESIAN_POINT ( 'NONE',  ( -1.375010934928854200, 0.8000000000786932100, -1.339517471648258500 ) ) ;
#7426 = PLANE ( 'NONE',  #4912 ) ;
#7427 = CYLINDRICAL_SURFACE ( 'NONE', #5628, 0.02250000000000004400 ) ;
#7428 = EDGE_CURVE ( 'NONE', #2895, #2012, #3159, .T. ) ;
#7429 = EDGE_CURVE ( 'NONE', #7010, #1441, #6323, .T. ) ;
#7430 = CARTESIAN_POINT ( 'NONE',  ( -1.094897184309959300, 2.977826321801558500E-016, 1.394806356122903400 ) ) ;
#7431 = DIRECTION ( 'NONE',  ( -0.9781476007338070200, 0.0000000000000000000, -0.2079116908177526000 ) ) ;
#7432 = CARTESIAN_POINT ( 'NONE',  ( 0.9879841896435035400, 0.02500000000000050100, 1.437978226564349700 ) ) ;
#7433 = CARTESIAN_POINT ( 'NONE',  ( -0.8520000000000000900, 1.150000000000000100, 0.1050000000000000800 ) ) ;
#7434 = CARTESIAN_POINT ( 'NONE',  ( -1.027968111320775300, 0.4906929504973107600, 1.449926193547846900 ) ) ;
#7435 = ADVANCED_FACE ( 'NONE', ( #3717 ), #4643, .T. ) ;
#7436 = EDGE_CURVE ( 'NONE', #6086, #7726, #4930, .T. ) ;
#7437 = AXIS2_PLACEMENT_3D ( 'NONE', #4909, #451, #1941 ) ;
#7438 = DIRECTION ( 'NONE',  ( 7.295530811232853000E-016, -1.000000000000000000, 2.007058065463964200E-016 ) ) ;
#7439 = EDGE_CURVE ( 'NONE', #2939, #9538, #3618, .T. ) ;
#7440 =( NAMED_UNIT ( * ) SI_UNIT ( $, .STERADIAN. ) SOLID_ANGLE_UNIT ( ) );
#7441 = CARTESIAN_POINT ( 'NONE',  ( -1.375010914909110500, 0.8000000000788041200, 1.339517475903586800 ) ) ;
#7442 = CARTESIAN_POINT ( 'NONE',  ( 1.448689676232946400, 0.3999999999999999700, -1.272574705024928100 ) ) ;
#7443 = ORIENTED_EDGE ( 'NONE', *, *, #702, .F. ) ;
#7444 = PLANE ( 'NONE',  #2359 ) ;
#7445 = CARTESIAN_POINT ( 'NONE',  ( -1.495437206470117400, 0.7860074331750229700, 1.133095215548785700 ) ) ;
#7446 = DIRECTION ( 'NONE',  ( 0.0000000000000000000, 0.0000000000000000000, -1.000000000000000000 ) ) ;
#7447 = FACE_OUTER_BOUND ( 'NONE', #4568, .T. ) ;
#7448 = CARTESIAN_POINT ( 'NONE',  ( -0.7470000000000001100, 1.150000000000000100, 0.02250000000000011700 ) ) ;
#7449 = DIRECTION ( 'NONE',  ( 0.0000000000000000000, 0.0000000000000000000, 1.000000000000000000 ) ) ;
#7450 = DIRECTION ( 'NONE',  ( 0.0000000000000000000, 1.000000000000000000, -0.0000000000000000000 ) ) ;
#7451 =( NAMED_UNIT ( * ) PLANE_ANGLE_UNIT ( ) SI_UNIT ( $, .RADIAN. ) );
#7452 = VERTEX_POINT ( 'NONE', #8440 ) ;
#7453 = DIRECTION ( 'NONE',  ( 0.0000000000000000000, -1.000000000000000000, 0.0000000000000000000 ) ) ;
#7454 = EDGE_CURVE ( 'NONE', #5680, #9536, #8360, .T. ) ;
#7455 = PRESENTATION_LAYER_ASSIGNMENT (  '', '', ( #6293 ) ) ;
#7456 = PRESENTATION_LAYER_ASSIGNMENT (  '', '', ( #5980 ) ) ;
#7457 = CYLINDRICAL_SURFACE ( 'NONE', #930, 0.02250000000000005800 ) ;
#7458 = CARTESIAN_POINT ( 'NONE',  ( 1.048810291534424800, 0.5131275563390023100, 1.430998125254775700 ) ) ;
#7459 = ORIENTED_EDGE ( 'NONE', *, *, #2542, .F. ) ;
#7460 = DIRECTION ( 'NONE',  ( -0.0000000000000000000, 1.000000000000000000, -0.0000000000000000000 ) ) ;
#7461 = CARTESIAN_POINT ( 'NONE',  ( -1.065216944259243000, 0.5087210017398259300, 1.426963426698375300 ) ) ;
#7462 = FACE_OUTER_BOUND ( 'NONE', #8162, .T. ) ;
#7463 =( NAMED_UNIT ( * ) PLANE_ANGLE_UNIT ( ) SI_UNIT ( $, .RADIAN. ) );
#7464 = VECTOR ( 'NONE', #8341, 1000.000000000000000 ) ;
#7465 = CARTESIAN_POINT ( 'NONE',  ( -1.031968601624048800, 0.4921405180153470300, 1.449075863083988800 ) ) ;
#7466 = PLANE ( 'NONE',  #1532 ) ;
#7467 = VERTEX_POINT ( 'NONE', #9295 ) ;
#7468 = DIRECTION ( 'NONE',  ( 0.0000000000000000000, 0.0000000000000000000, -1.000000000000000000 ) ) ;
#7469 = ORIENTED_EDGE ( 'NONE', *, *, #4446, .F. ) ;
#7470 = AXIS2_PLACEMENT_3D ( 'NONE', #5005, #1285, #6515 ) ;
#7471 = ORIENTED_EDGE ( 'NONE', *, *, #7890, .F. ) ;
#7472 = CARTESIAN_POINT ( 'NONE',  ( 1.495092241016176000, 0.7863319540762158100, -1.148754705092732700 ) ) ;
#7473 = CIRCLE ( 'NONE', #4170, 0.02000000000000004900 ) ;
#7474 = CIRCLE ( 'NONE', #6875, 0.02250000000000005800 ) ;
#7475 =( BOUNDED_SURFACE ( )  B_SPLINE_SURFACE ( 3, 2, ( 
 ( #3245, #9150, #6929 ),
 ( #6213, #1722, #2472 ),
 ( #4792, #4090, #1750 ),
 ( #7790, #1852, #8527 ) ),
 .UNSPECIFIED., .F., .F., .T. ) 
 B_SPLINE_SURFACE_WITH_KNOTS ( ( 4, 4 ),
 ( 3, 3 ),
 ( -6.307346138434422000E-017, 0.002260999045534730600 ),
 ( 0.0000000000000000000, 1.000000000000000000 ),
 .UNSPECIFIED. ) 
 GEOMETRIC_REPRESENTATION_ITEM ( )  RATIONAL_B_SPLINE_SURFACE ( (
 ( 1.000000000000000000, 0.9507298394814789300, 1.000000000000000000),
 ( 1.000000000000000000, 0.9507298394814789300, 1.000000000000000000),
 ( 1.000000000000000000, 0.9507298394814800400, 1.000000000000000000),
 ( 1.000000000000000000, 0.9507298394814800400, 1.000000000000000000) ) ) 
 REPRESENTATION_ITEM ( '' )  SURFACE ( )  );
#7476 = VERTEX_POINT ( 'NONE', #7779 ) ;
#7477 = ORIENTED_EDGE ( 'NONE', *, *, #45, .F. ) ;
#7478 = DIRECTION ( 'NONE',  ( 1.000000000000000000, 2.802758646564778900E-016, -9.139430369233068700E-017 ) ) ;
#7479 = CARTESIAN_POINT ( 'NONE',  ( 0.9587734018065111600, 0.3979999999999998000, -1.424407103159569100 ) ) ;
#7480 = FACE_OUTER_BOUND ( 'NONE', #3432, .T. ) ;
#7481 =( LENGTH_UNIT ( ) NAMED_UNIT ( * ) SI_UNIT ( .MILLI., .METRE. ) );
#7482 = DIRECTION ( 'NONE',  ( 0.0000000000000000000, 0.0000000000000000000, 1.000000000000000000 ) ) ;
#7483 = FACE_OUTER_BOUND ( 'NONE', #2256, .T. ) ;
#7484 = CARTESIAN_POINT ( 'NONE',  ( -0.6187541509432501500, 0.7907215304527253100, -1.496974412104149500 ) ) ;
#7485 = CARTESIAN_POINT ( 'NONE',  ( -1.500652173913044500, 0.3979999999999997400, 0.5602009446768684300 ) ) ;
#7486 = CYLINDRICAL_SURFACE ( 'NONE', #8189, 0.02249999999999995100 ) ;
#7487 = ADVANCED_FACE ( 'NONE', ( #9050 ), #1468, .F. ) ;
#7488 = ADVANCED_FACE ( 'NONE', ( #3379 ), #6560, .T. ) ;
#7489 = FACE_OUTER_BOUND ( 'NONE', #7109, .T. ) ;
#7490 = CARTESIAN_POINT ( 'NONE',  ( -0.5999999999999995300, 0.3999999999999999700, 1.500000000000000000 ) ) ;
#7491 = VERTEX_POINT ( 'NONE', #6971 ) ;
#7492 = CARTESIAN_POINT ( 'NONE',  ( -1.495054894737324800, 0.4135542579039219200, 1.145872492316924800 ) ) ;
#7493 = VERTEX_POINT ( 'NONE', #370 ) ;
#7494 = COLOUR_RGB ( '',1.000000000000000000, 1.000000000000000000, 1.000000000000000000 ) ;
#7495 = CYLINDRICAL_SURFACE ( 'NONE', #2476, 0.02250000000000005800 ) ;
#7496 = VERTEX_POINT ( 'NONE', #8463 ) ;
#7497 = PLANE ( 'NONE',  #372 ) ;
#7498 = CYLINDRICAL_SURFACE ( 'NONE', #3110, 0.2200581444740219200 ) ;
#7499 = VERTEX_POINT ( 'NONE', #3348 ) ;
#7500 = CARTESIAN_POINT ( 'NONE',  ( -1.076678653365677800, 0.5017522818316445500, 1.423712036929169800 ) ) ;
#7501 = EDGE_CURVE ( 'NONE', #7423, #5392, #6159, .T. ) ;
#7502 = ORIENTED_EDGE ( 'NONE', *, *, #3819, .T. ) ;
#7503 = AXIS2_PLACEMENT_3D ( 'NONE', #6763, #938, #1636 ) ;
#7504 = EDGE_CURVE ( 'NONE', #1142, #6236, #2932, .T. ) ;
#7505 = CLOSED_SHELL ( 'NONE', ( #5762, #428, #3481, #7875 ) ) ;
#7506 = VERTEX_POINT ( 'NONE', #1761 ) ;
#7507 = LINE ( 'NONE', #3935, #9212 ) ;
#7508 = ORIENTED_EDGE ( 'NONE', *, *, #7796, .T. ) ;
#7509 = ORIENTED_EDGE ( 'NONE', *, *, #7209, .T. ) ;
#7510 = VERTEX_POINT ( 'NONE', #7222 ) ;
#7511 = CARTESIAN_POINT ( 'NONE',  ( 1.495373094993716100, 0.4137846971287369400, -1.138204407845034000 ) ) ;
#7512 = CARTESIAN_POINT ( 'NONE',  ( -1.419294928926651700, 0.7999302796788567700, 1.312354122444444400 ) ) ;
#7513 = DIRECTION ( 'NONE',  ( 0.0000000000000000000, 1.000000000000000000, 0.0000000000000000000 ) ) ;
#7514 = VECTOR ( 'NONE', #5368, 1000.000000000000000 ) ;
#7515 = CARTESIAN_POINT ( 'NONE',  ( -1.099055418126314400, 0.2195099938507023600, 1.414369308137578800 ) ) ;
#7516 = EDGE_LOOP ( 'NONE', ( #48, #5970 ) ) ;
#7517 = FACE_OUTER_BOUND ( 'NONE', #2166, .T. ) ;
#7518 = ORIENTED_EDGE ( 'NONE', *, *, #4600, .T. ) ;
#7519 = ORIENTED_EDGE ( 'NONE', *, *, #6711, .F. ) ;
#7520 = CARTESIAN_POINT ( 'NONE',  ( -1.081316555855038200, 0.4669416426689829700, 1.438586631607200200 ) ) ;
#7521 = B_SPLINE_SURFACE_WITH_KNOTS ( 'NONE', 3, 1, ( 
 ( #6221, #7741, #6967 ),
 ( #2512, #989, #952 ),
 ( #7705, #4800, #8459 ),
 ( #6937, #8493, #274 ),
 ( #3250, #3277, #1057 ),
 ( #9062, #7675, #6904 ),
 ( #7653, #5566, #9156 ),
 ( #1795, #1029, #3939 ),
 ( #8434, #2477, #3962 ),
 ( #4000, #9127, #3188 ),
 ( #222, #8364, #342 ),
 ( #6266, #7024, #1087 ),
 ( #6985, #4772, #4737 ),
 ( #4040, #247, #3222 ),
 ( #9194, #5466, #6296 ),
 ( #313, #3311, #5498 ),
 ( #5428, #5526, #1829 ),
 ( #2571, #7773, #4665 ),
 ( #6163, #2448, #4697 ),
 ( #6185, #9096, #1726 ),
 ( #3444, #6429, #8618 ),
 ( #467, #7064, #4165 ),
 ( #8535, #6460, #4187 ),
 ( #9321, #9288, #7119 ),
 ( #6365, #9354, #4901 ),
 ( #4932, #4966, #7152 ),
 ( #6325, #7870, #8569 ) ),
 .UNSPECIFIED., .F., .F., .F.,
 ( 4, 1, 1, 1, 2, 1, 1, 1, 2, 1, 1, 1, 2, 1, 1, 1, 2, 1, 1, 1, 4 ),
 ( 2, 1, 2 ),
 ( 0.0000000000000000000, 0.04304305746303566100, 0.08608611492607132200, 0.1291291723891069800, 0.1721722298521426700, 0.1872008324436482100, 0.2022294350351537300, 0.2172580376266592900, 0.2322866402181648100, 0.3661433201090824600, 0.5000000000000002200, 0.6338566798909177600, 0.7677133597818355200, 0.7827419623733409300, 0.7977705649648463300, 0.8127991675563519500, 0.8278277701478573600, 0.8708708276108929600, 0.9139138850739285700, 0.9569569425369642800, 1.000000000000000000 ),
 ( -0.01000000000000000000, 0.0000000000000000000, 1.000000000000000000 ),
 .UNSPECIFIED. ) ;
#7522 = CARTESIAN_POINT ( 'NONE',  ( -1.262550773310056100, 0.3999999999999999100, -1.359170485693404400 ) ) ;
#7523 = PLANE ( 'NONE',  #4423 ) ;
#7524 = CARTESIAN_POINT ( 'NONE',  ( 1.081316555855038200, 0.4669416426689829700, 1.438586631607200200 ) ) ;
#7525 = CARTESIAN_POINT ( 'NONE',  ( -1.495444799116376000, 0.7860422833763823800, 1.136454926203762600 ) ) ;
#7526 = DIRECTION ( 'NONE',  ( 0.0000000000000000000, 0.0000000000000000000, 1.000000000000000000 ) ) ;
#7527 = EDGE_CURVE ( 'NONE', #1940, #8167, #2465, .T. ) ;
#7528 = EDGE_CURVE ( 'NONE', #3639, #6118, #2132, .T. ) ;
#7529 = ORIENTED_EDGE ( 'NONE', *, *, #5795, .F. ) ;
#7530 = ORIENTED_EDGE ( 'NONE', *, *, #8110, .T. ) ;
#7531 = EDGE_LOOP ( 'NONE', ( #2195, #5753, #146, #2877 ) ) ;
#7532 = CARTESIAN_POINT ( 'NONE',  ( -0.7470000000000001100, 1.086360389693210800, -0.1049999999999999300 ) ) ;
#7533 = CARTESIAN_POINT ( 'NONE',  ( 0.2774527418898663500, 0.02499999999999659800, -1.904809416268837400 ) ) ;
#7534 = AXIS2_PLACEMENT_3D ( 'NONE', #4421, #5130, #1461 ) ;
#7535 = DIRECTION ( 'NONE',  ( 0.2079116908177526800, -1.143182770668715700E-015, -0.9781476007338070200 ) ) ;
#7536 =( GEOMETRIC_REPRESENTATION_CONTEXT ( 3 ) GLOBAL_UNCERTAINTY_ASSIGNED_CONTEXT ( ( #7957 ) ) GLOBAL_UNIT_ASSIGNED_CONTEXT ( ( #4902, #7774, #2546 ) ) REPRESENTATION_CONTEXT ( 'NONE', 'WORKASPACE' ) );
#7537 = LINE ( 'NONE', #2248, #3574 ) ;
#7538 = CARTESIAN_POINT ( 'NONE',  ( -0.6187541509432500400, 0.7907215304527252000, 1.496974412104149700 ) ) ;
#7539 = CARTESIAN_POINT ( 'NONE',  ( 1.495438813018632500, 0.7860123599238024700, -0.5617262046725501900 ) ) ;
#7540 = DIRECTION ( 'NONE',  ( 0.0000000000000000000, 0.0000000000000000000, -1.000000000000000000 ) ) ;
#7541 = ORIENTED_EDGE ( 'NONE', *, *, #3221, .T. ) ;
#7542 = ADVANCED_FACE ( 'NONE', ( #5642 ), #9324, .F. ) ;
#7543 = ADVANCED_FACE ( 'NONE', ( #2586 ), #6632, .T. ) ;
#7544 = CARTESIAN_POINT ( 'NONE',  ( 1.083698354295870700, 0.2181148643758199800, 1.438080364720026200 ) ) ;
#7545 = EDGE_CURVE ( 'NONE', #9397, #6716, #3338, .T. ) ;
#7546 = FACE_OUTER_BOUND ( 'NONE', #7858, .T. ) ;
#7547 = CARTESIAN_POINT ( 'NONE',  ( -0.4370000000000001100, 1.150000000000000100, -0.02250000000000001700 ) ) ;
#7548 = CARTESIAN_POINT ( 'NONE',  ( -1.099055418126314400, 0.2195099938507023600, 1.414369308137578800 ) ) ;
#7549 = FACE_OUTER_BOUND ( 'NONE', #976, .T. ) ;
#7550 = CARTESIAN_POINT ( 'NONE',  ( -0.5895000000000000200, 1.200000000000000200, 0.2825000000000000800 ) ) ;
#7551 = CIRCLE ( 'NONE', #11, 0.02250000000000005800 ) ;
#7552 = CARTESIAN_POINT ( 'NONE',  ( -1.434782608695654300, 0.6000000000000006400, -0.5702714232599888100 ) ) ;
#7553 = CARTESIAN_POINT ( 'NONE',  ( 1.077473489828210100, 0.4756832934467467000, 1.439403500508133800 ) ) ;
#7554 = CARTESIAN_POINT ( 'NONE',  ( -0.9879841896435035400, 0.02500000000000050400, 1.457978226564350400 ) ) ;
#7555 = DIRECTION ( 'NONE',  ( 0.0000000000000000000, 0.0000000000000000000, 1.000000000000000000 ) ) ;
#7556 = CARTESIAN_POINT ( 'NONE',  ( 1.395889160600009200, 0.3999999999999999700, 1.317533769311869200 ) ) ;
#7557 = EDGE_CURVE ( 'NONE', #287, #1543, #845, .T. ) ;
#7558 = AXIS2_PLACEMENT_3D ( 'NONE', #8449, #1815, #1011 ) ;
#7559 = EDGE_CURVE ( 'NONE', #3215, #2012, #2367, .T. ) ;
#7560 = DIRECTION ( 'NONE',  ( 1.000000000000000000, 0.0000000000000000000, 0.0000000000000000000 ) ) ;
#7561 = CARTESIAN_POINT ( 'NONE',  ( 1.325739436617921800, 0.4080804831288132300, -1.343044648399948700 ) ) ;
#7562 = CARTESIAN_POINT ( 'NONE',  ( 1.005398891869288900, 0.4529234108409782000, 1.454723429234030800 ) ) ;
#7563 = DIRECTION ( 'NONE',  ( 0.0000000000000000000, 0.0000000000000000000, -1.000000000000000000 ) ) ;
#7564 = AXIS2_PLACEMENT_3D ( 'NONE', #6013, #3107, #4641 ) ;
#7565 = CARTESIAN_POINT ( 'NONE',  ( 1.325694516421789500, 0.8000000000000001600, 1.349999999999999900 ) ) ;
#7566 = DIRECTION ( 'NONE',  ( -1.000000000000000000, 0.0000000000000000000, 0.0000000000000000000 ) ) ;
#7567 = ORIENTED_EDGE ( 'NONE', *, *, #1056, .F. ) ;
#7568 = CARTESIAN_POINT ( 'NONE',  ( 0.6182269360013437100, 0.7860123598985502300, 1.495438813010396800 ) ) ;
#7569 = PRESENTATION_STYLE_ASSIGNMENT (( #893 ) ) ;
#7570 = CARTESIAN_POINT ( 'NONE',  ( 1.493666483934235500, 0.4000000000000001300, -1.198987672579601800 ) ) ;
#7571 = B_SPLINE_CURVE_WITH_KNOTS ( 'NONE', 3,
 ( #3554, #5727, #5796, #9426 ),
 .UNSPECIFIED., .F., .F.,
 ( 4, 4 ),
 ( 0.0000000000000000000, 6.217883288784661400E-006 ),
 .UNSPECIFIED. ) ;
#7572 = VERTEX_POINT ( 'NONE', #4629 ) ;
#7573 = CARTESIAN_POINT ( 'NONE',  ( -1.495438813010397900, 0.7860123598985504500, 1.130499522758019700 ) ) ;
#7574 = LINE ( 'NONE', #6262, #1641 ) ;
#7575 = CARTESIAN_POINT ( 'NONE',  ( -0.7470000000000000000, 1.200000000000000200, 0.2849999999999999800 ) ) ;
#7576 = CARTESIAN_POINT ( 'NONE',  ( -1.500000000000000900, 0.3999999999999997400, 0.5603006523856122200 ) ) ;
#7577 = VERTEX_POINT ( 'NONE', #7548 ) ;
#7578 = ADVANCED_FACE ( 'NONE', ( #156 ), #7810, .T. ) ;
#7579 = ADVANCED_FACE ( 'NONE', ( #619 ), #5143, .F. ) ;
#7580 = DIRECTION ( 'NONE',  ( 0.0000000000000000000, 0.0000000000000000000, -1.000000000000000000 ) ) ;
#7581 = DIRECTION ( 'NONE',  ( -0.9781476007338061300, 0.0000000000000000000, 0.2079116908177569600 ) ) ;
#7582 = ORIENTED_EDGE ( 'NONE', *, *, #8943, .F. ) ;
#7583 = PLANE ( 'NONE',  #3152 ) ;
#7584 = DIRECTION ( 'NONE',  ( 0.0000000000000000000, 0.0000000000000000000, -1.000000000000000000 ) ) ;
#7585 = AXIS2_PLACEMENT_3D ( 'NONE', #2492, #9044, #5375 ) ;
#7586 = VECTOR ( 'NONE', #2429, 1000.000000000000000 ) ;
#7587 = STYLED_ITEM ( 'NONE', ( #7175 ), #5662 ) ;
#7588 = ORIENTED_EDGE ( 'NONE', *, *, #6168, .F. ) ;
#7589 = COLOUR_RGB ( '',1.000000000000000000, 1.000000000000000000, 1.000000000000000000 ) ;
#7590 = LINE ( 'NONE', #5745, #3053 ) ;
#7591 = ORIENTED_EDGE ( 'NONE', *, *, #1118, .F. ) ;
#7592 = ORIENTED_EDGE ( 'NONE', *, *, #884, .T. ) ;
#7593 = ORIENTED_EDGE ( 'NONE', *, *, #4318, .F. ) ;
#7594 = CARTESIAN_POINT ( 'NONE',  ( 0.6200000000000000000, 0.8000000000000001600, 1.500000000000000000 ) ) ;
#7595 = VECTOR ( 'NONE', #1424, 1000.000000000000100 ) ;
#7596 = CARTESIAN_POINT ( 'NONE',  ( -1.048810291534424800, 0.5131275563390023100, 1.430998125254775700 ) ) ;
#7597 = PLANE ( 'NONE',  #2202 ) ;
#7598 = CARTESIAN_POINT ( 'NONE',  ( -1.005828629045296500, 0.4599353622264913400, 1.454632085777476800 ) ) ;
#7599 = DIRECTION ( 'NONE',  ( 0.0000000000000000000, 0.0000000000000000000, 1.000000000000000000 ) ) ;
#7600 = CYLINDRICAL_SURFACE ( 'NONE', #8850, 0.02250000000000005800 ) ;
#7601 = MANIFOLD_SOLID_BREP ( 'Boss-Extrude7[15]', #8023 ) ;
#7602 = ORIENTED_EDGE ( 'NONE', *, *, #5168, .T. ) ;
#7603 = ORIENTED_EDGE ( 'NONE', *, *, #350, .T. ) ;
#7604 = AXIS2_PLACEMENT_3D ( 'NONE', #3099, #1659, #2394 ) ;
#7605 = AXIS2_PLACEMENT_3D ( 'NONE', #6973, #8407, #3201 ) ;
#7606 = DIRECTION ( 'NONE',  ( -0.0000000000000000000, 1.000000000000000000, -0.0000000000000000000 ) ) ;
#7607 = FILL_AREA_STYLE_COLOUR ( '', #4408 ) ;
#7608 = DIRECTION ( 'NONE',  ( -6.000383394016538200E-016, 1.000000000000000000, -1.731765983604664100E-016 ) ) ;
#7609 = ORIENTED_EDGE ( 'NONE', *, *, #7403, .T. ) ;
#7610 = ORIENTED_EDGE ( 'NONE', *, *, #8565, .F. ) ;
#7611 = CARTESIAN_POINT ( 'NONE',  ( 1.500000000000000900, 0.4000000000000000200, -0.9386950364355503000 ) ) ;
#7612 = VERTEX_POINT ( 'NONE', #218 ) ;
#7613 = DIRECTION ( 'NONE',  ( -0.0000000000000000000, 1.000000000000000000, -0.0000000000000000000 ) ) ;
#7614 = EDGE_CURVE ( 'NONE', #2969, #329, #6992, .T. ) ;
#7615 = CARTESIAN_POINT ( 'NONE',  ( -0.7742506094758346800, 0.6000000000000009800, -1.396287502959277600 ) ) ;
#7616 = SPHERICAL_SURFACE ( 'NONE', #7652, 0.02000000000000000000 ) ;
#7617 = ORIENTED_EDGE ( 'NONE', *, *, #6603, .F. ) ;
#7618 = EDGE_CURVE ( 'NONE', #687, #6098, #8030, .T. ) ;
#7619 = CARTESIAN_POINT ( 'NONE',  ( -1.500000000000000000, 3.532091952673165100, 1.130499522727402200 ) ) ;
#7620 = DIRECTION ( 'NONE',  ( 0.0000000000000000000, 1.000000000000000000, 0.0000000000000000000 ) ) ;
#7621 = ORIENTED_EDGE ( 'NONE', *, *, #9438, .F. ) ;
#7622 = DIRECTION ( 'NONE',  ( 0.0000000000000000000, -0.0000000000000000000, -1.000000000000000000 ) ) ;
#7623 = CIRCLE ( 'NONE', #1363, 0.02250000000000005800 ) ;
#7624 = ORIENTED_EDGE ( 'NONE', *, *, #9246, .F. ) ;
#7625 = ORIENTED_EDGE ( 'NONE', *, *, #2999, .F. ) ;
#7626 = ORIENTED_EDGE ( 'NONE', *, *, #8287, .F. ) ;
#7627 = CARTESIAN_POINT ( 'NONE',  ( -1.094897184309959700, 0.4588561431712425100, 1.394806356122903200 ) ) ;
#7628 = CARTESIAN_POINT ( 'NONE',  ( -0.9045000000000001900, 1.150000000000000100, 0.2825000000000002500 ) ) ;
#7629 = CARTESIAN_POINT ( 'NONE',  ( -1.434291247712391700, 0.5999814997010940500, -1.143147628962862600 ) ) ;
#7630 = ORIENTED_EDGE ( 'NONE', *, *, #6762, .T. ) ;
#7631 = CARTESIAN_POINT ( 'NONE',  ( -0.7470000000000001100, 1.200000000000000200, 6.049755187787927500E-017 ) ) ;
#7632 = ORIENTED_EDGE ( 'NONE', *, *, #4176, .F. ) ;
#7633 = CARTESIAN_POINT ( 'NONE',  ( 1.495438813010396800, 0.7860123598985502300, -1.130499522758018600 ) ) ;
#7634 = CARTESIAN_POINT ( 'NONE',  ( -1.006666859480175500, 0.4633214476849780700, 1.454453914398351900 ) ) ;
#7635 = EDGE_CURVE ( 'NONE', #4758, #8594, #2686, .T. ) ;
#7636 = ADVANCED_FACE ( 'NONE', ( #6313 ), #7143, .F. ) ;
#7637 = CARTESIAN_POINT ( 'NONE',  ( 1.466277338441463400, 0.3999999999999999700, -1.247566489699313700 ) ) ;
#7638 = LINE ( 'NONE', #6794, #2754 ) ;
#7639 = CARTESIAN_POINT ( 'NONE',  ( 1.434782608695652800, 0.6000000000000000900, -1.151291586694376900 ) ) ;
#7640 =( LENGTH_UNIT ( ) NAMED_UNIT ( * ) SI_UNIT ( .MILLI., .METRE. ) );
#7641 = FACE_OUTER_BOUND ( 'NONE', #8764, .T. ) ;
#7642 = CARTESIAN_POINT ( 'NONE',  ( 0.5931453759609353100, 0.3999999999999999100, 1.499999999999999800 ) ) ;
#7643 = ORIENTED_EDGE ( 'NONE', *, *, #4529, .F. ) ;
#7644 = DIRECTION ( 'NONE',  ( 0.0000000000000000000, 0.0000000000000000000, 1.000000000000000000 ) ) ;
#7645 = DIRECTION ( 'NONE',  ( 0.0000000000000000000, 0.0000000000000000000, 1.000000000000000000 ) ) ;
#7646 = SURFACE_SIDE_STYLE ('',( #8946 ) ) ;
#7647 = CARTESIAN_POINT ( 'NONE',  ( -1.007000000000000100, 1.200000000000000200, -0.1574999999999999200 ) ) ;
#7648 = DIRECTION ( 'NONE',  ( 0.0000000000000000000, 0.0000000000000000000, -1.000000000000000000 ) ) ;
#7649 = CARTESIAN_POINT ( 'NONE',  ( 1.347600147397550100, 0.3979999999999999600, 1.341759427031396200 ) ) ;
#7650 = LINE ( 'NONE', #8102, #5702 ) ;
#7651 = AXIS2_PLACEMENT_3D ( 'NONE', #8486, #7734, #5524 ) ;
#7652 = AXIS2_PLACEMENT_3D ( 'NONE', #6981, #7732, #3853 ) ;
#7653 = CARTESIAN_POINT ( 'NONE',  ( -1.347384664740792300, 0.8020000000000002700, 1.346098871829749700 ) ) ;
#7654 = ORIENTED_EDGE ( 'NONE', *, *, #2115, .T. ) ;
#7655 = DIRECTION ( 'NONE',  ( -0.0000000000000000000, 1.000000000000000000, -0.0000000000000000000 ) ) ;
#7656 = DIRECTION ( 'NONE',  ( 0.03256719356881130500, -0.9502255231857601500, 0.3098561488649208000 ) ) ;
#7657 = CARTESIAN_POINT ( 'NONE',  ( -0.9045000000000001900, 1.200000000000000200, 0.2825000000000002500 ) ) ;
#7658 = FACE_OUTER_BOUND ( 'NONE', #591, .T. ) ;
#7659 = AXIS2_PLACEMENT_3D ( 'NONE', #4358, #5169, #746 ) ;
#7660 =( BOUNDED_SURFACE ( )  B_SPLINE_SURFACE ( 3, 2, ( 
 ( #1469, #2198, #7378 ),
 ( #6675, #2222, #4528 ),
 ( #6767, #915, #2324 ),
 ( #3085, #6835, #2412 ) ),
 .UNSPECIFIED., .F., .F., .T. ) 
 B_SPLINE_SURFACE_WITH_KNOTS ( ( 4, 4 ),
 ( 3, 3 ),
 ( 0.001465203114749131600, 0.002213496562694226800 ),
 ( 0.0000000000000000000, 1.000000000000000000 ),
 .UNSPECIFIED. ) 
 GEOMETRIC_REPRESENTATION_ITEM ( )  RATIONAL_B_SPLINE_SURFACE ( (
 ( 1.000000000000000000, 0.9477934207055274100, 1.000000000000000000),
 ( 1.000000000000000000, 0.9477934207055274100, 1.000000000000000000),
 ( 1.000000000000000000, 0.9477957693035521400, 1.000000000000000000),
 ( 1.000000000000000000, 0.9477957693035521400, 1.000000000000000000) ) ) 
 REPRESENTATION_ITEM ( '' )  SURFACE ( )  );
#7661 = EDGE_LOOP ( 'NONE', ( #7279, #2287, #4735, #7477 ) ) ;
#7662 = DIRECTION ( 'NONE',  ( -0.0000000000000000000, 1.000000000000000000, -0.0000000000000000000 ) ) ;
#7663 = FILL_AREA_STYLE_COLOUR ( '', #4188 ) ;
#7664 = AXIS2_PLACEMENT_3D ( 'NONE', #5087, #601, #9482 ) ;
#7665 = CARTESIAN_POINT ( 'NONE',  ( 0.2774527418898663500, 0.02499999999999659800, -1.904809416268837400 ) ) ;
#7666 = AXIS2_PLACEMENT_3D ( 'NONE', #5862, #1466, #5311 ) ;
#7667 = DIRECTION ( 'NONE',  ( 0.0000000000000000000, -1.000000000000000000, 0.0000000000000000000 ) ) ;
#7668 = FACE_OUTER_BOUND ( 'NONE', #3876, .T. ) ;
#7669 = LINE ( 'NONE', #6968, #8847 ) ;
#7670 = DIRECTION ( 'NONE',  ( 0.0000000000000000000, 0.0000000000000000000, -1.000000000000000000 ) ) ;
#7671 = CARTESIAN_POINT ( 'NONE',  ( -0.4870000000000002100, 1.200000000000000200, -0.1574999999999999700 ) ) ;
#7672 = CARTESIAN_POINT ( 'NONE',  ( -0.9816777060382578800, 0.4489655414475440300, 1.439318711035709500 ) ) ;
#7673 = CARTESIAN_POINT ( 'NONE',  ( 1.393576398572523100, 0.3979999999999998000, -1.325079548622941000 ) ) ;
#7674 = VECTOR ( 'NONE', #5759, 1000.000000000000000 ) ;
#7675 = CARTESIAN_POINT ( 'NONE',  ( -1.264006068572897100, 0.8000000000000001600, 1.363112284369520500 ) ) ;
#7676 = ADVANCED_FACE ( 'NONE', ( #9507 ), #1117, .T. ) ;
#7677 = PLANE ( 'NONE',  #3961 ) ;
#7678 = CARTESIAN_POINT ( 'NONE',  ( -0.5895000000000001400, 1.150000000000000100, -0.2600000000000000100 ) ) ;
#7679 = CARTESIAN_POINT ( 'NONE',  ( -1.488487122974123000, 0.3999999999999999700, 1.200745222768979000 ) ) ;
#7680 = DIRECTION ( 'NONE',  ( 0.0000000000000000000, -0.0000000000000000000, -1.000000000000000000 ) ) ;
#7681 = EDGE_CURVE ( 'NONE', #5327, #4694, #5633, .T. ) ;
#7682 = AXIS2_PLACEMENT_3D ( 'NONE', #7133, #2000, #7272 ) ;
#7683 = CYLINDRICAL_SURFACE ( 'NONE', #4881, 0.01999999999999999300 ) ;
#7684 = EDGE_CURVE ( 'NONE', #5305, #4694, #5269, .T. ) ;
#7685 = CARTESIAN_POINT ( 'NONE',  ( 1.411234282897106300, 0.3999999999999720400, 1.307970566489151400 ) ) ;
#7686 = CARTESIAN_POINT ( 'NONE',  ( -1.495053508510805700, 0.4135550150422857000, -1.145887316333420700 ) ) ;
#7687 = ORIENTED_EDGE ( 'NONE', *, *, #5242, .T. ) ;
#7688 = FACE_OUTER_BOUND ( 'NONE', #9451, .T. ) ;
#7689 = B_SPLINE_SURFACE_WITH_KNOTS ( 'NONE', 3, 1, ( 
 ( #4785, #326 ),
 ( #6445, #9303 ),
 ( #3381, #5682 ),
 ( #5731, #1973 ) ),
 .UNSPECIFIED., .F., .F., .F.,
 ( 4, 4 ),
 ( 2, 2 ),
 ( 0.7987617503807420400, 1.003021827294087000 ),
 ( 0.0000000000000000000, 1.000000000000000000 ),
 .UNSPECIFIED. ) ;
#7690 = DIRECTION ( 'NONE',  ( 0.0000000000000000000, 1.000000000000000000, 0.0000000000000000000 ) ) ;
#7691 = VERTEX_POINT ( 'NONE', #7086 ) ;
#7692 = VECTOR ( 'NONE', #779, 1000.000000000000200 ) ;
#7693 = CARTESIAN_POINT ( 'NONE',  ( 1.500000000000000000, 0.8000000000000000400, -1.156361065365217700 ) ) ;
#7694 = COLOUR_RGB ( '',1.000000000000000000, 1.000000000000000000, 1.000000000000000000 ) ;
#7695 =( GEOMETRIC_REPRESENTATION_CONTEXT ( 3 ) GLOBAL_UNCERTAINTY_ASSIGNED_CONTEXT ( ( #9158 ) ) GLOBAL_UNIT_ASSIGNED_CONTEXT ( ( #2146, #7451, #683 ) ) REPRESENTATION_CONTEXT ( 'NONE', 'WORKASPACE' ) );
#7696 = VECTOR ( 'NONE', #6575, 1000.000000000000000 ) ;
#7697 = FACE_OUTER_BOUND ( 'NONE', #2054, .T. ) ;
#7698 = ORIENTED_EDGE ( 'NONE', *, *, #199, .T. ) ;
#7699 = EDGE_LOOP ( 'NONE', ( #4333, #7123 ) ) ;
#7700 = CARTESIAN_POINT ( 'NONE',  ( 0.6605486766372549200, 0.3979999999999999600, 1.487796725346531800 ) ) ;
#7701 = ORIENTED_EDGE ( 'NONE', *, *, #535, .T. ) ;
#7702 = B_SPLINE_CURVE_WITH_KNOTS ( 'NONE', 3,
 ( #1794, #341, #7795, #7772, #7118, #5565, #3361, #7868, #3999, #9155, #4899, #8533, #1128, #9257, #312, #6295 ),
 .UNSPECIFIED., .F., .F.,
 ( 4, 3, 3, 3, 3, 4 ),
 ( -5.999999512517275800E-008, 1.323488980084844300E-023, 1.917981572744940200E-005, 4.830498416370143200E-005, 7.378602968850229500E-005, 8.198128738304685700E-005 ),
 .UNSPECIFIED. ) ;
#7703 = CARTESIAN_POINT ( 'NONE',  ( -0.9570000000000001800, 1.150000000000000100, -0.02249999999999993700 ) ) ;
#7704 = EDGE_CURVE ( 'NONE', #9056, #1322, #6901, .T. ) ;
#7705 = CARTESIAN_POINT ( 'NONE',  ( -0.7952739266648523000, 0.8020000000000020400, 1.463453631976268300 ) ) ;
#7706 = LINE ( 'NONE', #5371, #5756 ) ;
#7707 = AXIS2_PLACEMENT_3D ( 'NONE', #6321, #6425, #9255 ) ;
#7708 = CARTESIAN_POINT ( 'NONE',  ( 1.060372641336790700, 0.4910578496940473700, 1.443038398065109800 ) ) ;
#7709 = VERTEX_POINT ( 'NONE', #6289 ) ;
#7710 = VERTEX_POINT ( 'NONE', #4126 ) ;
#7711 = CARTESIAN_POINT ( 'NONE',  ( -0.8250979953024955000, 0.6000000000000399500, -1.385479557458074700 ) ) ;
#7712 = CARTESIAN_POINT ( 'NONE',  ( -1.438010820619607600, 0.3999999999999999700, 1.283600108041693000 ) ) ;
#7713 = AXIS2_PLACEMENT_3D ( 'NONE', #8888, #3270, #337 ) ;
#7714 = CIRCLE ( 'NONE', #3543, 0.02250000000000005800 ) ;
#7715 = VECTOR ( 'NONE', #7438, 1000.000000000000000 ) ;
#7716 = ORIENTED_EDGE ( 'NONE', *, *, #3944, .F. ) ;
#7717 = CARTESIAN_POINT ( 'NONE',  ( -1.488022390691728300, 0.7877674056858083900, -1.193984835646423300 ) ) ;
#7718 = ORIENTED_EDGE ( 'NONE', *, *, #3874, .F. ) ;
#7719 = VERTEX_POINT ( 'NONE', #728 ) ;
#7720 = EDGE_CURVE ( 'NONE', #1611, #174, #9040, .T. ) ;
#7721 = DIRECTION ( 'NONE',  ( 0.0000000000000000000, 1.000000000000000000, 0.0000000000000000000 ) ) ;
#7722 = CARTESIAN_POINT ( 'NONE',  ( 1.419480321115807800, 0.5999764158725550100, 1.199481299566118800 ) ) ;
#7723 = FACE_OUTER_BOUND ( 'NONE', #8487, .T. ) ;
#7724 = FACE_OUTER_BOUND ( 'NONE', #5564, .T. ) ;
#7725 = PRESENTATION_STYLE_ASSIGNMENT (( #468 ) ) ;
#7726 = VERTEX_POINT ( 'NONE', #770 ) ;
#7727 = COLOUR_RGB ( '',1.000000000000000000, 1.000000000000000000, 1.000000000000000000 ) ;
#7728 = ORIENTED_EDGE ( 'NONE', *, *, #3950, .T. ) ;
#7729 = EDGE_LOOP ( 'NONE', ( #4917, #6989, #3298, #1778, #5199, #9067, #4218, #542, #3028, #4626, #8749, #71, #4598, #9089, #1227, #6890, #2994, #2929, #4691, #4166 ) ) ;
#7730 = CARTESIAN_POINT ( 'NONE',  ( 1.500652173913045000, 0.8020000000000016000, -0.5623960086363284400 ) ) ;
#7731 = CARTESIAN_POINT ( 'NONE',  ( -0.7470000000000000000, 1.200000000000000200, 0.3075000000000000500 ) ) ;
#7732 = DIRECTION ( 'NONE',  ( 0.0000000000000000000, 1.000000000000000000, 0.0000000000000000000 ) ) ;
#7733 = CARTESIAN_POINT ( 'NONE',  ( -0.6420000000000002400, 1.200000000000000200, -0.1049999999999999500 ) ) ;
#7734 = DIRECTION ( 'NONE',  ( 0.0000000000000000000, -1.000000000000000000, 0.0000000000000000000 ) ) ;
#7735 = ORIENTED_EDGE ( 'NONE', *, *, #1346, .T. ) ;
#7736 = DIRECTION ( 'NONE',  ( 0.0000000000000000000, 0.0000000000000000000, 1.000000000000000000 ) ) ;
#7737 = VECTOR ( 'NONE', #9280, 1000.000000000000000 ) ;
#7738 = ORIENTED_EDGE ( 'NONE', *, *, #7092, .F. ) ;
#7739 = EDGE_CURVE ( 'NONE', #7829, #3175, #4324, .T. ) ;
#7740 = ORIENTED_EDGE ( 'NONE', *, *, #5513, .T. ) ;
#7741 = CARTESIAN_POINT ( 'NONE',  ( -0.6200000000000000000, 0.8000000000000001600, 1.500000000000000000 ) ) ;
#7742 = CARTESIAN_POINT ( 'NONE',  ( -0.5895000000000000200, 1.150000000000000100, 0.2600000000000001200 ) ) ;
#7743 = EDGE_CURVE ( 'NONE', #4195, #5996, #5514, .T. ) ;
#7744 = DIRECTION ( 'NONE',  ( -0.2079116908177527400, 9.800795950858354800E-017, 0.9781476007338070200 ) ) ;
#7745 = CARTESIAN_POINT ( 'NONE',  ( 1.410738364571220600, 0.3999999999999817600, -1.308296488019216900 ) ) ;
#7746 = EDGE_CURVE ( 'NONE', #5655, #4861, #8246, .T. ) ;
#7747 = FACE_OUTER_BOUND ( 'NONE', #3190, .T. ) ;
#7748 = CARTESIAN_POINT ( 'NONE',  ( 0.7586596024986398400, 0.7907215304527247500, 1.467236590362644500 ) ) ;
#7749 = DIRECTION ( 'NONE',  ( 0.0000000000000000000, -1.000000000000000000, 0.0000000000000000000 ) ) ;
#7750 = ORIENTED_EDGE ( 'NONE', *, *, #7253, .T. ) ;
#7751 = LINE ( 'NONE', #6730, #8421 ) ;
#7752 = ORIENTED_EDGE ( 'NONE', *, *, #4400, .T. ) ;
#7753 = DIRECTION ( 'NONE',  ( 0.0000000000000000000, 1.000000000000000000, 0.0000000000000000000 ) ) ;
#7754 = ORIENTED_EDGE ( 'NONE', *, *, #2151, .F. ) ;
#7755 = DIRECTION ( 'NONE',  ( 0.2079116908177361900, 0.0000000000000000000, -0.9781476007338105700 ) ) ;
#7756 = CARTESIAN_POINT ( 'NONE',  ( -1.092748934521069000, 0.02500000000000052900, 1.415709792608938600 ) ) ;
#7757 = CARTESIAN_POINT ( 'NONE',  ( -0.5390000000000001500, 1.200000000000000200, -0.1574999999999999700 ) ) ;
#7758 = COLOUR_RGB ( '',1.000000000000000000, 1.000000000000000000, 1.000000000000000000 ) ;
#7759 = AXIS2_PLACEMENT_3D ( 'NONE', #6914, #7662, #1615 ) ;
#7760 = DIRECTION ( 'NONE',  ( -0.0000000000000000000, 1.000000000000000000, -0.0000000000000000000 ) ) ;
#7761 = VERTEX_POINT ( 'NONE', #8801 ) ;
#7762 = STYLED_ITEM ( 'NONE', ( #8984 ), #579 ) ;
#7763 = ORIENTED_EDGE ( 'NONE', *, *, #9200, .F. ) ;
#7764 = DIRECTION ( 'NONE',  ( 1.224646799147353200E-016, 1.000000000000000000, -0.0000000000000000000 ) ) ;
#7765 = CARTESIAN_POINT ( 'NONE',  ( 1.456249050019733800, 0.8019999999999999400, -1.276240430623325000 ) ) ;
#7766 = SURFACE_SIDE_STYLE ('',( #4370 ) ) ;
#7767 = EDGE_LOOP ( 'NONE', ( #3890, #1410 ) ) ;
#7768 = DIRECTION ( 'NONE',  ( 0.0000000000000000000, 0.0000000000000000000, 1.000000000000000000 ) ) ;
#7769 = B_SPLINE_CURVE_WITH_KNOTS ( 'NONE', 3,
 ( #7712, #1763, #4010, #3230 ),
 .UNSPECIFIED., .F., .F.,
 ( 4, 4 ),
 ( 0.0000000000000000000, 1.000000000000000000 ),
 .UNSPECIFIED. ) ;
#7770 = AXIS2_PLACEMENT_3D ( 'NONE', #4302, #4369, #2328 ) ;
#7771 = LINE ( 'NONE', #797, #3812 ) ;
#7772 = CARTESIAN_POINT ( 'NONE',  ( -1.027899292536582400, 0.5599518101668989900, 1.368190117898940600 ) ) ;
#7773 = CARTESIAN_POINT ( 'NONE',  ( -1.493644428016919000, 0.7999999999999999300, -1.203445444133213600 ) ) ;
#7774 =( NAMED_UNIT ( * ) PLANE_ANGLE_UNIT ( ) SI_UNIT ( $, .RADIAN. ) );
#7775 =( BOUNDED_CURVE ( )  B_SPLINE_CURVE ( 3, ( #1769, #6107, #9172, #908 ),
 .UNSPECIFIED., .F., .F. ) 
 B_SPLINE_CURVE_WITH_KNOTS ( ( 4, 4 ),
 ( 4.712388980384691500, 6.283185307179586200 ),
 .UNSPECIFIED. ) 
 CURVE ( )  GEOMETRIC_REPRESENTATION_ITEM ( )  RATIONAL_B_SPLINE_CURVE ( ( 1.000000000000000000, 0.8047378541243654900, 0.8047378541243654900, 1.000000000000000000 ) ) 
 REPRESENTATION_ITEM ( '' )  );
#7776 = CARTESIAN_POINT ( 'NONE',  ( -0.9045000000000001900, 1.200000000000000200, -0.2825000000000000300 ) ) ;
#7777 = FACE_OUTER_BOUND ( 'NONE', #7140, .T. ) ;
#7778 = CARTESIAN_POINT ( 'NONE',  ( 1.061411804191088300, 0.5366690084342864400, 1.368972275158730300 ) ) ;
#7779 = CARTESIAN_POINT ( 'NONE',  ( 1.083650699927993800, 0.4529234108412403300, 1.438090493968610600 ) ) ;
#7780 = CARTESIAN_POINT ( 'NONE',  ( -0.8520000000000000900, 1.150000000000000100, 0.1050000000000000800 ) ) ;
#7781 = CARTESIAN_POINT ( 'NONE',  ( -1.495433842817182900, 0.7859971179723861400, -1.134453013373478900 ) ) ;
#7782 = CARTESIAN_POINT ( 'NONE',  ( -1.007000000000000100, 1.200000000000000200, 0.1350000000000000400 ) ) ;
#7783 = DIRECTION ( 'NONE',  ( 0.0000000000000000000, -1.000000000000000000, 0.0000000000000000000 ) ) ;
#7784 = VECTOR ( 'NONE', #5823, 1000.000000000000000 ) ;
#7785 = CARTESIAN_POINT ( 'NONE',  ( 1.434682965811065400, 0.5999843371161737200, 1.136515874692354700 ) ) ;
#7786 = EDGE_CURVE ( 'NONE', #9213, #7106, #5850, .T. ) ;
#7787 = CARTESIAN_POINT ( 'NONE',  ( 0.6182269360013448200, 0.7860123598985517800, -1.495438813010397300 ) ) ;
#7788 = DIRECTION ( 'NONE',  ( -0.0000000000000000000, 1.000000000000000000, -0.0000000000000000000 ) ) ;
#7789 = CARTESIAN_POINT ( 'NONE',  ( -0.6420000000000002400, 1.150000000000000100, 0.1275000000000000000 ) ) ;
#7790 = CARTESIAN_POINT ( 'NONE',  ( 1.495438813010397300, 0.4139876401014563300, 1.130499522635694200 ) ) ;
#7791 = ORIENTED_EDGE ( 'NONE', *, *, #5344, .T. ) ;
#7792 = DIRECTION ( 'NONE',  ( 0.0000000000000000000, 0.0000000000000000000, -1.000000000000000000 ) ) ;
#7793 = CARTESIAN_POINT ( 'NONE',  ( -0.6945000000000002300, 1.086360389693210800, -0.2274999999999999000 ) ) ;
#7794 = VECTOR ( 'NONE', #1065, 1000.000000000000000 ) ;
#7795 = CARTESIAN_POINT ( 'NONE',  ( -1.027896814458248100, 0.5599678706710683500, 1.368178459456995000 ) ) ;
#7796 = EDGE_CURVE ( 'NONE', #2190, #7032, #9392, .T. ) ;
#7797 = DIRECTION ( 'NONE',  ( -0.0000000000000000000, 1.000000000000000000, -0.0000000000000000000 ) ) ;
#7798 = FACE_OUTER_BOUND ( 'NONE', #4390, .T. ) ;
#7799 = FILL_AREA_STYLE ('',( #409 ) ) ;
#7800 = VERTEX_POINT ( 'NONE', #7389 ) ;
#7801 = CARTESIAN_POINT ( 'NONE',  ( -1.028741715298139100, 0.5123766938887646100, 1.435167904174762700 ) ) ;
#7802 = DIRECTION ( 'NONE',  ( 0.0000000000000000000, 1.000000000000000000, 0.0000000000000000000 ) ) ;
#7803 = VERTEX_POINT ( 'NONE', #3720 ) ;
#7804 = AXIS2_PLACEMENT_3D ( 'NONE', #6784, #1032, #2672 ) ;
#7805 = EDGE_CURVE ( 'NONE', #3879, #4141, #5135, .T. ) ;
#7806 = EDGE_CURVE ( 'NONE', #5630, #7493, #9165, .T. ) ;
#7807 = ORIENTED_EDGE ( 'NONE', *, *, #1090, .T. ) ;
#7808 = DIRECTION ( 'NONE',  ( 0.0000000000000000000, 0.0000000000000000000, 1.000000000000000000 ) ) ;
#7809 = EDGE_LOOP ( 'NONE', ( #3208, #7191, #6771, #7224 ) ) ;
#7810 = CYLINDRICAL_SURFACE ( 'NONE', #2077, 0.02250000000000005800 ) ;
#7811 = VERTEX_POINT ( 'NONE', #7356 ) ;
#7812 = DIRECTION ( 'NONE',  ( 0.0000000000000000000, 1.000000000000000000, 0.0000000000000000000 ) ) ;
#7813 = CARTESIAN_POINT ( 'NONE',  ( 1.488022390691038400, 0.7877674056858523500, 1.193984835648976800 ) ) ;
#7814 = FACE_OUTER_BOUND ( 'NONE', #6077, .T. ) ;
#7815 = CARTESIAN_POINT ( 'NONE',  ( 0.9803814053313175700, 0.4544881034611025800, 1.433220095698899400 ) ) ;
#7816 = LINE ( 'NONE', #5612, #730 ) ;
#7817 = CARTESIAN_POINT ( 'NONE',  ( -0.7470000000000000000, 1.200000000000000200, -0.3074999999999999400 ) ) ;
#7818 = VERTEX_POINT ( 'NONE', #6656 ) ;
#7819 = ORIENTED_EDGE ( 'NONE', *, *, #1625, .T. ) ;
#7820 = AXIS2_PLACEMENT_3D ( 'NONE', #1385, #7298, #4537 ) ;
#7821 = AXIS2_PLACEMENT_3D ( 'NONE', #6529, #4999, #9383 ) ;
#7822 = VECTOR ( 'NONE', #834, 1000.000000000000000 ) ;
#7823 = DIRECTION ( 'NONE',  ( 0.0000000000000000000, 0.0000000000000000000, 1.000000000000000000 ) ) ;
#7824 = FILL_AREA_STYLE ('',( #2734 ) ) ;
#7825 = CLOSED_SHELL ( 'NONE', ( #8547, #49, #1302, #774 ) ) ;
#7826 = B_SPLINE_CURVE_WITH_KNOTS ( 'NONE', 3,
 ( #1257, #472, #5673, #7227, #5704, #7882 ),
 .UNSPECIFIED., .F., .F.,
 ( 4, 2, 4 ),
 ( 5.461324636332090400E-015, 0.0001463238840223486100, 0.0002926477680392359300 ),
 .UNSPECIFIED. ) ;
#7827 = EDGE_LOOP ( 'NONE', ( #6019, #305 ) ) ;
#7828 = ADVANCED_FACE ( 'NONE', ( #2924 ), #4472, .T. ) ;
#7829 = VERTEX_POINT ( 'NONE', #2304 ) ;
#7830 = AXIS2_PLACEMENT_3D ( 'NONE', #2972, #3476, #8800 ) ;
#7831 = ORIENTED_EDGE ( 'NONE', *, *, #7684, .T. ) ;
#7832 = CARTESIAN_POINT ( 'NONE',  ( 1.325694516421789900, 0.3999999999999999700, -1.345748868766599700 ) ) ;
#7833 = CARTESIAN_POINT ( 'NONE',  ( -1.500000000000000900, 0.4000000000000006300, -1.130499522727401300 ) ) ;
#7834 = VERTEX_POINT ( 'NONE', #5250 ) ;
#7835 = CARTESIAN_POINT ( 'NONE',  ( -1.005749091525113500, 0.5011210165498161100, 1.438723310549281600 ) ) ;
#7836 = CARTESIAN_POINT ( 'NONE',  ( -0.6420000000000002400, 1.150000000000000100, -0.1049999999999999500 ) ) ;
#7837 = CIRCLE ( 'NONE', #3594, 0.02250000000000005800 ) ;
#7838 = AXIS2_PLACEMENT_3D ( 'NONE', #3256, #6241, #1042 ) ;
#7839 = ORIENTED_EDGE ( 'NONE', *, *, #2839, .F. ) ;
#7840 = ORIENTED_EDGE ( 'NONE', *, *, #2430, .F. ) ;
#7841 = AXIS2_PLACEMENT_3D ( 'NONE', #9404, #9473, #5080 ) ;
#7842 = ORIENTED_EDGE ( 'NONE', *, *, #2557, .F. ) ;
#7843 = LINE ( 'NONE', #7642, #7144 ) ;
#7844 = ORIENTED_EDGE ( 'NONE', *, *, #1278, .F. ) ;
#7845 = DIRECTION ( 'NONE',  ( 0.0000000000000000000, -1.000000000000000000, 0.0000000000000000000 ) ) ;
#7846 = DIRECTION ( 'NONE',  ( 0.0000000000000000000, 0.0000000000000000000, -1.000000000000000000 ) ) ;
#7847 = ORIENTED_EDGE ( 'NONE', *, *, #1387, .T. ) ;
#7848 = CARTESIAN_POINT ( 'NONE',  ( -1.500000000000000000, 0.8000000000000001600, -1.134750653960801900 ) ) ;
#7849 = CIRCLE ( 'NONE', #185, 0.02249999999999995100 ) ;
#7850 = EDGE_LOOP ( 'NONE', ( #3635, #4365 ) ) ;
#7851 = ORIENTED_EDGE ( 'NONE', *, *, #471, .T. ) ;
#7852 = ORIENTED_EDGE ( 'NONE', *, *, #1825, .T. ) ;
#7853 = CARTESIAN_POINT ( 'NONE',  ( -0.9045000000000001900, 1.086360389693210800, -0.2374999999999999100 ) ) ;
#7854 = CARTESIAN_POINT ( 'NONE',  ( 1.463204397092827900, 0.4105308823840947400, 1.248440892749132800 ) ) ;
#7855 = DIRECTION ( 'NONE',  ( 0.0000000000000000000, 1.000000000000000000, 0.0000000000000000000 ) ) ;
#7857 = EDGE_CURVE ( 'NONE', #106, #4209, #3498, .T. ) ;
#7856 = CIRCLE ( 'NONE', #6596, 0.02250000000000005800 ) ;
#7858 = EDGE_LOOP ( 'NONE', ( #2705, #6509 ) ) ;
#7859 = LINE ( 'NONE', #7154, #7055 ) ;
#7860 = ORIENTED_EDGE ( 'NONE', *, *, #6168, .T. ) ;
#7861 = CARTESIAN_POINT ( 'NONE',  ( -0.9642630038124724300, 0.02500000000000048700, 1.422573508366028900 ) ) ;
#7862 =( NAMED_UNIT ( * ) PLANE_ANGLE_UNIT ( ) SI_UNIT ( $, .RADIAN. ) );
#7863 = CARTESIAN_POINT ( 'NONE',  ( -0.8520000000000000900, 1.150000000000000100, 0.1050000000000000800 ) ) ;
#7864 = FACE_OUTER_BOUND ( 'NONE', #963, .T. ) ;
#7865 = DIRECTION ( 'NONE',  ( 0.0000000000000000000, 1.000000000000000000, 0.0000000000000000000 ) ) ;
#7866 = FILL_AREA_STYLE ('',( #9283 ) ) ;
#7867 = EDGE_CURVE ( 'NONE', #5856, #54, #9282, .T. ) ;
#7868 = CARTESIAN_POINT ( 'NONE',  ( -1.031932485197304200, 0.5386166424557860000, 1.387164797527901300 ) ) ;
#7869 = AXIS2_PLACEMENT_3D ( 'NONE', #2819, #8005, #4351 ) ;
#7870 = CARTESIAN_POINT ( 'NONE',  ( -0.6200000000000000000, 0.8000000000000001600, -1.500000000000000000 ) ) ;
#7871 = CIRCLE ( 'NONE', #6724, 0.02250000000000004400 ) ;
#7872 = VERTEX_POINT ( 'NONE', #4409 ) ;
#7873 = ADVANCED_FACE ( 'NONE', ( #7108 ), #118, .T. ) ;
#7874 = ORIENTED_EDGE ( 'NONE', *, *, #5755, .F. ) ;
#7875 = ADVANCED_FACE ( 'NONE', ( #1637 ), #3264, .T. ) ;
#7876 = EDGE_CURVE ( 'NONE', #8040, #3123, #3147, .T. ) ;
#7877 = CARTESIAN_POINT ( 'NONE',  ( 0.9816777060382576600, 0.2195099938507023600, 1.439318711035709100 ) ) ;
#7878 = EDGE_CURVE ( 'NONE', #2068, #1228, #611, .T. ) ;
#7879 = DIRECTION ( 'NONE',  ( 0.0000000000000000000, 0.0000000000000000000, 1.000000000000000000 ) ) ;
#7880 = COLOUR_RGB ( '',1.000000000000000000, 1.000000000000000000, 1.000000000000000000 ) ;
#7881 = ORIENTED_EDGE ( 'NONE', *, *, #729, .F. ) ;
#7882 = CARTESIAN_POINT ( 'NONE',  ( 1.495438813010397700, 0.4139876401014495100, -1.130499522633262800 ) ) ;
#7883 = CARTESIAN_POINT ( 'NONE',  ( 0.6000000000000004200, 3.532091952673165100, 1.499999999999999800 ) ) ;
#7884 = CARTESIAN_POINT ( 'NONE',  ( -1.434441657944432600, 0.7894560152902954100, -1.288196711446375900 ) ) ;
#7885 = ADVANCED_FACE ( 'NONE', ( #3039 ), #1624, .T. ) ;
#7886 = CARTESIAN_POINT ( 'NONE',  ( 1.495428079823512400, 0.4139547249974172600, 1.179813543136579300 ) ) ;
#7887 = AXIS2_PLACEMENT_3D ( 'NONE', #6490, #5041, #5833 ) ;
#7888 = CARTESIAN_POINT ( 'NONE',  ( -0.4870000000000002100, 1.200000000000000200, -0.1574999999999999700 ) ) ;
#7889 = CARTESIAN_POINT ( 'NONE',  ( -0.6021756231192224600, 0.5350179090077359400, 1.455972420975738500 ) ) ;
#7890 = EDGE_CURVE ( 'NONE', #5072, #5784, #9019, .T. ) ;
#7891 = FILL_AREA_STYLE ('',( #240 ) ) ;
#7892 = ORIENTED_EDGE ( 'NONE', *, *, #903, .T. ) ;
#7893 =( LENGTH_UNIT ( ) NAMED_UNIT ( * ) SI_UNIT ( .MILLI., .METRE. ) );
#7894 = AXIS2_PLACEMENT_3D ( 'NONE', #4916, #1232, #6416 ) ;
#7895 = CARTESIAN_POINT ( 'NONE',  ( -0.7470000000000001100, 1.150000000000000100, 6.049755187787927500E-017 ) ) ;
#7896 = MANIFOLD_SOLID_BREP ( 'Fillet7', #6202 ) ;
#7897 = DIRECTION ( 'NONE',  ( 0.0000000000000000000, -1.000000000000000000, 0.0000000000000000000 ) ) ;
#7898 = CIRCLE ( 'NONE', #4432, 0.02250000000000005800 ) ;
#7899 = CARTESIAN_POINT ( 'NONE',  ( 0.9959765632722840100, 0.4922207971790649700, 1.439820172230034300 ) ) ;
#7900 = B_SPLINE_CURVE_WITH_KNOTS ( 'NONE', 3,
 ( #4281, #7886, #4911, #9301, #9430, #7274 ),
 .UNSPECIFIED., .F., .F.,
 ( 4, 2, 4 ),
 ( -5.999994469581317800E-008, 0.0001478820891734113100, 0.0002958241782915184600 ),
 .UNSPECIFIED. ) ;
#7901 = EDGE_CURVE ( 'NONE', #7719, #5066, #8808, .T. ) ;
#7902 = AXIS2_PLACEMENT_3D ( 'NONE', #7742, #7797, #405 ) ;
#7903 = CARTESIAN_POINT ( 'NONE',  ( -0.7470000000000000000, 1.200000000000000200, 0.3300000000000001300 ) ) ;
#7904 = DIRECTION ( 'NONE',  ( 0.0000000000000000000, 1.000000000000000000, 0.0000000000000000000 ) ) ;
#7905 = LINE ( 'NONE', #3374, #355 ) ;
#7906 = CARTESIAN_POINT ( 'NONE',  ( -0.9045000000000001900, 1.200000000000000200, -0.2374999999999999100 ) ) ;
#7907 = CARTESIAN_POINT ( 'NONE',  ( -1.007000000000000100, 1.150000000000000100, -0.1574999999999999200 ) ) ;
#7908 = AXIS2_PLACEMENT_3D ( 'NONE', #1443, #4538, #7446 ) ;
#7909 = FACE_OUTER_BOUND ( 'NONE', #1800, .T. ) ;
#7910 = PLANE ( 'NONE',  #9531 ) ;
#7911 = ADVANCED_FACE ( 'NONE', ( #2355 ), #8919, .F. ) ;
#7912 = ADVANCED_FACE ( 'NONE', ( #1413 ), #5031, .T. ) ;
#7913 = ORIENTED_EDGE ( 'NONE', *, *, #2902, .F. ) ;
#7914 = CIRCLE ( 'NONE', #1542, 0.02250000000000005800 ) ;
#7915 = DIRECTION ( 'NONE',  ( 0.9781476007338069100, 0.0000000000000000000, -0.2079116908177528500 ) ) ;
#7916 = EDGE_CURVE ( 'NONE', #7510, #2859, #7346, .T. ) ;
#7917 = VERTEX_POINT ( 'NONE', #4560 ) ;
#7918 = ADVANCED_FACE ( 'NONE', ( #1868 ), #2720, .T. ) ;
#7919 = PLANE ( 'NONE',  #5107 ) ;
#7920 =( LENGTH_UNIT ( ) NAMED_UNIT ( * ) SI_UNIT ( .MILLI., .METRE. ) );
#7921 = SURFACE_STYLE_FILL_AREA ( #8603 ) ;
#7922 = CYLINDRICAL_SURFACE ( 'NONE', #594, 0.02250000000000005800 ) ;
#7923 = DIRECTION ( 'NONE',  ( -0.0000000000000000000, 1.000000000000000000, -0.0000000000000000000 ) ) ;
#7924 = DIRECTION ( 'NONE',  ( 0.0000000000000000000, -1.000000000000000000, -0.0000000000000000000 ) ) ;
#7925 = VERTEX_POINT ( 'NONE', #3341 ) ;
#7926 = DIRECTION ( 'NONE',  ( 0.0000000000000000000, 0.0000000000000000000, -1.000000000000000000 ) ) ;
#7927 = ORIENTED_EDGE ( 'NONE', *, *, #8822, .F. ) ;
#7928 = CARTESIAN_POINT ( 'NONE',  ( -0.7470000000000001100, 1.086360389693210800, 6.049755187787927500E-017 ) ) ;
#7929 = ORIENTED_EDGE ( 'NONE', *, *, #8135, .F. ) ;
#7930 = EDGE_CURVE ( 'NONE', #2871, #3087, #1304, .T. ) ;
#7931 = FACE_OUTER_BOUND ( 'NONE', #6330, .T. ) ;
#7932 = EDGE_CURVE ( 'NONE', #6314, #8902, #1762, .T. ) ;
#7933 = CIRCLE ( 'NONE', #710, 0.02250000000000005500 ) ;
#7934 =( NAMED_UNIT ( * ) PLANE_ANGLE_UNIT ( ) SI_UNIT ( $, .RADIAN. ) );
#7935 = DIRECTION ( 'NONE',  ( 0.0000000000000000000, 1.000000000000000000, -0.0000000000000000000 ) ) ;
#7936 = ORIENTED_EDGE ( 'NONE', *, *, #4220, .F. ) ;
#7937 = CARTESIAN_POINT ( 'NONE',  ( 1.035972273666155000, 0.4935892368377074500, 1.448224856320664600 ) ) ;
#7938 = ORIENTED_EDGE ( 'NONE', *, *, #3688, .F. ) ;
#7939 = CARTESIAN_POINT ( 'NONE',  ( -1.495433992448814900, 0.7859975768430331700, -1.134393045695578000 ) ) ;
#7940 = CIRCLE ( 'NONE', #2671, 0.02250000000000005800 ) ;
#7941 = DIRECTION ( 'NONE',  ( 0.0000000000000000000, 1.000000000000000000, 0.0000000000000000000 ) ) ;
#7942 = DIRECTION ( 'NONE',  ( 0.0000000000000000000, 1.000000000000000000, -0.0000000000000000000 ) ) ;
#7943 = CARTESIAN_POINT ( 'NONE',  ( 1.021700184736949100, 0.5591330497679235500, 1.369749181552335000 ) ) ;
#7944 = CARTESIAN_POINT ( 'NONE',  ( -0.4870000000000002100, 1.150000000000000100, -0.1574999999999999700 ) ) ;
#7945 = COLOUR_RGB ( '',1.000000000000000000, 1.000000000000000000, 1.000000000000000000 ) ;
#7946 = ORIENTED_EDGE ( 'NONE', *, *, #2947, .F. ) ;
#7947 = VERTEX_POINT ( 'NONE', #5560 ) ;
#7948 = ORIENTED_EDGE ( 'NONE', *, *, #5671, .T. ) ;
#7949 = CARTESIAN_POINT ( 'NONE',  ( -1.222944041170043200, 0.4074506464143032900, 1.365405000264894500 ) ) ;
#7950 = CARTESIAN_POINT ( 'NONE',  ( -1.007000000000000100, 1.200000000000000200, -0.1349999999999998700 ) ) ;
#7951 = MECHANICAL_DESIGN_GEOMETRIC_PRESENTATION_REPRESENTATION (  '', ( #5980 ), #7536 ) ;
#7952 = DIRECTION ( 'NONE',  ( 0.0000000000000000000, 1.000000000000000000, 0.0000000000000000000 ) ) ;
#7953 = ORIENTED_EDGE ( 'NONE', *, *, #7930, .T. ) ;
#7954 =( NAMED_UNIT ( * ) PLANE_ANGLE_UNIT ( ) SI_UNIT ( $, .RADIAN. ) );
#7955 = VECTOR ( 'NONE', #121, 1000.000000000000000 ) ;
#7956 = ORIENTED_EDGE ( 'NONE', *, *, #5123, .F. ) ;
#7957 = UNCERTAINTY_MEASURE_WITH_UNIT (LENGTH_MEASURE( 1.000000000000000100E-005 ), #4902, 'distance_accuracy_value', 'NONE');
#7958 = CARTESIAN_POINT ( 'NONE',  ( -1.500000000000000900, 3.532091952673165100, -1.130499522727401300 ) ) ;
#7959 = CYLINDRICAL_SURFACE ( 'NONE', #2314, 0.02250000000000005800 ) ;
#7960 = EDGE_LOOP ( 'NONE', ( #189, #2844 ) ) ;
#7961 = ORIENTED_EDGE ( 'NONE', *, *, #5021, .F. ) ;
#7962 = ORIENTED_EDGE ( 'NONE', *, *, #5282, .T. ) ;
#7963 = DIRECTION ( 'NONE',  ( 1.000000000000000000, 0.0000000000000000000, 0.0000000000000000000 ) ) ;
#7964 = CARTESIAN_POINT ( 'NONE',  ( 1.493750438427761300, 0.7867599803195659500, -1.163968230670562300 ) ) ;
#7965 = DIRECTION ( 'NONE',  ( 0.0000000000000000000, 0.0000000000000000000, 1.000000000000000000 ) ) ;
#7966 = LINE ( 'NONE', #6288, #2038 ) ;
#7967 =( GEOMETRIC_REPRESENTATION_CONTEXT ( 3 ) GLOBAL_UNCERTAINTY_ASSIGNED_CONTEXT ( ( #9350 ) ) GLOBAL_UNIT_ASSIGNED_CONTEXT ( ( #2817, #7366, #9525 ) ) REPRESENTATION_CONTEXT ( 'NONE', 'WORKASPACE' ) );
#7968 = VERTEX_POINT ( 'NONE', #1083 ) ;
#7969 = FACE_OUTER_BOUND ( 'NONE', #3843, .T. ) ;
#7970 = EDGE_LOOP ( 'NONE', ( #1888, #1811, #1318, #4012 ) ) ;
#7971 = ORIENTED_EDGE ( 'NONE', *, *, #1346, .F. ) ;
#7972 = ORIENTED_EDGE ( 'NONE', *, *, #3017, .T. ) ;
#7973 = DIRECTION ( 'NONE',  ( 0.0000000000000000000, -1.000000000000000000, 0.0000000000000000000 ) ) ;
#7974 = CARTESIAN_POINT ( 'NONE',  ( -0.9570000000000001800, 1.086360389693210800, 0.02250000000000017300 ) ) ;
#7975 = DIRECTION ( 'NONE',  ( 0.0000000000000000000, -0.0000000000000000000, -1.000000000000000000 ) ) ;
#7976 = ADVANCED_FACE ( 'NONE', ( #1416 ), #7349, .F. ) ;
#7977 = CIRCLE ( 'NONE', #6026, 0.02250000000000005800 ) ;
#7978 = ADVANCED_FACE ( 'NONE', ( #7110 ), #3613, .F. ) ;
#7979 = CARTESIAN_POINT ( 'NONE',  ( -1.044524795898642300, 0.5091396836001834700, 1.446406961601320400 ) ) ;
#7980 = EDGE_CURVE ( 'NONE', #2847, #8720, #9042, .T. ) ;
#7981 = CARTESIAN_POINT ( 'NONE',  ( -0.6945000000000002300, 1.150000000000000100, 0.2050000000000000400 ) ) ;
#7982 = ORIENTED_EDGE ( 'NONE', *, *, #229, .T. ) ;
#7983 = FACE_OUTER_BOUND ( 'NONE', #9201, .T. ) ;
#7984 = VERTEX_POINT ( 'NONE', #8489 ) ;
#7985 = CARTESIAN_POINT ( 'NONE',  ( 0.6000000000000004200, 0.3999999999999999700, 1.499999999999999800 ) ) ;
#7986 = CIRCLE ( 'NONE', #4525, 0.2200581444740219200 ) ;
#7987 = CARTESIAN_POINT ( 'NONE',  ( -1.325739436612515000, 0.4080804831288145100, 1.343044648401113200 ) ) ;
#7988 = ORIENTED_EDGE ( 'NONE', *, *, #5139, .T. ) ;
#7989 = VERTEX_POINT ( 'NONE', #1827 ) ;
#7990 = DIRECTION ( 'NONE',  ( 0.0000000000000000000, 1.000000000000000000, 0.0000000000000000000 ) ) ;
#7991 = ORIENTED_EDGE ( 'NONE', *, *, #2245, .F. ) ;
#7992 = DIRECTION ( 'NONE',  ( 0.0000000000000000000, 1.000000000000000000, -0.0000000000000000000 ) ) ;
#7993 = DIRECTION ( 'NONE',  ( -1.000000000000000000, 0.0000000000000000000, -0.0000000000000000000 ) ) ;
#7994 = EDGE_CURVE ( 'NONE', #8084, #2895, #5387, .T. ) ;
#7995 = FILL_AREA_STYLE_COLOUR ( '', #1805 ) ;
#7996 = AXIS2_PLACEMENT_3D ( 'NONE', #1897, #4851, #1971 ) ;
#7997 = VERTEX_POINT ( 'NONE', #7703 ) ;
#7998 = EDGE_CURVE ( 'NONE', #6458, #6034, #5138, .T. ) ;
#7999 = FACE_OUTER_BOUND ( 'NONE', #8410, .T. ) ;
#8000 = CARTESIAN_POINT ( 'NONE',  ( -0.9045000000000001900, 1.200000000000000200, 0.2375000000000001300 ) ) ;
#8001 = CIRCLE ( 'NONE', #8626, 0.02250000000000004400 ) ;
#8002 = CARTESIAN_POINT ( 'NONE',  ( 1.072879380147842900, 0.6000103683719215700, 1.332932442499306800 ) ) ;
#8003 = PLANE ( 'NONE',  #5300 ) ;
#8004 = AXIS2_PLACEMENT_3D ( 'NONE', #3306, #3955, #4061 ) ;
#8005 = DIRECTION ( 'NONE',  ( -0.2079116908177527400, 9.800795950858354800E-017, 0.9781476007338070200 ) ) ;
#8006 = CYLINDRICAL_SURFACE ( 'NONE', #5161, 0.02250000000000005800 ) ;
#8007 = CARTESIAN_POINT ( 'NONE',  ( -0.9045000000000001900, 1.150000000000000100, -0.2599999999999999500 ) ) ;
#8008 = DIRECTION ( 'NONE',  ( 0.0000000000000000000, 0.0000000000000000000, 1.000000000000000000 ) ) ;
#8009 = CIRCLE ( 'NONE', #7212, 0.02250000000000005800 ) ;
#8010 = PLANE ( 'NONE',  #2378 ) ;
#8011 = EDGE_CURVE ( 'NONE', #5072, #8392, #4038, .T. ) ;
#8012 = MECHANICAL_DESIGN_GEOMETRIC_PRESENTATION_REPRESENTATION (  '', ( #17 ), #5698 ) ;
#8013 = CARTESIAN_POINT ( 'NONE',  ( -0.4870000000000002100, 1.150000000000000100, -0.1349999999999999300 ) ) ;
#8014 = ADVANCED_FACE ( 'NONE', ( #9276 ), #5636, .F. ) ;
#8015 = DIRECTION ( 'NONE',  ( 0.0000000000000000000, 1.000000000000000000, -0.0000000000000000000 ) ) ;
#8016 = EDGE_CURVE ( 'NONE', #5811, #3198, #1872, .T. ) ;
#8017 = AXIS2_PLACEMENT_3D ( 'NONE', #5074, #618, #5832 ) ;
#8018 = AXIS2_PLACEMENT_3D ( 'NONE', #6502, #7217, #2206 ) ;
#8019 = DIRECTION ( 'NONE',  ( -0.0000000000000000000, -1.000000000000000000, -0.0000000000000000000 ) ) ;
#8020 = PLANE ( 'NONE',  #8796 ) ;
#8021 = FACE_OUTER_BOUND ( 'NONE', #4585, .T. ) ;
#8022 = DIRECTION ( 'NONE',  ( 0.9781476007338070200, -2.121019507454155800E-016, 0.2079116908177527400 ) ) ;
#8023 = CLOSED_SHELL ( 'NONE', ( #6585, #3006, #6533, #5115 ) ) ;
#8024 = EDGE_CURVE ( 'NONE', #6314, #4460, #7574, .T. ) ;
#8025 = CIRCLE ( 'NONE', #6223, 0.02249999999999995100 ) ;
#8026 = CARTESIAN_POINT ( 'NONE',  ( 1.495438813010248900, 0.7860123598980924800, 1.131797374092695900 ) ) ;
#8027 = DIRECTION ( 'NONE',  ( 0.0000000000000000000, 1.000000000000000000, -0.0000000000000000000 ) ) ;
#8028 = ORIENTED_EDGE ( 'NONE', *, *, #7527, .F. ) ;
#8029 = DIRECTION ( 'NONE',  ( 0.0000000000000000000, -0.0000000000000000000, 1.000000000000000000 ) ) ;
#8030 = CIRCLE ( 'NONE', #2753, 0.02249999999999995100 ) ;
#8031 = CARTESIAN_POINT ( 'NONE',  ( -1.057000000000000200, 1.150000000000000100, 1.171986986784016800E-016 ) ) ;
#8032 = VERTEX_POINT ( 'NONE', #7185 ) ;
#8033 = EDGE_CURVE ( 'NONE', #8077, #3429, #5865, .T. ) ;
#8034 = DIRECTION ( 'NONE',  ( 0.0000000000000000000, 0.0000000000000000000, 1.000000000000000000 ) ) ;
#8035 = EDGE_LOOP ( 'NONE', ( #4965, #8289, #1457, #652 ) ) ;
#8036 = ORIENTED_EDGE ( 'NONE', *, *, #211, .F. ) ;
#8037 = CARTESIAN_POINT ( 'NONE',  ( 0.9838259558271486000, 0.005000000000000482400, 1.418415274549674300 ) ) ;
#8038 = COLOUR_RGB ( '',1.000000000000000000, 1.000000000000000000, 1.000000000000000000 ) ;
#8039 = EDGE_CURVE ( 'NONE', #677, #7710, #7590, .T. ) ;
#8040 = VERTEX_POINT ( 'NONE', #4184 ) ;
#8041 = CARTESIAN_POINT ( 'NONE',  ( -0.5999999999999995300, 0.0000000000000000000, 1.500000000000000000 ) ) ;
#8042 = AXIS2_PLACEMENT_3D ( 'NONE', #2150, #8670, #7330 ) ;
#8043 = FACE_OUTER_BOUND ( 'NONE', #950, .T. ) ;
#8044 = DIRECTION ( 'NONE',  ( 0.0000000000000000000, -1.000000000000000000, 0.0000000000000000000 ) ) ;
#8045 = FACE_OUTER_BOUND ( 'NONE', #4886, .T. ) ;
#8046 = EDGE_CURVE ( 'NONE', #7829, #7032, #1432, .T. ) ;
#8047 = ORIENTED_EDGE ( 'NONE', *, *, #4373, .T. ) ;
#8048 = ORIENTED_EDGE ( 'NONE', *, *, #7173, .F. ) ;
#8049 = ORIENTED_EDGE ( 'NONE', *, *, #5840, .T. ) ;
#8050 = DIRECTION ( 'NONE',  ( 0.0000000000000000000, 0.0000000000000000000, -1.000000000000000000 ) ) ;
#8051 = CARTESIAN_POINT ( 'NONE',  ( 1.312221593659865100, 0.5999992973106320600, -1.281938853034261500 ) ) ;
#8052 = PRESENTATION_STYLE_ASSIGNMENT (( #8876 ) ) ;
#8053 = AXIS2_PLACEMENT_3D ( 'NONE', #4799, #7023, #4830 ) ;
#8054 = DIRECTION ( 'NONE',  ( 0.0000000000000000000, 0.0000000000000000000, -1.000000000000000000 ) ) ;
#8055 = B_SPLINE_CURVE_WITH_KNOTS ( 'NONE', 3,
 ( #4055, #5583, #1104, #8381 ),
 .UNSPECIFIED., .F., .F.,
 ( 4, 4 ),
 ( 0.0000000000000000000, 1.000000000000000000 ),
 .UNSPECIFIED. ) ;
#8056 =( GEOMETRIC_REPRESENTATION_CONTEXT ( 3 ) GLOBAL_UNCERTAINTY_ASSIGNED_CONTEXT ( ( #2894 ) ) GLOBAL_UNIT_ASSIGNED_CONTEXT ( ( #2649, #4905, #7071 ) ) REPRESENTATION_CONTEXT ( 'NONE', 'WORKASPACE' ) );
#8057 = ORIENTED_EDGE ( 'NONE', *, *, #144, .F. ) ;
#8058 = MANIFOLD_SOLID_BREP ( 'Boss-Extrude7[18]', #7409 ) ;
#8059 = CARTESIAN_POINT ( 'NONE',  ( -1.456598031112742700, 0.3979999999999999600, 1.271449089615886500 ) ) ;
#8060 = FACE_OUTER_BOUND ( 'NONE', #2695, .T. ) ;
#8061 = DIRECTION ( 'NONE',  ( 0.1266298249066731800, -0.9430765049807913200, 0.3075249472763481000 ) ) ;
#8062 = ADVANCED_FACE ( 'NONE', ( #6084 ), #3163, .T. ) ;
#8063 = VERTEX_POINT ( 'NONE', #1988 ) ;
#8064 = ADVANCED_FACE ( 'NONE', ( #9291 ), #9406, .F. ) ;
#8065 = CARTESIAN_POINT ( 'NONE',  ( -0.6200000000000000000, 0.8000000000000001600, -1.500000000000000000 ) ) ;
#8066 = CARTESIAN_POINT ( 'NONE',  ( -1.466277338441626600, 0.3999999999999999700, 1.247566489699053000 ) ) ;
#8067 = ORIENTED_EDGE ( 'NONE', *, *, #7739, .T. ) ;
#8068 = EDGE_LOOP ( 'NONE', ( #2610, #4023 ) ) ;
#8069 = VERTEX_POINT ( 'NONE', #4402 ) ;
#8070 = CIRCLE ( 'NONE', #289, 0.02250000000000005800 ) ;
#8071 = AXIS2_PLACEMENT_3D ( 'NONE', #8811, #1368, #8034 ) ;
#8072 = ORIENTED_EDGE ( 'NONE', *, *, #4313, .T. ) ;
#8073 = ORIENTED_EDGE ( 'NONE', *, *, #7557, .T. ) ;
#8074 = DIRECTION ( 'NONE',  ( 0.0000000000000000000, 0.0000000000000000000, 1.000000000000000000 ) ) ;
#8075 = CIRCLE ( 'NONE', #3333, 0.02250000000000005500 ) ;
#8076 = AXIS2_PLACEMENT_3D ( 'NONE', #3238, #4653, #7599 ) ;
#8077 = VERTEX_POINT ( 'NONE', #9541 ) ;
#8078 = PRESENTATION_LAYER_ASSIGNMENT (  '', '', ( #7587 ) ) ;
#8079 = ORIENTED_EDGE ( 'NONE', *, *, #7338, .T. ) ;
#8080 = DIRECTION ( 'NONE',  ( 0.0000000000000000000, 0.0000000000000000000, 1.000000000000000000 ) ) ;
#8081 = DIRECTION ( 'NONE',  ( 0.2079116908177569600, 0.0000000000000000000, 0.9781476007338061300 ) ) ;
#8082 = CARTESIAN_POINT ( 'NONE',  ( 1.015088533285796400, 0.5091369307781553600, 1.452663832370719900 ) ) ;
#8083 = PLANE ( 'NONE',  #5905 ) ;
#8084 = VERTEX_POINT ( 'NONE', #3573 ) ;
#8085 = ORIENTED_EDGE ( 'NONE', *, *, #9455, .F. ) ;
#8086 = CARTESIAN_POINT ( 'NONE',  ( 1.325739436617939600, 0.4080804831287577200, -1.343044648399963400 ) ) ;
#8087 = AXIS2_PLACEMENT_3D ( 'NONE', #987, #3861, #3826 ) ;
#8088 = FACE_OUTER_BOUND ( 'NONE', #7288, .T. ) ;
#8089 = AXIS2_PLACEMENT_3D ( 'NONE', #1306, #2067, #2805 ) ;
#8090 = CARTESIAN_POINT ( 'NONE',  ( 1.279941855525978900, 0.0000000000000000000, 1.130499522727401700 ) ) ;
#8091 = EDGE_LOOP ( 'NONE', ( #7355, #2374 ) ) ;
#8092 = VERTEX_POINT ( 'NONE', #3656 ) ;
#8093 = CARTESIAN_POINT ( 'NONE',  ( -0.2774527418898663500, 0.02499999999999659800, -1.904809416268837400 ) ) ;
#8094 = DIRECTION ( 'NONE',  ( 0.0000000000000000000, 1.000000000000000000, 0.0000000000000000000 ) ) ;
#8095 = CARTESIAN_POINT ( 'NONE',  ( -1.007000000000000100, 1.150000000000000100, 0.1575000000000000800 ) ) ;
#8096 = CARTESIAN_POINT ( 'NONE',  ( -1.463431054704129400, 0.4105378394754389300, 1.248156687974894900 ) ) ;
#8097 = CARTESIAN_POINT ( 'NONE',  ( -0.7470000000000000000, 1.150000000000000100, -0.3300000000000000200 ) ) ;
#8098 = DIRECTION ( 'NONE',  ( 0.0000000000000000000, -0.0000000000000000000, -1.000000000000000000 ) ) ;
#8099 = ORIENTED_EDGE ( 'NONE', *, *, #4987, .T. ) ;
#8100 = EDGE_CURVE ( 'NONE', #2303, #5029, #7933, .T. ) ;
#8101 = CARTESIAN_POINT ( 'NONE',  ( 1.495433844132951800, 0.7859971220077204300, -1.134453013459255200 ) ) ;
#8102 = CARTESIAN_POINT ( 'NONE',  ( -1.007000000000000100, 1.086360389693210800, 0.1800000000000001600 ) ) ;
#8103 = CIRCLE ( 'NONE', #3403, 0.02250000000000005500 ) ;
#8104 = CARTESIAN_POINT ( 'NONE',  ( -0.5370000000000001400, 1.150000000000000100, 6.576353311421284500E-017 ) ) ;
#8105 = DIRECTION ( 'NONE',  ( 0.0000000000000000000, 1.000000000000000000, 0.0000000000000000000 ) ) ;
#8106 = ORIENTED_EDGE ( 'NONE', *, *, #3031, .F. ) ;
#8107 = DIRECTION ( 'NONE',  ( 0.0000000000000000000, 1.000000000000000000, -0.0000000000000000000 ) ) ;
#8108 = ADVANCED_FACE ( 'NONE', ( #624 ), #2124, .T. ) ;
#8109 = CYLINDRICAL_SURFACE ( 'NONE', #806, 0.2200581444740221400 ) ;
#8110 = EDGE_CURVE ( 'NONE', #516, #5655, #5398, .T. ) ;
#8111 = DIRECTION ( 'NONE',  ( 0.0000000000000000000, 1.000000000000000000, 0.0000000000000000000 ) ) ;
#8112 = PRODUCT_DEFINITION_CONTEXT ( 'detailed design', #1430, 'design' ) ;
#8113 = CARTESIAN_POINT ( 'NONE',  ( -0.5953577462759618300, 0.4080762362277930400, 1.498294351006483700 ) ) ;
#8114 = CARTESIAN_POINT ( 'NONE',  ( -1.434782608695489600, 0.6000000000004082100, 0.3768331743838044800 ) ) ;
#8115 = DIRECTION ( 'NONE',  ( 0.0000000000000000000, -0.0000000000000000000, -1.000000000000000000 ) ) ;
#8116 = CARTESIAN_POINT ( 'NONE',  ( -1.008312283515635300, 0.5501570543607996500, 1.375554852867761900 ) ) ;
#8117 = CARTESIAN_POINT ( 'NONE',  ( -1.495417158295573800, 0.7861122853376031300, 1.139538256887379100 ) ) ;
#8118 = PRESENTATION_LAYER_ASSIGNMENT (  '', '', ( #61 ) ) ;
#8119 = STYLED_ITEM ( 'NONE', ( #6010 ), #4630 ) ;
#8120 = FACE_OUTER_BOUND ( 'NONE', #3419, .T. ) ;
#8121 = DIRECTION ( 'NONE',  ( 0.0000000000000000000, 0.0000000000000000000, 1.000000000000000000 ) ) ;
#8122 = CARTESIAN_POINT ( 'NONE',  ( -0.9550000000000000700, 1.150000000000000100, 0.1575000000000000800 ) ) ;
#8123 = CARTESIAN_POINT ( 'NONE',  ( -0.4870000000000002100, 1.150000000000000100, -0.1574999999999999700 ) ) ;
#8124 = SURFACE_STYLE_FILL_AREA ( #6150 ) ;
#8125 = FILL_AREA_STYLE_COLOUR ( '', #4214 ) ;
#8126 = DIRECTION ( 'NONE',  ( -0.0000000000000000000, 0.0000000000000000000, -1.000000000000000000 ) ) ;
#8127 = FACE_OUTER_BOUND ( 'NONE', #8823, .T. ) ;
#8128 = FACE_OUTER_BOUND ( 'NONE', #6601, .T. ) ;
#8129 = CARTESIAN_POINT ( 'NONE',  ( 1.495248540080206500, 0.7862560903162940700, -1.145689831882409100 ) ) ;
#8130 = DIRECTION ( 'NONE',  ( 0.0000000000000000000, -0.0000000000000000000, -1.000000000000000000 ) ) ;
#8131 = CARTESIAN_POINT ( 'NONE',  ( -0.9570000000000001800, 1.086360389693210800, 1.171986986784016800E-016 ) ) ;
#8132 = ORIENTED_EDGE ( 'NONE', *, *, #8363, .T. ) ;
#8133 = DIRECTION ( 'NONE',  ( 0.0000000000000000000, 0.0000000000000000000, 1.000000000000000000 ) ) ;
#8134 = VECTOR ( 'NONE', #5587, 1000.000000000000000 ) ;
#8135 = EDGE_CURVE ( 'NONE', #7811, #1544, #8937, .T. ) ;
#8136 = CARTESIAN_POINT ( 'NONE',  ( -1.060372641336790700, 0.4910578496940473700, 1.443038398065109800 ) ) ;
#8137 = CARTESIAN_POINT ( 'NONE',  ( -1.495438813010396400, 0.7860123598985484500, 1.130499522762853600 ) ) ;
#8138 = EDGE_LOOP ( 'NONE', ( #2967, #9563, #3914, #8750, #6478, #6063, #2849, #5303, #491, #2250, #8546 ) ) ;
#8139 = ORIENTED_EDGE ( 'NONE', *, *, #6274, .F. ) ;
#8140 = ADVANCED_FACE ( 'NONE', ( #3281 ), #8083, .T. ) ;
#8141 = ADVANCED_FACE ( 'NONE', ( #849 ), #2831, .T. ) ;
#8142 = DIRECTION ( 'NONE',  ( -1.000000000000000000, 0.0000000000000000000, 1.807003620809174400E-016 ) ) ;
#8143 = CARTESIAN_POINT ( 'NONE',  ( -1.488487122974123000, 0.3999999999999999700, 1.200745222768979000 ) ) ;
#8144 = ORIENTED_EDGE ( 'NONE', *, *, #5622, .F. ) ;
#8145 = ORIENTED_EDGE ( 'NONE', *, *, #742, .T. ) ;
#8146 = ORIENTED_EDGE ( 'NONE', *, *, #6517, .F. ) ;
#8147 = EDGE_LOOP ( 'NONE', ( #1764, #530 ) ) ;
#8148 = CARTESIAN_POINT ( 'NONE',  ( -1.325006775842308700, 0.7907215304527223100, 1.346855782485180600 ) ) ;
#8149 = DIRECTION ( 'NONE',  ( 0.0000000000000000000, -0.0000000000000000000, 1.000000000000000000 ) ) ;
#8150 = PLANE ( 'NONE',  #4326 ) ;
#8151 = FACE_BOUND ( 'NONE', #3967, .T. ) ;
#8152 = EDGE_CURVE ( 'NONE', #2075, #6810, #1194, .T. ) ;
#8153 = CARTESIAN_POINT ( 'NONE',  ( -0.7470000000000000000, 1.200000000000000200, 0.3075000000000000500 ) ) ;
#8154 = DIRECTION ( 'NONE',  ( -0.0000000000000000000, 1.000000000000000000, -0.0000000000000000000 ) ) ;
#8155 = DIRECTION ( 'NONE',  ( 0.0000000000000000000, 1.000000000000000000, 0.0000000000000000000 ) ) ;
#8156 = VECTOR ( 'NONE', #3798, 1000.000000000000000 ) ;
#8157 = EDGE_CURVE ( 'NONE', #7467, #3997, #5983, .T. ) ;
#8158 = EDGE_CURVE ( 'NONE', #423, #8392, #4793, .T. ) ;
#8159 = CIRCLE ( 'NONE', #8731, 0.5999999999999999800 ) ;
#8160 = ORIENTED_EDGE ( 'NONE', *, *, #382, .T. ) ;
#8161 = ORIENTED_EDGE ( 'NONE', *, *, #8135, .T. ) ;
#8162 = EDGE_LOOP ( 'NONE', ( #7621, #7844, #7609, #6002, #1891, #7541 ) ) ;
#8163 = CARTESIAN_POINT ( 'NONE',  ( 1.495445493962313900, 0.4139163744429792400, -1.133585682899917600 ) ) ;
#8164 = ORIENTED_EDGE ( 'NONE', *, *, #8282, .T. ) ;
#8165 = UNCERTAINTY_MEASURE_WITH_UNIT (LENGTH_MEASURE( 1.000000000000000100E-005 ), #6522, 'distance_accuracy_value', 'NONE');
#8166 = CIRCLE ( 'NONE', #4366, 0.02249999999999995100 ) ;
#8167 = VERTEX_POINT ( 'NONE', #1499 ) ;
#8168 = LINE ( 'NONE', #134, #2046 ) ;
#8169 = ORIENTED_EDGE ( 'NONE', *, *, #6100, .F. ) ;
#8170 = CARTESIAN_POINT ( 'NONE',  ( 1.139148386417631500, 0.3980000000000000200, -1.386067216619348400 ) ) ;
#8171 = B_SPLINE_CURVE_WITH_KNOTS ( 'NONE', 3,
 ( #3674, #8, #5889, #6606, #705, #7365, #802, #5951, #5125, #8116, #4479, #1450, #8840, #2977, #735, #3642, #4437, #2908, #9559 ),
 .UNSPECIFIED., .F., .F.,
 ( 4, 3, 3, 3, 3, 3, 4 ),
 ( 1.084202172485504400E-019, 4.538890169543045300E-005, 9.242150701179593900E-005, 0.0001068474804057011000, 0.0001215110909703209100, 0.0001287738515402292800, 0.0001302446196262710100 ),
 .UNSPECIFIED. ) ;
#8172 = EDGE_LOOP ( 'NONE', ( #6831, #4445, #5413, #4964 ) ) ;
#8173 = ORIENTED_EDGE ( 'NONE', *, *, #1069, .T. ) ;
#8174 = DIRECTION ( 'NONE',  ( 0.0000000000000000000, 1.000000000000000000, -0.0000000000000000000 ) ) ;
#8175 = DIRECTION ( 'NONE',  ( 0.0000000000000000000, 1.000000000000000000, 3.353527669678705300E-010 ) ) ;
#8176 = AXIS2_PLACEMENT_3D ( 'NONE', #3315, #368, #6165 ) ;
#8177 = CARTESIAN_POINT ( 'NONE',  ( -1.364772314527848800, 0.6000000000000007500, 1.263176986787587300 ) ) ;
#8178 = CARTESIAN_POINT ( 'NONE',  ( -0.6420000000000002400, 1.150000000000000100, 0.1050000000000000700 ) ) ;
#8179 = DIRECTION ( 'NONE',  ( -0.0000000000000000000, 1.000000000000000000, 0.0000000000000000000 ) ) ;
#8180 = EDGE_LOOP ( 'NONE', ( #1569, #5846 ) ) ;
#8181 = FILL_AREA_STYLE_COLOUR ( '', #724 ) ;
#8182 = FACE_OUTER_BOUND ( 'NONE', #8436, .T. ) ;
#8183 = EDGE_LOOP ( 'NONE', ( #4540, #1459, #8662, #8961 ) ) ;
#8184 = EDGE_CURVE ( 'NONE', #1527, #6625, #3732, .T. ) ;
#8185 = CIRCLE ( 'NONE', #1770, 0.02000000000000004900 ) ;
#8186 = CARTESIAN_POINT ( 'NONE',  ( -1.325026337631668400, 0.7907215304527223100, 1.346851624498494000 ) ) ;
#8187 = PLANE ( 'NONE',  #7405 ) ;
#8188 = AXIS2_PLACEMENT_3D ( 'NONE', #7907, #8027, #3584 ) ;
#8189 = AXIS2_PLACEMENT_3D ( 'NONE', #982, #6393, #7823 ) ;
#8190 = ORIENTED_EDGE ( 'NONE', *, *, #4570, .F. ) ;
#8191 = DIRECTION ( 'NONE',  ( 0.0000000000000000000, 0.0000000000000000000, -1.000000000000000000 ) ) ;
#8192 = CIRCLE ( 'NONE', #4589, 0.02249999999999995100 ) ;
#8193 = APPLICATION_CONTEXT ( 'automotive_design' ) ;
#8194 = VERTEX_POINT ( 'NONE', #2521 ) ;
#8195 = ADVANCED_FACE ( 'NONE', ( #8256 ), #388, .T. ) ;
#8196 = ADVANCED_FACE ( 'NONE', ( #8045 ), #1138, .T. ) ;
#8197 = FACE_OUTER_BOUND ( 'NONE', #2401, .T. ) ;
#8198 = EDGE_CURVE ( 'NONE', #3119, #8077, #1776, .T. ) ;
#8199 = CARTESIAN_POINT ( 'NONE',  ( 1.434782608695652600, 0.6000000000000004200, -1.130499522688999300 ) ) ;
#8200 = EDGE_LOOP ( 'NONE', ( #8049, #8912, #9057, #850 ) ) ;
#8201 = EDGE_LOOP ( 'NONE', ( #3900, #6255 ) ) ;
#8202 = ORIENTED_EDGE ( 'NONE', *, *, #2278, .T. ) ;
#8203 = CARTESIAN_POINT ( 'NONE',  ( -0.5895000000000000200, 1.150000000000000100, 0.2600000000000001200 ) ) ;
#8204 = DIRECTION ( 'NONE',  ( 0.0000000000000000000, 0.0000000000000000000, -1.000000000000000000 ) ) ;
#8205 = DIRECTION ( 'NONE',  ( 0.0000000000000000000, 1.000000000000000000, 0.0000000000000000000 ) ) ;
#8206 = CARTESIAN_POINT ( 'NONE',  ( -1.044524795898641700, 0.4943519535759132200, 1.446406961601320700 ) ) ;
#8207 = CARTESIAN_POINT ( 'NONE',  ( -1.500652173913044700, 0.3980000000000000200, -1.152083909450869200 ) ) ;
#8208 = ORIENTED_EDGE ( 'NONE', *, *, #5229, .F. ) ;
#8209 = DIRECTION ( 'NONE',  ( 0.0000000000000000000, 0.0000000000000000000, -1.000000000000000000 ) ) ;
#8210 = PLANE ( 'NONE',  #201 ) ;
#8211 = DIRECTION ( 'NONE',  ( -0.2079116908177526800, -1.143182770668715700E-015, -0.9781476007338070200 ) ) ;
#8212 = DIRECTION ( 'NONE',  ( 0.0000000000000000000, 1.000000000000000000, 0.0000000000000000000 ) ) ;
#8213 = DIRECTION ( 'NONE',  ( -9.853779100763939100E-016, 0.0000000000000000000, -1.000000000000000000 ) ) ;
#8214 = VECTOR ( 'NONE', #3283, 1000.000000000000000 ) ;
#8215 = CARTESIAN_POINT ( 'NONE',  ( 1.070876800134486400, 0.5052798089867222000, 1.425357872298324000 ) ) ;
#8216 = AXIS2_PLACEMENT_3D ( 'NONE', #9230, #6932, #364 ) ;
#8217 = FACE_OUTER_BOUND ( 'NONE', #1436, .T. ) ;
#8218 = EDGE_CURVE ( 'NONE', #1830, #877, #6563, .T. ) ;
#8219 = EDGE_CURVE ( 'NONE', #6067, #4289, #7474, .T. ) ;
#8220 = CARTESIAN_POINT ( 'NONE',  ( -1.086143485732988800, 0.4917242025559981400, 1.420614735107826000 ) ) ;
#8221 = DIRECTION ( 'NONE',  ( 0.0000000000000000000, 0.0000000000000000000, -1.000000000000000000 ) ) ;
#8222 = FACE_OUTER_BOUND ( 'NONE', #8751, .T. ) ;
#8223 = DIRECTION ( 'NONE',  ( 0.0000000000000000000, 0.0000000000000000000, -1.000000000000000000 ) ) ;
#8224 = DIRECTION ( 'NONE',  ( -0.0000000000000000000, 1.000000000000000000, -0.0000000000000000000 ) ) ;
#8225 = AXIS2_PLACEMENT_3D ( 'NONE', #4053, #378, #2581 ) ;
#8226 = CARTESIAN_POINT ( 'NONE',  ( 0.9879841896435035400, 0.005000000000000504900, 1.437978226564350400 ) ) ;
#8227 = PLANE ( 'NONE',  #255 ) ;
#8228 = PLANE ( 'NONE',  #6682 ) ;
#8229 = PLANE ( 'NONE',  #3022 ) ;
#8230 = LINE ( 'NONE', #6388, #5502 ) ;
#8231 = CARTESIAN_POINT ( 'NONE',  ( -1.483025801053531100, 0.3999999999999994700, -1.216804226708102100 ) ) ;
#8232 = CARTESIAN_POINT ( 'NONE',  ( -1.139148386417631500, 0.3979999999999994700, -1.386067216619346400 ) ) ;
#8233 = ADVANCED_FACE ( 'NONE', ( #2372 ), #4051, .T. ) ;
#8234 = ADVANCED_FACE ( 'NONE', ( #8495 ), #5757, .T. ) ;
#8235 = CARTESIAN_POINT ( 'NONE',  ( 1.099055418126314400, 0.2195099938507023600, 1.414369308137578800 ) ) ;
#8236 = DIRECTION ( 'NONE',  ( 0.9781476007338070200, -0.0000000000000000000, 0.2079116908177524600 ) ) ;
#8237 = CARTESIAN_POINT ( 'NONE',  ( -0.9570000000000001800, 1.200000000000000200, 1.171986986784016800E-016 ) ) ;
#8238 = ORIENTED_EDGE ( 'NONE', *, *, #8219, .T. ) ;
#8239 = PLANE ( 'NONE',  #4431 ) ;
#8240 = STYLED_ITEM ( 'NONE', ( #6809 ), #1404 ) ;
#8241 = PLANE ( 'NONE',  #9528 ) ;
#8242 = CYLINDRICAL_SURFACE ( 'NONE', #9157, 0.02250000000000005800 ) ;
#8243 = CARTESIAN_POINT ( 'NONE',  ( 1.093725115361734200, 0.4800991237088094700, 1.417828874908891000 ) ) ;
#8244 = EDGE_LOOP ( 'NONE', ( #1313, #4088 ) ) ;
#8245 = CARTESIAN_POINT ( 'NONE',  ( -0.8520000000000000900, 1.200000000000000200, -0.1049999999999999300 ) ) ;
#8246 = CIRCLE ( 'NONE', #7908, 0.02250000000000005800 ) ;
#8247 = ORIENTED_EDGE ( 'NONE', *, *, #6023, .F. ) ;
#8248 = DIRECTION ( 'NONE',  ( 0.0000000000000000000, 1.000000000000000000, 0.0000000000000000000 ) ) ;
#8249 = CIRCLE ( 'NONE', #2696, 0.02249999999999995100 ) ;
#8250 = ORIENTED_EDGE ( 'NONE', *, *, #4332, .F. ) ;
#8251 = CARTESIAN_POINT ( 'NONE',  ( -0.5370000000000001400, 1.200000000000000200, 6.576353311421284500E-017 ) ) ;
#8252 = EDGE_LOOP ( 'NONE', ( #9505, #632 ) ) ;
#8253 = AXIS2_PLACEMENT_3D ( 'NONE', #4816, #3259, #4024 ) ;
#8254 = ORIENTED_EDGE ( 'NONE', *, *, #9249, .T. ) ;
#8255 = DIRECTION ( 'NONE',  ( 0.0000000000000000000, -0.0000000000000000000, 1.000000000000000000 ) ) ;
#8256 = FACE_OUTER_BOUND ( 'NONE', #5279, .T. ) ;
#8257 = DIRECTION ( 'NONE',  ( -0.0000000000000000000, 1.000000000000000000, -0.0000000000000000000 ) ) ;
#8258 = LINE ( 'NONE', #4988, #5647 ) ;
#8259 = ORIENTED_EDGE ( 'NONE', *, *, #8492, .F. ) ;
#8260 = EDGE_LOOP ( 'NONE', ( #7839, #5390 ) ) ;
#8261 = EDGE_LOOP ( 'NONE', ( #8378, #6140 ) ) ;
#8262 = CARTESIAN_POINT ( 'NONE',  ( 1.083650699927993800, 0.4489655414475439700, 1.438090493968610600 ) ) ;
#8263 = EDGE_CURVE ( 'NONE', #8721, #6625, #7816, .T. ) ;
#8264 = CARTESIAN_POINT ( 'NONE',  ( 0.7742506094758344600, 0.5999999999999998700, -1.396287502959277400 ) ) ;
#8265 = EDGE_CURVE ( 'NONE', #9434, #4480, #6194, .T. ) ;
#8266 = CARTESIAN_POINT ( 'NONE',  ( -0.7995000000000002100, 1.200000000000000200, -0.1824999999999998800 ) ) ;
#8267 = CARTESIAN_POINT ( 'NONE',  ( -1.500000000000000000, 0.4000000000000000200, 0.9386950364355507400 ) ) ;
#8268 = LINE ( 'NONE', #2918, #3513 ) ;
#8269 = CARTESIAN_POINT ( 'NONE',  ( -0.6420000000000002400, 1.086360389693210800, -0.1049999999999999500 ) ) ;
#8270 = FACE_OUTER_BOUND ( 'NONE', #3757, .T. ) ;
#8271 = CARTESIAN_POINT ( 'NONE',  ( 0.6187541509432499300, 0.7907215304527238600, 1.496974412104149100 ) ) ;
#8272 = ORIENTED_EDGE ( 'NONE', *, *, #1520, .F. ) ;
#8273 = EDGE_LOOP ( 'NONE', ( #9215, #4354, #4838, #6561 ) ) ;
#8274 = CARTESIAN_POINT ( 'NONE',  ( 1.279941855525978100, 1.200000000000000200, -1.134750653960801900 ) ) ;
#8275 = FACE_OUTER_BOUND ( 'NONE', #3205, .T. ) ;
#8276 = VERTEX_POINT ( 'NONE', #4235 ) ;
#8277 = VERTEX_POINT ( 'NONE', #4171 ) ;
#8278 = CARTESIAN_POINT ( 'NONE',  ( 0.6000000000000004200, 0.3999999999999997400, -1.499999999999999800 ) ) ;
#8279 = ORIENTED_EDGE ( 'NONE', *, *, #5202, .T. ) ;
#8280 = CARTESIAN_POINT ( 'NONE',  ( -1.095906401678474300, 0.4735319854685559000, 1.416770483727941300 ) ) ;
#8281 = EDGE_LOOP ( 'NONE', ( #9281, #8608 ) ) ;
#8282 = EDGE_CURVE ( 'NONE', #9469, #9389, #5528, .T. ) ;
#8283 = EDGE_LOOP ( 'NONE', ( #4604, #8048 ) ) ;
#8284 = DIRECTION ( 'NONE',  ( 0.0000000000000000000, 1.000000000000000000, 0.0000000000000000000 ) ) ;
#8285 =( GEOMETRIC_REPRESENTATION_CONTEXT ( 3 ) GLOBAL_UNCERTAINTY_ASSIGNED_CONTEXT ( ( #3894 ) ) GLOBAL_UNIT_ASSIGNED_CONTEXT ( ( #708, #4356, #4422 ) ) REPRESENTATION_CONTEXT ( 'NONE', 'WORKASPACE' ) );
#8286 = CARTESIAN_POINT ( 'NONE',  ( 0.6000000000000004200, 0.0000000000000000000, 1.499999999999999800 ) ) ;
#8287 = EDGE_CURVE ( 'NONE', #896, #6034, #8249, .T. ) ;
#8288 = EDGE_CURVE ( 'NONE', #3879, #8532, #961, .T. ) ;
#8289 = ORIENTED_EDGE ( 'NONE', *, *, #9007, .T. ) ;
#8290 = ADVANCED_FACE ( 'NONE', ( #4327 ), #575, .T. ) ;
#8291 = ORIENTED_EDGE ( 'NONE', *, *, #7867, .F. ) ;
#8292 = VECTOR ( 'NONE', #3058, 1000.000000000000000 ) ;
#8293 = ORIENTED_EDGE ( 'NONE', *, *, #3354, .F. ) ;
#8294 = VERTEX_POINT ( 'NONE', #2391 ) ;
#8295 = SURFACE_SIDE_STYLE ('',( #169 ) ) ;
#8296 = DIRECTION ( 'NONE',  ( -0.0000000000000000000, 1.000000000000000000, -0.0000000000000000000 ) ) ;
#8297 = DIRECTION ( 'NONE',  ( 0.0000000000000000000, 0.0000000000000000000, 1.000000000000000000 ) ) ;
#8298 = CARTESIAN_POINT ( 'NONE',  ( 1.499999999999999600, 0.4000000000000002400, 0.5603006523856115500 ) ) ;
#8299 = B_SPLINE_CURVE_WITH_KNOTS ( 'NONE', 3,
 ( #1315, #4238, #1969, #6532 ),
 .UNSPECIFIED., .F., .F.,
 ( 4, 4 ),
 ( 0.0000000000000000000, 1.000000000000000000 ),
 .UNSPECIFIED. ) ;
#8300 = ORIENTED_EDGE ( 'NONE', *, *, #7092, .T. ) ;
#8301 = CARTESIAN_POINT ( 'NONE',  ( -0.7995000000000001000, 1.200000000000000200, 0.2050000000000000400 ) ) ;
#8302 =( LENGTH_UNIT ( ) NAMED_UNIT ( * ) SI_UNIT ( .MILLI., .METRE. ) );
#8303 = CIRCLE ( 'NONE', #8669, 0.02250000000000005800 ) ;
#8304 = ORIENTED_EDGE ( 'NONE', *, *, #7166, .F. ) ;
#8305 = CARTESIAN_POINT ( 'NONE',  ( 0.9838259558271486000, 0.02500000000000048700, 1.418415274549673900 ) ) ;
#8306 = CARTESIAN_POINT ( 'NONE',  ( -1.494333439331074300, 0.3980000000000000200, 1.199107521604178000 ) ) ;
#8307 = DIRECTION ( 'NONE',  ( 0.0000000000000000000, 0.0000000000000000000, 1.000000000000000000 ) ) ;
#8308 = CARTESIAN_POINT ( 'NONE',  ( -0.4870000000000001500, 1.150000000000000100, 0.1800000000000001000 ) ) ;
#8309 = CARTESIAN_POINT ( 'NONE',  ( 1.425167938609022400, 0.3999999999999817600, -1.296781223733488400 ) ) ;
#8310 = CIRCLE ( 'NONE', #4142, 0.02250000000000005800 ) ;
#8311 = CARTESIAN_POINT ( 'NONE',  ( -0.5370000000000001400, 1.200000000000000200, 0.02250000000000001000 ) ) ;
#8312 = EDGE_CURVE ( 'NONE', #2622, #8504, #181, .T. ) ;
#8313 = ORIENTED_EDGE ( 'NONE', *, *, #714, .F. ) ;
#8314 = EDGE_LOOP ( 'NONE', ( #3321, #2876 ) ) ;
#8315 = EDGE_LOOP ( 'NONE', ( #1802, #693 ) ) ;
#8316 = PLANE ( 'NONE',  #3229 ) ;
#8317 = AXIS2_PLACEMENT_3D ( 'NONE', #7731, #3242, #8420 ) ;
#8318 = DIRECTION ( 'NONE',  ( 0.0000000000000000000, 1.000000000000000000, 0.0000000000000000000 ) ) ;
#8319 = AXIS2_PLACEMENT_3D ( 'NONE', #912, #1642, #8223 ) ;
#8320 = CARTESIAN_POINT ( 'NONE',  ( -0.9810276901786592100, 0.4536657026593430300, 1.436260626851003600 ) ) ;
#8321 = DIRECTION ( 'NONE',  ( -0.0000000000000000000, 1.000000000000000000, -0.0000000000000000000 ) ) ;
#8322 = CARTESIAN_POINT ( 'NONE',  ( 1.112311886535745100, 0.02500000000000052900, 1.411551558792583300 ) ) ;
#8323 = VERTEX_POINT ( 'NONE', #180 ) ;
#8324 = EDGE_CURVE ( 'NONE', #7159, #7872, #6896, .T. ) ;
#8325 = CYLINDRICAL_SURFACE ( 'NONE', #2798, 0.2200581444740221400 ) ;
#8326 = DIRECTION ( 'NONE',  ( 0.0000000000000000000, 1.000000000000000000, -0.0000000000000000000 ) ) ;
#8327 = CARTESIAN_POINT ( 'NONE',  ( -0.6420000000000002400, 1.150000000000000100, -0.08250000000000001800 ) ) ;
#8328 = ORIENTED_EDGE ( 'NONE', *, *, #1474, .F. ) ;
#8329 = CARTESIAN_POINT ( 'NONE',  ( 1.500652173913045600, 0.3979999999999995200, -3.285132582631078400E-016 ) ) ;
#8330 = DIRECTION ( 'NONE',  ( 0.0000000000000000000, 0.0000000000000000000, 1.000000000000000000 ) ) ;
#8331 = CIRCLE ( 'NONE', #485, 0.02250000000000005800 ) ;
#8332 = DIRECTION ( 'NONE',  ( 0.9781476007338070200, 0.0000000000000000000, 0.2079116908177526300 ) ) ;
#8333 = CARTESIAN_POINT ( 'NONE',  ( -0.6604745430351493000, 0.3999999999999999100, -1.487145739063882900 ) ) ;
#8334 = ADVANCED_FACE ( 'NONE', ( #8605 ), #4897, .T. ) ;
#8335 = DIRECTION ( 'NONE',  ( -0.2079116908177528200, -1.143494478793303900E-015, -0.9781476007338069100 ) ) ;
#8336 = CARTESIAN_POINT ( 'NONE',  ( -0.8520000000000000900, 1.150000000000000100, 0.1050000000000000800 ) ) ;
#8337 = FACE_OUTER_BOUND ( 'NONE', #3326, .T. ) ;
#8338 = CARTESIAN_POINT ( 'NONE',  ( -0.5895000000000000200, 1.150000000000000100, 0.2375000000000002100 ) ) ;
#8339 = CARTESIAN_POINT ( 'NONE',  ( -0.2711462582846209100, 0.2195099938507022200, -1.903468931797478000 ) ) ;
#8340 = CARTESIAN_POINT ( 'NONE',  ( -0.5895000000000000200, 1.200000000000000200, 0.2825000000000000800 ) ) ;
#8341 = DIRECTION ( 'NONE',  ( -0.06823212742845996500, 0.9975640502598247500, 0.01450318640162367700 ) ) ;
#8342 = EDGE_CURVE ( 'NONE', #8602, #1451, #2009, .T. ) ;
#8343 =( GEOMETRIC_REPRESENTATION_CONTEXT ( 3 ) GLOBAL_UNCERTAINTY_ASSIGNED_CONTEXT ( ( #6251 ) ) GLOBAL_UNIT_ASSIGNED_CONTEXT ( ( #8302, #4696, #9021 ) ) REPRESENTATION_CONTEXT ( 'NONE', 'WORKASPACE' ) );
#8344 = EDGE_CURVE ( 'NONE', #2771, #1072, #376, .T. ) ;
#8345 = EDGE_CURVE ( 'NONE', #7719, #3885, #7091, .T. ) ;
#8346 =( NAMED_UNIT ( * ) SI_UNIT ( $, .STERADIAN. ) SOLID_ANGLE_UNIT ( ) );
#8347 = CARTESIAN_POINT ( 'NONE',  ( -0.7995000000000002100, 1.200000000000000200, -0.1824999999999998800 ) ) ;
#8348 = CARTESIAN_POINT ( 'NONE',  ( -1.495433844132951800, 0.7859971220077191000, 1.134453013459255000 ) ) ;
#8349 = DIRECTION ( 'NONE',  ( -0.0000000000000000000, 1.000000000000000000, -0.0000000000000000000 ) ) ;
#8350 = CARTESIAN_POINT ( 'NONE',  ( 0.9726271258130596600, 0.02639512947488287600, 1.461689283146796200 ) ) ;
#8351 = STYLED_ITEM ( 'NONE', ( #2731 ), #4759 ) ;
#8352 = VECTOR ( 'NONE', #389, 1000.000000000000000 ) ;
#8353 = CARTESIAN_POINT ( 'NONE',  ( 1.500652173913043400, 0.8020000000000001600, 0.9422407747293415300 ) ) ;
#8354 =( NAMED_UNIT ( * ) PLANE_ANGLE_UNIT ( ) SI_UNIT ( $, .RADIAN. ) );
#8355 = AXIS2_PLACEMENT_3D ( 'NONE', #5500, #344, #5571 ) ;
#8356 = CARTESIAN_POINT ( 'NONE',  ( -0.5390000000000001500, 1.150000000000000100, 0.1575000000000000300 ) ) ;
#8357 = EDGE_LOOP ( 'NONE', ( #5414, #3537 ) ) ;
#8358 =( NAMED_UNIT ( * ) SI_UNIT ( $, .STERADIAN. ) SOLID_ANGLE_UNIT ( ) );
#8359 = CARTESIAN_POINT ( 'NONE',  ( 1.456075528454151800, 0.3999999999999999700, 1.271004276765402000 ) ) ;
#8360 = B_SPLINE_CURVE_WITH_KNOTS ( 'NONE', 3,
 ( #4139, #1836, #9202, #9262, #1158, #7073, #2578, #9163, #7099, #7835, #2615, #1132, #4007, #7801, #4101, #4777 ),
 .UNSPECIFIED., .F., .F.,
 ( 4, 3, 3, 3, 3, 4 ),
 ( 3.556860687562118700E-018, 1.546792677631255300E-005, 3.599401640778163600E-005, 5.579884797812118300E-005, 7.530161470830432200E-005, 9.493170204952946200E-005 ),
 .UNSPECIFIED. ) ;
#8361 = ORIENTED_EDGE ( 'NONE', *, *, #1584, .T. ) ;
#8362 = CARTESIAN_POINT ( 'NONE',  ( -0.4870000000000002100, 1.086360389693210800, -0.1574999999999999700 ) ) ;
#8363 = EDGE_CURVE ( 'NONE', #9045, #2510, #5520, .T. ) ;
#8364 = CARTESIAN_POINT ( 'NONE',  ( -1.500000000000000000, 0.8000000000000002700, 1.156361065365217200 ) ) ;
#8365 = AXIS2_PLACEMENT_3D ( 'NONE', #3330, #8513, #4082 ) ;
#8366 = FACE_OUTER_BOUND ( 'NONE', #5925, .T. ) ;
#8367 = CARTESIAN_POINT ( 'NONE',  ( 1.046931509210467800, 0.4943519535759149400, 1.445895398894833100 ) ) ;
#8368 = DIRECTION ( 'NONE',  ( 0.0000000000000000000, 0.0000000000000000000, -1.000000000000000000 ) ) ;
#8369 = EDGE_LOOP ( 'NONE', ( #8106, #3082, #2147, #1635 ) ) ;
#8370 =( LENGTH_UNIT ( ) NAMED_UNIT ( * ) SI_UNIT ( .MILLI., .METRE. ) );
#8371 = FACE_OUTER_BOUND ( 'NONE', #6267, .T. ) ;
#8372 = STYLED_ITEM ( 'NONE', ( #2837 ), #6177 ) ;
#8373 = ORIENTED_EDGE ( 'NONE', *, *, #8779, .T. ) ;
#8374 = CIRCLE ( 'NONE', #4499, 0.02249999999999995100 ) ;
#8375 = CIRCLE ( 'NONE', #4258, 0.02000000000000010100 ) ;
#8376 = ORIENTED_EDGE ( 'NONE', *, *, #1955, .T. ) ;
#8377 = CARTESIAN_POINT ( 'NONE',  ( -1.103213651942669000, 0.4529234108412455400, 1.433932260152255700 ) ) ;
#8378 = ORIENTED_EDGE ( 'NONE', *, *, #3077, .F. ) ;
#8379 = DIRECTION ( 'NONE',  ( 0.0000000000000000000, 1.000000000000000000, 0.0000000000000000000 ) ) ;
#8380 = ORIENTED_EDGE ( 'NONE', *, *, #3393, .T. ) ;
#8381 = CARTESIAN_POINT ( 'NONE',  ( 1.466277338441463400, 0.3999999999999999700, -1.247566489699313700 ) ) ;
#8382 = CARTESIAN_POINT ( 'NONE',  ( -1.500000000000000000, 0.3999999999999997400, 1.130499522727402200 ) ) ;
#8383 = ADVANCED_FACE ( 'NONE', ( #1766 ), #7660, .F. ) ;
#8384 = ORIENTED_EDGE ( 'NONE', *, *, #6528, .T. ) ;
#8385 = CARTESIAN_POINT ( 'NONE',  ( 1.138152845492629500, 0.6000000000000003100, -1.318937694887520700 ) ) ;
#8386 = CARTESIAN_POINT ( 'NONE',  ( -0.8520000000000000900, 1.150000000000000100, 0.08250000000000003200 ) ) ;
#8387 = DIRECTION ( 'NONE',  ( 0.0000000000000000000, 1.000000000000000000, 0.0000000000000000000 ) ) ;
#8388 = CIRCLE ( 'NONE', #8018, 0.02250000000000005800 ) ;
#8389 = DIRECTION ( 'NONE',  ( 1.151319970040858700E-010, -3.530749546731733900E-010, -1.000000000000000000 ) ) ;
#8390 = CARTESIAN_POINT ( 'NONE',  ( 1.500000000000000900, 0.4000000000000000200, 0.9386950364355499700 ) ) ;
#8391 = VERTEX_POINT ( 'NONE', #1052 ) ;
#8392 = VERTEX_POINT ( 'NONE', #4756 ) ;
#8393 = DIRECTION ( 'NONE',  ( -0.0000000000000000000, 1.000000000000000000, -0.0000000000000000000 ) ) ;
#8394 = FACE_BOUND ( 'NONE', #9445, .T. ) ;
#8395 = ORIENTED_EDGE ( 'NONE', *, *, #1734, .F. ) ;
#8396 = FILL_AREA_STYLE ('',( #3226 ) ) ;
#8397 = EDGE_CURVE ( 'NONE', #2390, #3198, #837, .T. ) ;
#8398 = CARTESIAN_POINT ( 'NONE',  ( -0.5390000000000001500, 1.150000000000000100, -0.1800000000000000500 ) ) ;
#8399 = ORIENTED_EDGE ( 'NONE', *, *, #2681, .T. ) ;
#8400 = SURFACE_STYLE_USAGE ( .BOTH. , #154 ) ;
#8401 = CYLINDRICAL_SURFACE ( 'NONE', #5176, 0.2200581444740219200 ) ;
#8402 = DIRECTION ( 'NONE',  ( 4.452128847592692000E-016, -1.000000000000000000, 1.074407905678802600E-015 ) ) ;
#8403 = ORIENTED_EDGE ( 'NONE', *, *, #2523, .T. ) ;
#8404 = EDGE_LOOP ( 'NONE', ( #5400, #7530, #4006, #5861 ) ) ;
#8405 = ORIENTED_EDGE ( 'NONE', *, *, #6195, .T. ) ;
#8406 = DIRECTION ( 'NONE',  ( 0.0000000000000000000, 0.0000000000000000000, 1.000000000000000000 ) ) ;
#8407 = DIRECTION ( 'NONE',  ( 0.9781476007338102400, 1.385628081032940300E-015, -0.2079116908177385300 ) ) ;
#8408 = CARTESIAN_POINT ( 'NONE',  ( 0.9684212376288273700, 0.02500000000000050400, 1.442136460380705000 ) ) ;
#8409 = DIRECTION ( 'NONE',  ( 0.0000000000000000000, -0.0000000000000000000, -1.000000000000000000 ) ) ;
#8410 = EDGE_LOOP ( 'NONE', ( #1311, #2861 ) ) ;
#8411 = AXIS2_PLACEMENT_3D ( 'NONE', #5190, #3803, #5221 ) ;
#8412 = CIRCLE ( 'NONE', #9336, 0.02250000000000005800 ) ;
#8413 = ORIENTED_EDGE ( 'NONE', *, *, #6584, .F. ) ;
#8414 = CARTESIAN_POINT ( 'NONE',  ( 0.9700624686531282800, 0.4080762362277948800, 1.418648403576475000 ) ) ;
#8415 = EDGE_CURVE ( 'NONE', #4694, #5305, #4087, .T. ) ;
#8416 =( NAMED_UNIT ( * ) PLANE_ANGLE_UNIT ( ) SI_UNIT ( $, .RADIAN. ) );
#8417 = VECTOR ( 'NONE', #4705, 1000.000000000000000 ) ;
#8418 = ORIENTED_EDGE ( 'NONE', *, *, #2681, .F. ) ;
#8419 = CARTESIAN_POINT ( 'NONE',  ( 1.499999999999999800, 0.8000000000000001600, -0.9422711519448042600 ) ) ;
#8420 = DIRECTION ( 'NONE',  ( 0.0000000000000000000, 0.0000000000000000000, -1.000000000000000000 ) ) ;
#8421 = VECTOR ( 'NONE', #8179, 1000.000000000000000 ) ;
#8422 = EDGE_LOOP ( 'NONE', ( #1236, #141, #7281, #3398 ) ) ;
#8423 = ORIENTED_EDGE ( 'NONE', *, *, #2404, .T. ) ;
#8424 =( NAMED_UNIT ( * ) PLANE_ANGLE_UNIT ( ) SI_UNIT ( $, .RADIAN. ) );
#8425 = CARTESIAN_POINT ( 'NONE',  ( -0.8520000000000000900, 1.150000000000000100, -0.1049999999999999300 ) ) ;
#8426 = CARTESIAN_POINT ( 'NONE',  ( -2.065876716699285100, 0.6000000000000022000, -1.130499522767035800 ) ) ;
#8427 = DIRECTION ( 'NONE',  ( 0.0000000000000000000, -0.0000000000000000000, -1.000000000000000000 ) ) ;
#8428 = CARTESIAN_POINT ( 'NONE',  ( -0.7470000000000001100, 1.200000000000000200, 0.02250000000000011700 ) ) ;
#8429 = CARTESIAN_POINT ( 'NONE',  ( 1.254789758563505300, 0.6000000000000000900, 1.294145753681369900 ) ) ;
#8430 = B_SPLINE_CURVE_WITH_KNOTS ( 'NONE', 3,
 ( #2398, #8309, #7745, #4047 ),
 .UNSPECIFIED., .F., .F.,
 ( 4, 4 ),
 ( 0.0000000000000000000, 1.000000000000000000 ),
 .UNSPECIFIED. ) ;
#8431 = FACE_OUTER_BOUND ( 'NONE', #1880, .T. ) ;
#8432 = AXIS2_PLACEMENT_3D ( 'NONE', #2791, #7942, #2718 ) ;
#8433 = DIRECTION ( 'NONE',  ( -0.9781476007338069100, -0.0000000000000000000, 0.2079116908177528800 ) ) ;
#8434 = CARTESIAN_POINT ( 'NONE',  ( -1.456249050019732700, 0.8020000000000001600, 1.276240430623325700 ) ) ;
#8435 = ORIENTED_EDGE ( 'NONE', *, *, #9345, .F. ) ;
#8436 = EDGE_LOOP ( 'NONE', ( #9553, #7314, #9399, #3725 ) ) ;
#8437 = ORIENTED_EDGE ( 'NONE', *, *, #4418, .T. ) ;
#8438 = CARTESIAN_POINT ( 'NONE',  ( -1.005398891869289500, 0.4529234108412327200, 1.454723429234030800 ) ) ;
#8439 = CARTESIAN_POINT ( 'NONE',  ( -0.8520000000000000900, 1.150000000000000100, 0.1050000000000000800 ) ) ;
#8440 = CARTESIAN_POINT ( 'NONE',  ( -1.096907168337423900, 0.02500000000000052900, 1.435272744623614900 ) ) ;
#8441 = CARTESIAN_POINT ( 'NONE',  ( 1.500000000000000900, 0.3999999999999999700, -1.308699094496986100 ) ) ;
#8442 = EDGE_LOOP ( 'NONE', ( #1926, #3715 ) ) ;
#8443 = DIRECTION ( 'NONE',  ( 0.9781476007338102400, -1.385628081032940300E-015, 0.2079116908177385300 ) ) ;
#8444 = DIRECTION ( 'NONE',  ( -0.0000000000000000000, 1.000000000000000000, -0.0000000000000000000 ) ) ;
#8445 = CARTESIAN_POINT ( 'NONE',  ( -1.475920770540542400, 0.4110898007738665300, -1.225382460872843600 ) ) ;
#8446 = AXIS2_PLACEMENT_3D ( 'NONE', #3570, #1268, #7915 ) ;
#8447 = FACE_OUTER_BOUND ( 'NONE', #2470, .T. ) ;
#8448 = CARTESIAN_POINT ( 'NONE',  ( 1.350177882894612300, 0.4082297417193675400, 1.337729000203664600 ) ) ;
#8449 = CARTESIAN_POINT ( 'NONE',  ( -1.057000000000000200, 1.200000000000000200, 1.171986986784016800E-016 ) ) ;
#8450 =( NAMED_UNIT ( * ) SI_UNIT ( $, .STERADIAN. ) SOLID_ANGLE_UNIT ( ) );
#8451 = FACE_OUTER_BOUND ( 'NONE', #4563, .T. ) ;
#8452 = CARTESIAN_POINT ( 'NONE',  ( 1.500000000000001300, 0.8000000000000016000, -0.5624734095306167500 ) ) ;
#8453 = DIRECTION ( 'NONE',  ( -1.000000000000000000, 0.0000000000000000000, 0.0000000000000000000 ) ) ;
#8454 = EDGE_CURVE ( 'NONE', #4613, #4619, #4207, .T. ) ;
#8455 = CIRCLE ( 'NONE', #1367, 0.02250000000000005800 ) ;
#8456 = PLANE ( 'NONE',  #6038 ) ;
#8457 = DIRECTION ( 'NONE',  ( 0.0000000000000000000, 1.000000000000000000, 0.0000000000000000000 ) ) ;
#8458 = CARTESIAN_POINT ( 'NONE',  ( -0.7470000000000000000, 1.150000000000000100, 0.2849999999999999800 ) ) ;
#8459 = CARTESIAN_POINT ( 'NONE',  ( -0.7743625588895215500, 0.5999999999999992000, 1.396263707376824700 ) ) ;
#8460 = DIRECTION ( 'NONE',  ( 0.0000000000000000000, 0.0000000000000000000, -1.000000000000000000 ) ) ;
#8461 = MANIFOLD_SOLID_BREP ( 'Boss-Extrude7[17]', #7065 ) ;
#8462 = SURFACE_SIDE_STYLE ('',( #5930 ) ) ;
#8463 = CARTESIAN_POINT ( 'NONE',  ( -1.094897184309959500, 0.2195099938507023600, 1.394806356122902700 ) ) ;
#8464 = DIRECTION ( 'NONE',  ( 0.0000000000000000000, -0.0000000000000000000, -1.000000000000000000 ) ) ;
#8465 = EDGE_CURVE ( 'NONE', #7719, #5162, #1658, .T. ) ;
#8466 = CIRCLE ( 'NONE', #7088, 0.02250000000000005800 ) ;
#8467 = MECHANICAL_DESIGN_GEOMETRIC_PRESENTATION_REPRESENTATION (  '', ( #3683 ), #2835 ) ;
#8468 = DIRECTION ( 'NONE',  ( 0.0000000000000000000, 1.000000000000000000, 0.0000000000000000000 ) ) ;
#8469 = EDGE_CURVE ( 'NONE', #4211, #8647, #8710, .T. ) ;
#8470 = DIRECTION ( 'NONE',  ( 0.0000000000000000000, 0.0000000000000000000, -1.000000000000000000 ) ) ;
#8471 = ORIENTED_EDGE ( 'NONE', *, *, #3819, .F. ) ;
#8472 = CIRCLE ( 'NONE', #2113, 0.6000000000000000900 ) ;
#8473 = CARTESIAN_POINT ( 'NONE',  ( 1.495417178423072100, 0.7861120233227434400, 1.139531019962618300 ) ) ;
#8474 = ADVANCED_FACE ( 'NONE', ( #2253 ), #7922, .T. ) ;
#8475 = CARTESIAN_POINT ( 'NONE',  ( -1.027891860633221000, 0.5599999999999998300, 1.368155153542616400 ) ) ;
#8476 = ORIENTED_EDGE ( 'NONE', *, *, #6124, .T. ) ;
#8477 = EDGE_LOOP ( 'NONE', ( #9168, #2714, #1561, #7519 ) ) ;
#8478 = CARTESIAN_POINT ( 'NONE',  ( 0.6200000000000000000, 0.8000000000000001600, -1.500000000000000000 ) ) ;
#8479 = LINE ( 'NONE', #7134, #5971 ) ;
#8480 = SURFACE_STYLE_FILL_AREA ( #7891 ) ;
#8481 = DIRECTION ( 'NONE',  ( 0.0000000000000000000, 1.000000000000000000, -0.0000000000000000000 ) ) ;
#8482 = CARTESIAN_POINT ( 'NONE',  ( -0.9045000000000001900, 1.200000000000000200, -0.2599999999999999500 ) ) ;
#8483 = VECTOR ( 'NONE', #9064, 999.9999999999998900 ) ;
#8484 = EDGE_LOOP ( 'NONE', ( #4971, #9294, #7735, #6472 ) ) ;
#8485 =( LENGTH_UNIT ( ) NAMED_UNIT ( * ) SI_UNIT ( .MILLI., .METRE. ) );
#8486 = CARTESIAN_POINT ( 'NONE',  ( -1.279941855525978100, 0.3999999999999999700, 1.130499522727402200 ) ) ;
#8487 = EDGE_LOOP ( 'NONE', ( #6978, #768, #6558, #7379 ) ) ;
#8488 = B_SPLINE_CURVE_WITH_KNOTS ( 'NONE', 3,
 ( #5769, #1289, #7458, #8899, #1540, #2316, #8215, #8935, #4545, #6047, #3072, #8243, #8978, #2434, #3835, #4572 ),
 .UNSPECIFIED., .F., .F.,
 ( 4, 3, 3, 3, 3, 4 ),
 ( 4.911328137975851100E-018, 1.106923339393745200E-005, 3.173537407813896200E-005, 5.293017124513892900E-005, 7.416193407791249500E-005, 9.537473738840727800E-005 ),
 .UNSPECIFIED. ) ;
#8489 = CARTESIAN_POINT ( 'NONE',  ( -0.9550000000000000700, 1.150000000000000100, -0.1799999999999999900 ) ) ;
#8490 = LINE ( 'NONE', #3908, #9515 ) ;
#8491 = EDGE_LOOP ( 'NONE', ( #5794, #5435 ) ) ;
#8492 = EDGE_CURVE ( 'NONE', #9069, #3620, #6217, .T. ) ;
#8493 = CARTESIAN_POINT ( 'NONE',  ( -0.9684599935771948100, 0.7999999999999980500, 1.425932541885674300 ) ) ;
#8494 = LINE ( 'NONE', #1006, #960 ) ;
#8495 = FACE_OUTER_BOUND ( 'NONE', #1354, .T. ) ;
#8496 = DIRECTION ( 'NONE',  ( 0.9781476007338061300, 0.0000000000000000000, 0.2079116908177569600 ) ) ;
#8497 = ORIENTED_EDGE ( 'NONE', *, *, #2502, .T. ) ;
#8498 = CARTESIAN_POINT ( 'NONE',  ( 1.071688349425554900, 0.5237666662399129700, 1.371437190731543700 ) ) ;
#8499 = ORIENTED_EDGE ( 'NONE', *, *, #6935, .F. ) ;
#8500 = DIRECTION ( 'NONE',  ( 0.0000000000000000000, 0.0000000000000000000, 1.000000000000000000 ) ) ;
#8501 = EDGE_CURVE ( 'NONE', #6662, #5630, #6672, .T. ) ;
#8502 = AXIS2_PLACEMENT_3D ( 'NONE', #6829, #3815, #6739 ) ;
#8503 = CARTESIAN_POINT ( 'NONE',  ( -0.7470000000000001100, 1.200000000000000200, 0.1050000000000000400 ) ) ;
#8504 = VERTEX_POINT ( 'NONE', #4205 ) ;
#8505 = AXIS2_PLACEMENT_3D ( 'NONE', #9567, #1516, #1491 ) ;
#8506 = DIRECTION ( 'NONE',  ( 0.0000000000000000000, -0.0000000000000000000, 1.000000000000000000 ) ) ;
#8507 = CARTESIAN_POINT ( 'NONE',  ( -1.066426476551391800, 0.4943507479199376600, 1.441751615666977200 ) ) ;
#8508 = ORIENTED_EDGE ( 'NONE', *, *, #5069, .F. ) ;
#8509 = ORIENTED_EDGE ( 'NONE', *, *, #5965, .F. ) ;
#8510 = EDGE_CURVE ( 'NONE', #6542, #4848, #2422, .T. ) ;
#8511 = CARTESIAN_POINT ( 'NONE',  ( 1.495373060682283000, 0.4137851665574306400, 1.138198621978225900 ) ) ;
#8512 = ORIENTED_EDGE ( 'NONE', *, *, #4329, .F. ) ;
#8513 = DIRECTION ( 'NONE',  ( -0.0000000000000000000, 1.000000000000000000, -0.0000000000000000000 ) ) ;
#8514 = CYLINDRICAL_SURFACE ( 'NONE', #1126, 0.02249999999999993700 ) ;
#8515 = ORIENTED_EDGE ( 'NONE', *, *, #3439, .T. ) ;
#8516 = CYLINDRICAL_SURFACE ( 'NONE', #4292, 0.02249999999999992300 ) ;
#8517 = ORIENTED_EDGE ( 'NONE', *, *, #108, .F. ) ;
#8518 = ORIENTED_EDGE ( 'NONE', *, *, #8698, .T. ) ;
#8519 = ORIENTED_EDGE ( 'NONE', *, *, #8704, .F. ) ;
#8520 = CARTESIAN_POINT ( 'NONE',  ( 0.7743625588895253200, 0.5999999999999997600, 1.396263707376825800 ) ) ;
#8521 = DIRECTION ( 'NONE',  ( 1.807003620809173600E-016, -0.0000000000000000000, 1.000000000000000000 ) ) ;
#8522 = PLANE ( 'NONE',  #6354 ) ;
#8523 = DIRECTION ( 'NONE',  ( 0.0000000000000000000, 1.000000000000000000, -0.0000000000000000000 ) ) ;
#8524 = CIRCLE ( 'NONE', #186, 0.02250000000000005800 ) ;
#8525 = ORIENTED_EDGE ( 'NONE', *, *, #566, .T. ) ;
#8526 = CARTESIAN_POINT ( 'NONE',  ( -1.001240658052933800, 0.2195099938507023800, 1.435160477219354200 ) ) ;
#8527 = CARTESIAN_POINT ( 'NONE',  ( 1.495438813010397500, 0.7860123598985520000, 1.130499522767048200 ) ) ;
#8528 = ORIENTED_EDGE ( 'NONE', *, *, #3221, .F. ) ;
#8529 = DIRECTION ( 'NONE',  ( 0.0000000000000000000, 1.000000000000000000, -0.0000000000000000000 ) ) ;
#8530 = ORIENTED_EDGE ( 'NONE', *, *, #5723, .T. ) ;
#8531 = EDGE_CURVE ( 'NONE', #3054, #1527, #6554, .T. ) ;
#8532 = VERTEX_POINT ( 'NONE', #5829 ) ;
#8533 = CARTESIAN_POINT ( 'NONE',  ( -1.038323520164907300, 0.5191187156266754400, 1.417232253067217900 ) ) ;
#8534 = AXIS2_PLACEMENT_3D ( 'NONE', #4662, #184, #2358 ) ;
#8535 = CARTESIAN_POINT ( 'NONE',  ( -1.143807022165300900, 0.8020000000000003800, -1.389370635568484900 ) ) ;
#8536 = ADVANCED_FACE ( 'NONE', ( #9167 ), #5036, .T. ) ;
#8537 = CARTESIAN_POINT ( 'NONE',  ( -1.007000000000000100, 1.150000000000000100, 0.1575000000000000800 ) ) ;
#8538 = EDGE_CURVE ( 'NONE', #4592, #4952, #2700, .T. ) ;
#8539 = CARTESIAN_POINT ( 'NONE',  ( 1.496767590330928500, 0.3999999999999996900, -1.176018320456429000 ) ) ;
#8540 = CARTESIAN_POINT ( 'NONE',  ( 1.079885242267425000, 0.5092566819839400300, 1.375383304751378400 ) ) ;
#8541 = LINE ( 'NONE', #1828, #5442 ) ;
#8542 = CARTESIAN_POINT ( 'NONE',  ( -0.4370000000000001100, 1.086360389693210800, 4.127059713126576100E-017 ) ) ;
#8543 = CARTESIAN_POINT ( 'NONE',  ( -0.8520000000000000900, 1.150000000000000100, 0.1050000000000000800 ) ) ;
#8544 = EDGE_LOOP ( 'NONE', ( #1587, #8164, #1487, #5761 ) ) ;
#8545 = FACE_OUTER_BOUND ( 'NONE', #6438, .T. ) ;
#8546 = ORIENTED_EDGE ( 'NONE', *, *, #408, .F. ) ;
#8547 = ADVANCED_FACE ( 'NONE', ( #5037 ), #2579, .T. ) ;
#8548 = CIRCLE ( 'NONE', #6707, 0.02250000000000005800 ) ;
#8549 = AXIS2_PLACEMENT_3D ( 'NONE', #4063, #9192, #6400 ) ;
#8550 = DIRECTION ( 'NONE',  ( 0.0000000000000000000, 1.000000000000000000, 0.0000000000000000000 ) ) ;
#8551 = DIRECTION ( 'NONE',  ( 0.0000000000000000000, 0.0000000000000000000, 1.000000000000000000 ) ) ;
#8552 = CARTESIAN_POINT ( 'NONE',  ( 1.494364297051895300, 0.4132537811849967300, 1.155088192165396200 ) ) ;
#8553 = ORIENTED_EDGE ( 'NONE', *, *, #8265, .F. ) ;
#8554 = AXIS2_PLACEMENT_3D ( 'NONE', #8439, #3194, #6187 ) ;
#8555 = CARTESIAN_POINT ( 'NONE',  ( 0.9782522189186946300, 0.4575951436668139700, 1.423203061193381200 ) ) ;
#8556 = EDGE_LOOP ( 'NONE', ( #3155, #965 ) ) ;
#8557 = ORIENTED_EDGE ( 'NONE', *, *, #246, .T. ) ;
#8558 = CARTESIAN_POINT ( 'NONE',  ( 1.045195872731639700, 0.7907215304527304100, -1.406331425968170500 ) ) ;
#8559 = CARTESIAN_POINT ( 'NONE',  ( -0.6000000000000002000, 0.3999999999999999700, -1.499999999999999600 ) ) ;
#8560 = EDGE_CURVE ( 'NONE', #2969, #8863, #8375, .T. ) ;
#8561 = ORIENTED_EDGE ( 'NONE', *, *, #956, .T. ) ;
#8562 = AXIS2_PLACEMENT_3D ( 'NONE', #9229, #1175, #6397 ) ;
#8563 = CARTESIAN_POINT ( 'NONE',  ( -0.5390000000000001500, 1.150000000000000100, 0.1800000000000001000 ) ) ;
#8564 = B_SPLINE_CURVE_WITH_KNOTS ( 'NONE', 3,
 ( #4045, #3280, #4067, #9322, #2572 ),
 .UNSPECIFIED., .F., .F.,
 ( 4, 1, 4 ),
 ( 0.0000000000000000000, 3.931437992598450700E-006, 7.565302331836318000E-005 ),
 .UNSPECIFIED. ) ;
#8565 = EDGE_CURVE ( 'NONE', #8294, #8772, #3721, .T. ) ;
#8566 = DIRECTION ( 'NONE',  ( 0.0000000000000000000, 0.0000000000000000000, -1.000000000000000000 ) ) ;
#8567 = AXIS2_PLACEMENT_3D ( 'NONE', #3209, #5451, #5408 ) ;
#8568 =( GEOMETRIC_REPRESENTATION_CONTEXT ( 3 ) GLOBAL_UNCERTAINTY_ASSIGNED_CONTEXT ( ( #4513 ) ) GLOBAL_UNIT_ASSIGNED_CONTEXT ( ( #1629, #6817, #6755 ) ) REPRESENTATION_CONTEXT ( 'NONE', 'WORKASPACE' ) );
#8569 = CARTESIAN_POINT ( 'NONE',  ( -0.5931453759609348600, 0.6000000000000000900, -1.434782608695651400 ) ) ;
#8570 = CARTESIAN_POINT ( 'NONE',  ( 0.6200000000000000000, 0.8000000000000001600, -1.500000000000000000 ) ) ;
#8571 = ORIENTED_EDGE ( 'NONE', *, *, #2911, .T. ) ;
#8572 = DIRECTION ( 'NONE',  ( 0.0000000000000000000, -1.000000000000000000, 0.0000000000000000000 ) ) ;
#8573 = CARTESIAN_POINT ( 'NONE',  ( 1.051412972471373900, 0.5483848754981044400, 1.366975685496340900 ) ) ;
#8574 = CARTESIAN_POINT ( 'NONE',  ( -0.8387797047795302300, 0.7907215304525088100, -1.450206536901091900 ) ) ;
#8575 = FACE_OUTER_BOUND ( 'NONE', #7661, .T. ) ;
#8576 = PRESENTATION_LAYER_ASSIGNMENT (  '', '', ( #6115 ) ) ;
#8577 = DIRECTION ( 'NONE',  ( 0.9781476007338061300, 0.0000000000000000000, 0.2079116908177569600 ) ) ;
#8578 =( GEOMETRIC_REPRESENTATION_CONTEXT ( 3 ) GLOBAL_UNCERTAINTY_ASSIGNED_CONTEXT ( ( #1169 ) ) GLOBAL_UNIT_ASSIGNED_CONTEXT ( ( #2268, #1388, #5150 ) ) REPRESENTATION_CONTEXT ( 'NONE', 'WORKASPACE' ) );
#8579 = CARTESIAN_POINT ( 'NONE',  ( -0.7470000000000000000, 1.200000000000000200, -0.3074999999999999400 ) ) ;
#8580 = ADVANCED_FACE ( 'NONE', ( #4561 ), #3044, .F. ) ;
#8581 = ADVANCED_FACE ( 'NONE', ( #3502 ), #4454, .F. ) ;
#8582 = PLANE ( 'NONE',  #3345 ) ;
#8583 = EDGE_CURVE ( 'NONE', #2895, #8934, #1533, .T. ) ;
#8584 = DIRECTION ( 'NONE',  ( 0.0000000000000000000, 0.0000000000000000000, 1.000000000000000000 ) ) ;
#8585 =( NAMED_UNIT ( * ) SI_UNIT ( $, .STERADIAN. ) SOLID_ANGLE_UNIT ( ) );
#8586 = UNCERTAINTY_MEASURE_WITH_UNIT (LENGTH_MEASURE( 1.000000000000000100E-005 ), #8648, 'distance_accuracy_value', 'NONE');
#8587 = DIRECTION ( 'NONE',  ( 0.0000000000000000000, 1.000000000000000000, 0.0000000000000000000 ) ) ;
#8588 = EDGE_CURVE ( 'NONE', #6269, #2498, #5558, .T. ) ;
#8589 = ADVANCED_FACE ( 'NONE', ( #497 ), #614, .F. ) ;
#8590 = VECTOR ( 'NONE', #7855, 1000.000000000000000 ) ;
#8591 = SURFACE_SIDE_STYLE ('',( #1350 ) ) ;
#8592 = FILL_AREA_STYLE_COLOUR ( '', #72 ) ;
#8593 = CARTESIAN_POINT ( 'NONE',  ( 1.076461199171255800, 0.5249051094104260100, 1.308071865341457100 ) ) ;
#8594 = VERTEX_POINT ( 'NONE', #8311 ) ;
#8595 = DIRECTION ( 'NONE',  ( -0.0000000000000000000, -0.0000000000000000000, -1.000000000000000000 ) ) ;
#8596 = ORIENTED_EDGE ( 'NONE', *, *, #4898, .F. ) ;
#8597 = EDGE_CURVE ( 'NONE', #6236, #3645, #1077, .T. ) ;
#8598 = ORIENTED_EDGE ( 'NONE', *, *, #8597, .F. ) ;
#8599 = ORIENTED_EDGE ( 'NONE', *, *, #5207, .T. ) ;
#8600 = CARTESIAN_POINT ( 'NONE',  ( -1.414460314255410400, 0.7898541583014189200, -1.306136687766104000 ) ) ;
#8601 = SURFACE_SIDE_STYLE ('',( #4164 ) ) ;
#8602 = VERTEX_POINT ( 'NONE', #1669 ) ;
#8603 = FILL_AREA_STYLE ('',( #1167 ) ) ;
#8604 = DIRECTION ( 'NONE',  ( 0.0000000000000000000, 1.000000000000000000, -0.0000000000000000000 ) ) ;
#8605 = FACE_OUTER_BOUND ( 'NONE', #4919, .T. ) ;
#8606 = CARTESIAN_POINT ( 'NONE',  ( 1.185101324286973900, 0.7907215304527236400, -1.376593604226674600 ) ) ;
#8607 = ORIENTED_EDGE ( 'NONE', *, *, #832, .T. ) ;
#8608 = ORIENTED_EDGE ( 'NONE', *, *, #2773, .F. ) ;
#8609 = FACE_OUTER_BOUND ( 'NONE', #676, .T. ) ;
#8610 = AXIS2_PLACEMENT_3D ( 'NONE', #7863, #2735, #3396 ) ;
#8611 = ORIENTED_EDGE ( 'NONE', *, *, #9431, .F. ) ;
#8612 = DIRECTION ( 'NONE',  ( 0.9781476007338070200, 0.0000000000000000000, -0.2079116908177527400 ) ) ;
#8613 = ORIENTED_EDGE ( 'NONE', *, *, #8397, .F. ) ;
#8614 = CARTESIAN_POINT ( 'NONE',  ( -0.6420000000000002400, 1.150000000000000100, 0.08250000000000011500 ) ) ;
#8615 = DIRECTION ( 'NONE',  ( -0.0000000000000000000, 1.000000000000000000, -0.0000000000000000000 ) ) ;
#8616 = CARTESIAN_POINT ( 'NONE',  ( -0.6200000000000000000, 1.200000000000000200, 1.500000000000000000 ) ) ;
#8617 = EDGE_CURVE ( 'NONE', #8738, #4489, #5972, .T. ) ;
#8618 = CARTESIAN_POINT ( 'NONE',  ( -1.332087583558171600, 0.6000000000000000900, -1.277715593775932600 ) ) ;
#8619 = ADVANCED_FACE ( 'NONE', ( #3268 ), #3869, .T. ) ;
#8620 = PRODUCT_DEFINITION_FORMATION_WITH_SPECIFIED_SOURCE ( 'ANY', '', #4661, .NOT_KNOWN. ) ;
#8621 = ADVANCED_FACE ( 'NONE', ( #6448 ), #9509, .T. ) ;
#8622 = CARTESIAN_POINT ( 'NONE',  ( 1.041585265297846100, 0.5134737001386841000, 1.432577557429084200 ) ) ;
#8623 = DIRECTION ( 'NONE',  ( 0.0000000000000000000, 1.000000000000000000, 0.0000000000000000000 ) ) ;
#8624 = CARTESIAN_POINT ( 'NONE',  ( 1.040503743065264600, 0.5151592872853946200, 1.427489395369614400 ) ) ;
#8625 = FACE_OUTER_BOUND ( 'NONE', #5676, .T. ) ;
#8626 = AXIS2_PLACEMENT_3D ( 'NONE', #7038, #964, #9169 ) ;
#8627 = EDGE_LOOP ( 'NONE', ( #7001, #9190, #796, #6385 ) ) ;
#8628 = AXIS2_PLACEMENT_3D ( 'NONE', #8774, #9407, #1299 ) ;
#8629 = EDGE_LOOP ( 'NONE', ( #6878, #3088, #668, #7840, #2229, #8399 ) ) ;
#8630 = FACE_OUTER_BOUND ( 'NONE', #8477, .T. ) ;
#8631 = CARTESIAN_POINT ( 'NONE',  ( -0.5390000000000001500, 1.150000000000000100, -0.1574999999999999700 ) ) ;
#8632 = ADVANCED_FACE ( 'NONE', ( #8924 ), #8241, .T. ) ;
#8633 = ORIENTED_EDGE ( 'NONE', *, *, #6548, .T. ) ;
#8634 = DIRECTION ( 'NONE',  ( 0.0000000000000000000, -0.0000000000000000000, 1.000000000000000000 ) ) ;
#8635 = EDGE_CURVE ( 'NONE', #4371, #6931, #6998, .T. ) ;
#8636 = CARTESIAN_POINT ( 'NONE',  ( -1.109569398320966900, 2.864525369875850800E-016, 1.391687680760637100 ) ) ;
#8637 = ORIENTED_EDGE ( 'NONE', *, *, #6574, .T. ) ;
#8638 = ORIENTED_EDGE ( 'NONE', *, *, #4559, .F. ) ;
#8639 = ORIENTED_EDGE ( 'NONE', *, *, #3449, .F. ) ;
#8640 = CARTESIAN_POINT ( 'NONE',  ( 1.325739219917694700, 0.4080804732954011500, 1.343044699429669400 ) ) ;
#8641 = CARTESIAN_POINT ( 'NONE',  ( -0.4870000000000002100, 1.200000000000000200, -0.1800000000000000500 ) ) ;
#8642 = SURFACE_STYLE_FILL_AREA ( #5363 ) ;
#8643 = ORIENTED_EDGE ( 'NONE', *, *, #4529, .T. ) ;
#8644 =( NAMED_UNIT ( * ) PLANE_ANGLE_UNIT ( ) SI_UNIT ( $, .RADIAN. ) );
#8645 = FACE_OUTER_BOUND ( 'NONE', #3411, .T. ) ;
#8646 = ORIENTED_EDGE ( 'NONE', *, *, #2962, .T. ) ;
#8647 = VERTEX_POINT ( 'NONE', #7657 ) ;
#8648 =( LENGTH_UNIT ( ) NAMED_UNIT ( * ) SI_UNIT ( .MILLI., .METRE. ) );
#8649 = VECTOR ( 'NONE', #2405, 1000.000000000000100 ) ;
#8650 = ORIENTED_EDGE ( 'NONE', *, *, #4975, .T. ) ;
#8651 = CARTESIAN_POINT ( 'NONE',  ( -0.9818383461726587500, 0.4527416810792793100, 1.440074463448805600 ) ) ;
#8652 = AXIS2_PLACEMENT_3D ( 'NONE', #6617, #2156, #2888 ) ;
#8653 = CIRCLE ( 'NONE', #4204, 0.02249999999999995100 ) ;
#8654 = CLOSED_SHELL ( 'NONE', ( #7148, #6440, #6430, #8195 ) ) ;
#8655 = ORIENTED_EDGE ( 'NONE', *, *, #1349, .T. ) ;
#8656 = DIRECTION ( 'NONE',  ( -0.0000000000000000000, 1.000000000000000000, -0.0000000000000000000 ) ) ;
#8657 = EDGE_CURVE ( 'NONE', #8063, #642, #1918, .T. ) ;
#8658 = EDGE_CURVE ( 'NONE', #7287, #6139, #3846, .T. ) ;
#8659 = CARTESIAN_POINT ( 'NONE',  ( -1.044524795898641700, 0.4943519535759132200, 1.446406961601320700 ) ) ;
#8660 = DIRECTION ( 'NONE',  ( 0.0000000000000000000, 1.000000000000000000, 0.0000000000000000000 ) ) ;
#8661 = CYLINDRICAL_SURFACE ( 'NONE', #5670, 0.02000000000000005200 ) ;
#8662 = ORIENTED_EDGE ( 'NONE', *, *, #7244, .T. ) ;
#8663 = ORIENTED_EDGE ( 'NONE', *, *, #3391, .T. ) ;
#8664 = ORIENTED_EDGE ( 'NONE', *, *, #6834, .F. ) ;
#8665 = DIRECTION ( 'NONE',  ( -0.9781476007338040200, 0.0000000000000000000, -0.2079116908177673400 ) ) ;
#8666 = CARTESIAN_POINT ( 'NONE',  ( -0.7995000000000001000, 1.200000000000000200, 0.1825000000000000000 ) ) ;
#8667 = CARTESIAN_POINT ( 'NONE',  ( -1.495438813010248100, 0.7860123598980919300, -1.131797374092694800 ) ) ;
#8668 = DIRECTION ( 'NONE',  ( 0.0000000000000000000, 0.0000000000000000000, 1.000000000000000000 ) ) ;
#8669 = AXIS2_PLACEMENT_3D ( 'NONE', #9236, #4836, #2515 ) ;
#8670 = DIRECTION ( 'NONE',  ( 0.0000000000000000000, -1.000000000000000000, 0.0000000000000000000 ) ) ;
#8671 = CARTESIAN_POINT ( 'NONE',  ( 1.325065461210387400, 0.7907215304527226400, -1.346843308525119000 ) ) ;
#8672 = ORIENTED_EDGE ( 'NONE', *, *, #3200, .T. ) ;
#8673 = CARTESIAN_POINT ( 'NONE',  ( 1.325379166877133500, 0.7907186494976296000, -1.346775524453898800 ) ) ;
#8674 = FILL_AREA_STYLE_COLOUR ( '', #3855 ) ;
#8675 = CIRCLE ( 'NONE', #3595, 0.02000000000000005200 ) ;
#8676 = CARTESIAN_POINT ( 'NONE',  ( -0.6945000000000002300, 1.150000000000000100, -0.2274999999999999000 ) ) ;
#8677 = AXIS2_PLACEMENT_3D ( 'NONE', #9034, #6874, #3911 ) ;
#8678 = ADVANCED_FACE ( 'NONE', ( #9386 ), #6233, .T. ) ;
#8679 = ADVANCED_FACE ( 'NONE', ( #1633 ), #2482, .T. ) ;
#8680 = EDGE_CURVE ( 'NONE', #2622, #4029, #7769, .T. ) ;
#8681 = MECHANICAL_DESIGN_GEOMETRIC_PRESENTATION_REPRESENTATION (  '', ( #2740 ), #78 ) ;
#8682 = CARTESIAN_POINT ( 'NONE',  ( 1.494371849533727900, 0.4132538015385732200, -1.155018397053499500 ) ) ;
#8683 = DIRECTION ( 'NONE',  ( -0.0000000000000000000, 1.000000000000000000, -0.0000000000000000000 ) ) ;
#8684 = CARTESIAN_POINT ( 'NONE',  ( -0.7995000000000001000, 1.150000000000000100, 0.2050000000000000400 ) ) ;
#8685 = VECTOR ( 'NONE', #2582, 1000.000000000000000 ) ;
#8686 =( NAMED_UNIT ( * ) SI_UNIT ( $, .STERADIAN. ) SOLID_ANGLE_UNIT ( ) );
#8687 = CARTESIAN_POINT ( 'NONE',  ( -0.6200000000000000000, 0.8000000000000001600, 1.500000000000000000 ) ) ;
#8688 = DIRECTION ( 'NONE',  ( 0.0000000000000000000, 0.0000000000000000000, -1.000000000000000000 ) ) ;
#8689 = CARTESIAN_POINT ( 'NONE',  ( -0.8520000000000000900, 1.150000000000000100, 0.1050000000000000800 ) ) ;
#8690 = CARTESIAN_POINT ( 'NONE',  ( -0.6420000000000002400, 1.150000000000000100, -0.1049999999999999500 ) ) ;
#8691 = DIRECTION ( 'NONE',  ( 0.9781476007338068000, 0.0000000000000000000, -0.2079116908177535400 ) ) ;
#8692 = DIRECTION ( 'NONE',  ( -0.0000000000000000000, 1.000000000000000000, -0.0000000000000000000 ) ) ;
#8693 = CARTESIAN_POINT ( 'NONE',  ( 1.026906858718582100, 0.5599814611086699800, 1.368370466800407500 ) ) ;
#8694 = DIRECTION ( 'NONE',  ( 0.0000000000000000000, 0.0000000000000000000, -1.000000000000000000 ) ) ;
#8695 = ORIENTED_EDGE ( 'NONE', *, *, #2576, .F. ) ;
#8696 = CARTESIAN_POINT ( 'NONE',  ( -0.9879841896435035400, 0.005000000000000504900, 1.437978226564350400 ) ) ;
#8697 = DIRECTION ( 'NONE',  ( 0.0000000000000000000, 0.0000000000000000000, -1.000000000000000000 ) ) ;
#8698 = EDGE_CURVE ( 'NONE', #7398, #6256, #4196, .T. ) ;
#8699 = FACE_OUTER_BOUND ( 'NONE', #871, .T. ) ;
#8700 = FILL_AREA_STYLE ('',( #3530 ) ) ;
#8701 = PRESENTATION_LAYER_ASSIGNMENT (  '', '', ( #3362 ) ) ;
#8702 = EDGE_CURVE ( 'NONE', #727, #2854, #8025, .T. ) ;
#8703 = ORIENTED_EDGE ( 'NONE', *, *, #2574, .F. ) ;
#8704 = EDGE_CURVE ( 'NONE', #1290, #508, #8472, .T. ) ;
#8705 = DIRECTION ( 'NONE',  ( 0.0000000000000000000, 1.000000000000000000, 0.0000000000000000000 ) ) ;
#8706 = VECTOR ( 'NONE', #7613, 1000.000000000000000 ) ;
#8707 = ORIENTED_EDGE ( 'NONE', *, *, #4444, .F. ) ;
#8708 = CARTESIAN_POINT ( 'NONE',  ( 0.6000000000000004200, 0.0000000000000000000, 1.499999999999999800 ) ) ;
#8709 = CIRCLE ( 'NONE', #4678, 0.02250000000000005500 ) ;
#8710 = CIRCLE ( 'NONE', #5263, 0.02250000000000005800 ) ;
#8711 = CARTESIAN_POINT ( 'NONE',  ( -0.7995000000000002100, 1.200000000000000200, -0.2049999999999999300 ) ) ;
#8712 = PLANE ( 'NONE',  #813 ) ;
#8713 = CARTESIAN_POINT ( 'NONE',  ( -0.9550000000000000700, 1.150000000000000100, 0.1575000000000000800 ) ) ;
#8714 = EDGE_LOOP ( 'NONE', ( #3776, #7956, #5089, #886 ) ) ;
#8715 = EDGE_LOOP ( 'NONE', ( #5151, #4718, #7502, #604 ) ) ;
#8716 = AXIS2_PLACEMENT_3D ( 'NONE', #3102, #6060, #7421 ) ;
#8717 = ORIENTED_EDGE ( 'NONE', *, *, #4637, .F. ) ;
#8718 = AXIS2_PLACEMENT_3D ( 'NONE', #8689, #585, #1261 ) ;
#8719 = PRESENTATION_STYLE_ASSIGNMENT (( #4962 ) ) ;
#8720 = VERTEX_POINT ( 'NONE', #9325 ) ;
#8721 = VERTEX_POINT ( 'NONE', #9296 ) ;
#8722 = ADVANCED_FACE ( 'NONE', ( #2459 ), #7457, .T. ) ;
#8723 = ADVANCED_FACE ( 'NONE', ( #7688 ), #8242, .F. ) ;
#8724 = CARTESIAN_POINT ( 'NONE',  ( -0.6945000000000002300, 1.150000000000000100, -0.1825000000000000000 ) ) ;
#8725 = DIRECTION ( 'NONE',  ( 0.0000000000000000000, 1.000000000000000000, 0.0000000000000000000 ) ) ;
#8726 = DIRECTION ( 'NONE',  ( 0.0000000000000000000, 1.000000000000000000, 0.0000000000000000000 ) ) ;
#8727 = FACE_OUTER_BOUND ( 'NONE', #6005, .T. ) ;
#8728 = CIRCLE ( 'NONE', #4484, 0.02249999999999995100 ) ;
#8729 = CLOSED_SHELL ( 'NONE', ( #6225, #7543, #2956, #2426 ) ) ;
#8730 = EDGE_CURVE ( 'NONE', #6508, #5460, #1174, .T. ) ;
#8731 = AXIS2_PLACEMENT_3D ( 'NONE', #4415, #6664, #3677 ) ;
#8732 = DIRECTION ( 'NONE',  ( -0.0000000000000000000, 1.000000000000000000, -0.0000000000000000000 ) ) ;
#8733 = AXIS2_PLACEMENT_3D ( 'NONE', #4344, #3640, #2882 ) ;
#8734 = CARTESIAN_POINT ( 'NONE',  ( -0.8520000000000000900, 1.150000000000000100, 0.1050000000000000800 ) ) ;
#8735 = LINE ( 'NONE', #2934, #4832 ) ;
#8736 = PLANE ( 'NONE',  #8446 ) ;
#8737 = CIRCLE ( 'NONE', #4883, 0.02249999999999994400 ) ;
#8738 = VERTEX_POINT ( 'NONE', #4102 ) ;
#8739 = CARTESIAN_POINT ( 'NONE',  ( -0.9570000000000001800, 1.086360389693210800, 1.171986986784016800E-016 ) ) ;
#8740 = CARTESIAN_POINT ( 'NONE',  ( 0.6000000000000004200, 3.532091952673165100, 1.499999999999999800 ) ) ;
#8741 = SURFACE_STYLE_FILL_AREA ( #7235 ) ;
#8742 = VERTEX_POINT ( 'NONE', #674 ) ;
#8743 = ORIENTED_EDGE ( 'NONE', *, *, #5909, .T. ) ;
#8744 = DIRECTION ( 'NONE',  ( 0.0000000000000000000, -1.000000000000000000, 0.0000000000000000000 ) ) ;
#8745 = LINE ( 'NONE', #8708, #188 ) ;
#8746 = EDGE_LOOP ( 'NONE', ( #6347, #560, #7626, #500 ) ) ;
#8747 = AXIS2_PLACEMENT_3D ( 'NONE', #133, #8321, #3882 ) ;
#8748 = ORIENTED_EDGE ( 'NONE', *, *, #4017, .T. ) ;
#8749 = ORIENTED_EDGE ( 'NONE', *, *, #438, .F. ) ;
#8750 = ORIENTED_EDGE ( 'NONE', *, *, #714, .T. ) ;
#8751 = EDGE_LOOP ( 'NONE', ( #4722, #3838, #3055, #3388 ) ) ;
#8752 = DIRECTION ( 'NONE',  ( 0.0000000000000000000, 0.0000000000000000000, 1.000000000000000000 ) ) ;
#8753 = CARTESIAN_POINT ( 'NONE',  ( 1.043357869606802400, 0.5111765881136407500, 1.440917005033194100 ) ) ;
#8754 = MANIFOLD_SOLID_BREP ( 'Boss-Extrude7[2]', #9161 ) ;
#8755 = CARTESIAN_POINT ( 'NONE',  ( 1.117885865953677000, 0.02500000000000053200, 1.430813584789989200 ) ) ;
#8756 = EDGE_CURVE ( 'NONE', #271, #4952, #6772, .T. ) ;
#8757 = CARTESIAN_POINT ( 'NONE',  ( -1.325739436617928300, 0.4080804831287592200, 1.343044648399965600 ) ) ;
#8758 = ORIENTED_EDGE ( 'NONE', *, *, #4600, .F. ) ;
#8759 = CARTESIAN_POINT ( 'NONE',  ( 0.8383871732363181700, 0.4080762362277665600, 1.446636851627164400 ) ) ;
#8760 = CARTESIAN_POINT ( 'NONE',  ( -0.7470000000000001100, 1.150000000000000100, -0.1049999999999999300 ) ) ;
#8761 = CIRCLE ( 'NONE', #1979, 0.02250000000000005500 ) ;
#8762 = DIRECTION ( 'NONE',  ( -0.06823212742845939600, 0.9975640502598249700, -0.01450318640162396400 ) ) ;
#8763 = ORIENTED_EDGE ( 'NONE', *, *, #7806, .T. ) ;
#8764 = EDGE_LOOP ( 'NONE', ( #628, #1999, #6778, #8553 ) ) ;
#8765 = EDGE_CURVE ( 'NONE', #3198, #5811, #7226, .T. ) ;
#8766 = DIRECTION ( 'NONE',  ( -1.000000000000000000, 0.0000000000000000000, 0.0000000000000000000 ) ) ;
#8767 = CARTESIAN_POINT ( 'NONE',  ( -0.7995000000000001000, 1.086360389693210800, 0.1825000000000000000 ) ) ;
#8768 = CARTESIAN_POINT ( 'NONE',  ( -1.007000000000000100, 1.150000000000000100, -0.1349999999999998700 ) ) ;
#8769 = CARTESIAN_POINT ( 'NONE',  ( 0.7576018556906549700, 0.02499999999999868600, -0.1610332455604285800 ) ) ;
#8770 = CARTESIAN_POINT ( 'NONE',  ( -1.090129857041580300, 0.4629241417917707200, 1.372377844714346000 ) ) ;
#8771 = ORIENTED_EDGE ( 'NONE', *, *, #3366, .F. ) ;
#8772 = VERTEX_POINT ( 'NONE', #3340 ) ;
#8773 = VERTEX_POINT ( 'NONE', #8614 ) ;
#8774 = CARTESIAN_POINT ( 'NONE',  ( -0.7995000000000002100, 1.150000000000000100, -0.2049999999999999300 ) ) ;
#8775 = ADVANCED_FACE ( 'NONE', ( #8128 ), #4798, .T. ) ;
#8776 = DIRECTION ( 'NONE',  ( 0.0000000000000000000, 0.0000000000000000000, -1.000000000000000000 ) ) ;
#8777 = AXIS2_PLACEMENT_3D ( 'NONE', #7432, #3619, #4493 ) ;
#8778 = EDGE_LOOP ( 'NONE', ( #6612, #2724, #7617, #958 ) ) ;
#8779 = EDGE_CURVE ( 'NONE', #2129, #6786, #3602, .T. ) ;
#8780 = DIRECTION ( 'NONE',  ( 0.0000000000000000000, 0.0000000000000000000, 1.000000000000000000 ) ) ;
#8781 = VECTOR ( 'NONE', #3482, 1000.000000000000000 ) ;
#8782 = CARTESIAN_POINT ( 'NONE',  ( -1.495438813010396400, 0.4139876401014507800, 1.130499522634577300 ) ) ;
#8783 = DIRECTION ( 'NONE',  ( 0.9757648823399465200, -0.06975647374411811400, 0.2074052283885258800 ) ) ;
#8784 = CARTESIAN_POINT ( 'NONE',  ( -0.7470000000000001100, 1.150000000000000100, -0.1049999999999999300 ) ) ;
#8785 = CARTESIAN_POINT ( 'NONE',  ( -0.5895000000000001400, 1.150000000000000100, -0.2375000000000001000 ) ) ;
#8786 = CARTESIAN_POINT ( 'NONE',  ( -0.6420000000000002400, 1.150000000000000100, 0.1050000000000000700 ) ) ;
#8787 = PRESENTATION_LAYER_ASSIGNMENT (  '', '', ( #8119 ) ) ;
#8788 = CARTESIAN_POINT ( 'NONE',  ( -0.6945000000000002300, 1.200000000000000200, -0.2049999999999999300 ) ) ;
#8789 = CARTESIAN_POINT ( 'NONE',  ( 1.494921851291274100, 0.7868169179404881400, -1.183120545852416800 ) ) ;
#8790 = DIRECTION ( 'NONE',  ( 0.0000000000000000000, -1.000000000000000000, 0.0000000000000000000 ) ) ;
#8791 = EDGE_CURVE ( 'NONE', #9337, #825, #2349, .T. ) ;
#8792 = DIRECTION ( 'NONE',  ( 1.000000000000000000, 0.0000000000000000000, -0.0000000000000000000 ) ) ;
#8793 = CARTESIAN_POINT ( 'NONE',  ( 0.3885239703726777200, 0.2195099938507022200, -1.928418334695608300 ) ) ;
#8794 = CARTESIAN_POINT ( 'NONE',  ( -0.4870000000000002100, 1.150000000000000100, -0.1574999999999999700 ) ) ;
#8795 = DIRECTION ( 'NONE',  ( 0.0000000000000000000, -1.000000000000000000, 0.0000000000000000000 ) ) ;
#8796 = AXIS2_PLACEMENT_3D ( 'NONE', #2028, #4996, #534 ) ;
#8797 = AXIS2_PLACEMENT_3D ( 'NONE', #5374, #8349, #1593 ) ;
#8798 = EDGE_LOOP ( 'NONE', ( #5056, #55, #8633, #8938, #9048, #4133 ) ) ;
#8799 = VECTOR ( 'NONE', #6345, 1000.000000000000000 ) ;
#8800 = DIRECTION ( 'NONE',  ( 0.0000000000000000000, -0.0000000000000000000, -1.000000000000000000 ) ) ;
#8801 = CARTESIAN_POINT ( 'NONE',  ( -0.5895000000000001400, 1.200000000000000200, -0.2824999999999999700 ) ) ;
#8802 = CARTESIAN_POINT ( 'NONE',  ( -0.5895000000000000200, 1.150000000000000100, 0.2825000000000000800 ) ) ;
#8803 = CARTESIAN_POINT ( 'NONE',  ( -0.9587566223550441100, 0.4000000000000002400, 1.423743925875862000 ) ) ;
#8804 = ORIENTED_EDGE ( 'NONE', *, *, #3049, .T. ) ;
#8805 = CARTESIAN_POINT ( 'NONE',  ( -0.4370000000000001100, 1.150000000000000100, 4.127059713126576100E-017 ) ) ;
#8806 = ADVANCED_FACE ( 'NONE', ( #1523 ), #5262, .F. ) ;
#8807 = CARTESIAN_POINT ( 'NONE',  ( -0.6420000000000002400, 1.200000000000000200, 0.1050000000000000700 ) ) ;
#8808 = CIRCLE ( 'NONE', #5603, 0.02000000000000005200 ) ;
#8809 = DIRECTION ( 'NONE',  ( 0.0000000000000000000, 1.000000000000000000, -0.0000000000000000000 ) ) ;
#8810 = CARTESIAN_POINT ( 'NONE',  ( 0.6200000000000000000, 0.8000000000000001600, 1.500000000000000000 ) ) ;
#8811 = CARTESIAN_POINT ( 'NONE',  ( -0.6420000000000002400, 1.150000000000000100, -0.1049999999999999500 ) ) ;
#8812 = LINE ( 'NONE', #8037, #7595 ) ;
#8813 = ORIENTED_EDGE ( 'NONE', *, *, #2430, .T. ) ;
#8814 = ORIENTED_EDGE ( 'NONE', *, *, #1278, .T. ) ;
#8815 = CARTESIAN_POINT ( 'NONE',  ( -1.325889227903589000, 0.7907169422465780700, -1.346664914048477400 ) ) ;
#8816 = CARTESIAN_POINT ( 'NONE',  ( 1.374141999381684400, 0.7904815984544595300, -1.336129028187063500 ) ) ;
#8817 = ORIENTED_EDGE ( 'NONE', *, *, #2347, .T. ) ;
#8818 = DIRECTION ( 'NONE',  ( 0.0000000000000000000, 1.000000000000000000, 0.0000000000000000000 ) ) ;
#8819 = FACE_OUTER_BOUND ( 'NONE', #864, .T. ) ;
#8820 = SURFACE_SIDE_STYLE ('',( #5586 ) ) ;
#8821 = LINE ( 'NONE', #4823, #2593 ) ;
#8822 = EDGE_CURVE ( 'NONE', #3175, #2190, #1296, .T. ) ;
#8823 = EDGE_LOOP ( 'NONE', ( #2928, #5032, #7591, #5525 ) ) ;
#8824 = DIRECTION ( 'NONE',  ( 0.0000000000000000000, 0.0000000000000000000, -1.000000000000000000 ) ) ;
#8825 = ORIENTED_EDGE ( 'NONE', *, *, #8016, .T. ) ;
#8826 = DIRECTION ( 'NONE',  ( 0.0000000000000000000, 0.0000000000000000000, 1.000000000000000000 ) ) ;
#8827 = DIRECTION ( 'NONE',  ( 0.0000000000000000000, 0.0000000000000000000, -1.000000000000000000 ) ) ;
#8828 = ORIENTED_EDGE ( 'NONE', *, *, #2874, .F. ) ;
#8829 = DIRECTION ( 'NONE',  ( 0.0000000000000000000, 0.0000000000000000000, 1.000000000000000000 ) ) ;
#8830 = FACE_OUTER_BOUND ( 'NONE', #613, .T. ) ;
#8831 = EDGE_LOOP ( 'NONE', ( #518, #7263 ) ) ;
#8832 = ORIENTED_EDGE ( 'NONE', *, *, #199, .F. ) ;
#8833 = CARTESIAN_POINT ( 'NONE',  ( 1.074107934744783900, 0.5091382835731226300, 1.440118871324778100 ) ) ;
#8834 = DIRECTION ( 'NONE',  ( 0.0000000000000000000, -1.000000000000000000, 0.0000000000000000000 ) ) ;
#8835 = EDGE_CURVE ( 'NONE', #2823, #7476, #6308, .T. ) ;
#8836 = PRESENTATION_STYLE_ASSIGNMENT (( #147 ) ) ;
#8837 = CARTESIAN_POINT ( 'NONE',  ( 1.495433844132951800, 0.7859971220077204300, -1.134453013459255200 ) ) ;
#8838 = CARTESIAN_POINT ( 'NONE',  ( -1.262628383457521200, 0.3979999999999999600, 1.359820733013525700 ) ) ;
#8839 = SURFACE_STYLE_FILL_AREA ( #8700 ) ;
#8840 = CARTESIAN_POINT ( 'NONE',  ( -1.019557000349114300, 0.5582087547565707200, 1.370503921759507600 ) ) ;
#8841 = EDGE_LOOP ( 'NONE', ( #4252, #5215, #7508, #6268, #3370, #5669 ) ) ;
#8842 = CARTESIAN_POINT ( 'NONE',  ( -1.495438813010396400, 0.4139876401014511200, 1.130499522633254800 ) ) ;
#8843 = ORIENTED_EDGE ( 'NONE', *, *, #6003, .F. ) ;
#8844 = AXIS2_PLACEMENT_3D ( 'NONE', #8007, #9468, #2052 ) ;
#8845 = ORIENTED_EDGE ( 'NONE', *, *, #7209, .F. ) ;
#8846 = DIRECTION ( 'NONE',  ( 0.0000000000000000000, -1.000000000000000000, 0.0000000000000000000 ) ) ;
#8847 = VECTOR ( 'NONE', #2573, 1000.000000000000000 ) ;
#8848 = ORIENTED_EDGE ( 'NONE', *, *, #2284, .T. ) ;
#8849 = DIRECTION ( 'NONE',  ( -0.9781476007338070200, 0.0000000000000000000, 0.2079116908177530400 ) ) ;
#8850 = AXIS2_PLACEMENT_3D ( 'NONE', #4257, #2829, #5835 ) ;
#8851 = ORIENTED_EDGE ( 'NONE', *, *, #5006, .T. ) ;
#8852 = CARTESIAN_POINT ( 'NONE',  ( 0.9643106581803495600, 0.02639512947488284800, 1.422563379117444800 ) ) ;
#8853 = ADVANCED_FACE ( 'NONE', ( #1997 ), #137, .T. ) ;
#8854 = ORIENTED_EDGE ( 'NONE', *, *, #4527, .T. ) ;
#8855 = FACE_OUTER_BOUND ( 'NONE', #2627, .T. ) ;
#8856 = ORIENTED_EDGE ( 'NONE', *, *, #9317, .F. ) ;
#8857 = CARTESIAN_POINT ( 'NONE',  ( -1.495438813010395500, 0.4139876401014541100, 0.9391601626523347100 ) ) ;
#8858 =( BOUNDED_SURFACE ( )  B_SPLINE_SURFACE ( 3, 2, ( 
 ( #4779, #8377, #5849 ),
 ( #5826, #5103, #7275 ),
 ( #8507, #610, #6476 ),
 ( #6570, #4244, #2145 ) ),
 .UNSPECIFIED., .F., .F., .F. ) 
 B_SPLINE_SURFACE_WITH_KNOTS ( ( 4, 4 ),
 ( 3, 3 ),
 ( -2.315788077793257100E-018, 6.356518257935234500E-005 ),
 ( 0.0000000000000000000, 1.000000000000000000 ),
 .UNSPECIFIED. ) 
 GEOMETRIC_REPRESENTATION_ITEM ( )  RATIONAL_B_SPLINE_SURFACE ( (
 ( 1.000000000000000000, 0.7071067811865671100, 1.000000000000000000),
 ( 1.000000000000000000, 0.7488083936903149300, 1.000000000000000000),
 ( 1.000000000000000000, 0.8047452086665962700, 1.000000000000000000),
 ( 1.000000000000000000, 0.8040777125366487300, 1.000000000000000000) ) ) 
 REPRESENTATION_ITEM ( '' )  SURFACE ( )  );
#8859 = CARTESIAN_POINT ( 'NONE',  ( -0.4870000000000001500, 1.150000000000000100, 0.1349999999999999800 ) ) ;
#8860 = AXIS2_PLACEMENT_3D ( 'NONE', #5690, #8481, #1201 ) ;
#8861 = CYLINDRICAL_SURFACE ( 'NONE', #6469, 0.02250000000000004400 ) ;
#8862 = CARTESIAN_POINT ( 'NONE',  ( 1.331887829512824900, 0.5999999999999999800, -1.277758052808991400 ) ) ;
#8863 = VERTEX_POINT ( 'NONE', #9450 ) ;
#8864 = CARTESIAN_POINT ( 'NONE',  ( -1.007000000000000100, 1.200000000000000200, -0.1799999999999999900 ) ) ;
#8865 = AXIS2_PLACEMENT_3D ( 'NONE', #8631, #4198, #4976 ) ;
#8866 = SURFACE_STYLE_FILL_AREA ( #65 ) ;
#8867 = EDGE_LOOP ( 'NONE', ( #6824, #5892 ) ) ;
#8868 = CARTESIAN_POINT ( 'NONE',  ( -1.064187193874702300, 0.4886945488427477700, 1.442227589893341700 ) ) ;
#8869 = CARTESIAN_POINT ( 'NONE',  ( -0.7802182237043900900, 0.3979999999999998500, 1.462360177885335700 ) ) ;
#8870 = DIRECTION ( 'NONE',  ( 0.0000000000000000000, 0.0000000000000000000, 1.000000000000000000 ) ) ;
#8871 = CARTESIAN_POINT ( 'NONE',  ( -1.495373094993716700, 0.4137846971287305600, 1.138204407845039700 ) ) ;
#8872 = LINE ( 'NONE', #2767, #6949 ) ;
#8873 = VECTOR ( 'NONE', #1749, 1000.000000000000000 ) ;
#8874 = EDGE_CURVE ( 'NONE', #3996, #4347, #5379, .T. ) ;
#8875 = FILL_AREA_STYLE ('',( #7406 ) ) ;
#8876 = SURFACE_STYLE_USAGE ( .BOTH. , #4451 ) ;
#8877 = SURFACE_STYLE_USAGE ( .BOTH. , #8820 ) ;
#8878 = ORIENTED_EDGE ( 'NONE', *, *, #8110, .F. ) ;
#8879 = CARTESIAN_POINT ( 'NONE',  ( 1.041585265297829200, 0.5134737001387100800, 1.432577557429001600 ) ) ;
#8880 = EDGE_CURVE ( 'NONE', #1329, #4034, #3258, .T. ) ;
#8881 = AXIS2_PLACEMENT_3D ( 'NONE', #1753, #6936, #6966 ) ;
#8882 = FACE_OUTER_BOUND ( 'NONE', #5812, .T. ) ;
#8883 = CARTESIAN_POINT ( 'NONE',  ( -0.4870000000000001500, 1.150000000000000100, 0.1575000000000000300 ) ) ;
#8884 = EDGE_CURVE ( 'NONE', #2832, #4011, #9268, .T. ) ;
#8885 = DIRECTION ( 'NONE',  ( -0.0000000000000000000, 1.000000000000000000, -0.0000000000000000000 ) ) ;
#8886 = CARTESIAN_POINT ( 'NONE',  ( -0.5965726879804662500, 0.5000000000000000000, 1.467391304347826200 ) ) ;
#8887 = CYLINDRICAL_SURFACE ( 'NONE', #6680, 0.01999999999999999300 ) ;
#8888 = CARTESIAN_POINT ( 'NONE',  ( -0.5999999999999995300, 3.532091952673165100, 1.500000000000000000 ) ) ;
#8889 = DIRECTION ( 'NONE',  ( 0.0000000000000000000, -1.000000000000000000, 0.0000000000000000000 ) ) ;
#8890 = CARTESIAN_POINT ( 'NONE',  ( 0.7801591384149984000, 0.4000000000000001900, -1.461705992985076000 ) ) ;
#8891 = CARTESIAN_POINT ( 'NONE',  ( 1.371579224079253300, 0.3999999999999998600, -1.332356045345876700 ) ) ;
#8892 = CARTESIAN_POINT ( 'NONE',  ( -1.074568095400964000, 0.4793780072123020000, 1.440021061157884300 ) ) ;
#8893 = CARTESIAN_POINT ( 'NONE',  ( -1.495438813010398200, 0.7860123598985525600, -1.130499522767049300 ) ) ;
#8894 = ADVANCED_FACE ( 'NONE', ( #6184 ), #1338, .F. ) ;
#8895 = ADVANCED_FACE ( 'NONE', ( #486 ), #7919, .T. ) ;
#8896 = DIRECTION ( 'NONE',  ( 0.0000000000000000000, 0.0000000000000000000, 1.000000000000000000 ) ) ;
#8897 = CARTESIAN_POINT ( 'NONE',  ( -1.007000000000000100, 1.086360389693210800, 0.1575000000000000800 ) ) ;
#8898 = AXIS2_PLACEMENT_3D ( 'NONE', #588, #8692, #5708 ) ;
#8899 = CARTESIAN_POINT ( 'NONE',  ( 1.052338842253724100, 0.5124447585231550800, 1.430163061677322200 ) ) ;
#8900 = FACE_OUTER_BOUND ( 'NONE', #895, .T. ) ;
#8901 = CARTESIAN_POINT ( 'NONE',  ( 1.099055418126314100, 0.4529234108412296100, 1.414369308137577700 ) ) ;
#8902 = VERTEX_POINT ( 'NONE', #1378 ) ;
#8903 = DIRECTION ( 'NONE',  ( 0.06823212742845971600, -0.9975640502598248600, 0.01450318640162377000 ) ) ;
#8904 = CARTESIAN_POINT ( 'NONE',  ( -0.6945000000000002300, 1.200000000000000200, 0.1825000000000001100 ) ) ;
#8905 = VECTOR ( 'NONE', #8154, 1000.000000000000000 ) ;
#8906 = CARTESIAN_POINT ( 'NONE',  ( -1.099055418126314100, 0.4529234108412296100, 1.414369308137577700 ) ) ;
#8907 = CIRCLE ( 'NONE', #3104, 0.02250000000000005800 ) ;
#8908 = VECTOR ( 'NONE', #8969, 1000.000000000000000 ) ;
#8909 = CARTESIAN_POINT ( 'NONE',  ( -1.500000000000000000, 0.8000000000000001600, 1.134750653960801200 ) ) ;
#8910 = CARTESIAN_POINT ( 'NONE',  ( -0.9550000000000000700, 1.200000000000000200, 0.1575000000000000800 ) ) ;
#8911 =( GEOMETRIC_REPRESENTATION_CONTEXT ( 3 ) GLOBAL_UNCERTAINTY_ASSIGNED_CONTEXT ( ( #1760 ) ) GLOBAL_UNIT_ASSIGNED_CONTEXT ( ( #8485, #7862, #8585 ) ) REPRESENTATION_CONTEXT ( 'NONE', 'WORKASPACE' ) );
#8912 = ORIENTED_EDGE ( 'NONE', *, *, #3031, .T. ) ;
#8913 = SURFACE_STYLE_FILL_AREA ( #6602 ) ;
#8914 = CARTESIAN_POINT ( 'NONE',  ( 1.434458173271575500, 0.5999826677634674300, -1.140940942470083600 ) ) ;
#8915 = FILL_AREA_STYLE_COLOUR ( '', #2207 ) ;
#8916 = ORIENTED_EDGE ( 'NONE', *, *, #1879, .F. ) ;
#8917 = CARTESIAN_POINT ( 'NONE',  ( -0.7470000000000001100, 1.200000000000000200, 0.02250000000000011700 ) ) ;
#8918 =( BOUNDED_SURFACE ( )  B_SPLINE_SURFACE ( 3, 2, ( 
 ( #7384, #7415, #723 ),
 ( #4967, #5920, #3663 ),
 ( #6687, #8833, #5968 ),
 ( #8622, #1961, #2699 ) ),
 .UNSPECIFIED., .F., .F., .F. ) 
 B_SPLINE_SURFACE_WITH_KNOTS ( ( 4, 4 ),
 ( 3, 3 ),
 ( -2.315788077793257100E-018, 6.356518257935234500E-005 ),
 ( 0.0000000000000000000, 1.000000000000000000 ),
 .UNSPECIFIED. ) 
 GEOMETRIC_REPRESENTATION_ITEM ( )  RATIONAL_B_SPLINE_SURFACE ( (
 ( 1.000000000000000000, 0.7071067811865671100, 1.000000000000000000),
 ( 1.000000000000000000, 0.7488083936903149300, 1.000000000000000000),
 ( 1.000000000000000000, 0.8047452086665962700, 1.000000000000000000),
 ( 1.000000000000000000, 0.8040777125366487300, 1.000000000000000000) ) ) 
 REPRESENTATION_ITEM ( '' )  SURFACE ( )  );
#8919 = CYLINDRICAL_SURFACE ( 'NONE', #8534, 0.02250000000000005800 ) ;
#8920 = CARTESIAN_POINT ( 'NONE',  ( 0.7802182237043899800, 0.3980000000000001900, -1.462360177885333900 ) ) ;
#8921 = ORIENTED_EDGE ( 'NONE', *, *, #816, .F. ) ;
#8922 = DIRECTION ( 'NONE',  ( -1.093542144219251300E-010, 3.353529242272368500E-010, -1.000000000000000000 ) ) ;
#8923 = LINE ( 'NONE', #7203, #3972 ) ;
#8924 = FACE_OUTER_BOUND ( 'NONE', #3265, .T. ) ;
#8925 = DIRECTION ( 'NONE',  ( 0.0000000000000000000, 0.0000000000000000000, 1.000000000000000000 ) ) ;
#8926 = VERTEX_POINT ( 'NONE', #3626 ) ;
#8927 = DIRECTION ( 'NONE',  ( 0.0000000000000000000, 0.0000000000000000000, 1.000000000000000000 ) ) ;
#8928 = CARTESIAN_POINT ( 'NONE',  ( -0.9550000000000000700, 1.150000000000000100, 0.1800000000000001600 ) ) ;
#8929 = CARTESIAN_POINT ( 'NONE',  ( -0.9775194722219027200, 0.2195099938507024100, 1.419755759021033200 ) ) ;
#8930 = VERTEX_POINT ( 'NONE', #4401 ) ;
#8931 = CARTESIAN_POINT ( 'NONE',  ( -1.494371849533729500, 0.4132538015385858200, 1.155018397053433600 ) ) ;
#8932 = CARTESIAN_POINT ( 'NONE',  ( 1.112264232167867700, 0.02639512947488287900, 1.411561688041167900 ) ) ;
#8933 = CARTESIAN_POINT ( 'NONE',  ( -0.6000000000000002000, 0.3999999999999999700, -1.499999999999999600 ) ) ;
#8934 = VERTEX_POINT ( 'NONE', #2224 ) ;
#8935 = CARTESIAN_POINT ( 'NONE',  ( 1.076678653365677800, 0.5017522818316445500, 1.423712036929169800 ) ) ;
#8936 = FACE_OUTER_BOUND ( 'NONE', #4242, .T. ) ;
#8937 = CIRCLE ( 'NONE', #273, 0.02250000000000005800 ) ;
#8938 = ORIENTED_EDGE ( 'NONE', *, *, #7559, .T. ) ;
#8939 = ORIENTED_EDGE ( 'NONE', *, *, #5652, .F. ) ;
#8940 = VERTEX_POINT ( 'NONE', #3745 ) ;
#8941 = CARTESIAN_POINT ( 'NONE',  ( -1.090378747851715100, 0.4863454563891342900, 1.419152835312272700 ) ) ;
#8942 = FACE_OUTER_BOUND ( 'NONE', #1365, .T. ) ;
#8943 = EDGE_CURVE ( 'NONE', #9538, #2939, #3712, .T. ) ;
#8944 = CARTESIAN_POINT ( 'NONE',  ( -0.4870000000000002100, 1.200000000000000200, -0.1574999999999999700 ) ) ;
#8945 = AXIS2_PLACEMENT_3D ( 'NONE', #406, #8623, #6369 ) ;
#8946 = SURFACE_STYLE_FILL_AREA ( #1049 ) ;
#8947 = EDGE_CURVE ( 'NONE', #5106, #4619, #7914, .T. ) ;
#8948 = ADVANCED_FACE ( 'NONE', ( #5843 ), #5964, .T. ) ;
#8949 = ADVANCED_FACE ( 'NONE', ( #3032 ), #56, .T. ) ;
#8950 = FACE_OUTER_BOUND ( 'NONE', #4388, .T. ) ;
#8951 = EDGE_LOOP ( 'NONE', ( #1535, #5879, #844, #5522 ) ) ;
#8952 = ORIENTED_EDGE ( 'NONE', *, *, #4576, .T. ) ;
#8953 = DIRECTION ( 'NONE',  ( 0.0000000000000000000, 1.000000000000000000, 0.0000000000000000000 ) ) ;
#8954 = CIRCLE ( 'NONE', #5922, 0.02250000000000005800 ) ;
#8955 = ORIENTED_EDGE ( 'NONE', *, *, #1118, .T. ) ;
#8956 = CYLINDRICAL_SURFACE ( 'NONE', #7902, 0.02249999999999995100 ) ;
#8957 = ORIENTED_EDGE ( 'NONE', *, *, #7916, .F. ) ;
#8958 = FACE_OUTER_BOUND ( 'NONE', #5386, .T. ) ;
#8959 = ORIENTED_EDGE ( 'NONE', *, *, #738, .T. ) ;
#8960 = B_SPLINE_CURVE_WITH_KNOTS ( 'NONE', 3,
 ( #2237, #5226, #5157, #5258, #7425, #5929 ),
 .UNSPECIFIED., .F., .F.,
 ( 4, 2, 4 ),
 ( 0.0000000000000000000, 0.0001491070761935426300, 0.0002982141523870852500 ),
 .UNSPECIFIED. ) ;
#8961 = ORIENTED_EDGE ( 'NONE', *, *, #2283, .F. ) ;
#8962 = VERTEX_POINT ( 'NONE', #2258 ) ;
#8963 = DIRECTION ( 'NONE',  ( -0.2079116908177528500, 0.0000000000000000000, -0.9781476007338070200 ) ) ;
#8964 = AXIS2_PLACEMENT_3D ( 'NONE', #269, #338, #1786 ) ;
#8965 = CARTESIAN_POINT ( 'NONE',  ( -1.057000000000000200, 1.200000000000000200, -0.02249999999999992600 ) ) ;
#8966 = CARTESIAN_POINT ( 'NONE',  ( -0.6530611828246053500, 0.6000000000000000900, -1.422047110799025100 ) ) ;
#8967 = LINE ( 'NONE', #8616, #3767 ) ;
#8968 = ORIENTED_EDGE ( 'NONE', *, *, #7618, .F. ) ;
#8969 = DIRECTION ( 'NONE',  ( 0.0000000000000000000, -1.000000000000000000, 0.0000000000000000000 ) ) ;
#8970 = DIRECTION ( 'NONE',  ( -0.2079116908177527400, -9.800795950858354800E-017, -0.9781476007338070200 ) ) ;
#8971 = CARTESIAN_POINT ( 'NONE',  ( -1.434753049644635900, 0.5999847211770492600, 1.134306153776614400 ) ) ;
#8972 = ORIENTED_EDGE ( 'NONE', *, *, #8597, .T. ) ;
#8973 = CARTESIAN_POINT ( 'NONE',  ( 0.0000000000000000000, 0.0000000000000000000, 0.0000000000000000000 ) ) ;
#8974 = CARTESIAN_POINT ( 'NONE',  ( -0.9045000000000001900, 1.200000000000000200, 0.2600000000000001800 ) ) ;
#8975 = ORIENTED_EDGE ( 'NONE', *, *, #2387, .T. ) ;
#8976 = EDGE_CURVE ( 'NONE', #1896, #1008, #6065, .T. ) ;
#8977 = VERTEX_POINT ( 'NONE', #5241 ) ;
#8978 = CARTESIAN_POINT ( 'NONE',  ( 1.095906401678474300, 0.4735319854685559000, 1.416770483727941300 ) ) ;
#8979 = CIRCLE ( 'NONE', #2783, 0.02000000000000004900 ) ;
#8980 = EDGE_CURVE ( 'NONE', #3548, #2725, #5738, .T. ) ;
#8981 = AXIS2_PLACEMENT_3D ( 'NONE', #1709, #9106, #4780 ) ;
#8982 = STYLED_ITEM ( 'NONE', ( #8052 ), #6494 ) ;
#8983 = ORIENTED_EDGE ( 'NONE', *, *, #1372, .T. ) ;
#8984 = PRESENTATION_STYLE_ASSIGNMENT (( #9260 ) ) ;
#8985 = VERTEX_POINT ( 'NONE', #7637 ) ;
#8986 = EDGE_LOOP ( 'NONE', ( #7282, #293 ) ) ;
#8987 = DIRECTION ( 'NONE',  ( 0.9781476007338061300, 0.0000000000000000000, -0.2079116908177569600 ) ) ;
#8988 = VECTOR ( 'NONE', #9490, 1000.000000000000000 ) ;
#8989 = EDGE_CURVE ( 'NONE', #3092, #516, #365, .T. ) ;
#8990 = CARTESIAN_POINT ( 'NONE',  ( -1.325889226550852000, 0.7907169294321237900, 1.346664907692331600 ) ) ;
#8991 = VERTEX_POINT ( 'NONE', #6770 ) ;
#8992 = EDGE_LOOP ( 'NONE', ( #6589, #7593, #183, #3069, #875, #151, #158, #3346, #8571, #369, #3550, #7471, #7352, #6507 ) ) ;
#8993 = CARTESIAN_POINT ( 'NONE',  ( -0.6200000000000000000, 0.8000000000000001600, 1.500000000000000000 ) ) ;
#8994 = ORIENTED_EDGE ( 'NONE', *, *, #4125, .F. ) ;
#8995 = CARTESIAN_POINT ( 'NONE',  ( 0.5997232021850392700, 0.4080762362277940400, 1.497366444708327900 ) ) ;
#8996 = FILL_AREA_STYLE ('',( #6465 ) ) ;
#8997 =( LENGTH_UNIT ( ) NAMED_UNIT ( * ) SI_UNIT ( .MILLI., .METRE. ) );
#8998 = CARTESIAN_POINT ( 'NONE',  ( -1.393290340483974000, 0.4000000000000003600, -1.324475753228420100 ) ) ;
#8999 = ORIENTED_EDGE ( 'NONE', *, *, #8465, .F. ) ;
#9000 = ADVANCED_FACE ( 'NONE', ( #8699 ), #817, .F. ) ;
#9001 = DIRECTION ( 'NONE',  ( 0.0000000000000000000, -1.000000000000000000, 0.0000000000000000000 ) ) ;
#9002 = DIRECTION ( 'NONE',  ( -0.0000000000000000000, 1.000000000000000000, -0.0000000000000000000 ) ) ;
#9003 = CARTESIAN_POINT ( 'NONE',  ( -0.7995000000000001000, 1.086360389693210800, 0.2275000000000001200 ) ) ;
#9004 = DIRECTION ( 'NONE',  ( 0.0000000000000000000, 0.0000000000000000000, 1.000000000000000000 ) ) ;
#9005 = EDGE_CURVE ( 'NONE', #9554, #9337, #6546, .T. ) ;
#9006 = CIRCLE ( 'NONE', #6294, 0.02250000000000005800 ) ;
#9007 = EDGE_CURVE ( 'NONE', #4052, #3422, #709, .T. ) ;
#9008 = DIRECTION ( 'NONE',  ( 0.0000000000000000000, 1.000000000000000000, 0.0000000000000000000 ) ) ;
#9009 = DIRECTION ( 'NONE',  ( 0.0000000000000000000, 0.0000000000000000000, 1.000000000000000000 ) ) ;
#9010 = DIRECTION ( 'NONE',  ( 0.0000000000000000000, -0.0000000000000000000, -1.000000000000000000 ) ) ;
#9011 = AXIS2_PLACEMENT_3D ( 'NONE', #8356, #4764, #5419 ) ;
#9012 = CARTESIAN_POINT ( 'NONE',  ( -0.9550000000000000700, 1.150000000000000100, -0.1574999999999999200 ) ) ;
#9013 = DIRECTION ( 'NONE',  ( -0.9976689818299084900, -0.06823930461598892700, 0.0000000000000000000 ) ) ;
#9014 = DIRECTION ( 'NONE',  ( -0.03256719356881746700, -0.9502255231857597000, 0.3098561488649217400 ) ) ;
#9015 = DIRECTION ( 'NONE',  ( 0.0000000000000000000, 0.0000000000000000000, 1.000000000000000000 ) ) ;
#9016 = DIRECTION ( 'NONE',  ( 0.0000000000000000000, 0.0000000000000000000, 1.000000000000000000 ) ) ;
#9017 = CARTESIAN_POINT ( 'NONE',  ( -0.9550000000000000700, 1.150000000000000100, -0.1799999999999999900 ) ) ;
#9018 = CARTESIAN_POINT ( 'NONE',  ( 1.393575520743535000, 0.3979999999999998500, 1.325088740892827400 ) ) ;
#9019 = B_SPLINE_CURVE_WITH_KNOTS ( 'NONE', 3,
 ( #3151, #4599, #8231, #3127 ),
 .UNSPECIFIED., .F., .F.,
 ( 4, 4 ),
 ( 0.0000000000000000000, 1.000000000000000000 ),
 .UNSPECIFIED. ) ;
#9020 = CARTESIAN_POINT ( 'NONE',  ( -0.9879841896435035400, 0.02500000000000050400, 1.437978226564350400 ) ) ;
#9021 =( NAMED_UNIT ( * ) SI_UNIT ( $, .STERADIAN. ) SOLID_ANGLE_UNIT ( ) );
#9022 =( NAMED_UNIT ( * ) SI_UNIT ( $, .STERADIAN. ) SOLID_ANGLE_UNIT ( ) );
#9023 = CIRCLE ( 'NONE', #254, 0.02000000000000005200 ) ;
#9024 = EDGE_CURVE ( 'NONE', #5509, #3526, #1744, .T. ) ;
#9025 = CARTESIAN_POINT ( 'NONE',  ( -1.426970944250410800, 0.5999999999999996400, -1.187002770122120600 ) ) ;
#9026 = AXIS2_PLACEMENT_3D ( 'NONE', #3160, #2368, #4670 ) ;
#9027 = DIRECTION ( 'NONE',  ( -0.0000000000000000000, 1.000000000000000000, -0.0000000000000000000 ) ) ;
#9028 = CARTESIAN_POINT ( 'NONE',  ( -0.8520000000000000900, 1.150000000000000100, 0.1050000000000000800 ) ) ;
#9029 = CARTESIAN_POINT ( 'NONE',  ( 1.088590700704713800, 0.02500000000000050400, 1.396146840594262500 ) ) ;
#9030 = DIRECTION ( 'NONE',  ( 0.0000000000000000000, -0.0000000000000000000, 1.000000000000000000 ) ) ;
#9031 = CARTESIAN_POINT ( 'NONE',  ( -0.8520000000000000900, 1.200000000000000200, 0.1050000000000000800 ) ) ;
#9032 = CARTESIAN_POINT ( 'NONE',  ( 0.0000000000000000000, 1.200000000000000200, 0.0000000000000000000 ) ) ;
#9033 = AXIS2_PLACEMENT_3D ( 'NONE', #4285, #7204, #8668 ) ;
#9034 = CARTESIAN_POINT ( 'NONE',  ( -1.500000000000000000, 3.532091952673165100, 1.130499522727402200 ) ) ;
#9035 = AXIS2_PLACEMENT_3D ( 'NONE', #5999, #1525, #3693 ) ;
#9036 = PRESENTATION_STYLE_ASSIGNMENT (( #6880 ) ) ;
#9037 = MANIFOLD_SOLID_BREP ( 'Boss-Extrude8[1]', #1125 ) ;
#9038 = ORIENTED_EDGE ( 'NONE', *, *, #4193, .F. ) ;
#9039 =( NAMED_UNIT ( * ) PLANE_ANGLE_UNIT ( ) SI_UNIT ( $, .RADIAN. ) );
#9040 = CIRCLE ( 'NONE', #2562, 0.6000000000000000900 ) ;
#9041 = ORIENTED_EDGE ( 'NONE', *, *, #1342, .T. ) ;
#9042 = CIRCLE ( 'NONE', #4395, 0.02250000000000004400 ) ;
#9043 = DIRECTION ( 'NONE',  ( 0.0000000000000000000, 0.0000000000000000000, 1.000000000000000000 ) ) ;
#9044 = DIRECTION ( 'NONE',  ( 0.0000000000000000000, 1.000000000000000000, 0.0000000000000000000 ) ) ;
#9045 = VERTEX_POINT ( 'NONE', #4717 ) ;
#9046 = ADVANCED_FACE ( 'NONE', ( #2803 ), #3255, .F. ) ;
#9047 = CARTESIAN_POINT ( 'NONE',  ( -0.9045000000000001900, 1.150000000000000100, -0.2599999999999999500 ) ) ;
#9048 = ORIENTED_EDGE ( 'NONE', *, *, #4559, .T. ) ;
#9049 = MECHANICAL_DESIGN_GEOMETRIC_PRESENTATION_REPRESENTATION (  '', ( #2440 ), #7103 ) ;
#9050 = FACE_OUTER_BOUND ( 'NONE', #5974, .T. ) ;
#9051 = ORIENTED_EDGE ( 'NONE', *, *, #9387, .F. ) ;
#9052 = MECHANICAL_DESIGN_GEOMETRIC_PRESENTATION_REPRESENTATION (  '', ( #3424 ), #8578 ) ;
#9053 = FILL_AREA_STYLE_COLOUR ( '', #4467 ) ;
#9054 = CIRCLE ( 'NONE', #2489, 0.5999999999999999800 ) ;
#9055 = CARTESIAN_POINT ( 'NONE',  ( -1.095192626717664800, 0.4583540918702152500, 1.396196303369809500 ) ) ;
#9056 = VERTEX_POINT ( 'NONE', #8475 ) ;
#9057 = ORIENTED_EDGE ( 'NONE', *, *, #867, .F. ) ;
#9058 = CARTESIAN_POINT ( 'NONE',  ( -0.9550000000000000700, 1.200000000000000200, -0.1574999999999999200 ) ) ;
#9059 = DIRECTION ( 'NONE',  ( -0.9976689818299084900, 0.06823930461598851100, 2.168404344970997800E-014 ) ) ;
#9060 = CARTESIAN_POINT ( 'NONE',  ( 1.500652173913044500, 0.3979999999999999600, 1.152083909450869700 ) ) ;
#9061 = ORIENTED_EDGE ( 'NONE', *, *, #3681, .F. ) ;
#9062 = CARTESIAN_POINT ( 'NONE',  ( -1.264096234132523000, 0.8020000000000001600, 1.363802374266735600 ) ) ;
#9063 = DIRECTION ( 'NONE',  ( 3.313831810672201800E-016, -0.0000000000000000000, 1.000000000000000000 ) ) ;
#9064 = DIRECTION ( 'NONE',  ( -0.06823212742845970200, -0.9975640502598248600, 0.01450318640162382200 ) ) ;
#9065 = EDGE_CURVE ( 'NONE', #1809, #4628, #8466, .T. ) ;
#9066 = CARTESIAN_POINT ( 'NONE',  ( -0.5895000000000000200, 1.200000000000000200, 0.2600000000000001200 ) ) ;
#9067 = ORIENTED_EDGE ( 'NONE', *, *, #5830, .T. ) ;
#9068 = CARTESIAN_POINT ( 'NONE',  ( 1.035749456536799100, 0.5584881559412556700, 1.366971732717400700 ) ) ;
#9069 = VERTEX_POINT ( 'NONE', #1110 ) ;
#9070 = ORIENTED_EDGE ( 'NONE', *, *, #3711, .T. ) ;
#9071 = FACE_OUTER_BOUND ( 'NONE', #7006, .T. ) ;
#9072 = DIRECTION ( 'NONE',  ( -0.9781476007338070200, 0.0000000000000000000, -0.2079116908177527400 ) ) ;
#9073 = LINE ( 'NONE', #4386, #3397 ) ;
#9074 = VERTEX_POINT ( 'NONE', #2463 ) ;
#9075 = VERTEX_POINT ( 'NONE', #9245 ) ;
#9076 =( GEOMETRIC_REPRESENTATION_CONTEXT ( 3 ) GLOBAL_UNCERTAINTY_ASSIGNED_CONTEXT ( ( #4887 ) ) GLOBAL_UNIT_ASSIGNED_CONTEXT ( ( #3415, #7934, #8686 ) ) REPRESENTATION_CONTEXT ( 'NONE', 'WORKASPACE' ) );
#9077 = EDGE_CURVE ( 'NONE', #9434, #3528, #8907, .T. ) ;
#9078 = EDGE_LOOP ( 'NONE', ( #1453, #3387, #3050, #6431, #4336 ) ) ;
#9079 = ORIENTED_EDGE ( 'NONE', *, *, #4213, .T. ) ;
#9080 = VECTOR ( 'NONE', #5600, 1000.000000000000000 ) ;
#9081 = EDGE_LOOP ( 'NONE', ( #6567, #4646 ) ) ;
#9082 = ORIENTED_EDGE ( 'NONE', *, *, #6274, .T. ) ;
#9083 = CARTESIAN_POINT ( 'NONE',  ( 0.9574469850529912000, 0.5999999999999997600, -1.357347911256188600 ) ) ;
#9084 = DIRECTION ( 'NONE',  ( 0.0000000000000000000, 0.0000000000000000000, -1.000000000000000000 ) ) ;
#9085 = DIRECTION ( 'NONE',  ( -0.06823212742845971600, -0.9975640502598248600, 0.01450318640162377000 ) ) ;
#9086 =( LENGTH_UNIT ( ) NAMED_UNIT ( * ) SI_UNIT ( .MILLI., .METRE. ) );
#9087 = DIRECTION ( 'NONE',  ( 0.2079116908177528200, -1.143494478793304100E-015, -0.9781476007338069100 ) ) ;
#9088 = CARTESIAN_POINT ( 'NONE',  ( 1.434782608695652800, 0.5999999999999999800, -1.151328281294501800 ) ) ;
#9089 = ORIENTED_EDGE ( 'NONE', *, *, #3653, .T. ) ;
#9090 = FILL_AREA_STYLE ('',( #6902 ) ) ;
#9091 = VECTOR ( 'NONE', #1347, 1000.000000000000000 ) ;
#9092 = AXIS2_PLACEMENT_3D ( 'NONE', #6744, #750, #3817 ) ;
#9093 = ORIENTED_EDGE ( 'NONE', *, *, #1853, .F. ) ;
#9094 = EDGE_LOOP ( 'NONE', ( #3563, #8250 ) ) ;
#9095 = AXIS2_PLACEMENT_3D ( 'NONE', #1518, #1493, #2988 ) ;
#9096 = CARTESIAN_POINT ( 'NONE',  ( -1.392751750108316900, 0.8000000000000004900, -1.328995436730538300 ) ) ;
#9097 = ADVANCED_FACE ( 'NONE', ( #3142 ), #1777, .T. ) ;
#9098 = CARTESIAN_POINT ( 'NONE',  ( -0.7470000000000001100, 1.200000000000000200, 0.08249999999999997600 ) ) ;
#9099 = DIRECTION ( 'NONE',  ( 0.0000000000000000000, 0.0000000000000000000, -1.000000000000000000 ) ) ;
#9100 = FACE_OUTER_BOUND ( 'NONE', #6688, .T. ) ;
#9101 = CARTESIAN_POINT ( 'NONE',  ( -0.5999999999999995300, 0.3999999999999999700, 1.500000000000000000 ) ) ;
#9102 = CIRCLE ( 'NONE', #7564, 0.02000000000000010100 ) ;
#9103 = VERTEX_POINT ( 'NONE', #5484 ) ;
#9104 = ORIENTED_EDGE ( 'NONE', *, *, #6879, .T. ) ;
#9105 =( GEOMETRIC_REPRESENTATION_CONTEXT ( 3 ) GLOBAL_UNCERTAINTY_ASSIGNED_CONTEXT ( ( #765 ) ) GLOBAL_UNIT_ASSIGNED_CONTEXT ( ( #7481, #5360, #1623 ) ) REPRESENTATION_CONTEXT ( 'NONE', 'WORKASPACE' ) );
#9106 = DIRECTION ( 'NONE',  ( 0.0000000000000000000, 1.000000000000000000, -0.0000000000000000000 ) ) ;
#9107 = CARTESIAN_POINT ( 'NONE',  ( -0.5895000000000001400, 1.150000000000000100, -0.2600000000000000100 ) ) ;
#9108 = AXIS2_PLACEMENT_3D ( 'NONE', #4968, #4228, #9016 ) ;
#9109 = PLANE ( 'NONE',  #505 ) ;
#9110 = DIRECTION ( 'NONE',  ( -0.0000000000000000000, 1.000000000000000000, -0.0000000000000000000 ) ) ;
#9111 = DIRECTION ( 'NONE',  ( 0.9976689818299084900, 0.06823930461598851100, 2.168404344970997800E-014 ) ) ;
#9112 = ORIENTED_EDGE ( 'NONE', *, *, #8397, .T. ) ;
#9113 = ORIENTED_EDGE ( 'NONE', *, *, #7000, .F. ) ;
#9114 = EDGE_CURVE ( 'NONE', #3645, #3272, #8230, .T. ) ;
#9115 = CARTESIAN_POINT ( 'NONE',  ( 0.7952739266648524200, 0.8020000000000001600, -1.463453631976265700 ) ) ;
#9116 = CARTESIAN_POINT ( 'NONE',  ( -1.495433844132951800, 0.7859971220077191000, 1.134453013459255000 ) ) ;
#9117 = CARTESIAN_POINT ( 'NONE',  ( -0.7995000000000001000, 1.150000000000000100, 0.2275000000000001200 ) ) ;
#9118 = CARTESIAN_POINT ( 'NONE',  ( -1.094995525603501600, 0.4586869055302347200, 1.395269015533505700 ) ) ;
#9119 = EDGE_CURVE ( 'NONE', #2619, #6070, #3486, .T. ) ;
#9120 = DIRECTION ( 'NONE',  ( 0.0000000000000000000, 1.000000000000000000, -0.0000000000000000000 ) ) ;
#9121 =( NAMED_UNIT ( * ) PLANE_ANGLE_UNIT ( ) SI_UNIT ( $, .RADIAN. ) );
#9122 = CARTESIAN_POINT ( 'NONE',  ( -1.500000000000000000, 0.8000000000000001600, 1.134750653960801200 ) ) ;
#9123 = CARTESIAN_POINT ( 'NONE',  ( -0.8520000000000000900, 1.150000000000000100, 0.1050000000000000800 ) ) ;
#9124 = CARTESIAN_POINT ( 'NONE',  ( 1.426970944250411000, 0.6000000000000007500, 1.187002770122124000 ) ) ;
#9125 = CARTESIAN_POINT ( 'NONE',  ( -0.5931453759609349700, 0.3999999999999999700, -1.499999999999999600 ) ) ;
#9126 = LINE ( 'NONE', #6749, #3236 ) ;
#9127 = CARTESIAN_POINT ( 'NONE',  ( -1.493652846592846300, 0.7999999999999999300, 1.203428422741093400 ) ) ;
#9128 = CARTESIAN_POINT ( 'NONE',  ( -0.7470000000000001100, 1.150000000000000100, 0.1050000000000000400 ) ) ;
#9129 = LINE ( 'NONE', #5291, #5607 ) ;
#9130 = PLANE ( 'NONE',  #7081 ) ;
#9131 = CARTESIAN_POINT ( 'NONE',  ( 1.089191375606954700, 0.4860905271525495200, 1.383504639109178500 ) ) ;
#9132 = DIRECTION ( 'NONE',  ( -0.0000000000000000000, 1.000000000000000000, -0.0000000000000000000 ) ) ;
#9133 = EDGE_CURVE ( 'NONE', #7726, #642, #5131, .T. ) ;
#9134 = EDGE_CURVE ( 'NONE', #2155, #2189, #9142, .T. ) ;
#9135 = CARTESIAN_POINT ( 'NONE',  ( -0.6420000000000002400, 1.200000000000000200, -0.1274999999999998900 ) ) ;
#9136 = CARTESIAN_POINT ( 'NONE',  ( -0.6420000000000002400, 1.200000000000000200, 0.1275000000000000000 ) ) ;
#9137 = CARTESIAN_POINT ( 'NONE',  ( -1.495417178423095400, 0.7861120233227110200, -1.139531019961138100 ) ) ;
#9138 = VECTOR ( 'NONE', #2787, 1000.000000000000000 ) ;
#9139 = PLANE ( 'NONE',  #8253 ) ;
#9140 = CARTESIAN_POINT ( 'NONE',  ( 1.373389305749243900, 0.7908200359339688800, 1.332027791457132100 ) ) ;
#9141 = EDGE_LOOP ( 'NONE', ( #1233, #2644, #905, #6924 ) ) ;
#9142 = LINE ( 'NONE', #3428, #8590 ) ;
#9143 = CARTESIAN_POINT ( 'NONE',  ( 1.264006068572897100, 0.8000000000000001600, -1.363112284369520500 ) ) ;
#9144 = AXIS2_PLACEMENT_3D ( 'NONE', #1321, #7202, #6477 ) ;
#9145 = CARTESIAN_POINT ( 'NONE',  ( -0.7995000000000001000, 1.150000000000000100, 0.2275000000000001200 ) ) ;
#9146 = CARTESIAN_POINT ( 'NONE',  ( -1.099055418126314100, 0.4529234108412296100, 1.414369308137577700 ) ) ;
#9147 = PLANE ( 'NONE',  #9144 ) ;
#9148 = CARTESIAN_POINT ( 'NONE',  ( 1.094897184309959300, 0.4599999999999999100, 1.394806356122903400 ) ) ;
#9149 = DIRECTION ( 'NONE',  ( 0.0000000000000000000, 1.000000000000000000, 0.0000000000000000000 ) ) ;
#9150 = CARTESIAN_POINT ( 'NONE',  ( 1.434782608695652300, 0.5999999999999999800, -1.130499522691870600 ) ) ;
#9151 = CARTESIAN_POINT ( 'NONE',  ( 1.500652173913044500, 0.3980000000000000200, -0.9386285311189912500 ) ) ;
#9152 = B_SPLINE_CURVE_WITH_KNOTS ( 'NONE', 3,
 ( #1148, #6391, #1911, #7787 ),
 .UNSPECIFIED., .F., .F.,
 ( 4, 4 ),
 ( 0.0000000000000000000, 0.0003774752359875461800 ),
 .UNSPECIFIED. ) ;
#9153 = DIRECTION ( 'NONE',  ( 0.0000000000000000000, 1.000000000000000000, 0.0000000000000000000 ) ) ;
#9154 = VECTOR ( 'NONE', #1255, 999.9999999999998900 ) ;
#9155 = CARTESIAN_POINT ( 'NONE',  ( -1.035234124682945300, 0.5274048834368749700, 1.402697790062693400 ) ) ;
#9156 = CARTESIAN_POINT ( 'NONE',  ( -1.332087583558171100, 0.6000000000000000900, 1.277715593775933500 ) ) ;
#9157 = AXIS2_PLACEMENT_3D ( 'NONE', #7301, #9263, #8752 ) ;
#9158 = UNCERTAINTY_MEASURE_WITH_UNIT (LENGTH_MEASURE( 1.000000000000000100E-005 ), #2146, 'distance_accuracy_value', 'NONE');
#9159 = CARTESIAN_POINT ( 'NONE',  ( 1.056088886728688400, 0.4927660341673505400, 1.443948938215646100 ) ) ;
#9160 = CARTESIAN_POINT ( 'NONE',  ( -0.7995000000000001000, 1.200000000000000200, 0.1825000000000000000 ) ) ;
#9161 = CLOSED_SHELL ( 'NONE', ( #5255, #4130, #2293, #1359 ) ) ;
#9162 = CARTESIAN_POINT ( 'NONE',  ( 1.375010913678909700, 0.8000000000788024500, -1.339517476165073400 ) ) ;
#9163 = CARTESIAN_POINT ( 'NONE',  ( -0.9959765632722840100, 0.4922207971790649700, 1.439820172230034300 ) ) ;
#9164 = AXIS2_PLACEMENT_3D ( 'NONE', #2443, #5456, #3929 ) ;
#9165 = LINE ( 'NONE', #6037, #373 ) ;
#9166 = DIRECTION ( 'NONE',  ( 0.0000000000000000000, 1.000000000000000000, 0.0000000000000000000 ) ) ;
#9167 = FACE_OUTER_BOUND ( 'NONE', #778, .T. ) ;
#9168 = ORIENTED_EDGE ( 'NONE', *, *, #2524, .F. ) ;
#9169 = DIRECTION ( 'NONE',  ( 0.0000000000000000000, 0.0000000000000000000, 1.000000000000000000 ) ) ;
#9170 = EDGE_LOOP ( 'NONE', ( #1962, #1666, #4343, #6815, #3568, #5886, #8854 ) ) ;
#9171 = DIRECTION ( 'NONE',  ( -0.0000000000000000000, 1.000000000000000000, -0.0000000000000000000 ) ) ;
#9172 = CARTESIAN_POINT ( 'NONE',  ( -0.9841135430123599800, 0.2195099938507070500, 1.450778423005852000 ) ) ;
#9173 = VERTEX_POINT ( 'NONE', #8641 ) ;
#9174 = CARTESIAN_POINT ( 'NONE',  ( -1.487856120708211300, 0.4118465982538443400, -1.191016005571166500 ) ) ;
#9175 = DIRECTION ( 'NONE',  ( 0.0000000000000000000, 0.0000000000000000000, 1.000000000000000000 ) ) ;
#9176 = CARTESIAN_POINT ( 'NONE',  ( -0.7470000000000001100, 1.200000000000000200, -0.08249999999999986500 ) ) ;
#9177 = CARTESIAN_POINT ( 'NONE',  ( 1.350477273859761500, 0.7905975917678308400, 1.341296497504473700 ) ) ;
#9178 = LINE ( 'NONE', #4582, #7822 ) ;
#9179 = COLOUR_RGB ( '',1.000000000000000000, 1.000000000000000000, 1.000000000000000000 ) ;
#9180 = FACE_OUTER_BOUND ( 'NONE', #8357, .T. ) ;
#9181 = VERTEX_POINT ( 'NONE', #5709 ) ;
#9182 = ORIENTED_EDGE ( 'NONE', *, *, #729, .T. ) ;
#9183 = CYLINDRICAL_SURFACE ( 'NONE', #7894, 0.02249999999999993700 ) ;
#9184 = CARTESIAN_POINT ( 'NONE',  ( 1.434782608695653400, 0.6000000000000003100, -0.5702134989594441800 ) ) ;
#9185 = DIRECTION ( 'NONE',  ( 0.0000000000000000000, -0.0000000000000000000, -1.000000000000000000 ) ) ;
#9186 = LINE ( 'NONE', #814, #7261 ) ;
#9187 = EDGE_LOOP ( 'NONE', ( #4682, #8073, #9079, #3207 ) ) ;
#9188 = DIRECTION ( 'NONE',  ( 0.0000000000000000000, 1.000000000000000000, 0.0000000000000000000 ) ) ;
#9189 = EDGE_LOOP ( 'NONE', ( #6699, #7039, #9278, #7318 ) ) ;
#9190 = ORIENTED_EDGE ( 'NONE', *, *, #3109, .T. ) ;
#9191 = DIRECTION ( 'NONE',  ( -0.2079116908177569600, 0.0000000000000000000, 0.9781476007338061300 ) ) ;
#9192 = DIRECTION ( 'NONE',  ( 0.0000000000000000000, 1.000000000000000000, 0.0000000000000000000 ) ) ;
#9193 = AXIS2_PLACEMENT_3D ( 'NONE', #6301, #7753, #9207 ) ;
#9194 = CARTESIAN_POINT ( 'NONE',  ( -1.500652173913045200, 0.8019999999999999400, -0.5623960086363285500 ) ) ;
#9195 = CIRCLE ( 'NONE', #4867, 0.02250000000000005800 ) ;
#9196 = EDGE_LOOP ( 'NONE', ( #3101, #2978, #194, #7624 ) ) ;
#9197 = DIRECTION ( 'NONE',  ( 0.0000000000000000000, 1.000000000000000000, -0.0000000000000000000 ) ) ;
#9198 = LINE ( 'NONE', #2647, #7271 ) ;
#9199 = EDGE_CURVE ( 'NONE', #7709, #5277, #6962, .T. ) ;
#9200 = EDGE_CURVE ( 'NONE', #2407, #973, #1515, .T. ) ;
#9201 = EDGE_LOOP ( 'NONE', ( #5813, #4757 ) ) ;
#9202 = CARTESIAN_POINT ( 'NONE',  ( -0.9824899034546292800, 0.4632440422190774500, 1.439973171923963000 ) ) ;
#9203 = CARTESIAN_POINT ( 'NONE',  ( -1.495438813010397900, 0.7860123598985504500, 1.130499522758019700 ) ) ;
#9204 = CIRCLE ( 'NONE', #685, 0.02250000000000005800 ) ;
#9205 = ORIENTED_EDGE ( 'NONE', *, *, #8657, .T. ) ;
#9206 = ORIENTED_EDGE ( 'NONE', *, *, #464, .F. ) ;
#9207 = DIRECTION ( 'NONE',  ( 1.000000000000000000, 0.0000000000000000000, 0.0000000000000000000 ) ) ;
#9208 = CARTESIAN_POINT ( 'NONE',  ( -1.079492466111635400, 0.4529234108412379900, 1.418527541953920100 ) ) ;
#9209 = VERTEX_POINT ( 'NONE', #3385 ) ;
#9210 = VERTEX_POINT ( 'NONE', #1977 ) ;
#9211 = AXIS2_PLACEMENT_3D ( 'NONE', #1806, #6302, #2554 ) ;
#9212 = VECTOR ( 'NONE', #9087, 1000.000000000000100 ) ;
#9213 = VERTEX_POINT ( 'NONE', #5734 ) ;
#9214 = ORIENTED_EDGE ( 'NONE', *, *, #3653, .F. ) ;
#9215 = ORIENTED_EDGE ( 'NONE', *, *, #3109, .F. ) ;
#9216 = CARTESIAN_POINT ( 'NONE',  ( 1.434782608783015600, 0.6000000002679034500, 1.134134370987786900 ) ) ;
#9217 = AXIS2_PLACEMENT_3D ( 'NONE', #8636, #2757, #4980 ) ;
#9218 = LINE ( 'NONE', #3166, #8417 ) ;
#9219 = ORIENTED_EDGE ( 'NONE', *, *, #6066, .T. ) ;
#9220 = CARTESIAN_POINT ( 'NONE',  ( 1.455712411298294000, 0.7999999999999999300, -1.275781949798765000 ) ) ;
#9221 = COLOUR_RGB ( '',1.000000000000000000, 1.000000000000000000, 1.000000000000000000 ) ;
#9222 = CARTESIAN_POINT ( 'NONE',  ( -0.9550000000000000700, 1.150000000000000100, 0.1800000000000001600 ) ) ;
#9223 = CARTESIAN_POINT ( 'NONE',  ( -1.027891860633221000, 0.5599999999999998300, 1.368155153542616400 ) ) ;
#9224 = EDGE_CURVE ( 'NONE', #6849, #8602, #4671, .T. ) ;
#9225 = CARTESIAN_POINT ( 'NONE',  ( -1.325085007385445200, 0.7907213369705075000, 1.346839076627545100 ) ) ;
#9226 = CARTESIAN_POINT ( 'NONE',  ( -1.089191375606954700, 0.4860905271525495200, 1.383504639109178500 ) ) ;
#9227 = CARTESIAN_POINT ( 'NONE',  ( 1.500000000000000900, 0.0000000000000000000, -1.130499522727401700 ) ) ;
#9228 = LINE ( 'NONE', #3455, #325 ) ;
#9229 = CARTESIAN_POINT ( 'NONE',  ( -0.9550000000000000700, 1.200000000000000200, -0.1574999999999999200 ) ) ;
#9230 = CARTESIAN_POINT ( 'NONE',  ( -1.094212334490522800, 0.003604870525118221900, 1.415398737343083200 ) ) ;
#9231 = AXIS2_PLACEMENT_3D ( 'NONE', #2806, #2101, #2779 ) ;
#9232 = CARTESIAN_POINT ( 'NONE',  ( -0.7470000000000001100, 1.200000000000000200, 0.08249999999999997600 ) ) ;
#9233 = ORIENTED_EDGE ( 'NONE', *, *, #8765, .F. ) ;
#9234 = EDGE_LOOP ( 'NONE', ( #5760, #8173 ) ) ;
#9235 = ORIENTED_EDGE ( 'NONE', *, *, #408, .T. ) ;
#9236 = CARTESIAN_POINT ( 'NONE',  ( -1.007000000000000100, 1.200000000000000200, 0.1575000000000000800 ) ) ;
#9237 = DIRECTION ( 'NONE',  ( -0.9781476007338070200, -0.0000000000000000000, -0.2079116908177527100 ) ) ;
#9238 = DIRECTION ( 'NONE',  ( 0.0000000000000000000, 1.000000000000000000, 0.0000000000000000000 ) ) ;
#9239 = CARTESIAN_POINT ( 'NONE',  ( -0.8520000000000000900, 1.150000000000000100, 0.1050000000000000800 ) ) ;
#9240 = ORIENTED_EDGE ( 'NONE', *, *, #4069, .F. ) ;
#9241 = DIRECTION ( 'NONE',  ( 0.0000000000000000000, 1.000000000000000000, 0.0000000000000000000 ) ) ;
#9242 = DIRECTION ( 'NONE',  ( -0.2079116908177526300, 0.0000000000000000000, 0.9781476007338071300 ) ) ;
#9243 = COLOUR_RGB ( '',1.000000000000000000, 1.000000000000000000, 1.000000000000000000 ) ;
#9244 = CARTESIAN_POINT ( 'NONE',  ( 1.433643959235805700, 0.5999774282941660000, 1.149746531920809600 ) ) ;
#9245 = CARTESIAN_POINT ( 'NONE',  ( 0.6200000000000000000, 1.200000000000000200, -1.500000000000000000 ) ) ;
#9246 = EDGE_CURVE ( 'NONE', #5924, #2059, #1284, .T. ) ;
#9247 = DIRECTION ( 'NONE',  ( -7.295530811232854000E-016, 1.000000000000000000, -2.007058065463964400E-016 ) ) ;
#9248 =( NAMED_UNIT ( * ) PLANE_ANGLE_UNIT ( ) SI_UNIT ( $, .RADIAN. ) );
#9249 = EDGE_CURVE ( 'NONE', #2399, #298, #7214, .T. ) ;
#9250 = CARTESIAN_POINT ( 'NONE',  ( -1.057000000000000200, 1.200000000000000200, 1.171986986784016800E-016 ) ) ;
#9251 = CARTESIAN_POINT ( 'NONE',  ( -1.057000000000000200, 1.200000000000000200, 1.171986986784016800E-016 ) ) ;
#9252 = SURFACE_STYLE_FILL_AREA ( #2711 ) ;
#9253 = DIRECTION ( 'NONE',  ( 0.0000000000000000000, 0.0000000000000000000, 1.000000000000000000 ) ) ;
#9254 = ADVANCED_FACE ( 'NONE', ( #5017 ), #9183, .F. ) ;
#9255 = DIRECTION ( 'NONE',  ( 0.0000000000000000000, 0.0000000000000000000, 1.000000000000000000 ) ) ;
#9256 = CARTESIAN_POINT ( 'NONE',  ( -0.9045000000000001900, 1.200000000000000200, -0.2599999999999999500 ) ) ;
#9257 = CARTESIAN_POINT ( 'NONE',  ( -1.040503743065264600, 0.5151592872853946200, 1.427489395369614400 ) ) ;
#9258 = DIRECTION ( 'NONE',  ( 0.0000000000000000000, 1.000000000000000000, 0.0000000000000000000 ) ) ;
#9259 = DIRECTION ( 'NONE',  ( -0.0000000000000000000, 1.000000000000000000, -0.0000000000000000000 ) ) ;
#9260 = SURFACE_STYLE_USAGE ( .BOTH. , #1157 ) ;
#9261 = CARTESIAN_POINT ( 'NONE',  ( 1.085797171910266400, 0.4945398632514380100, 1.380542564303932000 ) ) ;
#9262 = CARTESIAN_POINT ( 'NONE',  ( -0.9838359271084067300, 0.4682190516574583100, 1.440120092711693300 ) ) ;
#9263 = DIRECTION ( 'NONE',  ( -0.0000000000000000000, 1.000000000000000000, -0.0000000000000000000 ) ) ;
#9264 = EDGE_CURVE ( 'NONE', #3736, #842, #3896, .T. ) ;
#9265 = CARTESIAN_POINT ( 'NONE',  ( -0.2578897898751902300, 0.02499999999999659800, -1.900651182452482300 ) ) ;
#9266 = DIRECTION ( 'NONE',  ( 0.0000000000000000000, 1.000000000000000000, 0.0000000000000000000 ) ) ;
#9267 = CARTESIAN_POINT ( 'NONE',  ( -1.419480321116997300, 0.5999764158725114900, -1.199481299563536700 ) ) ;
#9268 = LINE ( 'NONE', #3598, #7336 ) ;
#9269 = CARTESIAN_POINT ( 'NONE',  ( 1.409854139093736000, 0.5999617559716568000, 1.216295287084479400 ) ) ;
#9270 = CARTESIAN_POINT ( 'NONE',  ( -0.7995000000000002100, 1.086360389693210800, -0.2049999999999999300 ) ) ;
#9271 = CARTESIAN_POINT ( 'NONE',  ( -0.8520000000000000900, 1.150000000000000100, 0.1050000000000000800 ) ) ;
#9272 = ORIENTED_EDGE ( 'NONE', *, *, #2299, .F. ) ;
#9273 = VERTEX_POINT ( 'NONE', #2010 ) ;
#9274 = CARTESIAN_POINT ( 'NONE',  ( 0.9574469850529895300, 0.6000000000000009800, 1.357347911256188800 ) ) ;
#9275 = AXIS2_PLACEMENT_3D ( 'NONE', #6823, #3134, #7526 ) ;
#9276 = FACE_OUTER_BOUND ( 'NONE', #8404, .T. ) ;
#9277 = LINE ( 'NONE', #7334, #7350 ) ;
#9278 = ORIENTED_EDGE ( 'NONE', *, *, #819, .T. ) ;
#9279 = UNCERTAINTY_MEASURE_WITH_UNIT (LENGTH_MEASURE( 1.000000000000000100E-005 ), #8997, 'distance_accuracy_value', 'NONE');
#9280 = DIRECTION ( 'NONE',  ( 0.0000000000000000000, 1.000000000000000000, 0.0000000000000000000 ) ) ;
#9281 = ORIENTED_EDGE ( 'NONE', *, *, #9323, .F. ) ;
#9282 = B_SPLINE_CURVE_WITH_KNOTS ( 'NONE', 3,
 ( #818, #3697, #8891, #5220, #2267 ),
 .UNSPECIFIED., .F., .F.,
 ( 4, 1, 4 ),
 ( 2.168404344971008900E-019, 7.171035594615608400E-005, 7.549972312504216300E-005 ),
 .UNSPECIFIED. ) ;
#9283 = FILL_AREA_STYLE_COLOUR ( '', #9179 ) ;
#9284 = PRESENTATION_STYLE_ASSIGNMENT (( #8400 ) ) ;
#9285 = ORIENTED_EDGE ( 'NONE', *, *, #4637, .T. ) ;
#9286 = CARTESIAN_POINT ( 'NONE',  ( -0.6420000000000002400, 1.150000000000000100, -0.08250000000000001800 ) ) ;
#9287 = EDGE_CURVE ( 'NONE', #3145, #9305, #2963, .T. ) ;
#9288 = CARTESIAN_POINT ( 'NONE',  ( -0.9684599935771957000, 0.7999999999999994900, -1.425932541885674300 ) ) ;
#9289 = LINE ( 'NONE', #8286, #6893 ) ;
#9290 = ADVANCED_FACE ( 'NONE', ( #7723 ), #7011, .F. ) ;
#9291 = FACE_OUTER_BOUND ( 'NONE', #1114, .T. ) ;
#9292 = DIRECTION ( 'NONE',  ( 0.0000000000000000000, 1.000000000000000000, -0.0000000000000000000 ) ) ;
#9293 = ORIENTED_EDGE ( 'NONE', *, *, #6746, .T. ) ;
#9294 = ORIENTED_EDGE ( 'NONE', *, *, #8980, .F. ) ;
#9295 = CARTESIAN_POINT ( 'NONE',  ( -1.007000000000000100, 1.150000000000000100, 0.1350000000000000400 ) ) ;
#9296 = CARTESIAN_POINT ( 'NONE',  ( -0.7995000000000002100, 1.150000000000000100, -0.1824999999999998800 ) ) ;
#9297 = AXIS2_PLACEMENT_3D ( 'NONE', #7733, #1050, #1785 ) ;
#9298 = ORIENTED_EDGE ( 'NONE', *, *, #655, .T. ) ;
#9299 = ORIENTED_EDGE ( 'NONE', *, *, #6877, .F. ) ;
#9300 = ADVANCED_FACE ( 'NONE', ( #5289 ), #2153, .F. ) ;
#9301 = CARTESIAN_POINT ( 'NONE',  ( 1.417984886576688400, 0.4092309499258784400, 1.304939485485437300 ) ) ;
#9302 = EDGE_CURVE ( 'NONE', #733, #7067, #292, .T. ) ;
#9303 = CARTESIAN_POINT ( 'NONE',  ( 0.9707252490854086900, 0.5258619858527000500, 1.391254461010788400 ) ) ;
#9304 = DIRECTION ( 'NONE',  ( 0.0000000000000000000, -0.0000000000000000000, 1.000000000000000000 ) ) ;
#9305 = VERTEX_POINT ( 'NONE', #1417 ) ;
#9306 = CARTESIAN_POINT ( 'NONE',  ( -0.6200000000000000000, 0.8000000000000001600, -1.500000000000000000 ) ) ;
#9307 = CIRCLE ( 'NONE', #3960, 0.02250000000000005800 ) ;
#9308 = ORIENTED_EDGE ( 'NONE', *, *, #7901, .T. ) ;
#9309 = CARTESIAN_POINT ( 'NONE',  ( 1.434782608695653000, 0.6000000000000000900, 1.151291586694377100 ) ) ;
#9310 = CARTESIAN_POINT ( 'NONE',  ( -1.057000000000000200, 1.086360389693210800, -0.02249999999999992600 ) ) ;
#9311 = FACE_OUTER_BOUND ( 'NONE', #8992, .T. ) ;
#9312 = ORIENTED_EDGE ( 'NONE', *, *, #1056, .T. ) ;
#9313 = ORIENTED_EDGE ( 'NONE', *, *, #566, .F. ) ;
#9314 = SURFACE_SIDE_STYLE ('',( #5148 ) ) ;
#9315 = FACE_OUTER_BOUND ( 'NONE', #2022, .T. ) ;
#9316 = ORIENTED_EDGE ( 'NONE', *, *, #5024, .F. ) ;
#9317 = EDGE_CURVE ( 'NONE', #842, #7968, #6292, .T. ) ;
#9318 = ORIENTED_EDGE ( 'NONE', *, *, #3354, .T. ) ;
#9319 = SURFACE_STYLE_USAGE ( .BOTH. , #8591 ) ;
#9320 = AXIS2_PLACEMENT_3D ( 'NONE', #2606, #306, #4795 ) ;
#9321 = CARTESIAN_POINT ( 'NONE',  ( -0.9685701236624377800, 0.8019999999999994900, -1.426618388191969200 ) ) ;
#9322 = CARTESIAN_POINT ( 'NONE',  ( -1.347444579893742700, 0.3999999999999783200, -1.341125750058903800 ) ) ;
#9323 = EDGE_CURVE ( 'NONE', #6079, #2276, #522, .T. ) ;
#9324 = PLANE ( 'NONE',  #3121 ) ;
#9325 = CARTESIAN_POINT ( 'NONE',  ( -1.057000000000000200, 1.150000000000000100, -0.02249999999999992600 ) ) ;
#9326 = VERTEX_POINT ( 'NONE', #9526 ) ;
#9327 = LINE ( 'NONE', #3227, #7397 ) ;
#9328 = ORIENTED_EDGE ( 'NONE', *, *, #8635, .T. ) ;
#9329 = ORIENTED_EDGE ( 'NONE', *, *, #9504, .F. ) ;
#9330 = SURFACE_SIDE_STYLE ('',( #5192 ) ) ;
#9331 = VECTOR ( 'NONE', #4522, 1000.000000000000000 ) ;
#9332 = DIRECTION ( 'NONE',  ( -0.0000000000000000000, -1.000000000000000000, -0.0000000000000000000 ) ) ;
#9333 = AXIS2_PLACEMENT_3D ( 'NONE', #1431, #2920, #5239 ) ;
#9334 = DIRECTION ( 'NONE',  ( 0.0000000000000000000, 0.0000000000000000000, -1.000000000000000000 ) ) ;
#9335 = CYLINDRICAL_SURFACE ( 'NONE', #4725, 0.02250000000000005800 ) ;
#9336 = AXIS2_PLACEMENT_3D ( 'NONE', #6909, #3253, #8368 ) ;
#9337 = VERTEX_POINT ( 'NONE', #1392 ) ;
#9338 = EDGE_LOOP ( 'NONE', ( #8437, #7592, #5589, #6923 ) ) ;
#9339 = ADVANCED_FACE ( 'NONE', ( #1323 ), #9497, .F. ) ;
#9340 = DIRECTION ( 'NONE',  ( -1.000000000000000000, 0.0000000000000000000, 0.0000000000000000000 ) ) ;
#9341 = VECTOR ( 'NONE', #7923, 1000.000000000000000 ) ;
#9342 = CARTESIAN_POINT ( 'NONE',  ( -0.9045000000000001900, 1.150000000000000100, -0.2825000000000000300 ) ) ;
#9343 = SURFACE_STYLE_USAGE ( .BOTH. , #2688 ) ;
#9344 = CARTESIAN_POINT ( 'NONE',  ( 1.040277743833308200, 0.4943519535759132700, 1.447309700385561500 ) ) ;
#9345 = EDGE_CURVE ( 'NONE', #3885, #2823, #8488, .T. ) ;
#9346 = ORIENTED_EDGE ( 'NONE', *, *, #1039, .T. ) ;
#9347 = PRESENTATION_LAYER_ASSIGNMENT (  '', '', ( #1058 ) ) ;
#9348 = CARTESIAN_POINT ( 'NONE',  ( -0.5390000000000001500, 1.200000000000000200, -0.1574999999999999700 ) ) ;
#9349 = ADVANCED_FACE ( 'NONE', ( #2483, #6471, #3520, #282, #511, #58, #8151, #6222, #990, #4713, #2025, #3739, #5998, #4236, #6796, #4222, #1781, #758, #1549, #5776, #8394, #1098, #4486, #2280, #2037, #3753, #3286, #4001, #5049, #8942 ), #319, .F. ) ;
#9350 = UNCERTAINTY_MEASURE_WITH_UNIT (LENGTH_MEASURE( 1.000000000000000100E-005 ), #2817, 'distance_accuracy_value', 'NONE');
#9351 = EDGE_CURVE ( 'NONE', #2471, #5898, #9424, .T. ) ;
#9352 = AXIS2_PLACEMENT_3D ( 'NONE', #8104, #5237, #3652 ) ;
#9353 = CYLINDRICAL_SURFACE ( 'NONE', #4612, 0.02249999999999995100 ) ;
#9354 = CARTESIAN_POINT ( 'NONE',  ( -0.7950668834195517800, 0.8000000000000010400, -1.462788385198055700 ) ) ;
#9355 = PLANE ( 'NONE',  #1640 ) ;
#9356 = ORIENTED_EDGE ( 'NONE', *, *, #6865, .F. ) ;
#9357 = CARTESIAN_POINT ( 'NONE',  ( -0.9570000000000001800, 1.200000000000000200, 1.171986986784016800E-016 ) ) ;
#9358 = CARTESIAN_POINT ( 'NONE',  ( 0.4031961843836848200, 0.005000000000000424200, -1.931537010057874800 ) ) ;
#9359 = DIRECTION ( 'NONE',  ( 0.0000000000000000000, -0.0000000000000000000, -1.000000000000000000 ) ) ;
#9360 = CIRCLE ( 'NONE', #6847, 0.02250000000000005800 ) ;
#9361 = DIRECTION ( 'NONE',  ( 0.0000000000000000000, 1.000000000000000000, 0.0000000000000000000 ) ) ;
#9362 = LINE ( 'NONE', #931, #2531 ) ;
#9363 = CARTESIAN_POINT ( 'NONE',  ( -1.373389305755613200, 0.7908200359339994100, -1.332027791454088100 ) ) ;
#9364 = AXIS2_PLACEMENT_3D ( 'NONE', #996, #6137, #9004 ) ;
#9365 =( LENGTH_UNIT ( ) NAMED_UNIT ( * ) SI_UNIT ( .MILLI., .METRE. ) );
#9366 = DIRECTION ( 'NONE',  ( 0.0000000000000000000, 0.0000000000000000000, -1.000000000000000000 ) ) ;
#9367 = AXIS2_PLACEMENT_3D ( 'NONE', #6659, #2974, #9556 ) ;
#9368 = DIRECTION ( 'NONE',  ( 0.0000000000000000000, 0.0000000000000000000, -1.000000000000000000 ) ) ;
#9369 = CARTESIAN_POINT ( 'NONE',  ( -0.7470000000000000000, 1.150000000000000100, 0.3075000000000000500 ) ) ;
#9370 = DIRECTION ( 'NONE',  ( 1.000000000000000000, 0.0000000000000000000, -1.807003620809173600E-016 ) ) ;
#9371 = DIRECTION ( 'NONE',  ( 0.0000000000000000000, 0.0000000000000000000, 1.000000000000000000 ) ) ;
#9372 = CYLINDRICAL_SURFACE ( 'NONE', #2738, 0.02249999999999995100 ) ;
#9373 = DIRECTION ( 'NONE',  ( 0.0000000000000000000, 0.0000000000000000000, 1.000000000000000000 ) ) ;
#9374 = EDGE_CURVE ( 'NONE', #8926, #1103, #7940, .T. ) ;
#9375 = EDGE_CURVE ( 'NONE', #1721, #5106, #3987, .T. ) ;
#9376 = ORIENTED_EDGE ( 'NONE', *, *, #6091, .F. ) ;
#9377 = LINE ( 'NONE', #5989, #5501 ) ;
#9378 = DIRECTION ( 'NONE',  ( -0.0000000000000000000, 1.000000000000000000, -0.0000000000000000000 ) ) ;
#9379 = ADVANCED_FACE ( 'NONE', ( #7480 ), #3350, .T. ) ;
#9380 = CARTESIAN_POINT ( 'NONE',  ( -0.7470000000000001100, 1.150000000000000100, -0.02249999999999999600 ) ) ;
#9381 = CARTESIAN_POINT ( 'NONE',  ( 0.6182269360013437100, 0.7860123598985502300, 1.495438813010396800 ) ) ;
#9382 = DIRECTION ( 'NONE',  ( 0.0000000000000000000, 1.000000000000000000, 0.0000000000000000000 ) ) ;
#9383 = DIRECTION ( 'NONE',  ( 0.0000000000000000000, 0.0000000000000000000, 1.000000000000000000 ) ) ;
#9384 = ORIENTED_EDGE ( 'NONE', *, *, #7857, .F. ) ;
#9385 = AXIS2_PLACEMENT_3D ( 'NONE', #7095, #6364, #5656 ) ;
#9386 = FACE_OUTER_BOUND ( 'NONE', #7004, .T. ) ;
#9387 = EDGE_CURVE ( 'NONE', #9413, #9210, #1796, .T. ) ;
#9388 = CARTESIAN_POINT ( 'NONE',  ( -1.495438813018632500, 0.7860123599238064700, -0.9398782611119703700 ) ) ;
#9389 = VERTEX_POINT ( 'NONE', #6373 ) ;
#9390 = ADVANCED_FACE ( 'NONE', ( #403 ), #1837, .T. ) ;
#9391 = CARTESIAN_POINT ( 'NONE',  ( 1.500000000000000000, 0.8000000000000001600, -1.134750653960801900 ) ) ;
#9392 = CIRCLE ( 'NONE', #1620, 0.2200581444740221400 ) ;
#9393 = EDGE_LOOP ( 'NONE', ( #2385, #7582 ) ) ;
#9394 = CARTESIAN_POINT ( 'NONE',  ( -0.6200000000000000000, 0.8000000000000001600, -1.500000000000000000 ) ) ;
#9395 = CARTESIAN_POINT ( 'NONE',  ( 0.8097783310986194100, 0.7907215304527230900, -1.456370969174489700 ) ) ;
#9396 = VERTEX_POINT ( 'NONE', #3696 ) ;
#9397 = VERTEX_POINT ( 'NONE', #4194 ) ;
#9398 = FACE_OUTER_BOUND ( 'NONE', #9409, .T. ) ;
#9399 = ORIENTED_EDGE ( 'NONE', *, *, #4960, .T. ) ;
#9400 = CARTESIAN_POINT ( 'NONE',  ( -0.7470000000000001100, 1.086360389693210800, 0.1050000000000000400 ) ) ;
#9401 = DIRECTION ( 'NONE',  ( 0.0000000000000000000, 0.0000000000000000000, 1.000000000000000000 ) ) ;
#9402 = AXIS2_PLACEMENT_3D ( 'NONE', #2851, #6645, #2187 ) ;
#9403 = MECHANICAL_DESIGN_GEOMETRIC_PRESENTATION_REPRESENTATION (  '', ( #1426 ), #2432 ) ;
#9404 = CARTESIAN_POINT ( 'NONE',  ( -1.007000000000000100, 1.200000000000000200, 0.1575000000000000800 ) ) ;
#9405 = CIRCLE ( 'NONE', #1678, 0.02250000000000005500 ) ;
#9406 = CYLINDRICAL_SURFACE ( 'NONE', #4900, 0.02250000000000005800 ) ;
#9407 = DIRECTION ( 'NONE',  ( -0.0000000000000000000, 1.000000000000000000, -0.0000000000000000000 ) ) ;
#9408 = VECTOR ( 'NONE', #2468, 1000.000000000000000 ) ;
#9409 = EDGE_LOOP ( 'NONE', ( #2887, #4500 ) ) ;
#9410 = ORIENTED_EDGE ( 'NONE', *, *, #6999, .T. ) ;
#9411 = VERTEX_POINT ( 'NONE', #8864 ) ;
#9412 = CARTESIAN_POINT ( 'NONE',  ( -0.6420000000000002400, 1.150000000000000100, 0.1275000000000000000 ) ) ;
#9413 = VERTEX_POINT ( 'NONE', #7156 ) ;
#9414 = PLANE ( 'NONE',  #4273 ) ;
#9415 = DIRECTION ( 'NONE',  ( 0.0000000000000000000, 0.0000000000000000000, 1.000000000000000000 ) ) ;
#9416 = LINE ( 'NONE', #5739, #3405 ) ;
#9417 = DIRECTION ( 'NONE',  ( 0.0000000000000000000, -0.0000000000000000000, 1.000000000000000000 ) ) ;
#9418 = CARTESIAN_POINT ( 'NONE',  ( -1.500000000000000000, 1.200000000000000200, -1.312950225730386000 ) ) ;
#9419 = CIRCLE ( 'NONE', #2915, 0.02250000000000005800 ) ;
#9420 = ADVANCED_FACE ( 'NONE', ( #8275 ), #7267, .T. ) ;
#9421 = ORIENTED_EDGE ( 'NONE', *, *, #4551, .F. ) ;
#9422 = AXIS2_PLACEMENT_3D ( 'NONE', #2345, #3137, #9043 ) ;
#9423 = ORIENTED_EDGE ( 'NONE', *, *, #6548, .F. ) ;
#9424 = CIRCLE ( 'NONE', #4738, 0.02250000000000005800 ) ;
#9425 = CARTESIAN_POINT ( 'NONE',  ( -1.495438813018632500, 0.7860123599238065800, -3.263917562149853700E-016 ) ) ;
#9426 = CARTESIAN_POINT ( 'NONE',  ( 0.5997232021850393800, 0.4080762362277933800, -1.497366444708328100 ) ) ;
#9427 = VECTOR ( 'NONE', #5605, 1000.000000000000000 ) ;
#9428 = DIRECTION ( 'NONE',  ( 0.0000000000000000000, 1.000000000000000000, 0.0000000000000000000 ) ) ;
#9429 = ORIENTED_EDGE ( 'NONE', *, *, #6559, .F. ) ;
#9430 = CARTESIAN_POINT ( 'NONE',  ( 1.374103491111541700, 0.4083758140070796700, 1.332524917308664000 ) ) ;
#9431 = EDGE_CURVE ( 'NONE', #973, #6324, #8735, .T. ) ;
#9432 = FACE_OUTER_BOUND ( 'NONE', #3165, .T. ) ;
#9433 = DIRECTION ( 'NONE',  ( 0.0000000000000000000, 1.000000000000000000, -0.0000000000000000000 ) ) ;
#9434 = VERTEX_POINT ( 'NONE', #2901 ) ;
#9435 = CARTESIAN_POINT ( 'NONE',  ( -1.372997430964506500, 0.7904871150602069700, 1.336378918763101400 ) ) ;
#9436 = ORIENTED_EDGE ( 'NONE', *, *, #3312, .T. ) ;
#9437 = CARTESIAN_POINT ( 'NONE',  ( -0.6183680235135659000, 0.7875852410257110400, 1.495951709030123100 ) ) ;
#9438 = EDGE_CURVE ( 'NONE', #6086, #7506, #363, .T. ) ;
#9439 = CARTESIAN_POINT ( 'NONE',  ( 0.6185438949767041400, 0.7891556476741018500, -1.496463798154598300 ) ) ;
#9440 = PRESENTATION_STYLE_ASSIGNMENT (( #9319 ) ) ;
#9441 = ORIENTED_EDGE ( 'NONE', *, *, #6459, .T. ) ;
#9442 = DIRECTION ( 'NONE',  ( 0.0000000000000000000, -1.000000000000000000, 0.0000000000000000000 ) ) ;
#9443 = CARTESIAN_POINT ( 'NONE',  ( -0.7470000000000001100, 1.150000000000000100, 0.02250000000000011700 ) ) ;
#9444 = CIRCLE ( 'NONE', #484, 0.02250000000000005800 ) ;
#9445 = EDGE_LOOP ( 'NONE', ( #756, #3113 ) ) ;
#9446 = EDGE_LOOP ( 'NONE', ( #7643, #4807, #6565, #8395 ) ) ;
#9447 = CARTESIAN_POINT ( 'NONE',  ( 1.005828629045296500, 0.4599353622264913400, 1.454632085777476800 ) ) ;
#9448 = FACE_OUTER_BOUND ( 'NONE', #6667, .T. ) ;
#9449 = ADVANCED_FACE ( 'NONE', ( #5658 ), #5545, .T. ) ;
#9450 = CARTESIAN_POINT ( 'NONE',  ( -0.9684688919967045000, 0.02639512947488285900, 1.442126331132120200 ) ) ;
#9451 = EDGE_LOOP ( 'NONE', ( #7929, #4134, #3974, #1351 ) ) ;
#9452 = CARTESIAN_POINT ( 'NONE',  ( -0.8520000000000000900, 1.150000000000000100, 0.1050000000000000800 ) ) ;
#9453 = VERTEX_POINT ( 'NONE', #2177 ) ;
#9454 = ORIENTED_EDGE ( 'NONE', *, *, #6453, .F. ) ;
#9455 = EDGE_CURVE ( 'NONE', #3497, #329, #1444, .T. ) ;
#9456 = CARTESIAN_POINT ( 'NONE',  ( 0.6200000000000000000, 0.5999999999999998700, 2.065876716699284200 ) ) ;
#9457 = CARTESIAN_POINT ( 'NONE',  ( -0.7470000000000001100, 1.200000000000000200, 6.049755187787927500E-017 ) ) ;
#9458 = B_SPLINE_CURVE_WITH_KNOTS ( 'NONE', 3,
 ( #7781, #3323, #2003, #7939, #3483, #8667, #4436 ),
 .UNSPECIFIED., .F., .F.,
 ( 4, 3, 4 ),
 ( -5.996962018154245200E-008, 0.0000000000000000000, 3.893553976975786400E-006 ),
 .UNSPECIFIED. ) ;
#9459 = ORIENTED_EDGE ( 'NONE', *, *, #576, .F. ) ;
#9460 = EDGE_LOOP ( 'NONE', ( #8132, #198 ) ) ;
#9461 = EDGE_LOOP ( 'NONE', ( #7381, #2733, #3506, #992, #3511 ) ) ;
#9462 = CARTESIAN_POINT ( 'NONE',  ( 1.495437206470116500, 0.7860074331750227500, -1.133095215548785200 ) ) ;
#9463 = MANIFOLD_SOLID_BREP ( 'Boss-Extrude7[10]', #4457 ) ;
#9464 = FACE_OUTER_BOUND ( 'NONE', #7161, .T. ) ;
#9465 = CARTESIAN_POINT ( 'NONE',  ( 1.325889227903623200, 0.7907169422464641600, 1.346664914048465700 ) ) ;
#9466 = AXIS2_PLACEMENT_3D ( 'NONE', #3436, #525, #9373 ) ;
#9467 = DIRECTION ( 'NONE',  ( 0.0000000000000000000, 0.0000000000000000000, 1.000000000000000000 ) ) ;
#9468 = DIRECTION ( 'NONE',  ( 0.0000000000000000000, 1.000000000000000000, -0.0000000000000000000 ) ) ;
#9469 = VERTEX_POINT ( 'NONE', #703 ) ;
#9470 = PLANE ( 'NONE',  #3319 ) ;
#9471 = DIRECTION ( 'NONE',  ( 0.9781476007338061300, 0.0000000000000000000, 0.2079116908177575400 ) ) ;
#9472 = LINE ( 'NONE', #8755, #1959 ) ;
#9473 = DIRECTION ( 'NONE',  ( 0.0000000000000000000, 1.000000000000000000, -0.0000000000000000000 ) ) ;
#9474 = EDGE_CURVE ( 'NONE', #3526, #5509, #640, .T. ) ;
#9475 = DIRECTION ( 'NONE',  ( 0.0000000000000000000, -0.0000000000000000000, -1.000000000000000000 ) ) ;
#9476 = MECHANICAL_DESIGN_GEOMETRIC_PRESENTATION_REPRESENTATION (  '', ( #3837 ), #9105 ) ;
#9477 = DIRECTION ( 'NONE',  ( 0.0000000000000000000, 0.0000000000000000000, -1.000000000000000000 ) ) ;
#9478 = CIRCLE ( 'NONE', #5118, 0.02000000000000005200 ) ;
#9479 = CARTESIAN_POINT ( 'NONE',  ( -0.7995000000000001000, 1.150000000000000100, 0.2050000000000000400 ) ) ;
#9480 = AXIS2_PLACEMENT_3D ( 'NONE', #8559, #8521, #9370 ) ;
#9481 = PRESENTATION_LAYER_ASSIGNMENT (  '', '', ( #8982 ) ) ;
#9482 = DIRECTION ( 'NONE',  ( 0.0000000000000000000, 0.0000000000000000000, -1.000000000000000000 ) ) ;
#9483 = FACE_OUTER_BOUND ( 'NONE', #760, .T. ) ;
#9484 = CARTESIAN_POINT ( 'NONE',  ( 1.410007557260966500, 0.5999610734533030700, -1.216109073686638900 ) ) ;
#9485 = DIRECTION ( 'NONE',  ( 0.0000000000000000000, 0.0000000000000000000, 1.000000000000000000 ) ) ;
#9486 = DIRECTION ( 'NONE',  ( 0.0000000000000000000, 1.000000000000000000, 0.0000000000000000000 ) ) ;
#9487 = EDGE_CURVE ( 'NONE', #1611, #4865, #7020, .T. ) ;
#9488 = CARTESIAN_POINT ( 'NONE',  ( -1.495438813010397900, 0.7860123598985504500, 1.130499522758019700 ) ) ;
#9489 = DIRECTION ( 'NONE',  ( -0.0000000000000000000, 1.000000000000000000, -0.0000000000000000000 ) ) ;
#9490 = DIRECTION ( 'NONE',  ( 0.0000000000000000000, 1.000000000000000000, 0.0000000000000000000 ) ) ;
#9491 = ADVANCED_FACE ( 'NONE', ( #4359 ), #3872, .T. ) ;
#9492 = ADVANCED_FACE ( 'NONE', ( #1559 ), #8582, .T. ) ;
#9493 = CARTESIAN_POINT ( 'NONE',  ( -0.6182269360013436000, 0.7860123598985514500, -1.495438813010397300 ) ) ;
#9494 = DIRECTION ( 'NONE',  ( 0.0000000000000000000, 0.0000000000000000000, -1.000000000000000000 ) ) ;
#9495 = DIRECTION ( 'NONE',  ( 0.0000000000000000000, 0.0000000000000000000, 1.000000000000000000 ) ) ;
#9496 = DIRECTION ( 'NONE',  ( 0.0000000000000000000, 1.000000000000000000, 0.0000000000000000000 ) ) ;
#9497 = PLANE ( 'NONE',  #4216 ) ;
#9498 = VERTEX_POINT ( 'NONE', #2208 ) ;
#9499 = DIRECTION ( 'NONE',  ( 0.0000000000000000000, 1.000000000000000000, 0.0000000000000000000 ) ) ;
#9500 = CARTESIAN_POINT ( 'NONE',  ( -1.488597793338386700, 0.3999999999999998600, -1.200421766716267300 ) ) ;
#9501 = DIRECTION ( 'NONE',  ( 0.0000000000000000000, -0.0000000000000000000, -1.000000000000000000 ) ) ;
#9502 = AXIS2_PLACEMENT_3D ( 'NONE', #567, #4163, #3443 ) ;
#9503 = CARTESIAN_POINT ( 'NONE',  ( 1.500000000000000900, 0.3999999999999999700, -1.130499522727402200 ) ) ;
#9504 = EDGE_CURVE ( 'NONE', #4875, #6716, #5882, .T. ) ;
#9505 = ORIENTED_EDGE ( 'NONE', *, *, #3813, .T. ) ;
#9506 = EDGE_CURVE ( 'NONE', #5672, #5441, #3636, .T. ) ;
#9507 = FACE_OUTER_BOUND ( 'NONE', #9170, .T. ) ;
#9508 = VERTEX_POINT ( 'NONE', #1398 ) ;
#9509 = CYLINDRICAL_SURFACE ( 'NONE', #9026, 0.02250000000000005800 ) ;
#9510 = CARTESIAN_POINT ( 'NONE',  ( -0.9775194722219027200, 3.705482896778295400E-016, 1.419755759021033700 ) ) ;
#9511 = DIRECTION ( 'NONE',  ( 0.0000000000000000000, 1.000000000000000000, -0.0000000000000000000 ) ) ;
#9512 = EDGE_LOOP ( 'NONE', ( #1105, #8405, #6277, #7057 ) ) ;
#9513 = ORIENTED_EDGE ( 'NONE', *, *, #6470, .F. ) ;
#9514 = AXIS2_PLACEMENT_3D ( 'NONE', #6315, #1954, #4922 ) ;
#9515 = VECTOR ( 'NONE', #2481, 1000.000000000000000 ) ;
#9516 = VERTEX_POINT ( 'NONE', #5204 ) ;
#9517 = DIRECTION ( 'NONE',  ( 0.0000000000000000000, 0.0000000000000000000, 1.000000000000000000 ) ) ;
#9518 = FACE_OUTER_BOUND ( 'NONE', #5308, .T. ) ;
#9519 = AXIS2_PLACEMENT_3D ( 'NONE', #8237, #101, #5296 ) ;
#9520 = CARTESIAN_POINT ( 'NONE',  ( -1.493666483934236000, 0.4000000000000000200, 1.198987672579603100 ) ) ;
#9521 = ORIENTED_EDGE ( 'NONE', *, *, #5123, .T. ) ;
#9522 = DIRECTION ( 'NONE',  ( 1.000000000000000000, 0.0000000000000000000, -0.0000000000000000000 ) ) ;
#9523 = VERTEX_POINT ( 'NONE', #2919 ) ;
#9524 = CARTESIAN_POINT ( 'NONE',  ( -0.8520000000000000900, 1.200000000000000200, -0.1049999999999999300 ) ) ;
#9525 =( NAMED_UNIT ( * ) SI_UNIT ( $, .STERADIAN. ) SOLID_ANGLE_UNIT ( ) );
#9526 = CARTESIAN_POINT ( 'NONE',  ( -1.007000000000000100, 1.200000000000000200, 0.1800000000000001600 ) ) ;
#9527 = FACE_OUTER_BOUND ( 'NONE', #1016, .T. ) ;
#9528 = AXIS2_PLACEMENT_3D ( 'NONE', #827, #1577, #6788 ) ;
#9529 = VERTEX_POINT ( 'NONE', #16 ) ;
#9530 = EDGE_CURVE ( 'NONE', #3092, #4861, #3707, .T. ) ;
#9531 = AXIS2_PLACEMENT_3D ( 'NONE', #8760, #805, #1300 ) ;
#9532 = DIRECTION ( 'NONE',  ( 0.0000000000000000000, -1.000000000000000000, 0.0000000000000000000 ) ) ;
#9533 = DIRECTION ( 'NONE',  ( 0.0000000000000000000, 0.0000000000000000000, -1.000000000000000000 ) ) ;
#9534 =( LENGTH_UNIT ( ) NAMED_UNIT ( * ) SI_UNIT ( .MILLI., .METRE. ) );
#9535 = VECTOR ( 'NONE', #5936, 1000.000000000000000 ) ;
#9536 = VERTEX_POINT ( 'NONE', #789 ) ;
#9537 = ADVANCED_FACE ( 'NONE', ( #3254 ), #1989, .T. ) ;
#9538 = VERTEX_POINT ( 'NONE', #3015 ) ;
#9539 = ADVANCED_FACE ( 'NONE', ( #7909 ), #9569, .T. ) ;
#9540 = CARTESIAN_POINT ( 'NONE',  ( 1.022726843479930400, 0.4943496307499537500, 1.451040259418888500 ) ) ;
#9541 = CARTESIAN_POINT ( 'NONE',  ( -0.7470000000000000000, 1.150000000000000100, 0.2849999999999999800 ) ) ;
#9542 = VECTOR ( 'NONE', #3019, 1000.000000000000000 ) ;
#9543 = ORIENTED_EDGE ( 'NONE', *, *, #8657, .F. ) ;
#9544 = ORIENTED_EDGE ( 'NONE', *, *, #1557, .T. ) ;
#9545 = VERTEX_POINT ( 'NONE', #3654 ) ;
#9546 = CARTESIAN_POINT ( 'NONE',  ( 1.488130860027999900, 0.7877605464042605200, -1.193636173732192600 ) ) ;
#9547 = LINE ( 'NONE', #1604, #7280 ) ;
#9548 = ORIENTED_EDGE ( 'NONE', *, *, #8363, .F. ) ;
#9549 = CARTESIAN_POINT ( 'NONE',  ( -0.4370000000000001100, 1.150000000000000100, -0.02250000000000001700 ) ) ;
#9550 = AXIS2_PLACEMENT_3D ( 'NONE', #574, #7260, #4168 ) ;
#9551 = ORIENTED_EDGE ( 'NONE', *, *, #7743, .T. ) ;
#9552 = FACE_OUTER_BOUND ( 'NONE', #4520, .T. ) ;
#9553 = ORIENTED_EDGE ( 'NONE', *, *, #7186, .F. ) ;
#9554 = VERTEX_POINT ( 'NONE', #711 ) ;
#9555 = CARTESIAN_POINT ( 'NONE',  ( -0.9570000000000001800, 1.150000000000000100, 1.171986986784016800E-016 ) ) ;
#9556 = DIRECTION ( 'NONE',  ( 0.9781476007338040200, 0.0000000000000000000, -0.2079116908177673400 ) ) ;
#9557 = CYLINDRICAL_SURFACE ( 'NONE', #112, 0.02250000000000005800 ) ;
#9558 = DIRECTION ( 'NONE',  ( 0.9781476007338070200, 2.121019507454156500E-016, -0.2079116908177527400 ) ) ;
#9559 = CARTESIAN_POINT ( 'NONE',  ( -1.027891860633221000, 0.5599999999999998300, 1.368155153542616400 ) ) ;
#9560 = CARTESIAN_POINT ( 'NONE',  ( -1.434291680171424100, 0.5999814616027746600, 1.143139818994393500 ) ) ;
#9561 = ORIENTED_EDGE ( 'NONE', *, *, #7322, .T. ) ;
#9562 = COLOUR_RGB ( '',1.000000000000000000, 1.000000000000000000, 1.000000000000000000 ) ;
#9563 = ORIENTED_EDGE ( 'NONE', *, *, #5781, .T. ) ;
#9564 = EDGE_CURVE ( 'NONE', #8934, #6386, #9377, .T. ) ;
#9565 = VECTOR ( 'NONE', #1001, 1000.000000000000000 ) ;
#9566 = CARTESIAN_POINT ( 'NONE',  ( -1.500000000000000900, 0.3999999999999999700, -1.130499522727401300 ) ) ;
#9567 = CARTESIAN_POINT ( 'NONE',  ( -0.6945000000000002300, 1.086360389693210800, 0.2050000000000000400 ) ) ;
#9568 = FACE_OUTER_BOUND ( 'NONE', #4794, .T. ) ;
#9569 = PLANE ( 'NONE',  #4877 ) ;
#9570 = ORIENTED_EDGE ( 'NONE', *, *, #6459, .F. ) ;
#9571 = DIRECTION ( 'NONE',  ( 0.9781476007338070200, -6.229315014092167600E-016, -0.2079116908177527900 ) ) ;
#9572 = CARTESIAN_POINT ( 'NONE',  ( -1.395889160763453800, 0.3999999999999999700, -1.317533769210545100 ) ) ;
#9573 = LINE ( 'NONE', #1464, #6514 ) ;
#9574 = STYLED_ITEM ( 'NONE', ( #9440 ), #4443 ) ;
#9575 = VERTEX_POINT ( 'NONE', #6742 ) ;
#9576 = EDGE_CURVE ( 'NONE', #5680, #5878, #3484, .T. ) ;
#9577 =( BOUNDED_CURVE ( )  B_SPLINE_CURVE ( 3, ( #7515, #3799, #4557, #6123 ),
 .UNSPECIFIED., .F., .T. ) 
 B_SPLINE_CURVE_WITH_KNOTS ( ( 4, 4 ),
 ( 3.141592653589778500, 4.712388980384685200 ),
 .UNSPECIFIED. ) 
 CURVE ( )  GEOMETRIC_REPRESENTATION_ITEM ( )  RATIONAL_B_SPLINE_CURVE ( ( 1.000000000000000000, 0.8047378541243626100, 0.8047378541243626100, 1.000000000000000000 ) ) 
 REPRESENTATION_ITEM ( '' )  );
ENDSEC;
END-ISO-10303-21;
