ISO-10303-21;
HEADER;
FILE_DESCRIPTION (( 'STEP AP214' ),
    '1' );
FILE_NAME ('SRR1208-120ML.STEP',
    '2023-03-23T12:35:37',
    ( '' ),
    ( '' ),
    'SwSTEP 2.0',
    'SolidWorks 2017',
    '' );
FILE_SCHEMA (( 'AUTOMOTIVE_DESIGN' ));
ENDSEC;

DATA;
#1 = DIRECTION ( 'NONE',  ( -0.7071067811865500200, 1.135772901246948300E-016, -0.7071067811865451300 ) ) ;
#2 = AXIS2_PLACEMENT_3D ( 'NONE', #2251, #2165, #4806 ) ;
#3 = ORIENTED_EDGE ( 'NONE', *, *, #205, .T. ) ;
#4 = FACE_OUTER_BOUND ( 'NONE', #4665, .T. ) ;
#5 = CIRCLE ( 'NONE', #552, 1.199999999999999700 ) ;
#6 = VECTOR ( 'NONE', #3444, 1000.000000000000000 ) ;
#7 = CARTESIAN_POINT ( 'NONE',  ( 2.399999999999995900, 0.5000000000000004400, 6.349999999999999600 ) ) ;
#8 = CARTESIAN_POINT ( 'NONE',  ( -3.889087296526017900, 8.500000000000000000, -3.889087296526003700 ) ) ;
#9 = CARTESIAN_POINT ( 'NONE',  ( -6.349999999999998800, 0.5000000000000004400, -5.549999999999998900 ) ) ;
#10 = EDGE_CURVE ( 'NONE', #6453, #4116, #4226, .T. ) ;
#11 = LINE ( 'NONE', #6095, #3763 ) ;
#12 = VECTOR ( 'NONE', #6524, 1000.000000000000000 ) ;
#13 = DIRECTION ( 'NONE',  ( 0.0000000000000000000, 0.0000000000000000000, -1.000000000000000000 ) ) ;
#14 = VERTEX_POINT ( 'NONE', #5061 ) ;
#15 = CARTESIAN_POINT ( 'NONE',  ( 6.350000000000001400, 2.649999999999998600, -1.899999999999999700 ) ) ;
#16 = DIRECTION ( 'NONE',  ( 0.0000000000000000000, 1.000000000000000000, 2.168404344971016000E-015 ) ) ;
#17 = LINE ( 'NONE', #377, #4730 ) ;
#18 = ADVANCED_FACE ( 'NONE', ( #137 ), #6029, .T. ) ;
#19 = ORIENTED_EDGE ( 'NONE', *, *, #2620, .T. ) ;
#20 = EDGE_CURVE ( 'NONE', #5856, #2048, #762, .T. ) ;
#21 = DIRECTION ( 'NONE',  ( 0.0000000000000000000, 0.0000000000000000000, -1.000000000000000000 ) ) ;
#22 = DIRECTION ( 'NONE',  ( -1.000000000000000000, 0.0000000000000000000, -0.0000000000000000000 ) ) ;
#23 = DIRECTION ( 'NONE',  ( 0.0000000000000000000, 0.0000000000000000000, -1.000000000000000000 ) ) ;
#24 = VECTOR ( 'NONE', #1269, 1000.000000000000000 ) ;
#25 = VERTEX_POINT ( 'NONE', #2978 ) ;
#26 = CARTESIAN_POINT ( 'NONE',  ( 6.350000000000001400, -1.612394906284619600E-015, -2.499999999999998200 ) ) ;
#27 = DIRECTION ( 'NONE',  ( -1.606225440719266900E-016, 1.000000000000000000, 0.0000000000000000000 ) ) ;
#28 = DIRECTION ( 'NONE',  ( -0.0000000000000000000, -0.0000000000000000000, -1.000000000000000000 ) ) ;
#29 = VECTOR ( 'NONE', #767, 1000.000000000000000 ) ;
#30 = VERTEX_POINT ( 'NONE', #4537 ) ;
#31 = DIRECTION ( 'NONE',  ( 0.0000000000000000000, 0.0000000000000000000, -1.000000000000000000 ) ) ;
#32 = DIRECTION ( 'NONE',  ( 1.000000000000000000, 0.0000000000000000000, 0.0000000000000000000 ) ) ;
#33 = ORIENTED_EDGE ( 'NONE', *, *, #1413, .T. ) ;
#34 = CARTESIAN_POINT ( 'NONE',  ( 4.639984522846804200, 8.400000000000000400, -2.953056658403648200 ) ) ;
#35 = ORIENTED_EDGE ( 'NONE', *, *, #5424, .T. ) ;
#36 = LINE ( 'NONE', #1650, #5614 ) ;
#37 = CARTESIAN_POINT ( 'NONE',  ( 5.800000000000001600, 0.5499999999999987100, -2.499999999999998700 ) ) ;
#38 = EDGE_CURVE ( 'NONE', #2697, #2265, #2352, .T. ) ;
#39 = VERTEX_POINT ( 'NONE', #420 ) ;
#40 = VERTEX_POINT ( 'NONE', #5962 ) ;
#41 = EDGE_LOOP ( 'NONE', ( #3959, #2618, #3626, #6251, #2031 ) ) ;
#42 = CARTESIAN_POINT ( 'NONE',  ( -5.549999999999998900, 0.5000000000000004400, 6.349999999999999600 ) ) ;
#43 = AXIS2_PLACEMENT_3D ( 'NONE', #2550, #6098, #5115 ) ;
#44 = CARTESIAN_POINT ( 'NONE',  ( 6.350000000000001400, 1.350000000000000500, 3.399999999999999900 ) ) ;
#45 = ORIENTED_EDGE ( 'NONE', *, *, #2209, .F. ) ;
#46 = ORIENTED_EDGE ( 'NONE', *, *, #327, .T. ) ;
#47 = CARTESIAN_POINT ( 'NONE',  ( -3.011672701341232100E-017, 0.4999999999999788500, 0.4999999999999997800 ) ) ;
#48 = CARTESIAN_POINT ( 'NONE',  ( -3.949999999999994400, 0.8500000000000000900, 2.500000000000000000 ) ) ;
#49 = EDGE_CURVE ( 'NONE', #2598, #2565, #3501, .T. ) ;
#50 = PLANE ( 'NONE',  #1723 ) ;
#51 = ORIENTED_EDGE ( 'NONE', *, *, #586, .F. ) ;
#52 = ORIENTED_EDGE ( 'NONE', *, *, #5121, .F. ) ;
#53 = LINE ( 'NONE', #1113, #131 ) ;
#54 = VERTEX_POINT ( 'NONE', #5018 ) ;
#55 = AXIS2_PLACEMENT_3D ( 'NONE', #6578, #439, #492 ) ;
#56 = DIRECTION ( 'NONE',  ( -0.0000000000000000000, -9.427844978134822700E-017, -1.000000000000000000 ) ) ;
#57 = SURFACE_STYLE_USAGE ( .BOTH. , #565 ) ;
#58 = LINE ( 'NONE', #3964, #5321 ) ;
#59 = EDGE_CURVE ( 'NONE', #6560, #5680, #5643, .T. ) ;
#60 = ORIENTED_EDGE ( 'NONE', *, *, #2956, .F. ) ;
#61 = CARTESIAN_POINT ( 'NONE',  ( -1.734723475976807100E-015, 8.299999999999998900, 2.168404344971008900E-015 ) ) ;
#62 = VERTEX_POINT ( 'NONE', #442 ) ;
#63 = DIRECTION ( 'NONE',  ( 0.0000000000000000000, 0.0000000000000000000, 1.000000000000000000 ) ) ;
#64 = ORIENTED_EDGE ( 'NONE', *, *, #1115, .F. ) ;
#65 = ORIENTED_EDGE ( 'NONE', *, *, #6250, .F. ) ;
#66 = SURFACE_SIDE_STYLE ('',( #4006 ) ) ;
#67 = ORIENTED_EDGE ( 'NONE', *, *, #1205, .T. ) ;
#68 = FILL_AREA_STYLE ('',( #2051 ) ) ;
#69 = LINE ( 'NONE', #6064, #1635 ) ;
#70 = DIRECTION ( 'NONE',  ( 0.0000000000000000000, 1.000000000000000000, 0.0000000000000000000 ) ) ;
#71 = EDGE_LOOP ( 'NONE', ( #5166, #4048, #6006, #4885, #5642, #1039, #1931, #2954 ) ) ;
#72 = DIRECTION ( 'NONE',  ( -0.0000000000000000000, -0.0000000000000000000, 1.000000000000000000 ) ) ;
#73 = LINE ( 'NONE', #1823, #1555 ) ;
#74 = EDGE_CURVE ( 'NONE', #1993, #5488, #2111, .T. ) ;
#75 = PLANE ( 'NONE',  #965 ) ;
#76 = EDGE_CURVE ( 'NONE', #4106, #4950, #5172, .T. ) ;
#77 = ORIENTED_EDGE ( 'NONE', *, *, #2020, .T. ) ;
#78 = DIRECTION ( 'NONE',  ( -0.7071067811865513500, -0.7071067811865438000, 0.0000000000000000000 ) ) ;
#79 = LINE ( 'NONE', #4411, #1251 ) ;
#80 = VECTOR ( 'NONE', #56, 1000.000000000000000 ) ;
#81 = EDGE_CURVE ( 'NONE', #54, #3316, #4694, .T. ) ;
#82 = CARTESIAN_POINT ( 'NONE',  ( -1.734723475976807100E-015, 6.500000000000000900, 2.168404344971008900E-015 ) ) ;
#83 = ORIENTED_EDGE ( 'NONE', *, *, #1731, .F. ) ;
#84 = FACE_OUTER_BOUND ( 'NONE', #3395, .T. ) ;
#85 = ADVANCED_FACE ( 'NONE', ( #2680 ), #3952, .F. ) ;
#86 = CARTESIAN_POINT ( 'NONE',  ( -2.399999999999995900, 0.5000000000000004400, -3.399999999999999900 ) ) ;
#87 = DIRECTION ( 'NONE',  ( 0.0000000000000000000, 0.0000000000000000000, -1.000000000000000000 ) ) ;
#88 = ORIENTED_EDGE ( 'NONE', *, *, #1078, .T. ) ;
#89 = CIRCLE ( 'NONE', #3118, 0.7500000000000000000 ) ;
#90 = LINE ( 'NONE', #1452, #324 ) ;
#91 = DIRECTION ( 'NONE',  ( 0.0000000000000000000, 0.0000000000000000000, 1.000000000000000000 ) ) ;
#92 = CIRCLE ( 'NONE', #6104, 0.8000000000000003800 ) ;
#93 = CARTESIAN_POINT ( 'NONE',  ( -2.877314156115119600, 8.500000000000000000, -4.687343749517247600 ) ) ;
#94 = AXIS2_PLACEMENT_3D ( 'NONE', #3442, #4474, #3401 ) ;
#95 = AXIS2_PLACEMENT_3D ( 'NONE', #1262, #1280, #5363 ) ;
#96 = DIRECTION ( 'NONE',  ( -0.7071067811865451300, -1.135772901246940700E-016, 0.7071067811865500200 ) ) ;
#97 = VECTOR ( 'NONE', #1519, 1000.000000000000000 ) ;
#98 = EDGE_LOOP ( 'NONE', ( #6479, #6312, #5046, #3870 ) ) ;
#99 = CARTESIAN_POINT ( 'NONE',  ( 2.325000000000000600, 1.350000000000001000, 1.074999999999994000 ) ) ;
#100 = EDGE_CURVE ( 'NONE', #3854, #206, #1458, .T. ) ;
#101 = FACE_OUTER_BOUND ( 'NONE', #1378, .T. ) ;
#102 = ORIENTED_EDGE ( 'NONE', *, *, #949, .F. ) ;
#103 = CARTESIAN_POINT ( 'NONE',  ( -4.655310982368509300, 8.470786618248704200, 2.928849122308431400 ) ) ;
#104 = DIRECTION ( 'NONE',  ( 0.0000000000000000000, 1.000000000000000000, -7.228014483236610800E-016 ) ) ;
#105 = VECTOR ( 'NONE', #4142, 1000.000000000000000 ) ;
#106 = CARTESIAN_POINT ( 'NONE',  ( -2.049999999999999800, 0.8499999999999998700, 3.399999999999999900 ) ) ;
#107 = ORIENTED_EDGE ( 'NONE', *, *, #4506, .F. ) ;
#108 = DIRECTION ( 'NONE',  ( 0.0000000000000000000, 0.0000000000000000000, -1.000000000000000000 ) ) ;
#109 = ORIENTED_EDGE ( 'NONE', *, *, #6162, .T. ) ;
#110 = LINE ( 'NONE', #3039, #5924 ) ;
#111 = EDGE_CURVE ( 'NONE', #6473, #4554, #5015, .T. ) ;
#112 = DIRECTION ( 'NONE',  ( 1.000000000000000000, -0.0000000000000000000, -0.0000000000000000000 ) ) ;
#113 = ADVANCED_FACE ( 'NONE', ( #6569 ), #5493, .T. ) ;
#114 = ORIENTED_EDGE ( 'NONE', *, *, #609, .T. ) ;
#115 = EDGE_CURVE ( 'NONE', #1071, #4673, #3340, .T. ) ;
#116 = VECTOR ( 'NONE', #1716, 1000.000000000000000 ) ;
#117 = CARTESIAN_POINT ( 'NONE',  ( -2.951431482237490300, 8.422436701475801300, 4.641019912486795500 ) ) ;
#118 = VERTEX_POINT ( 'NONE', #927 ) ;
#119 =( LENGTH_UNIT ( ) NAMED_UNIT ( * ) SI_UNIT ( .MILLI., .METRE. ) );
#120 = ORIENTED_EDGE ( 'NONE', *, *, #2409, .F. ) ;
#121 = ORIENTED_EDGE ( 'NONE', *, *, #1857, .F. ) ;
#122 = ORIENTED_EDGE ( 'NONE', *, *, #2559, .F. ) ;
#123 = VECTOR ( 'NONE', #3909, 1000.000000000000000 ) ;
#124 = CARTESIAN_POINT ( 'NONE',  ( -3.949999999999994400, 0.5999999999999999800, -0.5000000000000000000 ) ) ;
#125 = AXIS2_PLACEMENT_3D ( 'NONE', #4827, #2208, #3203 ) ;
#126 = ORIENTED_EDGE ( 'NONE', *, *, #3101, .T. ) ;
#127 = CARTESIAN_POINT ( 'NONE',  ( 6.350000000000001400, 2.149999999999997700, -4.799999999999998000 ) ) ;
#128 = VERTEX_POINT ( 'NONE', #3505 ) ;
#129 = CARTESIAN_POINT ( 'NONE',  ( -4.641019912486803500, 8.422436701475801300, -2.951431482237473000 ) ) ;
#130 = ORIENTED_EDGE ( 'NONE', *, *, #3096, .T. ) ;
#131 = VECTOR ( 'NONE', #638, 1000.000000000000000 ) ;
#132 = VERTEX_POINT ( 'NONE', #1390 ) ;
#133 = DIRECTION ( 'NONE',  ( 0.0000000000000000000, -1.000000000000000000, 0.0000000000000000000 ) ) ;
#134 = EDGE_LOOP ( 'NONE', ( #4863, #5935, #6068, #1123 ) ) ;
#135 = EDGE_CURVE ( 'NONE', #3450, #2093, #2599, .T. ) ;
#136 = DIRECTION ( 'NONE',  ( -0.5773502691896254000, 0.5773502691896316200, 0.5773502691896204000 ) ) ;
#137 = FACE_OUTER_BOUND ( 'NONE', #141, .T. ) ;
#138 = CARTESIAN_POINT ( 'NONE',  ( -5.850000000000003200, -1.596944630233154000E-015, -2.499999999999998200 ) ) ;
#139 = AXIS2_PLACEMENT_3D ( 'NONE', #2191, #4335, #1192 ) ;
#140 = ADVANCED_FACE ( 'NONE', ( #1309 ), #1082, .T. ) ;
#141 = EDGE_LOOP ( 'NONE', ( #1439, #1364, #1020, #2533, #5142, #2985 ) ) ;
#142 = EDGE_CURVE ( 'NONE', #6570, #1006, #614, .T. ) ;
#143 = VECTOR ( 'NONE', #2069, 1000.000000000000000 ) ;
#144 = ADVANCED_FACE ( 'NONE', ( #1794 ), #2686, .T. ) ;
#145 = ORIENTED_EDGE ( 'NONE', *, *, #2332, .T. ) ;
#146 = PLANE ( 'NONE',  #1633 ) ;
#147 = VECTOR ( 'NONE', #2000, 1000.000000000000000 ) ;
#148 = DIRECTION ( 'NONE',  ( 1.000000000000000000, -5.421010862427519200E-016, 0.0000000000000000000 ) ) ;
#149 =( NAMED_UNIT ( * ) PLANE_ANGLE_UNIT ( ) SI_UNIT ( $, .RADIAN. ) );
#150 = ORIENTED_EDGE ( 'NONE', *, *, #4060, .F. ) ;
#151 = EDGE_LOOP ( 'NONE', ( #3915, #3241, #2006, #3100, #4108, #6437 ) ) ;
#152 = VECTOR ( 'NONE', #156, 1000.000000000000000 ) ;
#153 = VERTEX_POINT ( 'NONE', #3822 ) ;
#154 = CARTESIAN_POINT ( 'NONE',  ( -5.549999999999998900, 0.5000000000000004400, -6.349999999999999600 ) ) ;
#155 = COLOUR_RGB ( '',0.2509803921568627400, 0.2509803921568627400, 0.2509803921568627400 ) ;
#156 = DIRECTION ( 'NONE',  ( -1.000000000000000000, -1.606225440719266900E-016, 0.0000000000000000000 ) ) ;
#157 = EDGE_LOOP ( 'NONE', ( #671, #4872, #977, #2339, #2719 ) ) ;
#158 = CARTESIAN_POINT ( 'NONE',  ( 3.199999999999994400, 1.350000000000001000, 3.399999999999999900 ) ) ;
#159 = DIRECTION ( 'NONE',  ( 1.000000000000000000, -3.491481338843134500E-015, -0.0000000000000000000 ) ) ;
#160 = VECTOR ( 'NONE', #5657, 1000.000000000000000 ) ;
#161 = VECTOR ( 'NONE', #5862, 1000.000000000000000 ) ;
#162 = EDGE_CURVE ( 'NONE', #4157, #6270, #5869, .T. ) ;
#163 = LINE ( 'NONE', #3404, #5199 ) ;
#164 = AXIS2_PLACEMENT_3D ( 'NONE', #2692, #1095, #1966 ) ;
#165 = LINE ( 'NONE', #5047, #3287 ) ;
#166 = FACE_OUTER_BOUND ( 'NONE', #831, .T. ) ;
#167 = AXIS2_PLACEMENT_3D ( 'NONE', #545, #4152, #3706 ) ;
#168 = ORIENTED_EDGE ( 'NONE', *, *, #1413, .F. ) ;
#169 = DIRECTION ( 'NONE',  ( -0.7071067811865433500, -0.7071067811865517900, 0.0000000000000000000 ) ) ;
#170 = ADVANCED_FACE ( 'NONE', ( #5480 ), #744, .T. ) ;
#171 = EDGE_CURVE ( 'NONE', #2289, #2800, #458, .T. ) ;
#172 = CIRCLE ( 'NONE', #6555, 0.1000000000000071900 ) ;
#173 = ORIENTED_EDGE ( 'NONE', *, *, #4679, .F. ) ;
#174 = DIRECTION ( 'NONE',  ( 0.0000000000000000000, 1.000000000000000000, 0.0000000000000000000 ) ) ;
#175 = AXIS2_PLACEMENT_3D ( 'NONE', #1313, #2408, #5498 ) ;
#176 = DIRECTION ( 'NONE',  ( 0.0000000000000000000, 1.000000000000000000, 0.0000000000000000000 ) ) ;
#177 = CARTESIAN_POINT ( 'NONE',  ( 6.350000000000001400, 0.5000000000000004400, 5.549999999999998900 ) ) ;
#178 = DIRECTION ( 'NONE',  ( 0.0000000000000000000, 0.0000000000000000000, -1.000000000000000000 ) ) ;
#179 = VECTOR ( 'NONE', #5816, 1000.000000000000000 ) ;
#180 = ORIENTED_EDGE ( 'NONE', *, *, #4535, .F. ) ;
#181 = CARTESIAN_POINT ( 'NONE',  ( 5.550000000000000700, 0.5000000000000004400, -6.349999999999999600 ) ) ;
#182 = CARTESIAN_POINT ( 'NONE',  ( 5.850000000000001400, 1.350000000000000500, 3.399999999999999900 ) ) ;
#183 = EDGE_CURVE ( 'NONE', #2765, #3218, #2515, .T. ) ;
#184 = ORIENTED_EDGE ( 'NONE', *, *, #3719, .F. ) ;
#185 = LINE ( 'NONE', #225, #4662 ) ;
#186 = DIRECTION ( 'NONE',  ( 0.0000000000000000000, 1.000000000000000000, 0.0000000000000000000 ) ) ;
#187 = DIRECTION ( 'NONE',  ( 6.413747168845436200E-031, 1.836970198721028700E-016, -1.000000000000000000 ) ) ;
#188 = ORIENTED_EDGE ( 'NONE', *, *, #3096, .F. ) ;
#189 = ORIENTED_EDGE ( 'NONE', *, *, #4817, .T. ) ;
#190 = ORIENTED_EDGE ( 'NONE', *, *, #1033, .F. ) ;
#191 = CARTESIAN_POINT ( 'NONE',  ( 1.350000000000001400, 0.8500000000000009800, 2.599999999999990800 ) ) ;
#192 = EDGE_LOOP ( 'NONE', ( #4053, #1072, #1421, #2129 ) ) ;
#193 = ORIENTED_EDGE ( 'NONE', *, *, #1275, .F. ) ;
#194 = CARTESIAN_POINT ( 'NONE',  ( 6.350000000000001400, 2.150000000000001200, -6.349999999999999600 ) ) ;
#195 = VERTEX_POINT ( 'NONE', #2778 ) ;
#196 = ORIENTED_EDGE ( 'NONE', *, *, #4952, .F. ) ;
#197 = DIRECTION ( 'NONE',  ( 0.0000000000000000000, -1.000000000000000000, 0.0000000000000000000 ) ) ;
#198 = DIRECTION ( 'NONE',  ( 1.000000000000000000, 1.057758217059029100E-016, 9.972380494780813000E-033 ) ) ;
#199 = ORIENTED_EDGE ( 'NONE', *, *, #38, .F. ) ;
#200 = EDGE_CURVE ( 'NONE', #3420, #3519, #6414, .T. ) ;
#201 = ORIENTED_EDGE ( 'NONE', *, *, #3828, .T. ) ;
#202 = CARTESIAN_POINT ( 'NONE',  ( -3.889087296526017000, 8.400000000000000400, 3.889087296526004600 ) ) ;
#203 = CARTESIAN_POINT ( 'NONE',  ( -1.799999999999994700, 1.350000000000000800, -1.150000000000010300 ) ) ;
#204 = ADVANCED_FACE ( 'NONE', ( #1151 ), #1760, .T. ) ;
#205 = EDGE_CURVE ( 'NONE', #5184, #3359, #6345, .T. ) ;
#206 = VERTEX_POINT ( 'NONE', #6310 ) ;
#207 = VERTEX_POINT ( 'NONE', #4323 ) ;
#208 = DIRECTION ( 'NONE',  ( -0.0000000000000000000, 4.388034133981038200E-016, 1.000000000000000000 ) ) ;
#209 = FACE_OUTER_BOUND ( 'NONE', #5852, .T. ) ;
#210 = DIRECTION ( 'NONE',  ( 0.0000000000000000000, 1.000000000000000000, 0.0000000000000000000 ) ) ;
#211 = ORIENTED_EDGE ( 'NONE', *, *, #5522, .T. ) ;
#212 = CARTESIAN_POINT ( 'NONE',  ( -1.734723475976807100E-015, 6.500000000000000900, 2.168404344971008900E-015 ) ) ;
#213 = LINE ( 'NONE', #4520, #4773 ) ;
#214 = ORIENTED_EDGE ( 'NONE', *, *, #5483, .T. ) ;
#215 = CARTESIAN_POINT ( 'NONE',  ( 1.360415583094916400E-015, 0.8500000000000030900, 3.399999999999999900 ) ) ;
#216 = EDGE_LOOP ( 'NONE', ( #2455, #3936, #3575, #4405 ) ) ;
#217 = VERTEX_POINT ( 'NONE', #2842 ) ;
#218 = CARTESIAN_POINT ( 'NONE',  ( 5.550000000000000700, 7.700000000000000200, 6.349999999999999600 ) ) ;
#219 = ORIENTED_EDGE ( 'NONE', *, *, #2714, .T. ) ;
#220 = EDGE_CURVE ( 'NONE', #4594, #2383, #4850, .T. ) ;
#221 = CARTESIAN_POINT ( 'NONE',  ( -1.148117659185224900E-015, 6.500000000000000900, -4.789999999999997400 ) ) ;
#222 = CARTESIAN_POINT ( 'NONE',  ( 4.675614942086504300, 8.494903192430530900, 2.896332982776804500 ) ) ;
#223 = ORIENTED_EDGE ( 'NONE', *, *, #2454, .F. ) ;
#224 = DIRECTION ( 'NONE',  ( 0.0000000000000000000, -0.0000000000000000000, -1.000000000000000000 ) ) ;
#225 = CARTESIAN_POINT ( 'NONE',  ( -4.049999999999999800, 0.4999999999999926200, 2.500000000000000000 ) ) ;
#226 = PLANE ( 'NONE',  #1774 ) ;
#227 = ORIENTED_EDGE ( 'NONE', *, *, #1989, .F. ) ;
#228 = CARTESIAN_POINT ( 'NONE',  ( 3.199999999999994800, -7.806255641895631900E-015, -0.5000000000000004400 ) ) ;
#229 = CARTESIAN_POINT ( 'NONE',  ( -6.350000000000001400, 1.350000000000000300, -4.799999999999999800 ) ) ;
#230 = CYLINDRICAL_SURFACE ( 'NONE', #3350, 0.8000000000000003800 ) ;
#231 = DIRECTION ( 'NONE',  ( 0.0000000000000000000, 1.000000000000000000, -9.035018104045873200E-017 ) ) ;
#232 = ORIENTED_EDGE ( 'NONE', *, *, #750, .T. ) ;
#233 = EDGE_CURVE ( 'NONE', #5390, #4916, #4385, .T. ) ;
#234 = LINE ( 'NONE', #1755, #5739 ) ;
#236 = ADVANCED_FACE ( 'NONE', ( #3004 ), #5872, .F. ) ;
#235 = VECTOR ( 'NONE', #2039, 1000.000000000000000 ) ;
#237 = PLANE ( 'NONE',  #4632 ) ;
#238 = LINE ( 'NONE', #2656, #5267 ) ;
#239 = EDGE_CURVE ( 'NONE', #2768, #5702, #1618, .T. ) ;
#240 = VERTEX_POINT ( 'NONE', #1739 ) ;
#241 = CARTESIAN_POINT ( 'NONE',  ( -5.850000000000001400, 1.350000000000000300, 4.799999999999999800 ) ) ;
#242 = LINE ( 'NONE', #5635, #5506 ) ;
#243 = LINE ( 'NONE', #3418, #2062 ) ;
#244 = CARTESIAN_POINT ( 'NONE',  ( -3.949999999999994400, 0.8499999999999996400, -2.499999999999998700 ) ) ;
#245 = CARTESIAN_POINT ( 'NONE',  ( 0.0000000000000000000, 8.500000000000000000, 0.0000000000000000000 ) ) ;
#246 = LINE ( 'NONE', #3018, #2789 ) ;
#247 = CARTESIAN_POINT ( 'NONE',  ( 5.850000000000001400, 0.5499999999999988200, 2.500000000000000000 ) ) ;
#248 = DIRECTION ( 'NONE',  ( 0.0000000000000000000, 1.000000000000000000, 0.0000000000000000000 ) ) ;
#249 = EDGE_CURVE ( 'NONE', #1542, #6453, #290, .T. ) ;
#250 = FACE_OUTER_BOUND ( 'NONE', #914, .T. ) ;
#251 = CARTESIAN_POINT ( 'NONE',  ( 5.850000000000001400, 2.356961244533704900E-016, -2.499999999999999100 ) ) ;
#252 = ORIENTED_EDGE ( 'NONE', *, *, #4280, .F. ) ;
#253 = DIRECTION ( 'NONE',  ( 0.0000000000000000000, 0.0000000000000000000, 1.000000000000000000 ) ) ;
#254 = AXIS2_PLACEMENT_3D ( 'NONE', #2822, #6382, #1851 ) ;
#255 = AXIS2_PLACEMENT_3D ( 'NONE', #5871, #3890, #3373 ) ;
#256 = FACE_OUTER_BOUND ( 'NONE', #6485, .T. ) ;
#257 = DIRECTION ( 'NONE',  ( 0.0000000000000000000, 0.0000000000000000000, 1.000000000000000000 ) ) ;
#258 = EDGE_LOOP ( 'NONE', ( #2170, #3824, #2158, #5336 ) ) ;
#259 = CARTESIAN_POINT ( 'NONE',  ( -5.800000000000003400, -1.800877325670412500E-015, -2.499999999999998200 ) ) ;
#260 = UNCERTAINTY_MEASURE_WITH_UNIT (LENGTH_MEASURE( 1.000000000000000100E-005 ), #6385, 'distance_accuracy_value', 'NONE');
#261 = EDGE_CURVE ( 'NONE', #3105, #2340, #3495, .T. ) ;
#262 = DIRECTION ( 'NONE',  ( -1.000000000000000000, 0.0000000000000000000, 0.0000000000000000000 ) ) ;
#263 = LINE ( 'NONE', #6315, #3230 ) ;
#264 = VERTEX_POINT ( 'NONE', #1287 ) ;
#265 = CARTESIAN_POINT ( 'NONE',  ( 4.050000000000001600, 0.5999999999999999800, 2.500000000000000400 ) ) ;
#266 = CARTESIAN_POINT ( 'NONE',  ( 6.350000000000001400, 0.5000000000000004400, -6.349999999999999600 ) ) ;
#267 = DIRECTION ( 'NONE',  ( 0.0000000000000000000, -0.0000000000000000000, -1.000000000000000000 ) ) ;
#268 = CYLINDRICAL_SURFACE ( 'NONE', #3075, 0.6000000000000071900 ) ;
#269 = DIRECTION ( 'NONE',  ( -1.000000000000000000, 0.0000000000000000000, 0.0000000000000000000 ) ) ;
#270 = EDGE_CURVE ( 'NONE', #1354, #3007, #2030, .T. ) ;
#271 = ADVANCED_FACE ( 'NONE', ( #1866 ), #4930, .T. ) ;
#272 = ORIENTED_EDGE ( 'NONE', *, *, #4852, .F. ) ;
#273 = CARTESIAN_POINT ( 'NONE',  ( 5.550000000000000700, 7.700000000000000200, -5.549999999999998900 ) ) ;
#274 = DIRECTION ( 'NONE',  ( -0.0000000000000000000, -0.0000000000000000000, -1.000000000000000000 ) ) ;
#275 = ORIENTED_EDGE ( 'NONE', *, *, #5650, .T. ) ;
#276 = CIRCLE ( 'NONE', #5257, 0.6000000000000071900 ) ;
#277 = ORIENTED_EDGE ( 'NONE', *, *, #4389, .T. ) ;
#278 = CARTESIAN_POINT ( 'NONE',  ( -4.349999999999998800, 2.649999999999998600, -1.899999999999999500 ) ) ;
#279 = ORIENTED_EDGE ( 'NONE', *, *, #826, .F. ) ;
#280 = CARTESIAN_POINT ( 'NONE',  ( -4.050000000000001600, 0.5999999999999999800, -0.5000000000000000000 ) ) ;
#281 = ORIENTED_EDGE ( 'NONE', *, *, #4602, .T. ) ;
#282 = VECTOR ( 'NONE', #702, 1000.000000000000000 ) ;
#283 = DIRECTION ( 'NONE',  ( 9.531447670202242400E-017, -1.000000000000000000, 0.0000000000000000000 ) ) ;
#284 = DIRECTION ( 'NONE',  ( 0.0000000000000000000, -9.427844978134823900E-017, 1.000000000000000000 ) ) ;
#285 = CARTESIAN_POINT ( 'NONE',  ( 5.550000000000000700, 8.500000000000000000, -5.549999999999998900 ) ) ;
#286 = DIRECTION ( 'NONE',  ( 0.0000000000000000000, 0.0000000000000000000, -1.000000000000000000 ) ) ;
#287 = EDGE_CURVE ( 'NONE', #5148, #2565, #608, .T. ) ;
#288 = EDGE_CURVE ( 'NONE', #3156, #993, #6033, .T. ) ;
#289 = ORIENTED_EDGE ( 'NONE', *, *, #471, .F. ) ;
#290 = LINE ( 'NONE', #3776, #3579 ) ;
#291 = CARTESIAN_POINT ( 'NONE',  ( -5.850000000000001400, 2.356961244533704900E-016, -2.499999999999999100 ) ) ;
#292 = DIRECTION ( 'NONE',  ( 1.000000000000000000, -0.0000000000000000000, 0.0000000000000000000 ) ) ;
#293 = AXIS2_PLACEMENT_3D ( 'NONE', #1550, #5663, #6143 ) ;
#294 = VERTEX_POINT ( 'NONE', #4438 ) ;
#295 = ORIENTED_EDGE ( 'NONE', *, *, #4193, .F. ) ;
#296 = CARTESIAN_POINT ( 'NONE',  ( -2.049999999999999800, 0.8500000000000003100, 0.0000000000000000000 ) ) ;
#297 = CARTESIAN_POINT ( 'NONE',  ( 2.150000000000003500, 1.350000000000001000, -3.399999999999999900 ) ) ;
#298 = ORIENTED_EDGE ( 'NONE', *, *, #3083, .T. ) ;
#299 = ORIENTED_EDGE ( 'NONE', *, *, #2197, .T. ) ;
#300 = AXIS2_PLACEMENT_3D ( 'NONE', #5695, #3773, #4329 ) ;
#301 = LINE ( 'NONE', #3782, #4398 ) ;
#302 = ADVANCED_FACE ( 'NONE', ( #2261 ), #1311, .F. ) ;
#303 = DIRECTION ( 'NONE',  ( 1.600488921288130900E-015, 1.000000000000000000, -0.0000000000000000000 ) ) ;
#304 = LINE ( 'NONE', #397, #769 ) ;
#305 = AXIS2_PLACEMENT_3D ( 'NONE', #3785, #231, #1216 ) ;
#306 = DIRECTION ( 'NONE',  ( 0.0000000000000000000, 0.0000000000000000000, 1.000000000000000000 ) ) ;
#307 = ORIENTED_EDGE ( 'NONE', *, *, #4138, .F. ) ;
#308 = DIRECTION ( 'NONE',  ( 0.0000000000000000000, -1.301042606982605300E-015, 1.000000000000000000 ) ) ;
#309 = EDGE_CURVE ( 'NONE', #195, #5575, #1381, .T. ) ;
#310 = DIRECTION ( 'NONE',  ( 1.000000000000000000, 0.0000000000000000000, -1.532073929300149800E-030 ) ) ;
#311 = CARTESIAN_POINT ( 'NONE',  ( 5.850000000000001400, 2.149999999999997700, -4.799999999999998000 ) ) ;
#312 = CARTESIAN_POINT ( 'NONE',  ( 3.949999999999994400, 0.5999999999999999800, 3.399999999999999900 ) ) ;
#313 = ORIENTED_EDGE ( 'NONE', *, *, #5512, .T. ) ;
#314 = EDGE_LOOP ( 'NONE', ( #542, #3805, #4015, #5421 ) ) ;
#315 = LINE ( 'NONE', #1094, #2530 ) ;
#316 = VERTEX_POINT ( 'NONE', #375 ) ;
#317 = CYLINDRICAL_SURFACE ( 'NONE', #2554, 0.2500000000000002200 ) ;
#318 = ORIENTED_EDGE ( 'NONE', *, *, #5330, .T. ) ;
#319 = VECTOR ( 'NONE', #5430, 1000.000000000000000 ) ;
#320 = FACE_OUTER_BOUND ( 'NONE', #1757, .T. ) ;
#321 = DIRECTION ( 'NONE',  ( -1.000000000000000000, 0.0000000000000000000, -1.532073929300149800E-030 ) ) ;
#322 = DIRECTION ( 'NONE',  ( 0.0000000000000000000, 0.0000000000000000000, 1.000000000000000000 ) ) ;
#323 = LINE ( 'NONE', #1868, #1907 ) ;
#324 = VECTOR ( 'NONE', #6480, 1000.000000000000100 ) ;
#325 = ORIENTED_EDGE ( 'NONE', *, *, #3543, .T. ) ;
#326 = DIRECTION ( 'NONE',  ( 1.000000000000000000, -0.0000000000000000000, -0.0000000000000000000 ) ) ;
#327 = EDGE_CURVE ( 'NONE', #2657, #6149, #5953, .T. ) ;
#328 = DIRECTION ( 'NONE',  ( -1.050973848243612800E-045, -1.836970198721028700E-016, 1.000000000000000000 ) ) ;
#329 = CARTESIAN_POINT ( 'NONE',  ( 5.800000000000001600, 0.4999999999999982800, -2.499999999999998700 ) ) ;
#330 = CARTESIAN_POINT ( 'NONE',  ( 4.350000000000001400, 2.649999999999998600, -1.899999999999999500 ) ) ;
#331 = DIRECTION ( 'NONE',  ( -1.000000000000000000, 0.0000000000000000000, 0.0000000000000000000 ) ) ;
#332 = EDGE_CURVE ( 'NONE', #4131, #3855, #4462, .T. ) ;
#333 = DIRECTION ( 'NONE',  ( 0.0000000000000000000, 0.0000000000000000000, 1.000000000000000000 ) ) ;
#334 = LINE ( 'NONE', #2612, #6224 ) ;
#335 = CARTESIAN_POINT ( 'NONE',  ( 2.150000000000007000, 0.0000000000000000000, -3.399999999999999900 ) ) ;
#336 = EDGE_LOOP ( 'NONE', ( #4767, #5348, #4751, #1860, #4842 ) ) ;
#337 = ADVANCED_FACE ( 'NONE', ( #4688 ), #2407, .F. ) ;
#338 = LINE ( 'NONE', #4640, #653 ) ;
#339 = ORIENTED_EDGE ( 'NONE', *, *, #2910, .F. ) ;
#340 = AXIS2_PLACEMENT_3D ( 'NONE', #1926, #2469, #2923 ) ;
#341 = ORIENTED_EDGE ( 'NONE', *, *, #4637, .F. ) ;
#342 = AXIS2_PLACEMENT_3D ( 'NONE', #2138, #1136, #2660 ) ;
#343 = DIRECTION ( 'NONE',  ( 0.0000000000000000000, 0.0000000000000000000, 1.000000000000000000 ) ) ;
#344 = FACE_OUTER_BOUND ( 'NONE', #3228, .T. ) ;
#345 = ORIENTED_EDGE ( 'NONE', *, *, #2102, .T. ) ;
#346 = ORIENTED_EDGE ( 'NONE', *, *, #2435, .F. ) ;
#347 = EDGE_CURVE ( 'NONE', #2424, #4893, #4614, .T. ) ;
#348 = ORIENTED_EDGE ( 'NONE', *, *, #4016, .T. ) ;
#349 = CARTESIAN_POINT ( 'NONE',  ( 5.800000000000001600, 0.4999999999999982800, -0.5000000000000004400 ) ) ;
#350 = ORIENTED_EDGE ( 'NONE', *, *, #3182, .T. ) ;
#351 = LINE ( 'NONE', #291, #6081 ) ;
#352 = CARTESIAN_POINT ( 'NONE',  ( 6.350000000000001400, 2.149999999999998600, 1.899999999999999700 ) ) ;
#353 = CARTESIAN_POINT ( 'NONE',  ( -1.350000000000001400, 0.8500000000000009800, -3.399999999999999900 ) ) ;
#354 = DIRECTION ( 'NONE',  ( 0.0000000000000000000, 0.0000000000000000000, 1.000000000000000000 ) ) ;
#355 = CARTESIAN_POINT ( 'NONE',  ( -5.850000000000001400, 1.350000000000000500, -3.399999999999999900 ) ) ;
#356 = VERTEX_POINT ( 'NONE', #5451 ) ;
#357 = ORIENTED_EDGE ( 'NONE', *, *, #100, .T. ) ;
#358 = DIRECTION ( 'NONE',  ( 1.606225440719266900E-016, -1.000000000000000000, 0.0000000000000000000 ) ) ;
#359 = ORIENTED_EDGE ( 'NONE', *, *, #3451, .F. ) ;
#360 = EDGE_CURVE ( 'NONE', #118, #207, #5163, .T. ) ;
#361 = VERTEX_POINT ( 'NONE', #2912 ) ;
#362 = ORIENTED_EDGE ( 'NONE', *, *, #4420, .T. ) ;
#363 = DIRECTION ( 'NONE',  ( -0.0000000000000000000, 9.035018104045873200E-017, 1.000000000000000000 ) ) ;
#364 = DIRECTION ( 'NONE',  ( 0.0000000000000000000, -1.000000000000000000, 0.0000000000000000000 ) ) ;
#365 = VERTEX_POINT ( 'NONE', #5433 ) ;
#366 = CIRCLE ( 'NONE', #5545, 1.199999999999999700 ) ;
#367 = ADVANCED_FACE ( 'NONE', ( #3259 ), #2937, .T. ) ;
#368 = VERTEX_POINT ( 'NONE', #402 ) ;
#369 = EDGE_LOOP ( 'NONE', ( #2579, #5540, #6307, #1432 ) ) ;
#370 = CARTESIAN_POINT ( 'NONE',  ( 5.550000000000000700, 7.700000000000000200, -5.549999999999998900 ) ) ;
#371 = CARTESIAN_POINT ( 'NONE',  ( -2.399999999999995900, 0.5000000000000004400, 3.399999999999999900 ) ) ;
#372 = PLANE ( 'NONE',  #4619 ) ;
#373 = VECTOR ( 'NONE', #5523, 1000.000000000000000 ) ;
#374 = DIRECTION ( 'NONE',  ( 0.0000000000000000000, -1.000000000000000000, 0.0000000000000000000 ) ) ;
#375 = CARTESIAN_POINT ( 'NONE',  ( 1.800000000000000500, 2.149999999999999900, 6.349999999999999600 ) ) ;
#376 = VERTEX_POINT ( 'NONE', #2345 ) ;
#377 = CARTESIAN_POINT ( 'NONE',  ( 1.360415583094916400E-015, 0.8500000000000030900, 3.399999999999999900 ) ) ;
#378 = EDGE_CURVE ( 'NONE', #4599, #2914, #904, .T. ) ;
#379 = DIRECTION ( 'NONE',  ( -1.606225440719266900E-016, 1.000000000000000000, 0.0000000000000000000 ) ) ;
#380 = CARTESIAN_POINT ( 'NONE',  ( 5.850000000000001400, 2.149999999999997700, -4.799999999999998000 ) ) ;
#381 = SHAPE_DEFINITION_REPRESENTATION ( #2184, #2326 ) ;
#382 = AXIS2_PLACEMENT_3D ( 'NONE', #4454, #1804, #6378 ) ;
#383 = ORIENTED_EDGE ( 'NONE', *, *, #3955, .T. ) ;
#384 = LINE ( 'NONE', #6111, #5568 ) ;
#385 = AXIS2_PLACEMENT_3D ( 'NONE', #245, #5737, #3181 ) ;
#386 = CARTESIAN_POINT ( 'NONE',  ( 2.951431482237487600, 8.422436701475801300, -4.641019912486793700 ) ) ;
#387 = ORIENTED_EDGE ( 'NONE', *, *, #4887, .T. ) ;
#388 = LINE ( 'NONE', #3586, #1240 ) ;
#389 = CARTESIAN_POINT ( 'NONE',  ( -5.800000000000001600, 0.5499999999999990500, 2.500000000000000000 ) ) ;
#390 = EDGE_CURVE ( 'NONE', #3059, #1389, #6107, .T. ) ;
#391 = DIRECTION ( 'NONE',  ( 1.000000000000000000, 0.0000000000000000000, 0.0000000000000000000 ) ) ;
#392 = ORIENTED_EDGE ( 'NONE', *, *, #5431, .T. ) ;
#393 = DIRECTION ( 'NONE',  ( 0.0000000000000000000, 1.000000000000000000, -1.284980352575410700E-015 ) ) ;
#394 = FACE_OUTER_BOUND ( 'NONE', #6027, .T. ) ;
#395 = CARTESIAN_POINT ( 'NONE',  ( 2.877314156115117400, 8.500000000000000000, 4.687343749517246700 ) ) ;
#396 = EDGE_LOOP ( 'NONE', ( #4601, #446, #4584, #3480, #2901, #3143, #2099, #6262, #4453, #4771 ) ) ;
#397 = CARTESIAN_POINT ( 'NONE',  ( -1.799999999999999600, 0.5000000000000004400, -6.349999999999999600 ) ) ;
#398 = EDGE_CURVE ( 'NONE', #376, #2383, #5788, .T. ) ;
#399 = DIRECTION ( 'NONE',  ( 0.0000000000000000000, 1.000000000000000000, 4.336808689942017700E-016 ) ) ;
#400 = CIRCLE ( 'NONE', #4198, 4.590000000000000700 ) ;
#401 = FACE_OUTER_BOUND ( 'NONE', #4629, .T. ) ;
#402 = CARTESIAN_POINT ( 'NONE',  ( -5.850000000000002300, 0.5499999999999991600, -2.499999999999998700 ) ) ;
#403 = CARTESIAN_POINT ( 'NONE',  ( 4.050000000000001600, 0.4999999999999928400, -2.499999999999998700 ) ) ;
#404 = LINE ( 'NONE', #1063, #4334 ) ;
#405 = CARTESIAN_POINT ( 'NONE',  ( -6.350000000000001400, 1.350000000000000500, 3.399999999999999900 ) ) ;
#406 = ADVANCED_FACE ( 'NONE', ( #6184 ), #4418, .T. ) ;
#407 = EDGE_LOOP ( 'NONE', ( #6529, #4123, #6231, #2008 ) ) ;
#408 = VECTOR ( 'NONE', #1172, 1000.000000000000000 ) ;
#409 = FACE_OUTER_BOUND ( 'NONE', #5817, .T. ) ;
#410 = VECTOR ( 'NONE', #2603, 1000.000000000000000 ) ;
#411 = ORIENTED_EDGE ( 'NONE', *, *, #3543, .F. ) ;
#412 = DIRECTION ( 'NONE',  ( 0.0000000000000000000, 1.000000000000000000, 2.168404344971015600E-015 ) ) ;
#413 = LINE ( 'NONE', #1038, #717 ) ;
#414 = DIRECTION ( 'NONE',  ( -0.0000000000000000000, 1.000000000000000000, 0.0000000000000000000 ) ) ;
#415 = VERTEX_POINT ( 'NONE', #3400 ) ;
#416 = DIRECTION ( 'NONE',  ( 0.0000000000000000000, 0.0000000000000000000, 1.000000000000000000 ) ) ;
#417 = EDGE_CURVE ( 'NONE', #890, #2529, #3417, .T. ) ;
#418 = VECTOR ( 'NONE', #3913, 1000.000000000000000 ) ;
#419 = EDGE_CURVE ( 'NONE', #2147, #625, #2106, .T. ) ;
#420 = CARTESIAN_POINT ( 'NONE',  ( 6.350000000000001400, 2.149999999999998600, 5.549999999999998900 ) ) ;
#421 = ADVANCED_FACE ( 'NONE', ( #4303 ), #1936, .F. ) ;
#422 = ORIENTED_EDGE ( 'NONE', *, *, #1025, .T. ) ;
#423 = DIRECTION ( 'NONE',  ( 0.0000000000000000000, 1.000000000000000000, 0.0000000000000000000 ) ) ;
#424 = DIRECTION ( 'NONE',  ( 0.0000000000000000000, 1.000000000000000000, 0.0000000000000000000 ) ) ;
#425 = EDGE_CURVE ( 'NONE', #4763, #6386, #755, .T. ) ;
#426 = CARTESIAN_POINT ( 'NONE',  ( -6.350000000000001400, 1.350000000000000300, 4.799999999999999800 ) ) ;
#427 = DIRECTION ( 'NONE',  ( 0.0000000000000000000, 0.0000000000000000000, -1.000000000000000000 ) ) ;
#428 = LINE ( 'NONE', #203, #1584 ) ;
#429 = ORIENTED_EDGE ( 'NONE', *, *, #3526, .F. ) ;
#430 = ORIENTED_EDGE ( 'NONE', *, *, #4399, .F. ) ;
#431 = ORIENTED_EDGE ( 'NONE', *, *, #1291, .T. ) ;
#432 = DIRECTION ( 'NONE',  ( 0.0000000000000000000, -1.000000000000000000, 0.0000000000000000000 ) ) ;
#433 = VECTOR ( 'NONE', #4481, 1000.000000000000000 ) ;
#434 = CARTESIAN_POINT ( 'NONE',  ( -6.350000000000001400, 1.350000000000000300, -4.799999999999999800 ) ) ;
#435 = ORIENTED_EDGE ( 'NONE', *, *, #5500, .T. ) ;
#436 = DIRECTION ( 'NONE',  ( 0.0000000000000000000, 1.000000000000000000, 2.168404344971015600E-015 ) ) ;
#437 = VERTEX_POINT ( 'NONE', #6503 ) ;
#438 = FACE_OUTER_BOUND ( 'NONE', #1290, .T. ) ;
#439 = DIRECTION ( 'NONE',  ( 6.023345402697090200E-017, 4.388034133981042600E-016, 1.000000000000000000 ) ) ;
#440 = EDGE_CURVE ( 'NONE', #1443, #5184, #5636, .T. ) ;
#441 = ORIENTED_EDGE ( 'NONE', *, *, #5672, .T. ) ;
#442 = CARTESIAN_POINT ( 'NONE',  ( 5.850000000000001400, 1.350000000000000300, 4.799999999999999800 ) ) ;
#443 = ORIENTED_EDGE ( 'NONE', *, *, #2474, .T. ) ;
#444 = PLANE ( 'NONE',  #839 ) ;
#445 = VERTEX_POINT ( 'NONE', #892 ) ;
#446 = ORIENTED_EDGE ( 'NONE', *, *, #5823, .T. ) ;
#447 = VECTOR ( 'NONE', #4845, 1000.000000000000000 ) ;
#448 = CARTESIAN_POINT ( 'NONE',  ( 2.951097538864825100, 8.421360750144208000, 4.641230797547776500 ) ) ;
#449 = EDGE_LOOP ( 'NONE', ( #3552, #3061, #3238, #2839 ) ) ;
#450 = CARTESIAN_POINT ( 'NONE',  ( 2.150000000000007000, 0.8499999999999998700, -3.399999999999999900 ) ) ;
#451 = VERTEX_POINT ( 'NONE', #2990 ) ;
#452 = VECTOR ( 'NONE', #6076, 1000.000000000000100 ) ;
#453 = ORIENTED_EDGE ( 'NONE', *, *, #1958, .F. ) ;
#454 = ORIENTED_EDGE ( 'NONE', *, *, #3263, .T. ) ;
#455 = CARTESIAN_POINT ( 'NONE',  ( -5.800000000000003400, -1.229785295390157700E-015, 2.500000000000000000 ) ) ;
#456 = EDGE_CURVE ( 'NONE', #3186, #4320, #4539, .T. ) ;
#457 = DIRECTION ( 'NONE',  ( 8.728139442219866100E-031, -1.836970198721028700E-016, 1.000000000000000000 ) ) ;
#458 = LINE ( 'NONE', #5830, #3898 ) ;
#459 = DIRECTION ( 'NONE',  ( -0.0000000000000000000, -1.000000000000000000, -0.0000000000000000000 ) ) ;
#460 = CARTESIAN_POINT ( 'NONE',  ( -5.850000000000001400, 1.350000000000000300, 4.799999999999999800 ) ) ;
#461 = CYLINDRICAL_SURFACE ( 'NONE', #3897, 1.199999999999999700 ) ;
#462 = EDGE_LOOP ( 'NONE', ( #3325, #5941, #109, #3772, #3239, #2647, #3714, #585, #3071, #2671, #5753, #1356 ) ) ;
#463 = AXIS2_PLACEMENT_3D ( 'NONE', #3180, #6252, #3715 ) ;
#464 = FACE_OUTER_BOUND ( 'NONE', #3211, .T. ) ;
#465 = AXIS2_PLACEMENT_3D ( 'NONE', #5626, #556, #4324 ) ;
#466 = DIRECTION ( 'NONE',  ( 0.0000000000000000000, 0.0000000000000000000, 1.000000000000000000 ) ) ;
#467 = CARTESIAN_POINT ( 'NONE',  ( 2.953056658403661100, 8.411141547493764700, -4.639984522846795300 ) ) ;
#468 = ORIENTED_EDGE ( 'NONE', *, *, #4840, .T. ) ;
#469 = FACE_OUTER_BOUND ( 'NONE', #5563, .T. ) ;
#470 = ORIENTED_EDGE ( 'NONE', *, *, #5247, .F. ) ;
#471 = EDGE_CURVE ( 'NONE', #4830, #908, #2921, .T. ) ;
#472 = CARTESIAN_POINT ( 'NONE',  ( -5.850000000000001400, 1.350000000000000500, -2.500000000000000000 ) ) ;
#473 = EDGE_LOOP ( 'NONE', ( #6086, #5057, #1120, #2120 ) ) ;
#474 = PLANE ( 'NONE',  #3479 ) ;
#475 = AXIS2_PLACEMENT_3D ( 'NONE', #5891, #5406, #2835 ) ;
#476 = FACE_OUTER_BOUND ( 'NONE', #6404, .T. ) ;
#477 = VECTOR ( 'NONE', #5946, 1000.000000000000000 ) ;
#478 = CARTESIAN_POINT ( 'NONE',  ( 3.889087296526017000, 6.500000000000000900, 3.889087296526004600 ) ) ;
#479 = EDGE_CURVE ( 'NONE', #3883, #5890, #213, .T. ) ;
#480 = CARTESIAN_POINT ( 'NONE',  ( -6.350000000000001400, 2.149999999999998600, 4.799999999999999800 ) ) ;
#481 = LINE ( 'NONE', #934, #2792 ) ;
#482 = VECTOR ( 'NONE', #5432, 1000.000000000000000 ) ;
#483 = CARTESIAN_POINT ( 'NONE',  ( 5.850000000000001400, -1.612394906284619600E-015, -2.499999999999998200 ) ) ;
#484 = ORIENTED_EDGE ( 'NONE', *, *, #3356, .T. ) ;
#485 = CARTESIAN_POINT ( 'NONE',  ( 5.850000000000003200, -1.626303258728256700E-015, -2.499999999999998200 ) ) ;
#486 = VECTOR ( 'NONE', #3167, 1000.000000000000000 ) ;
#487 = DIRECTION ( 'NONE',  ( -0.0000000000000000000, -0.0000000000000000000, 1.000000000000000000 ) ) ;
#488 = ORIENTED_EDGE ( 'NONE', *, *, #1135, .F. ) ;
#489 = CARTESIAN_POINT ( 'NONE',  ( -5.850000000000001400, -1.612394906284619600E-015, -2.499999999999998200 ) ) ;
#490 = FACE_OUTER_BOUND ( 'NONE', #2876, .T. ) ;
#491 = VERTEX_POINT ( 'NONE', #5481 ) ;
#492 = DIRECTION ( 'NONE',  ( 0.0000000000000000000, -1.000000000000000000, 4.336808689942017700E-016 ) ) ;
#493 = DIRECTION ( 'NONE',  ( 0.0000000000000000000, 0.0000000000000000000, 1.000000000000000000 ) ) ;
#494 = ORIENTED_EDGE ( 'NONE', *, *, #1447, .F. ) ;
#495 = EDGE_CURVE ( 'NONE', #3519, #5133, #58, .T. ) ;
#496 = EDGE_CURVE ( 'NONE', #2151, #3724, #2757, .T. ) ;
#497 = LINE ( 'NONE', #3273, #5527 ) ;
#498 = CARTESIAN_POINT ( 'NONE',  ( -3.449999999999994000, 1.350000000000000100, 0.5000000000000000000 ) ) ;
#499 = CARTESIAN_POINT ( 'NONE',  ( 6.350000000000001400, 0.5000000000000004400, 5.549999999999998900 ) ) ;
#500 = AXIS2_PLACEMENT_3D ( 'NONE', #4160, #6140, #5200 ) ;
#501 = CARTESIAN_POINT ( 'NONE',  ( -5.850000000000001400, 1.350000000000000500, 2.500000000000000000 ) ) ;
#502 = VERTEX_POINT ( 'NONE', #6571 ) ;
#503 = CARTESIAN_POINT ( 'NONE',  ( 6.350000000000001400, -2.217572330035600700, 3.399999999999999500 ) ) ;
#504 = DIRECTION ( 'NONE',  ( 0.7071067811865513500, -0.0000000000000000000, 0.7071067811865436900 ) ) ;
#505 = LINE ( 'NONE', #2872, #3065 ) ;
#506 = ORIENTED_EDGE ( 'NONE', *, *, #2171, .F. ) ;
#507 = EDGE_CURVE ( 'NONE', #365, #599, #3978, .T. ) ;
#508 = PLANE ( 'NONE',  #1778 ) ;
#509 = ORIENTED_EDGE ( 'NONE', *, *, #1164, .T. ) ;
#510 = ADVANCED_FACE ( 'NONE', ( #1707 ), #1380, .F. ) ;
#511 = ORIENTED_EDGE ( 'NONE', *, *, #6538, .T. ) ;
#512 = AXIS2_PLACEMENT_3D ( 'NONE', #5425, #1302, #2354 ) ;
#513 = CARTESIAN_POINT ( 'NONE',  ( 4.681327790140223900, 8.498051043478779900, -2.887089242087317300 ) ) ;
#514 = ORIENTED_EDGE ( 'NONE', *, *, #4964, .F. ) ;
#515 = ORIENTED_EDGE ( 'NONE', *, *, #3135, .T. ) ;
#516 = DIRECTION ( 'NONE',  ( 0.0000000000000000000, 0.0000000000000000000, 1.000000000000000000 ) ) ;
#517 = EDGE_CURVE ( 'NONE', #153, #669, #4133, .T. ) ;
#518 = DIRECTION ( 'NONE',  ( 0.0000000000000000000, -1.000000000000000000, 0.0000000000000000000 ) ) ;
#519 = EDGE_LOOP ( 'NONE', ( #3617, #1138, #5067, #3718 ) ) ;
#520 = DIRECTION ( 'NONE',  ( -1.000000000000000000, 0.0000000000000000000, 0.0000000000000000000 ) ) ;
#521 = VECTOR ( 'NONE', #4733, 1000.000000000000000 ) ;
#522 = CARTESIAN_POINT ( 'NONE',  ( 4.350000000000001400, 2.649999999999998600, 1.900000000000000400 ) ) ;
#523 = ORIENTED_EDGE ( 'NONE', *, *, #2956, .T. ) ;
#524 = DIRECTION ( 'NONE',  ( 0.0000000000000000000, 0.0000000000000000000, 1.000000000000000000 ) ) ;
#525 = ORIENTED_EDGE ( 'NONE', *, *, #2797, .T. ) ;
#526 = DIRECTION ( 'NONE',  ( -1.000000000000000000, -3.491481338843134500E-015, -6.023345402697244300E-017 ) ) ;
#527 = DIRECTION ( 'NONE',  ( 0.0000000000000000000, -1.000000000000000000, -0.0000000000000000000 ) ) ;
#528 = VECTOR ( 'NONE', #331, 1000.000000000000000 ) ;
#529 = ORIENTED_EDGE ( 'NONE', *, *, #5950, .F. ) ;
#530 = DIRECTION ( 'NONE',  ( 0.0000000000000000000, 0.0000000000000000000, 1.000000000000000000 ) ) ;
#531 = LINE ( 'NONE', #3299, #3508 ) ;
#532 = ORIENTED_EDGE ( 'NONE', *, *, #5424, .F. ) ;
#533 = LINE ( 'NONE', #2610, #3667 ) ;
#534 = EDGE_CURVE ( 'NONE', #3437, #2983, #1475, .T. ) ;
#535 = DIRECTION ( 'NONE',  ( 0.0000000000000000000, -1.000000000000000000, 0.0000000000000000000 ) ) ;
#536 = ORIENTED_EDGE ( 'NONE', *, *, #4332, .T. ) ;
#537 = EDGE_CURVE ( 'NONE', #2697, #3245, #6489, .T. ) ;
#538 = CARTESIAN_POINT ( 'NONE',  ( 6.350000000000001400, 2.149999999999998600, 5.549999999999998900 ) ) ;
#539 = LINE ( 'NONE', #1952, #1469 ) ;
#540 = DIRECTION ( 'NONE',  ( 0.0000000000000000000, 2.168404344971016000E-015, -1.000000000000000000 ) ) ;
#541 = DIRECTION ( 'NONE',  ( -1.000000000000000000, 0.0000000000000000000, 0.0000000000000000000 ) ) ;
#542 = ORIENTED_EDGE ( 'NONE', *, *, #1013, .F. ) ;
#543 = CARTESIAN_POINT ( 'NONE',  ( 0.0000000000000000000, 0.0000000000000000000, 3.399999999999999900 ) ) ;
#544 = DIRECTION ( 'NONE',  ( 0.7071067811865500200, 1.135772901246948300E-016, 0.7071067811865451300 ) ) ;
#545 = CARTESIAN_POINT ( 'NONE',  ( 0.0000000000000000000, 0.5000000000000004400, 0.0000000000000000000 ) ) ;
#546 = VECTOR ( 'NONE', #2379, 1000.000000000000000 ) ;
#547 = PLANE ( 'NONE',  #4288 ) ;
#548 = ORIENTED_EDGE ( 'NONE', *, *, #3802, .F. ) ;
#549 = FACE_OUTER_BOUND ( 'NONE', #336, .T. ) ;
#550 = FACE_OUTER_BOUND ( 'NONE', #3564, .T. ) ;
#551 = CARTESIAN_POINT ( 'NONE',  ( 6.350000000000001400, -7.347880794884121700E-016, -0.5000000000000000000 ) ) ;
#552 = AXIS2_PLACEMENT_3D ( 'NONE', #5340, #2259, #4811 ) ;
#553 = VECTOR ( 'NONE', #2461, 1000.000000000000000 ) ;
#554 = CARTESIAN_POINT ( 'NONE',  ( 0.0000000000000000000, 0.5000000000000004400, 0.0000000000000000000 ) ) ;
#555 = CARTESIAN_POINT ( 'NONE',  ( -5.850000000000001400, 1.350000000000000500, 3.399999999999999900 ) ) ;
#556 = DIRECTION ( 'NONE',  ( 0.0000000000000000000, 0.0000000000000000000, 1.000000000000000000 ) ) ;
#557 = DIRECTION ( 'NONE',  ( 1.807003620809174600E-016, -0.0000000000000000000, -1.000000000000000000 ) ) ;
#558 = CARTESIAN_POINT ( 'NONE',  ( -4.049999999999999800, 0.4999999999999931700, -2.194017066990490500E-016 ) ) ;
#559 = EDGE_CURVE ( 'NONE', #4893, #294, #1230, .T. ) ;
#560 = LINE ( 'NONE', #4352, #5818 ) ;
#561 = FACE_OUTER_BOUND ( 'NONE', #2464, .T. ) ;
#562 = LINE ( 'NONE', #4429, #5660 ) ;
#563 = DIRECTION ( 'NONE',  ( -0.0000000000000000000, 1.000000000000000000, -0.0000000000000000000 ) ) ;
#564 = ORIENTED_EDGE ( 'NONE', *, *, #1053, .F. ) ;
#565 = SURFACE_SIDE_STYLE ('',( #3746 ) ) ;
#566 = FACE_OUTER_BOUND ( 'NONE', #3629, .T. ) ;
#567 = EDGE_LOOP ( 'NONE', ( #4282, #2855, #1520, #3888, #1297, #605, #5536, #4963, #957, #5933 ) ) ;
#568 = DIRECTION ( 'NONE',  ( -0.0000000000000000000, 1.000000000000000000, 0.0000000000000000000 ) ) ;
#569 = DIRECTION ( 'NONE',  ( -1.000000000000000000, 0.0000000000000000000, 0.0000000000000000000 ) ) ;
#570 = LINE ( 'NONE', #4336, #1998 ) ;
#571 = ORIENTED_EDGE ( 'NONE', *, *, #1556, .T. ) ;
#572 = EDGE_CURVE ( 'NONE', #40, #812, #1066, .T. ) ;
#573 = PLANE ( 'NONE',  #500 ) ;
#574 = DIRECTION ( 'NONE',  ( 1.606225440719266900E-016, -1.000000000000000000, 0.0000000000000000000 ) ) ;
#575 = ADVANCED_FACE ( 'NONE', ( #2434 ), #3893, .F. ) ;
#576 = LINE ( 'NONE', #138, #5603 ) ;
#577 = EDGE_CURVE ( 'NONE', #4430, #6341, #6337, .T. ) ;
#578 = ORIENTED_EDGE ( 'NONE', *, *, #1929, .F. ) ;
#579 = DIRECTION ( 'NONE',  ( -0.0000000000000000000, 0.0000000000000000000, 1.000000000000000000 ) ) ;
#580 = EDGE_LOOP ( 'NONE', ( #4548, #350, #1927, #2294 ) ) ;
#581 = DIRECTION ( 'NONE',  ( 0.0000000000000000000, 2.168404344971016000E-015, -1.000000000000000000 ) ) ;
#582 = LINE ( 'NONE', #5486, #433 ) ;
#583 = CARTESIAN_POINT ( 'NONE',  ( -1.734723475976807100E-015, 8.500000000000000000, 2.168404344971008900E-015 ) ) ;
#584 = DIRECTION ( 'NONE',  ( -0.7071067811865451300, -1.135772901246940700E-016, 0.7071067811865500200 ) ) ;
#585 = ORIENTED_EDGE ( 'NONE', *, *, #4868, .F. ) ;
#586 = EDGE_CURVE ( 'NONE', #1372, #2697, #2916, .T. ) ;
#587 = DIRECTION ( 'NONE',  ( 1.000000000000000000, 3.491481338843134500E-015, 0.0000000000000000000 ) ) ;
#588 = DIRECTION ( 'NONE',  ( 1.050973848243612800E-045, -1.836970198721028700E-016, 1.000000000000000000 ) ) ;
#589 = TOROIDAL_SURFACE ( 'NONE', #913, 1.299999999999999800, 0.1000000000000000100 ) ;
#590 = AXIS2_PLACEMENT_3D ( 'NONE', #2420, #5010, #3473 ) ;
#591 = PLANE ( 'NONE',  #5756 ) ;
#592 = DIRECTION ( 'NONE',  ( -0.0000000000000000000, -0.0000000000000000000, 1.000000000000000000 ) ) ;
#593 = AXIS2_PLACEMENT_3D ( 'NONE', #2691, #5684, #6246 ) ;
#594 = ORIENTED_EDGE ( 'NONE', *, *, #2400, .T. ) ;
#595 = CARTESIAN_POINT ( 'NONE',  ( -2.896172905827800300, 8.494308236591329800, -4.675701284251268900 ) ) ;
#596 = DIRECTION ( 'NONE',  ( 0.0000000000000000000, 0.0000000000000000000, -1.000000000000000000 ) ) ;
#597 = EDGE_CURVE ( 'NONE', #437, #4843, #2025, .T. ) ;
#598 = CARTESIAN_POINT ( 'NONE',  ( 4.049999999999999800, 1.350000000000001200, -3.399999999999999900 ) ) ;
#599 = VERTEX_POINT ( 'NONE', #4164 ) ;
#600 = ORIENTED_EDGE ( 'NONE', *, *, #3739, .F. ) ;
#601 = VECTOR ( 'NONE', #328, 1000.000000000000000 ) ;
#602 = CARTESIAN_POINT ( 'NONE',  ( -6.349999999999998800, 2.649999999999998600, -1.899999999999999500 ) ) ;
#603 = CARTESIAN_POINT ( 'NONE',  ( -2.934627863746823700, 8.462182633222909100, 4.651661993451456000 ) ) ;
#604 = CARTESIAN_POINT ( 'NONE',  ( -1.734723475976807100E-015, 8.500000000000000000, 2.168404344971008900E-015 ) ) ;
#605 = ORIENTED_EDGE ( 'NONE', *, *, #5787, .F. ) ;
#606 = EDGE_LOOP ( 'NONE', ( #64, #2970, #1036, #4058, #3547, #2486, #5490, #193 ) ) ;
#607 =( NAMED_UNIT ( * ) PLANE_ANGLE_UNIT ( ) SI_UNIT ( $, .RADIAN. ) );
#608 = CIRCLE ( 'NONE', #5673, 0.5500000000000001600 ) ;
#609 = EDGE_CURVE ( 'NONE', #3652, #3156, #6176, .T. ) ;
#610 = ORIENTED_EDGE ( 'NONE', *, *, #288, .T. ) ;
#611 = ORIENTED_EDGE ( 'NONE', *, *, #2421, .F. ) ;
#612 = ADVANCED_FACE ( 'NONE', ( #5242 ), #1573, .F. ) ;
#613 = CARTESIAN_POINT ( 'NONE',  ( -3.889087296526017000, 6.500000000000000900, 3.889087296526004600 ) ) ;
#614 = LINE ( 'NONE', #2730, #985 ) ;
#615 = VERTEX_POINT ( 'NONE', #6189 ) ;
#616 = ORIENTED_EDGE ( 'NONE', *, *, #5016, .F. ) ;
#617 = VECTOR ( 'NONE', #274, 1000.000000000000000 ) ;
#618 = LINE ( 'NONE', #2005, #3423 ) ;
#619 = ORIENTED_EDGE ( 'NONE', *, *, #6401, .T. ) ;
#620 = CARTESIAN_POINT ( 'NONE',  ( 5.850000000000001400, 1.350000000000000300, 4.799999999999999800 ) ) ;
#621 = VECTOR ( 'NONE', #4293, 1000.000000000000000 ) ;
#622 = EDGE_CURVE ( 'NONE', #1389, #625, #6328, .T. ) ;
#623 = EDGE_CURVE ( 'NONE', #2265, #879, #3411, .T. ) ;
#624 = ORIENTED_EDGE ( 'NONE', *, *, #398, .F. ) ;
#625 = VERTEX_POINT ( 'NONE', #555 ) ;
#626 = CIRCLE ( 'NONE', #5174, 5.500000000000000000 ) ;
#627 = AXIS2_PLACEMENT_3D ( 'NONE', #6553, #1923, #3517 ) ;
#628 = CARTESIAN_POINT ( 'NONE',  ( -5.800000000000001600, 0.5499999999999987100, -2.499999999999998700 ) ) ;
#629 = AXIS2_PLACEMENT_3D ( 'NONE', #2177, #1243, #2728 ) ;
#630 = DIRECTION ( 'NONE',  ( 1.000000000000000000, 0.0000000000000000000, 0.0000000000000000000 ) ) ;
#631 = ORIENTED_EDGE ( 'NONE', *, *, #1857, .T. ) ;
#632 = LINE ( 'NONE', #5743, #706 ) ;
#634 = ADVANCED_FACE ( 'NONE', ( #4611 ), #4609, .F. ) ;
#633 = LINE ( 'NONE', #4618, #2055 ) ;
#635 = VECTOR ( 'NONE', #2871, 1000.000000000000000 ) ;
#636 = CARTESIAN_POINT ( 'NONE',  ( -1.734723475976807100E-015, 6.500000000000000900, 2.168404344971008900E-015 ) ) ;
#637 = AXIS2_PLACEMENT_3D ( 'NONE', #4696, #2060, #5730 ) ;
#638 = DIRECTION ( 'NONE',  ( 0.0000000000000000000, 0.0000000000000000000, -1.000000000000000000 ) ) ;
#639 = AXIS2_PLACEMENT_3D ( 'NONE', #877, #364, #2925 ) ;
#640 = CARTESIAN_POINT ( 'NONE',  ( 4.049999999999999800, 1.350000000000001200, -2.500000000000000000 ) ) ;
#641 = CYLINDRICAL_SURFACE ( 'NONE', #3853, 1.199999999999999700 ) ;
#642 = VECTOR ( 'NONE', #21, 1000.000000000000000 ) ;
#643 = CARTESIAN_POINT ( 'NONE',  ( 2.049999999999999800, 0.8499999999999998700, 0.0000000000000000000 ) ) ;
#644 = ADVANCED_FACE ( 'NONE', ( #1059 ), #5180, .F. ) ;
#645 = ORIENTED_EDGE ( 'NONE', *, *, #3101, .F. ) ;
#646 = DIRECTION ( 'NONE',  ( 0.0000000000000000000, -1.000000000000000000, -4.336808689942017700E-016 ) ) ;
#647 = CARTESIAN_POINT ( 'NONE',  ( -5.850000000000001400, 1.350000000000000500, 2.500000000000000000 ) ) ;
#648 = CARTESIAN_POINT ( 'NONE',  ( -5.800000000000001600, 0.4999999999999982800, -0.5000000000000004400 ) ) ;
#649 = EDGE_CURVE ( 'NONE', #5295, #6473, #5399, .T. ) ;
#650 = LINE ( 'NONE', #5700, #486 ) ;
#651 = VERTEX_POINT ( 'NONE', #978 ) ;
#652 = CARTESIAN_POINT ( 'NONE',  ( -6.349999999999998800, 2.149999999999999900, -5.549999999999998900 ) ) ;
#653 = VECTOR ( 'NONE', #584, 1000.000000000000100 ) ;
#654 = EDGE_LOOP ( 'NONE', ( #494, #5124 ) ) ;
#655 = CARTESIAN_POINT ( 'NONE',  ( 5.850000000000001400, 0.0000000000000000000, 0.0000000000000000000 ) ) ;
#656 = DIRECTION ( 'NONE',  ( 1.000000000000000000, 3.491481338843134500E-015, 0.0000000000000000000 ) ) ;
#657 = CARTESIAN_POINT ( 'NONE',  ( 6.350000000000001400, 2.649999999999998600, 1.900000000000000400 ) ) ;
#658 = LINE ( 'NONE', #3943, #6010 ) ;
#659 = EDGE_LOOP ( 'NONE', ( #5385, #645, #6036, #5665, #6430 ) ) ;
#660 = ORIENTED_EDGE ( 'NONE', *, *, #866, .F. ) ;
#661 = EDGE_CURVE ( 'NONE', #2098, #5129, #366, .T. ) ;
#662 = VECTOR ( 'NONE', #6314, 1000.000000000000000 ) ;
#663 = CARTESIAN_POINT ( 'NONE',  ( -2.887015489540388100, 8.497421340012188300, 4.681361080193868300 ) ) ;
#664 = ADVANCED_FACE ( 'NONE', ( #3649 ), #50, .F. ) ;
#665 = AXIS2_PLACEMENT_3D ( 'NONE', #2819, #3331, #267 ) ;
#666 = ORIENTED_EDGE ( 'NONE', *, *, #2320, .F. ) ;
#667 = ORIENTED_EDGE ( 'NONE', *, *, #2984, .F. ) ;
#668 = ORIENTED_EDGE ( 'NONE', *, *, #6125, .T. ) ;
#669 = VERTEX_POINT ( 'NONE', #998 ) ;
#670 = ORIENTED_EDGE ( 'NONE', *, *, #4574, .T. ) ;
#671 = ORIENTED_EDGE ( 'NONE', *, *, #5290, .T. ) ;
#672 = CARTESIAN_POINT ( 'NONE',  ( 3.949999999999994400, 0.8500000000000000900, 2.500000000000000000 ) ) ;
#673 = AXIS2_PLACEMENT_3D ( 'NONE', #5878, #2824, #1788 ) ;
#674 = DIRECTION ( 'NONE',  ( -0.0000000000000000000, -0.0000000000000000000, -1.000000000000000000 ) ) ;
#675 = AXIS2_PLACEMENT_3D ( 'NONE', #4473, #2315, #4415 ) ;
#676 = CARTESIAN_POINT ( 'NONE',  ( -2.935366549787506300, 8.462106215950782900, -4.651199699792361900 ) ) ;
#677 = ORIENTED_EDGE ( 'NONE', *, *, #1415, .F. ) ;
#678 = VECTOR ( 'NONE', #4232, 1000.000000000000000 ) ;
#679 = ORIENTED_EDGE ( 'NONE', *, *, #4456, .T. ) ;
#680 = EDGE_CURVE ( 'NONE', #5224, #5155, #3251, .T. ) ;
#681 = VECTOR ( 'NONE', #2795, 1000.000000000000000 ) ;
#682 = CARTESIAN_POINT ( 'NONE',  ( 5.850000000000001400, 1.350000000000000500, 2.500000000000000000 ) ) ;
#683 = CARTESIAN_POINT ( 'NONE',  ( 6.350000000000001400, 1.350000000000000500, -0.5000000000000000000 ) ) ;
#684 = ORIENTED_EDGE ( 'NONE', *, *, #3955, .F. ) ;
#685 = DIRECTION ( 'NONE',  ( 0.0000000000000000000, 0.0000000000000000000, -1.000000000000000000 ) ) ;
#686 = FACE_OUTER_BOUND ( 'NONE', #1955, .T. ) ;
#687 = CARTESIAN_POINT ( 'NONE',  ( 3.199999999999994400, 0.6000000000000009800, 3.399999999999999900 ) ) ;
#688 = EDGE_CURVE ( 'NONE', #5286, #6182, #5001, .T. ) ;
#689 = EDGE_LOOP ( 'NONE', ( #2333, #2206, #1382, #3566 ) ) ;
#690 = VECTOR ( 'NONE', #5144, 1000.000000000000000 ) ;
#691 = VERTEX_POINT ( 'NONE', #3198 ) ;
#692 = CARTESIAN_POINT ( 'NONE',  ( 4.049999999999999800, 0.4999999999999926200, -3.399999999999999900 ) ) ;
#693 = DIRECTION ( 'NONE',  ( 0.0000000000000000000, 0.0000000000000000000, 1.000000000000000000 ) ) ;
#694 = CONICAL_SURFACE ( 'NONE', #3000, 4.590000000000000700, 0.7853981633974418400 ) ;
#695 = ADVANCED_FACE ( 'NONE', ( #6486 ), #2736, .T. ) ;
#696 = DIRECTION ( 'NONE',  ( 0.0000000000000000000, 0.0000000000000000000, 1.000000000000000000 ) ) ;
#697 = CARTESIAN_POINT ( 'NONE',  ( -2.953056658403663300, 8.400000000000000400, -4.639984522846795300 ) ) ;
#698 = VERTEX_POINT ( 'NONE', #4760 ) ;
#699 = EDGE_CURVE ( 'NONE', #2604, #6249, #900, .T. ) ;
#700 = LINE ( 'NONE', #1759, #4628 ) ;
#701 = ORIENTED_EDGE ( 'NONE', *, *, #398, .T. ) ;
#702 = DIRECTION ( 'NONE',  ( 0.7071067811865436900, -7.479480081382274700E-017, 0.7071067811865513500 ) ) ;
#703 = DIRECTION ( 'NONE',  ( 0.0000000000000000000, 1.000000000000000000, 0.0000000000000000000 ) ) ;
#704 = ORIENTED_EDGE ( 'NONE', *, *, #6043, .T. ) ;
#705 = DIRECTION ( 'NONE',  ( 0.7071067811865451300, -1.135772901246940700E-016, -0.7071067811865500200 ) ) ;
#706 = VECTOR ( 'NONE', #4250, 1000.000000000000000 ) ;
#707 = VECTOR ( 'NONE', #3140, 1000.000000000000000 ) ;
#708 = EDGE_CURVE ( 'NONE', #1213, #5107, #1701, .T. ) ;
#709 = LINE ( 'NONE', #3603, #6368 ) ;
#710 = DIRECTION ( 'NONE',  ( -1.000000000000000000, 0.0000000000000000000, 0.0000000000000000000 ) ) ;
#711 = VECTOR ( 'NONE', #5320, 1000.000000000000000 ) ;
#712 = VECTOR ( 'NONE', #6034, 1000.000000000000000 ) ;
#713 = VECTOR ( 'NONE', #1427, 1000.000000000000000 ) ;
#714 = ORIENTED_EDGE ( 'NONE', *, *, #3510, .T. ) ;
#715 = CARTESIAN_POINT ( 'NONE',  ( -4.349999999999998800, 2.149999999999998600, -1.899999999999999700 ) ) ;
#716 = EDGE_CURVE ( 'NONE', #975, #3412, #1305, .T. ) ;
#717 = VECTOR ( 'NONE', #4643, 1000.000000000000000 ) ;
#718 = ORIENTED_EDGE ( 'NONE', *, *, #2332, .F. ) ;
#719 = CARTESIAN_POINT ( 'NONE',  ( -2.951097538864827300, 8.421360750144206300, -4.641230797547775600 ) ) ;
#720 = DIRECTION ( 'NONE',  ( 0.0000000000000000000, 0.0000000000000000000, -1.000000000000000000 ) ) ;
#721 = CARTESIAN_POINT ( 'NONE',  ( 5.850000000000001400, 1.350000000000000300, -4.799999999999999800 ) ) ;
#722 = CARTESIAN_POINT ( 'NONE',  ( -4.050000000000001600, 0.0000000000000000000, -0.5000000000000000000 ) ) ;
#723 = VECTOR ( 'NONE', #1054, 1000.000000000000000 ) ;
#724 = EDGE_LOOP ( 'NONE', ( #6449, #1855, #2920, #6156 ) ) ;
#725 = DIRECTION ( 'NONE',  ( 0.0000000000000000000, 0.0000000000000000000, 1.000000000000000000 ) ) ;
#726 = DIRECTION ( 'NONE',  ( 0.0000000000000000000, 1.000000000000000000, 0.0000000000000000000 ) ) ;
#727 = EDGE_CURVE ( 'NONE', #264, #4295, #6409, .T. ) ;
#728 = ADVANCED_FACE ( 'NONE', ( #2673 ), #1159, .F. ) ;
#729 = CARTESIAN_POINT ( 'NONE',  ( -6.350000000000001400, 0.8499999999999992000, -3.399999999999999900 ) ) ;
#730 = FACE_OUTER_BOUND ( 'NONE', #6120, .T. ) ;
#731 = CARTESIAN_POINT ( 'NONE',  ( -5.850000000000001400, -7.347880794884120700E-016, 0.5000000000000000000 ) ) ;
#732 = ORIENTED_EDGE ( 'NONE', *, *, #4576, .T. ) ;
#733 = ORIENTED_EDGE ( 'NONE', *, *, #708, .T. ) ;
#734 = ORIENTED_EDGE ( 'NONE', *, *, #2038, .F. ) ;
#735 = VECTOR ( 'NONE', #1836, 1000.000000000000000 ) ;
#736 = DIRECTION ( 'NONE',  ( 1.000000000000000000, -0.0000000000000000000, -0.0000000000000000000 ) ) ;
#737 = CARTESIAN_POINT ( 'NONE',  ( -2.049999999999999800, 0.8499999999999998700, -3.399999999999999900 ) ) ;
#738 = ORIENTED_EDGE ( 'NONE', *, *, #417, .F. ) ;
#739 = CARTESIAN_POINT ( 'NONE',  ( 1.800000000000000500, 2.799999999999999800, 0.0000000000000000000 ) ) ;
#740 = CARTESIAN_POINT ( 'NONE',  ( -2.928849122308446500, 8.470786618248704200, -4.655310982368498600 ) ) ;
#741 = ORIENTED_EDGE ( 'NONE', *, *, #1178, .T. ) ;
#742 = CARTESIAN_POINT ( 'NONE',  ( 4.050000000000001600, 0.4999999999999930600, -0.5000000000000000000 ) ) ;
#743 = CARTESIAN_POINT ( 'NONE',  ( -4.050000000000001600, 0.4999999999999928400, -2.499999999999998700 ) ) ;
#744 = PLANE ( 'NONE',  #5250 ) ;
#745 = EDGE_CURVE ( 'NONE', #264, #6588, #1451, .T. ) ;
#746 = ORIENTED_EDGE ( 'NONE', *, *, #1025, .F. ) ;
#747 = EDGE_CURVE ( 'NONE', #4035, #6137, #3807, .T. ) ;
#748 = EDGE_LOOP ( 'NONE', ( #4300, #5940, #1338, #5548 ) ) ;
#749 = CARTESIAN_POINT ( 'NONE',  ( -2.150000000000001700, 1.350000000000001000, 3.399999999999999900 ) ) ;
#750 = EDGE_CURVE ( 'NONE', #6249, #4599, #3970, .T. ) ;
#751 = ORIENTED_EDGE ( 'NONE', *, *, #5981, .F. ) ;
#752 = CARTESIAN_POINT ( 'NONE',  ( -3.907106781186543200, 0.8499999999999975400, -2.499999999999998700 ) ) ;
#753 = LINE ( 'NONE', #3842, #601 ) ;
#754 = DIRECTION ( 'NONE',  ( -0.0000000000000000000, 1.000000000000000000, -0.0000000000000000000 ) ) ;
#755 = LINE ( 'NONE', #6532, #3334 ) ;
#756 = ADVANCED_FACE ( 'NONE', ( #5156 ), #4844, .F. ) ;
#757 = ORIENTED_EDGE ( 'NONE', *, *, #3504, .T. ) ;
#758 = AXIS2_PLACEMENT_3D ( 'NONE', #2487, #1502, #530 ) ;
#759 = ORIENTED_EDGE ( 'NONE', *, *, #1925, .T. ) ;
#760 = CARTESIAN_POINT ( 'NONE',  ( -2.940396738405683100, 8.452521153092812200, -4.648017536624967900 ) ) ;
#761 = CARTESIAN_POINT ( 'NONE',  ( -3.449999999999993500, -0.8124404748406740500, 0.5000000000000000000 ) ) ;
#762 = LINE ( 'NONE', #6457, #6498 ) ;
#763 = EDGE_CURVE ( 'NONE', #2861, #4855, #1861, .T. ) ;
#764 = CARTESIAN_POINT ( 'NONE',  ( 4.693246746792000900, 8.500000000000000000, -2.867653217131790600 ) ) ;
#765 = ORIENTED_EDGE ( 'NONE', *, *, #6294, .T. ) ;
#766 = DIRECTION ( 'NONE',  ( -1.000000000000000000, -4.336808689942043800E-015, 0.0000000000000000000 ) ) ;
#767 = DIRECTION ( 'NONE',  ( 0.7071067811865468000, -0.0000000000000000000, 0.7071067811865483500 ) ) ;
#768 = FACE_OUTER_BOUND ( 'NONE', #1595, .T. ) ;
#769 = VECTOR ( 'NONE', #3977, 1000.000000000000000 ) ;
#770 = CARTESIAN_POINT ( 'NONE',  ( -3.449999999999997100, 0.5000000000000004400, -0.5000000000000000000 ) ) ;
#771 = ORIENTED_EDGE ( 'NONE', *, *, #5186, .T. ) ;
#772 =( NAMED_UNIT ( * ) SI_UNIT ( $, .STERADIAN. ) SOLID_ANGLE_UNIT ( ) );
#773 = VECTOR ( 'NONE', #2356, 1000.000000000000000 ) ;
#774 = PLANE ( 'NONE',  #305 ) ;
#775 = ORIENTED_EDGE ( 'NONE', *, *, #2639, .T. ) ;
#776 = VECTOR ( 'NONE', #2370, 1000.000000000000000 ) ;
#777 = DIRECTION ( 'NONE',  ( 0.0000000000000000000, -1.000000000000000000, 0.0000000000000000000 ) ) ;
#778 = VECTOR ( 'NONE', #6090, 1000.000000000000000 ) ;
#779 = DIRECTION ( 'NONE',  ( -6.023345402697090200E-017, -4.388034133981042600E-016, -1.000000000000000000 ) ) ;
#780 = EDGE_CURVE ( 'NONE', #1987, #2825, #1374, .T. ) ;
#781 = ORIENTED_EDGE ( 'NONE', *, *, #2304, .T. ) ;
#782 = DIRECTION ( 'NONE',  ( 0.0000000000000000000, 0.0000000000000000000, -1.000000000000000000 ) ) ;
#783 = LINE ( 'NONE', #4754, #3283 ) ;
#784 = FACE_OUTER_BOUND ( 'NONE', #5917, .T. ) ;
#785 = DIRECTION ( 'NONE',  ( 0.0000000000000000000, 1.000000000000000000, 2.168404344971015600E-015 ) ) ;
#786 = CARTESIAN_POINT ( 'NONE',  ( 4.685259987437087000, 8.499129969993253700, 2.880693323036665800 ) ) ;
#787 = VECTOR ( 'NONE', #788, 1000.000000000000100 ) ;
#788 = DIRECTION ( 'NONE',  ( 0.7071067811865441300, -0.7071067811865507900, 0.0000000000000000000 ) ) ;
#789 = DIRECTION ( 'NONE',  ( 1.000000000000000000, 0.0000000000000000000, 0.0000000000000000000 ) ) ;
#790 = DIRECTION ( 'NONE',  ( 0.0000000000000000000, 1.000000000000000000, 0.0000000000000000000 ) ) ;
#791 = ADVANCED_FACE ( 'NONE', ( #209 ), #4129, .T. ) ;
#792 = VECTOR ( 'NONE', #1960, 1000.000000000000000 ) ;
#793 = ORIENTED_EDGE ( 'NONE', *, *, #5898, .T. ) ;
#794 =( NAMED_UNIT ( * ) PLANE_ANGLE_UNIT ( ) SI_UNIT ( $, .RADIAN. ) );
#795 = AXIS2_PLACEMENT_3D ( 'NONE', #1485, #2016, #3540 ) ;
#796 = VECTOR ( 'NONE', #4739, 1000.000000000000000 ) ;
#797 = CARTESIAN_POINT ( 'NONE',  ( 1.800000000000000500, 2.150000000000000400, 0.0000000000000000000 ) ) ;
#798 = EDGE_LOOP ( 'NONE', ( #6472, #1500, #4904, #2162, #6317, #1057, #5052, #5300, #820, #1742, #3942, #3246, #6185, #4687, #4287, #1111 ) ) ;
#799 = CARTESIAN_POINT ( 'NONE',  ( 5.850000000000002300, 0.5499999999999991600, -2.499999999999998700 ) ) ;
#800 = EDGE_CURVE ( 'NONE', #1579, #3841, #4221, .T. ) ;
#801 = CARTESIAN_POINT ( 'NONE',  ( -3.449999999999994000, 0.5000000000000004400, 0.5000000000000000000 ) ) ;
#802 = FACE_OUTER_BOUND ( 'NONE', #519, .T. ) ;
#803 = EDGE_LOOP ( 'NONE', ( #922, #1047, #1097, #5401 ) ) ;
#804 = PLANE ( 'NONE',  #3938 ) ;
#805 = DIRECTION ( 'NONE',  ( -1.788526819361846600E-032, 4.388034133981038200E-016, 1.000000000000000000 ) ) ;
#806 = CARTESIAN_POINT ( 'NONE',  ( -4.050000000000001600, -0.8124404748406741600, 0.5000000000000000000 ) ) ;
#807 = EDGE_LOOP ( 'NONE', ( #2021, #5404, #1814, #3141 ) ) ;
#808 = PLANE ( 'NONE',  #1996 ) ;
#809 = LINE ( 'NONE', #1425, #1041 ) ;
#810 = CARTESIAN_POINT ( 'NONE',  ( 3.199999999999994400, 1.350000000000001000, 0.2499999999999997800 ) ) ;
#811 = EDGE_CURVE ( 'NONE', #4116, #132, #5629, .T. ) ;
#812 = VERTEX_POINT ( 'NONE', #3173 ) ;
#813 = VERTEX_POINT ( 'NONE', #5638 ) ;
#814 = CYLINDRICAL_SURFACE ( 'NONE', #1588, 1.199999999999999700 ) ;
#815 = ORIENTED_EDGE ( 'NONE', *, *, #4658, .T. ) ;
#816 = ORIENTED_EDGE ( 'NONE', *, *, #2292, .F. ) ;
#817 = CARTESIAN_POINT ( 'NONE',  ( 2.049999999999999800, 0.8499999999999998700, -6.349999999999999600 ) ) ;
#818 = VERTEX_POINT ( 'NONE', #6186 ) ;
#819 = ADVANCED_FACE ( 'NONE', ( #4459 ), #573, .T. ) ;
#820 = ORIENTED_EDGE ( 'NONE', *, *, #6254, .F. ) ;
#821 = EDGE_LOOP ( 'NONE', ( #5279, #1046, #3611, #1531 ) ) ;
#822 = EDGE_LOOP ( 'NONE', ( #5326, #3307, #2094, #5759 ) ) ;
#823 = DIRECTION ( 'NONE',  ( -0.0000000000000000000, -0.0000000000000000000, -1.000000000000000000 ) ) ;
#824 = DIRECTION ( 'NONE',  ( -0.0000000000000000000, -0.0000000000000000000, 1.000000000000000000 ) ) ;
#825 = CARTESIAN_POINT ( 'NONE',  ( 5.550000000000000700, 0.5000000000000004400, -6.349999999999999600 ) ) ;
#826 = EDGE_CURVE ( 'NONE', #4835, #2151, #53, .T. ) ;
#827 = CARTESIAN_POINT ( 'NONE',  ( 3.199999999999994400, 0.5999999999999979800, -2.499999999999998200 ) ) ;
#828 = ORIENTED_EDGE ( 'NONE', *, *, #1043, .F. ) ;
#829 = VECTOR ( 'NONE', #1734, 1000.000000000000000 ) ;
#830 = AXIS2_PLACEMENT_3D ( 'NONE', #1644, #3819, #2242 ) ;
#831 = EDGE_LOOP ( 'NONE', ( #1625, #5686, #6505, #1420, #3474, #3414 ) ) ;
#832 = AXIS2_PLACEMENT_3D ( 'NONE', #4132, #3142, #4202 ) ;
#833 = VECTOR ( 'NONE', #2884, 1000.000000000000000 ) ;
#834 = ORIENTED_EDGE ( 'NONE', *, *, #5580, .T. ) ;
#835 = EDGE_CURVE ( 'NONE', #2247, #361, #6564, .T. ) ;
#836 = CARTESIAN_POINT ( 'NONE',  ( 5.800000000000001600, 0.4999999999999991700, 0.5000000000000000000 ) ) ;
#837 = COLOUR_RGB ( '',0.7921568627450980000, 0.8196078431372548800, 0.9333333333333333500 ) ;
#838 = VECTOR ( 'NONE', #3638, 1000.000000000000000 ) ;
#839 = AXIS2_PLACEMENT_3D ( 'NONE', #3984, #4546, #954 ) ;
#840 = ORIENTED_EDGE ( 'NONE', *, *, #4252, .F. ) ;
#841 = CARTESIAN_POINT ( 'NONE',  ( -5.850000000000001400, -1.612394906284619600E-015, -2.499999999999998200 ) ) ;
#842 = CARTESIAN_POINT ( 'NONE',  ( -2.953056658403663300, 8.400000000000000400, -4.639984522846795300 ) ) ;
#843 = EDGE_CURVE ( 'NONE', #5998, #2598, #2752, .T. ) ;
#844 = DIRECTION ( 'NONE',  ( 0.0000000000000000000, 1.000000000000000000, -0.0000000000000000000 ) ) ;
#845 = CARTESIAN_POINT ( 'NONE',  ( -3.889087296526017900, 8.500000000000000000, -3.889087296526003700 ) ) ;
#846 = CARTESIAN_POINT ( 'NONE',  ( 6.350000000000001400, 0.5500000000000034900, -0.5000000000000004400 ) ) ;
#847 = CARTESIAN_POINT ( 'NONE',  ( 6.350000000000001400, 2.150000000000001200, 6.349999999999999600 ) ) ;
#848 = EDGE_LOOP ( 'NONE', ( #5689, #3461, #966, #4627 ) ) ;
#849 = CARTESIAN_POINT ( 'NONE',  ( 6.350000000000001400, 1.350000000000000500, 2.500000000000000000 ) ) ;
#850 = VECTOR ( 'NONE', #136, 1000.000000000000000 ) ;
#851 = VECTOR ( 'NONE', #1636, 1000.000000000000000 ) ;
#852 = VERTEX_POINT ( 'NONE', #3196 ) ;
#853 = VECTOR ( 'NONE', #544, 1000.000000000000100 ) ;
#854 = VECTOR ( 'NONE', #6483, 1000.000000000000000 ) ;
#855 = CARTESIAN_POINT ( 'NONE',  ( -6.349999999999998800, 7.700000000000000200, -6.349999999999999600 ) ) ;
#856 = LINE ( 'NONE', #3787, #1737 ) ;
#857 = LINE ( 'NONE', #5412, #6289 ) ;
#858 = EDGE_CURVE ( 'NONE', #4683, #5251, #4054, .T. ) ;
#859 = FACE_OUTER_BOUND ( 'NONE', #5445, .T. ) ;
#860 = VERTEX_POINT ( 'NONE', #3644 ) ;
#861 = CARTESIAN_POINT ( 'NONE',  ( 2.913902486630548100, 8.484922570794086700, 4.664681165548098600 ) ) ;
#862 = EDGE_CURVE ( 'NONE', #6321, #4554, #2832, .T. ) ;
#863 = DIRECTION ( 'NONE',  ( -1.000000000000000000, 0.0000000000000000000, -0.0000000000000000000 ) ) ;
#864 = CARTESIAN_POINT ( 'NONE',  ( 6.350000000000001400, 2.649999999999998600, 1.900000000000000400 ) ) ;
#865 = CARTESIAN_POINT ( 'NONE',  ( 3.889087296526016100, 8.400000000000000400, -5.089087296526004800 ) ) ;
#866 = EDGE_CURVE ( 'NONE', #1542, #6474, #980, .T. ) ;
#867 = CIRCLE ( 'NONE', #4425, 1.199999999999999700 ) ;
#868 = CARTESIAN_POINT ( 'NONE',  ( 3.449999999999997500, -0.8124404748406729400, 0.5000000000000000000 ) ) ;
#869 = ORIENTED_EDGE ( 'NONE', *, *, #6580, .F. ) ;
#870 = DIRECTION ( 'NONE',  ( 0.0000000000000000000, -1.000000000000000000, 0.0000000000000000000 ) ) ;
#871 = LINE ( 'NONE', #3108, #3222 ) ;
#872 = CARTESIAN_POINT ( 'NONE',  ( 2.905393483207265000, 8.490477831656829000, -4.669987058684916400 ) ) ;
#873 = VERTEX_POINT ( 'NONE', #2732 ) ;
#874 = AXIS2_PLACEMENT_3D ( 'NONE', #5604, #4128, #1035 ) ;
#875 = ORIENTED_EDGE ( 'NONE', *, *, #1977, .T. ) ;
#876 = CARTESIAN_POINT ( 'NONE',  ( -3.889087296526017900, 6.500000000000000900, -3.889087296526003700 ) ) ;
#877 = CARTESIAN_POINT ( 'NONE',  ( 3.889087296526016100, 8.400000000000000400, -3.889087296526005500 ) ) ;
#878 = CIRCLE ( 'NONE', #3989, 0.7500000000000000000 ) ;
#879 = VERTEX_POINT ( 'NONE', #1181 ) ;
#880 = ADVANCED_FACE ( 'NONE', ( #2256 ), #3732, .F. ) ;
#881 = CLOSED_SHELL ( 'NONE', ( #3390, #4676, #6339, #4103, #2739, #2003, #5229, #4443, #2154, #2833, #988, #3894, #2960, #5879, #5721, #144, #4499, #1822, #6572, #3995, #2707, #612, #406, #3728, #2288, #204, #510, #1719, #3089, #4177, #1253, #3758, #1551, #3227, #5102, #5780, #5041, #1189, #5951, #2252, #3963, #3604 ) ) ;
#882 = EDGE_CURVE ( 'NONE', #3315, #6547, #5466, .T. ) ;
#883 = VECTOR ( 'NONE', #4914, 1000.000000000000000 ) ;
#884 = CARTESIAN_POINT ( 'NONE',  ( -5.549999999999998900, 0.5000000000000004400, -6.349999999999999600 ) ) ;
#885 = DIRECTION ( 'NONE',  ( 1.000000000000000000, 0.0000000000000000000, 0.0000000000000000000 ) ) ;
#886 = DIRECTION ( 'NONE',  ( -1.000000000000000000, -0.0000000000000000000, -1.807003620809169000E-016 ) ) ;
#887 = CARTESIAN_POINT ( 'NONE',  ( 3.199999999999994800, 0.8499999999999979800, -0.5000000000000000000 ) ) ;
#888 = VERTEX_POINT ( 'NONE', #742 ) ;
#889 = CARTESIAN_POINT ( 'NONE',  ( 6.350000000000001400, 2.149999999999999000, -6.349999999999999600 ) ) ;
#890 = VERTEX_POINT ( 'NONE', #4776 ) ;
#891 = CARTESIAN_POINT ( 'NONE',  ( -6.350000000000001400, 1.350000000000000500, -0.5000000000000000000 ) ) ;
#892 = CARTESIAN_POINT ( 'NONE',  ( 1.350000000000001400, 1.350000000000001000, -2.599999999999999600 ) ) ;
#893 = ORIENTED_EDGE ( 'NONE', *, *, #2360, .T. ) ;
#894 = ADVANCED_FACE ( 'NONE', ( #3572 ), #5266, .T. ) ;
#895 = EDGE_LOOP ( 'NONE', ( #718, #6477, #2444, #3475, #3019 ) ) ;
#896 = EDGE_CURVE ( 'NONE', #2975, #3380, #5392, .T. ) ;
#897 = CARTESIAN_POINT ( 'NONE',  ( -3.199999999999994800, 0.8499999999999979800, -2.499999999999998700 ) ) ;
#898 = DIRECTION ( 'NONE',  ( 0.0000000000000000000, 0.0000000000000000000, 1.000000000000000000 ) ) ;
#899 = ORIENTED_EDGE ( 'NONE', *, *, #3631, .F. ) ;
#900 = LINE ( 'NONE', #3713, #3080 ) ;
#901 = EDGE_CURVE ( 'NONE', #5189, #2830, #1446, .T. ) ;
#902 = DIRECTION ( 'NONE',  ( 0.7071067811865438000, -0.7071067811865513500, 0.0000000000000000000 ) ) ;
#903 = CARTESIAN_POINT ( 'NONE',  ( 3.889087296526016100, 6.500000000000000900, -3.889087296526005500 ) ) ;
#904 = LINE ( 'NONE', #1395, #833 ) ;
#905 = DIRECTION ( 'NONE',  ( 1.000000000000000000, 0.0000000000000000000, 0.0000000000000000000 ) ) ;
#906 = VERTEX_POINT ( 'NONE', #4349 ) ;
#907 = CARTESIAN_POINT ( 'NONE',  ( -6.350000000000001400, 0.5499999999999988200, 0.5000000000000000000 ) ) ;
#908 = VERTEX_POINT ( 'NONE', #2181 ) ;
#909 = EDGE_CURVE ( 'NONE', #6547, #2289, #4213, .T. ) ;
#910 = DIRECTION ( 'NONE',  ( 1.000000000000000000, -5.421010862427519200E-016, 0.0000000000000000000 ) ) ;
#911 = CARTESIAN_POINT ( 'NONE',  ( -3.199999999999994400, 0.6000000000000009800, -2.499999999999998200 ) ) ;
#912 = ADVANCED_FACE ( 'NONE', ( #4049 ), #6558, .T. ) ;
#913 = AXIS2_PLACEMENT_3D ( 'NONE', #202, #4851, #2801 ) ;
#914 = EDGE_LOOP ( 'NONE', ( #679, #2254, #2996, #4017 ) ) ;
#915 = VECTOR ( 'NONE', #4822, 1000.000000000000000 ) ;
#916 = AXIS2_PLACEMENT_3D ( 'NONE', #3006, #2480, #1981 ) ;
#917 = ORIENTED_EDGE ( 'NONE', *, *, #6462, .F. ) ;
#918 = CYLINDRICAL_SURFACE ( 'NONE', #2853, 0.8000000000000003800 ) ;
#919 = CARTESIAN_POINT ( 'NONE',  ( -4.349999999999998800, 2.149999999999998600, -1.899999999999999700 ) ) ;
#920 = EDGE_CURVE ( 'NONE', #1210, #195, #5859, .T. ) ;
#921 = CARTESIAN_POINT ( 'NONE',  ( 5.850000000000001400, 1.350000000000000500, -2.500000000000000000 ) ) ;
#922 = ORIENTED_EDGE ( 'NONE', *, *, #3064, .T. ) ;
#923 = CARTESIAN_POINT ( 'NONE',  ( -6.349999999999998800, 0.5000000000000004400, -5.549999999999998900 ) ) ;
#924 = AXIS2_PLACEMENT_3D ( 'NONE', #1489, #4613, #4125 ) ;
#925 = LINE ( 'NONE', #2879, #1003 ) ;
#926 = AXIS2_PLACEMENT_3D ( 'NONE', #1256, #6343, #1769 ) ;
#927 = CARTESIAN_POINT ( 'NONE',  ( 5.800000000000001600, -1.734723475976807100E-015, -2.499999999999998700 ) ) ;
#928 = VERTEX_POINT ( 'NONE', #5828 ) ;
#929 = DIRECTION ( 'NONE',  ( 0.0000000000000000000, -1.000000000000000000, 0.0000000000000000000 ) ) ;
#930 = EDGE_CURVE ( 'NONE', #2202, #1153, #2664, .T. ) ;
#931 = CARTESIAN_POINT ( 'NONE',  ( 6.350000000000001400, 1.350000000000000300, 4.799999999999999800 ) ) ;
#932 = VECTOR ( 'NONE', #2735, 1000.000000000000000 ) ;
#933 = DIRECTION ( 'NONE',  ( -0.0000000000000000000, 1.000000000000000000, -0.0000000000000000000 ) ) ;
#934 = CARTESIAN_POINT ( 'NONE',  ( 6.350000000000001400, -2.217572330035600300, -3.400000000000000400 ) ) ;
#935 = ORIENTED_EDGE ( 'NONE', *, *, #3037, .F. ) ;
#936 = VECTOR ( 'NONE', #6071, 1000.000000000000000 ) ;
#937 = DIRECTION ( 'NONE',  ( 0.0000000000000000000, -1.000000000000000000, 0.0000000000000000000 ) ) ;
#938 = CARTESIAN_POINT ( 'NONE',  ( 2.952395982179200700, 8.414365793561563200, 4.640405190497285800 ) ) ;
#939 = ORIENTED_EDGE ( 'NONE', *, *, #5605, .F. ) ;
#940 = CIRCLE ( 'NONE', #1171, 0.5500000000000001600 ) ;
#941 = LINE ( 'NONE', #692, #3441 ) ;
#942 = FACE_OUTER_BOUND ( 'NONE', #1125, .T. ) ;
#943 = DIRECTION ( 'NONE',  ( 0.7071067811865451300, -0.0000000000000000000, -0.7071067811865500200 ) ) ;
#944 = VECTOR ( 'NONE', #1983, 1000.000000000000000 ) ;
#945 = PLANE ( 'NONE',  #1219 ) ;
#946 = ORIENTED_EDGE ( 'NONE', *, *, #780, .F. ) ;
#947 = EDGE_CURVE ( 'NONE', #316, #4263, #1299, .T. ) ;
#948 = CIRCLE ( 'NONE', #1545, 0.8000000000000003800 ) ;
#949 = EDGE_CURVE ( 'NONE', #2565, #3009, #6405, .T. ) ;
#950 = DIRECTION ( 'NONE',  ( 0.0000000000000000000, 0.0000000000000000000, 1.000000000000000000 ) ) ;
#951 = ORIENTED_EDGE ( 'NONE', *, *, #2226, .F. ) ;
#952 = AXIS2_PLACEMENT_3D ( 'NONE', #3374, #4541, #905 ) ;
#953 = CARTESIAN_POINT ( 'NONE',  ( 3.889087296526016100, 8.500000000000000000, -5.189087296526005300 ) ) ;
#954 = DIRECTION ( 'NONE',  ( 1.000000000000000000, 0.0000000000000000000, -1.807003620809169200E-016 ) ) ;
#955 = AXIS2_PLACEMENT_3D ( 'NONE', #3840, #1689, #5802 ) ;
#956 = LINE ( 'NONE', #3046, #5438 ) ;
#957 = ORIENTED_EDGE ( 'NONE', *, *, #5874, .F. ) ;
#958 = ORIENTED_EDGE ( 'NONE', *, *, #6254, .T. ) ;
#959 = EDGE_CURVE ( 'NONE', #4741, #651, #4684, .T. ) ;
#960 = CARTESIAN_POINT ( 'NONE',  ( 3.449999999999993500, -0.8124404748406729400, -0.5000000000000000000 ) ) ;
#961 = LINE ( 'NONE', #1995, #1924 ) ;
#962 = AXIS2_PLACEMENT_3D ( 'NONE', #2128, #6197, #104 ) ;
#963 = CARTESIAN_POINT ( 'NONE',  ( 3.199999999999994400, 1.350000000000000500, 2.500000000000000000 ) ) ;
#964 = ORIENTED_EDGE ( 'NONE', *, *, #59, .T. ) ;
#965 = AXIS2_PLACEMENT_3D ( 'NONE', #1076, #535, #5160 ) ;
#966 = ORIENTED_EDGE ( 'NONE', *, *, #5877, .T. ) ;
#967 = EDGE_CURVE ( 'NONE', #1695, #415, #1140, .T. ) ;
#968 = ORIENTED_EDGE ( 'NONE', *, *, #3160, .T. ) ;
#969 = VERTEX_POINT ( 'NONE', #3308 ) ;
#970 = ORIENTED_EDGE ( 'NONE', *, *, #4518, .F. ) ;
#971 = DIRECTION ( 'NONE',  ( 1.000000000000000000, -4.731064025391280600E-015, 0.0000000000000000000 ) ) ;
#972 = CARTESIAN_POINT ( 'NONE',  ( 3.949999999999994400, 1.350000000000001000, -2.499999999999998700 ) ) ;
#973 = ORIENTED_EDGE ( 'NONE', *, *, #1369, .F. ) ;
#974 = ORIENTED_EDGE ( 'NONE', *, *, #6316, .F. ) ;
#975 = VERTEX_POINT ( 'NONE', #218 ) ;
#976 = DIRECTION ( 'NONE',  ( 0.0000000000000000000, 1.000000000000000000, -4.388034133981040700E-016 ) ) ;
#977 = ORIENTED_EDGE ( 'NONE', *, *, #6577, .T. ) ;
#978 = CARTESIAN_POINT ( 'NONE',  ( 2.049999999999999800, 0.8499999999999998700, 3.299999999999996300 ) ) ;
#979 = ORIENTED_EDGE ( 'NONE', *, *, #5276, .T. ) ;
#980 = LINE ( 'NONE', #1224, #5315 ) ;
#981 = ORIENTED_EDGE ( 'NONE', *, *, #747, .T. ) ;
#982 = DIRECTION ( 'NONE',  ( -1.000000000000000000, 0.0000000000000000000, 0.0000000000000000000 ) ) ;
#983 = ORIENTED_EDGE ( 'NONE', *, *, #3379, .F. ) ;
#984 = EDGE_CURVE ( 'NONE', #1143, #5008, #3327, .T. ) ;
#985 = VECTOR ( 'NONE', #3264, 1000.000000000000000 ) ;
#986 = ORIENTED_EDGE ( 'NONE', *, *, #1353, .T. ) ;
#987 = CARTESIAN_POINT ( 'NONE',  ( -3.199999999999994400, 0.5999999999999979800, 2.500000000000000000 ) ) ;
#988 = ADVANCED_FACE ( 'NONE', ( #5709 ), #2815, .T. ) ;
#989 = DIRECTION ( 'NONE',  ( 0.7071067811865506800, 1.135772901246949300E-016, -0.7071067811865443500 ) ) ;
#990 = VECTOR ( 'NONE', #4831, 1000.000000000000000 ) ;
#991 = DIRECTION ( 'NONE',  ( -1.000000000000000000, 0.0000000000000000000, 0.0000000000000000000 ) ) ;
#992 = VECTOR ( 'NONE', #4149, 1000.000000000000000 ) ;
#993 = VERTEX_POINT ( 'NONE', #4929 ) ;
#994 = CARTESIAN_POINT ( 'NONE',  ( -6.350000000000001400, 1.350000000000000300, -4.799999999999999800 ) ) ;
#995 = AXIS2_PLACEMENT_3D ( 'NONE', #1744, #2694, #1717 ) ;
#996 = LINE ( 'NONE', #5014, #1392 ) ;
#997 = PLANE ( 'NONE',  #1645 ) ;
#998 = CARTESIAN_POINT ( 'NONE',  ( 1.800000000000000500, 2.149999999999999900, -6.349999999999999600 ) ) ;
#999 = ORIENTED_EDGE ( 'NONE', *, *, #2520, .T. ) ;
#1000 = LINE ( 'NONE', #4253, #4002 ) ;
#1001 = ORIENTED_EDGE ( 'NONE', *, *, #3200, .F. ) ;
#1002 = DIRECTION ( 'NONE',  ( 1.000000000000000000, 4.731064025391280600E-015, -0.0000000000000000000 ) ) ;
#1003 = VECTOR ( 'NONE', #416, 1000.000000000000000 ) ;
#1004 = EDGE_CURVE ( 'NONE', #5068, #5865, #1940, .T. ) ;
#1005 = DIRECTION ( 'NONE',  ( 0.0000000000000000000, -0.0000000000000000000, -1.000000000000000000 ) ) ;
#1006 = VERTEX_POINT ( 'NONE', #5370 ) ;
#1007 = CARTESIAN_POINT ( 'NONE',  ( -5.850000000000001400, 1.350000000000000500, 2.500000000000000000 ) ) ;
#1008 = CYLINDRICAL_SURFACE ( 'NONE', #4066, 5.500000000000000000 ) ;
#1009 = LINE ( 'NONE', #106, #3205 ) ;
#1010 = CARTESIAN_POINT ( 'NONE',  ( -3.199999999999994800, 1.350000000000001000, 3.399999999999999900 ) ) ;
#1011 = CYLINDRICAL_SURFACE ( 'NONE', #4208, 0.6000000000000071900 ) ;
#1012 = DIRECTION ( 'NONE',  ( 0.0000000000000000000, 0.0000000000000000000, 1.000000000000000000 ) ) ;
#1013 = EDGE_CURVE ( 'NONE', #2410, #3454, #3725, .T. ) ;
#1014 = CARTESIAN_POINT ( 'NONE',  ( -3.199999999999995300, 1.350000000000000100, -0.2499999999999997800 ) ) ;
#1015 = CARTESIAN_POINT ( 'NONE',  ( 5.850000000000001400, -1.102182119232617700E-015, 2.500000000000000000 ) ) ;
#1016 = CIRCLE ( 'NONE', #2462, 1.199999999999999700 ) ;
#1017 = LINE ( 'NONE', #5899, #1738 ) ;
#1018 = B_SPLINE_CURVE_WITH_KNOTS ( 'NONE', 3,
 ( #5648, #4636, #1580, #1535, #5213, #1604, #2065, #103, #5140, #2650, #4722, #5185, #1559, #4195, #2605, #1079 ),
 .UNSPECIFIED., .F., .F.,
 ( 4, 3, 3, 3, 3, 4 ),
 ( 0.0000000000000000000, 3.396486522547933200E-005, 6.793742647645018000E-005, 0.0001017898930445738400, 0.0001354294616232153500, 0.0001567328391042817500 ),
 .UNSPECIFIED. ) ;
#1019 = LINE ( 'NONE', #2017, #5811 ) ;
#1020 = ORIENTED_EDGE ( 'NONE', *, *, #4783, .F. ) ;
#1021 = VECTOR ( 'NONE', #1496, 1000.000000000000000 ) ;
#1022 = CARTESIAN_POINT ( 'NONE',  ( -6.350000000000001400, 1.350000000000000500, -2.500000000000000000 ) ) ;
#1023 = ADVANCED_FACE ( 'NONE', ( #3490 ), #1328, .F. ) ;
#1024 = VERTEX_POINT ( 'NONE', #842 ) ;
#1025 = EDGE_CURVE ( 'NONE', #5068, #1909, #753, .T. ) ;
#1026 = CARTESIAN_POINT ( 'NONE',  ( -4.050000000000001600, 0.5999999999999999800, -0.5000000000000000000 ) ) ;
#1027 = CARTESIAN_POINT ( 'NONE',  ( 1.800000000000000500, 2.799999999999999800, 6.349999999999999600 ) ) ;
#1028 = CARTESIAN_POINT ( 'NONE',  ( 4.664681165548108400, 8.484922570794086700, -2.913902486630534700 ) ) ;
#1029 = VECTOR ( 'NONE', #805, 1000.000000000000000 ) ;
#1030 = ORIENTED_EDGE ( 'NONE', *, *, #2190, .F. ) ;
#1031 = FILL_AREA_STYLE_COLOUR ( '', #5649 ) ;
#1032 = ORIENTED_EDGE ( 'NONE', *, *, #800, .F. ) ;
#1033 = EDGE_CURVE ( 'NONE', #3841, #1300, #5550, .T. ) ;
#1034 = VECTOR ( 'NONE', #3226, 1000.000000000000000 ) ;
#1035 = DIRECTION ( 'NONE',  ( 0.0000000000000000000, 0.0000000000000000000, -1.000000000000000000 ) ) ;
#1036 = ORIENTED_EDGE ( 'NONE', *, *, #6146, .T. ) ;
#1037 = AXIS2_PLACEMENT_3D ( 'NONE', #2034, #487, #2527 ) ;
#1038 = CARTESIAN_POINT ( 'NONE',  ( 6.350000000000001400, 0.8499999999999994200, -6.349999999999999600 ) ) ;
#1039 = ORIENTED_EDGE ( 'NONE', *, *, #2304, .F. ) ;
#1040 = CARTESIAN_POINT ( 'NONE',  ( 4.050000000000001600, -0.8124404748406728300, 0.5000000000000000000 ) ) ;
#1041 = VECTOR ( 'NONE', #4529, 1000.000000000000000 ) ;
#1042 = EDGE_LOOP ( 'NONE', ( #1854, #102, #2173, #362, #4401, #1827, #3555, #1278, #429, #2306, #2403, #4388, #3941, #1634, #1131, #2082 ) ) ;
#1043 = EDGE_CURVE ( 'NONE', #852, #2359, #2828, .T. ) ;
#1044 = DIRECTION ( 'NONE',  ( -1.606225440719266900E-016, 1.000000000000000000, 0.0000000000000000000 ) ) ;
#1045 = CARTESIAN_POINT ( 'NONE',  ( -3.199999999999994800, -0.8124404748406739400, -0.5000000000000000000 ) ) ;
#1046 = ORIENTED_EDGE ( 'NONE', *, *, #882, .F. ) ;
#1047 = ORIENTED_EDGE ( 'NONE', *, *, #6577, .F. ) ;
#1048 = CARTESIAN_POINT ( 'NONE',  ( -5.800000000000001600, 0.5499999999999990500, 0.5000000000000000000 ) ) ;
#1049 = CARTESIAN_POINT ( 'NONE',  ( 6.350000000000001400, 0.8499999999999996400, 2.500000000000000000 ) ) ;
#1050 = ORIENTED_EDGE ( 'NONE', *, *, #74, .T. ) ;
#1051 = ORIENTED_EDGE ( 'NONE', *, *, #5725, .F. ) ;
#1052 = CARTESIAN_POINT ( 'NONE',  ( -1.350000000000001400, 0.8500000000000009800, -2.599999999999999600 ) ) ;
#1053 = EDGE_CURVE ( 'NONE', #445, #5602, #1610, .T. ) ;
#1054 = DIRECTION ( 'NONE',  ( 0.0000000000000000000, -1.000000000000000000, -0.0000000000000000000 ) ) ;
#1055 = ADVANCED_FACE ( 'NONE', ( #3512 ), #6395, .F. ) ;
#1056 = EDGE_LOOP ( 'NONE', ( #1768, #299, #3266, #2568, #1480 ) ) ;
#1057 = ORIENTED_EDGE ( 'NONE', *, *, #6490, .F. ) ;
#1058 = DIRECTION ( 'NONE',  ( 0.0000000000000000000, 0.0000000000000000000, 1.000000000000000000 ) ) ;
#1059 = FACE_OUTER_BOUND ( 'NONE', #3960, .T. ) ;
#1060 = ORIENTED_EDGE ( 'NONE', *, *, #2460, .F. ) ;
#1061 = CARTESIAN_POINT ( 'NONE',  ( 5.850000000000001400, 1.350000000000000300, -4.799999999999999800 ) ) ;
#1062 = VERTEX_POINT ( 'NONE', #5849 ) ;
#1063 = CARTESIAN_POINT ( 'NONE',  ( 4.049999999999999800, 1.350000000000001200, -3.399999999999999900 ) ) ;
#1064 = ORIENTED_EDGE ( 'NONE', *, *, #1099, .T. ) ;
#1065 = CARTESIAN_POINT ( 'NONE',  ( 1.360415583094916400E-015, 0.8500000000000030900, -3.399999999999999900 ) ) ;
#1066 = CIRCLE ( 'NONE', #5755, 5.500000000000000000 ) ;
#1067 = EDGE_LOOP ( 'NONE', ( #1514, #4191, #3192, #5420 ) ) ;
#1068 = ORIENTED_EDGE ( 'NONE', *, *, #3476, .T. ) ;
#1069 = CARTESIAN_POINT ( 'NONE',  ( 1.800000000000000500, 2.150000000000000400, 0.0000000000000000000 ) ) ;
#1070 = DIRECTION ( 'NONE',  ( 0.0000000000000000000, 0.0000000000000000000, -1.000000000000000000 ) ) ;
#1071 = VERTEX_POINT ( 'NONE', #2883 ) ;
#1072 = ORIENTED_EDGE ( 'NONE', *, *, #456, .F. ) ;
#1073 = CARTESIAN_POINT ( 'NONE',  ( -2.948315727079697800, 8.432949153095448100, 4.642998424881764000 ) ) ;
#1074 = DIRECTION ( 'NONE',  ( 1.807003620809174600E-016, 0.0000000000000000000, 1.000000000000000000 ) ) ;
#1075 = EDGE_CURVE ( 'NONE', #1649, #1062, #2503, .T. ) ;
#1076 = CARTESIAN_POINT ( 'NONE',  ( 1.800000000000000500, 2.799999999999999800, 0.0000000000000000000 ) ) ;
#1077 = ORIENTED_EDGE ( 'NONE', *, *, #1637, .T. ) ;
#1078 = EDGE_CURVE ( 'NONE', #40, #2851, #3905, .T. ) ;
#1079 = CARTESIAN_POINT ( 'NONE',  ( -4.639984522846806800, 8.400000000000000400, 2.953056658403647300 ) ) ;
#1080 = LINE ( 'NONE', #5077, #3666 ) ;
#1081 = DIRECTION ( 'NONE',  ( 0.0000000000000000000, 1.000000000000000000, 0.0000000000000000000 ) ) ;
#1082 = PLANE ( 'NONE',  #3296 ) ;
#1083 = ORIENTED_EDGE ( 'NONE', *, *, #81, .F. ) ;
#1084 = DIRECTION ( 'NONE',  ( 0.0000000000000000000, 0.0000000000000000000, 1.000000000000000000 ) ) ;
#1085 = LINE ( 'NONE', #737, #6278 ) ;
#1086 =( LENGTH_UNIT ( ) NAMED_UNIT ( * ) SI_UNIT ( .MILLI., .METRE. ) );
#1087 = AXIS2_PLACEMENT_3D ( 'NONE', #6089, #1454, #1417 ) ;
#1088 = ORIENTED_EDGE ( 'NONE', *, *, #5827, .T. ) ;
#1089 = LINE ( 'NONE', #1623, #1813 ) ;
#1090 = VECTOR ( 'NONE', #2334, 1000.000000000000000 ) ;
#1091 = ORIENTED_EDGE ( 'NONE', *, *, #4506, .T. ) ;
#1092 = AXIS2_PLACEMENT_3D ( 'NONE', #6141, #3098, #466 ) ;
#1093 = FACE_OUTER_BOUND ( 'NONE', #4120, .T. ) ;
#1094 = CARTESIAN_POINT ( 'NONE',  ( 4.050000000000001600, 0.5000000000000004400, -0.5000000000000000000 ) ) ;
#1095 = DIRECTION ( 'NONE',  ( -0.0000000000000000000, -0.0000000000000000000, 1.000000000000000000 ) ) ;
#1096 = ADVANCED_FACE ( 'NONE', ( #4551 ), #804, .F. ) ;
#1097 = ORIENTED_EDGE ( 'NONE', *, *, #4867, .F. ) ;
#1098 = DIRECTION ( 'NONE',  ( 0.0000000000000000000, -1.000000000000000000, -0.0000000000000000000 ) ) ;
#1099 = EDGE_CURVE ( 'NONE', #2653, #118, #5959, .T. ) ;
#1100 = LINE ( 'NONE', #3095, #3115 ) ;
#1101 = LINE ( 'NONE', #4726, #5039 ) ;
#1102 = FACE_OUTER_BOUND ( 'NONE', #4463, .T. ) ;
#1103 = CARTESIAN_POINT ( 'NONE',  ( -4.517509052022925600E-016, 0.5000000000000004400, 2.500000000000001300 ) ) ;
#1104 = CARTESIAN_POINT ( 'NONE',  ( 3.199999999999994800, 0.8499999999999979800, 0.5000000000000000000 ) ) ;
#1105 = FACE_OUTER_BOUND ( 'NONE', #1747, .T. ) ;
#1106 = VERTEX_POINT ( 'NONE', #352 ) ;
#1107 = DIRECTION ( 'NONE',  ( 0.0000000000000000000, 0.0000000000000000000, -1.000000000000000000 ) ) ;
#1108 = CARTESIAN_POINT ( 'NONE',  ( -6.350000000000001400, 0.8499999999999992000, -2.499999999999999100 ) ) ;
#1109 = VERTEX_POINT ( 'NONE', #2385 ) ;
#1110 = FACE_OUTER_BOUND ( 'NONE', #5238, .T. ) ;
#1111 = ORIENTED_EDGE ( 'NONE', *, *, #6125, .F. ) ;
#1112 = DIRECTION ( 'NONE',  ( 0.0000000000000000000, 1.000000000000000000, -1.284980352575410700E-015 ) ) ;
#1113 = CARTESIAN_POINT ( 'NONE',  ( 3.199999999999994800, 0.5000000000000004400, -0.5000000000000000000 ) ) ;
#1114 = LINE ( 'NONE', #3588, #723 ) ;
#1115 = EDGE_CURVE ( 'NONE', #6453, #3765, #4941, .T. ) ;
#1116 = ORIENTED_EDGE ( 'NONE', *, *, #1004, .T. ) ;
#1117 = CARTESIAN_POINT ( 'NONE',  ( 5.850000000000001400, -7.347880794884121700E-016, -0.5000000000000000000 ) ) ;
#1118 = DIRECTION ( 'NONE',  ( 0.0000000000000000000, 0.0000000000000000000, 1.000000000000000000 ) ) ;
#1119 = ADVANCED_FACE ( 'NONE', ( #1961 ), #372, .T. ) ;
#1120 = ORIENTED_EDGE ( 'NONE', *, *, #5806, .T. ) ;
#1121 = VECTOR ( 'NONE', #4141, 1000.000000000000000 ) ;
#1122 = CARTESIAN_POINT ( 'NONE',  ( -3.199999999999994800, -7.806255641895631900E-015, 0.5000000000000001100 ) ) ;
#1123 = ORIENTED_EDGE ( 'NONE', *, *, #1670, .T. ) ;
#1124 = ADVANCED_FACE ( 'NONE', ( #1798 ), #4621, .F. ) ;
#1125 = EDGE_LOOP ( 'NONE', ( #6357, #964, #2496, #3951, #1591, #1874, #3947, #4000, #5909, #5310, #1323, #5499 ) ) ;
#1126 = CARTESIAN_POINT ( 'NONE',  ( -1.360415583094916400E-015, 0.8500000000000030900, 3.399999999999999900 ) ) ;
#1127 = AXIS2_PLACEMENT_3D ( 'NONE', #2230, #5770, #224 ) ;
#1128 = CARTESIAN_POINT ( 'NONE',  ( -4.049999999999999800, 0.4999999999999926200, -3.399999999999999900 ) ) ;
#1129 = AXIS2_PLACEMENT_3D ( 'NONE', #3530, #2457, #4491 ) ;
#1130 = ORIENTED_EDGE ( 'NONE', *, *, #6166, .T. ) ;
#1131 = ORIENTED_EDGE ( 'NONE', *, *, #3291, .F. ) ;
#1132 = CARTESIAN_POINT ( 'NONE',  ( 7.311354724890372100E-029, 0.4999999999999790700, -2.194017066990428400E-016 ) ) ;
#1133 = DIRECTION ( 'NONE',  ( -1.000000000000000000, -1.057758217059029100E-016, -9.972380494780813000E-033 ) ) ;
#1134 = UNCERTAINTY_MEASURE_WITH_UNIT (LENGTH_MEASURE( 1.000000000000000100E-005 ), #119, 'distance_accuracy_value', 'NONE');
#1135 = EDGE_CURVE ( 'NONE', #3035, #6220, #3185, .T. ) ;
#1136 = DIRECTION ( 'NONE',  ( 1.532073929300149800E-030, -4.388034133981040700E-016, -1.000000000000000000 ) ) ;
#1137 = CARTESIAN_POINT ( 'NONE',  ( 5.850000000000001400, 1.350000000000000500, 2.500000000000000000 ) ) ;
#1138 = ORIENTED_EDGE ( 'NONE', *, *, #930, .F. ) ;
#1139 = ORIENTED_EDGE ( 'NONE', *, *, #5669, .T. ) ;
#1140 = CIRCLE ( 'NONE', #5880, 0.8000000000000003800 ) ;
#1141 = DIRECTION ( 'NONE',  ( 0.0000000000000000000, 9.427844978134823900E-017, 1.000000000000000000 ) ) ;
#1142 = AXIS2_PLACEMENT_3D ( 'NONE', #483, #4065, #2523 ) ;
#1143 = VERTEX_POINT ( 'NONE', #2909 ) ;
#1144 = VERTEX_POINT ( 'NONE', #1934 ) ;
#1145 = VECTOR ( 'NONE', #5153, 1000.000000000000000 ) ;
#1146 = EDGE_CURVE ( 'NONE', #3754, #2093, #6422, .T. ) ;
#1147 = ORIENTED_EDGE ( 'NONE', *, *, #6335, .T. ) ;
#1148 = EDGE_LOOP ( 'NONE', ( #5979, #232, #6040, #594 ) ) ;
#1149 = CARTESIAN_POINT ( 'NONE',  ( 6.350000000000001400, 0.5000000000000004400, -5.549999999999998900 ) ) ;
#1150 = DIRECTION ( 'NONE',  ( 1.000000000000000000, -0.0000000000000000000, 0.0000000000000000000 ) ) ;
#1151 = FACE_OUTER_BOUND ( 'NONE', #3731, .T. ) ;
#1152 = ADVANCED_FACE ( 'NONE', ( #3743 ), #2456, .F. ) ;
#1153 = VERTEX_POINT ( 'NONE', #1366 ) ;
#1154 = DIRECTION ( 'NONE',  ( -1.000000000000000000, 0.0000000000000000000, 0.0000000000000000000 ) ) ;
#1155 = DIRECTION ( 'NONE',  ( -0.0000000000000000000, 1.000000000000000000, -0.0000000000000000000 ) ) ;
#1156 = DIRECTION ( 'NONE',  ( 0.0000000000000000000, 0.0000000000000000000, -1.000000000000000000 ) ) ;
#1157 = LINE ( 'NONE', #864, #3583 ) ;
#1158 = CARTESIAN_POINT ( 'NONE',  ( -6.350000000000001400, 1.350000000000000500, 2.500000000000000000 ) ) ;
#1159 = PLANE ( 'NONE',  #2764 ) ;
#1160 = ORIENTED_EDGE ( 'NONE', *, *, #479, .T. ) ;
#1161 = CARTESIAN_POINT ( 'NONE',  ( 5.850000000000001400, 1.350000000000000500, -3.399999999999999900 ) ) ;
#1162 = DIRECTION ( 'NONE',  ( 1.000000000000000000, 3.491481338843134500E-015, -6.023345402697243000E-017 ) ) ;
#1163 = FACE_OUTER_BOUND ( 'NONE', #1963, .T. ) ;
#1164 = EDGE_CURVE ( 'NONE', #651, #1327, #6351, .T. ) ;
#1165 = VERTEX_POINT ( 'NONE', #5992 ) ;
#1166 = CARTESIAN_POINT ( 'NONE',  ( -1.360415583094916400E-015, 0.8500000000000030900, -3.399999999999999900 ) ) ;
#1167 = ORIENTED_EDGE ( 'NONE', *, *, #6515, .F. ) ;
#1168 = VECTOR ( 'NONE', #5179, 1000.000000000000000 ) ;
#1169 = ORIENTED_EDGE ( 'NONE', *, *, #5165, .T. ) ;
#1170 = LINE ( 'NONE', #3620, #3360 ) ;
#1171 = AXIS2_PLACEMENT_3D ( 'NONE', #4068, #1964, #2029 ) ;
#1172 = DIRECTION ( 'NONE',  ( -0.0000000000000000000, -0.0000000000000000000, 1.000000000000000000 ) ) ;
#1173 = ORIENTED_EDGE ( 'NONE', *, *, #360, .T. ) ;
#1174 = VECTOR ( 'NONE', #3415, 1000.000000000000000 ) ;
#1175 = LINE ( 'NONE', #2611, #3684 ) ;
#1176 = DIRECTION ( 'NONE',  ( 0.0000000000000000000, 9.035018104045873200E-017, 1.000000000000000000 ) ) ;
#1177 = LINE ( 'NONE', #312, #635 ) ;
#1178 = EDGE_CURVE ( 'NONE', #6296, #5078, #1157, .T. ) ;
#1179 = CARTESIAN_POINT ( 'NONE',  ( -5.800000000000001600, 0.5499999999999987100, -0.5000000000000004400 ) ) ;
#1180 = DIRECTION ( 'NONE',  ( -1.000000000000000000, 0.0000000000000000000, 0.0000000000000000000 ) ) ;
#1181 = CARTESIAN_POINT ( 'NONE',  ( 6.350000000000001400, 1.350000000000000300, 4.799999999999999800 ) ) ;
#1182 = AXIS2_PLACEMENT_3D ( 'NONE', #3871, #2366, #2846 ) ;
#1183 = VECTOR ( 'NONE', #286, 1000.000000000000000 ) ;
#1184 = VECTOR ( 'NONE', #1935, 1000.000000000000000 ) ;
#1185 = DIRECTION ( 'NONE',  ( 1.000000000000000000, -1.057758217059029100E-016, 0.0000000000000000000 ) ) ;
#1186 = ORIENTED_EDGE ( 'NONE', *, *, #4478, .T. ) ;
#1187 = DIRECTION ( 'NONE',  ( 0.0000000000000000000, 0.0000000000000000000, 1.000000000000000000 ) ) ;
#1188 = EDGE_CURVE ( 'NONE', #5611, #6570, #3268, .T. ) ;
#1189 = ADVANCED_FACE ( 'NONE', ( #5881 ), #6198, .T. ) ;
#1190 = FACE_OUTER_BOUND ( 'NONE', #5609, .T. ) ;
#1191 = ORIENTED_EDGE ( 'NONE', *, *, #6391, .T. ) ;
#1192 = DIRECTION ( 'NONE',  ( 0.0000000000000000000, -0.0000000000000000000, -1.000000000000000000 ) ) ;
#1193 = LINE ( 'NONE', #6193, #5126 ) ;
#1194 = ORIENTED_EDGE ( 'NONE', *, *, #5993, .F. ) ;
#1195 = DIRECTION ( 'NONE',  ( -0.0000000000000000000, 1.000000000000000000, -0.0000000000000000000 ) ) ;
#1196 = CARTESIAN_POINT ( 'NONE',  ( -5.549999999999998900, 0.5000000000000004400, 5.549999999999998900 ) ) ;
#1197 = VERTEX_POINT ( 'NONE', #2980 ) ;
#1198 = CARTESIAN_POINT ( 'NONE',  ( -2.952395982179203000, 8.414365793561561400, -4.640405190497284900 ) ) ;
#1199 = LINE ( 'NONE', #2759, #1034 ) ;
#1200 = ORIENTED_EDGE ( 'NONE', *, *, #2396, .T. ) ;
#1201 = DIRECTION ( 'NONE',  ( 0.0000000000000000000, -1.000000000000000000, 0.0000000000000000000 ) ) ;
#1202 = ORIENTED_EDGE ( 'NONE', *, *, #1471, .T. ) ;
#1203 = CARTESIAN_POINT ( 'NONE',  ( 5.800000000000001600, -8.673617379884035500E-016, 0.5000000000000000000 ) ) ;
#1204 = EDGE_CURVE ( 'NONE', #1909, #5003, #2689, .T. ) ;
#1205 = EDGE_CURVE ( 'NONE', #5390, #1835, #304, .T. ) ;
#1206 = FACE_OUTER_BOUND ( 'NONE', #258, .T. ) ;
#1207 = CARTESIAN_POINT ( 'NONE',  ( -1.734723475976807100E-015, 6.500000000000000900, 2.168404344971008900E-015 ) ) ;
#1208 = DIRECTION ( 'NONE',  ( -0.0000000000000000000, -0.0000000000000000000, -1.000000000000000000 ) ) ;
#1209 = AXIS2_PLACEMENT_3D ( 'NONE', #2959, #3481, #902 ) ;
#1210 = VERTEX_POINT ( 'NONE', #884 ) ;
#1211 = VERTEX_POINT ( 'NONE', #6032 ) ;
#1212 = ORIENTED_EDGE ( 'NONE', *, *, #4829, .F. ) ;
#1213 = VERTEX_POINT ( 'NONE', #4517 ) ;
#1214 = ORIENTED_EDGE ( 'NONE', *, *, #1146, .F. ) ;
#1215 = ORIENTED_EDGE ( 'NONE', *, *, #1532, .F. ) ;
#1216 = DIRECTION ( 'NONE',  ( 0.0000000000000000000, 9.035018104045873200E-017, 1.000000000000000000 ) ) ;
#1217 = PLANE ( 'NONE',  #6299 ) ;
#1218 = ADVANCED_FACE ( 'NONE', ( #4777 ), #461, .F. ) ;
#1219 = AXIS2_PLACEMENT_3D ( 'NONE', #5072, #5514, #5012 ) ;
#1220 = ORIENTED_EDGE ( 'NONE', *, *, #3670, .T. ) ;
#1221 = ORIENTED_EDGE ( 'NONE', *, *, #2995, .F. ) ;
#1222 = CIRCLE ( 'NONE', #1682, 5.500000000000000900 ) ;
#1223 = EDGE_LOOP ( 'NONE', ( #6394, #981, #6517, #6255, #88, #4211, #114, #610, #2024, #4347, #3565 ) ) ;
#1224 = CARTESIAN_POINT ( 'NONE',  ( -4.349999999999998800, 2.149999999999998600, 1.899999999999999700 ) ) ;
#1225 = ORIENTED_EDGE ( 'NONE', *, *, #1808, .T. ) ;
#1226 = EDGE_CURVE ( 'NONE', #813, #4967, #3016, .T. ) ;
#1227 = DIRECTION ( 'NONE',  ( -0.0000000000000000000, 1.000000000000000000, -0.0000000000000000000 ) ) ;
#1228 = DIRECTION ( 'NONE',  ( 1.000000000000000000, 0.0000000000000000000, 0.0000000000000000000 ) ) ;
#1229 = DIRECTION ( 'NONE',  ( 8.659560562354877400E-017, -0.7071067811865521200, 0.7071067811865430200 ) ) ;
#1230 = CIRCLE ( 'NONE', #43, 0.7500000000000000000 ) ;
#1231 = DIRECTION ( 'NONE',  ( -0.0000000000000000000, -1.000000000000000000, -0.0000000000000000000 ) ) ;
#1232 = EDGE_LOOP ( 'NONE', ( #1293, #3470, #1862, #4308 ) ) ;
#1233 = ORIENTED_EDGE ( 'NONE', *, *, #2318, .T. ) ;
#1234 = CARTESIAN_POINT ( 'NONE',  ( -5.549999999999998900, 0.5000000000000004400, 6.349999999999999600 ) ) ;
#1235 = DIRECTION ( 'NONE',  ( -1.000000000000000000, 3.491481338843134500E-015, 0.0000000000000000000 ) ) ;
#1236 = VERTEX_POINT ( 'NONE', #1493 ) ;
#1237 = ORIENTED_EDGE ( 'NONE', *, *, #2548, .T. ) ;
#1238 = CARTESIAN_POINT ( 'NONE',  ( 3.199999999999994800, 0.5000000000000004400, 0.2499999999999997800 ) ) ;
#1239 = EDGE_CURVE ( 'NONE', #2765, #3068, #1316, .T. ) ;
#1240 = VECTOR ( 'NONE', #3044, 1000.000000000000000 ) ;
#1241 = DIRECTION ( 'NONE',  ( 0.0000000000000000000, 0.0000000000000000000, 1.000000000000000000 ) ) ;
#1242 = DIRECTION ( 'NONE',  ( 0.0000000000000000000, 0.0000000000000000000, 1.000000000000000000 ) ) ;
#1243 = DIRECTION ( 'NONE',  ( 1.000000000000000000, -0.0000000000000000000, 0.0000000000000000000 ) ) ;
#1244 = ORIENTED_EDGE ( 'NONE', *, *, #200, .T. ) ;
#1245 = EDGE_CURVE ( 'NONE', #5623, #1109, #618, .T. ) ;
#1246 = DIRECTION ( 'NONE',  ( -1.000000000000000000, 0.0000000000000000000, 0.0000000000000000000 ) ) ;
#1247 = VECTOR ( 'NONE', #5426, 1000.000000000000000 ) ;
#1248 = CARTESIAN_POINT ( 'NONE',  ( -5.850000000000001400, -1.102182119232617700E-015, 2.500000000000000000 ) ) ;
#1249 = CARTESIAN_POINT ( 'NONE',  ( 4.639984522846805100, 8.411141547493764700, 2.953056658403646800 ) ) ;
#1250 = ORIENTED_EDGE ( 'NONE', *, *, #4098, .F. ) ;
#1251 = VECTOR ( 'NONE', #4367, 1000.000000000000000 ) ;
#1253 = ADVANCED_FACE ( 'NONE', ( #6266 ), #5565, .T. ) ;
#1252 = CYLINDRICAL_SURFACE ( 'NONE', #4674, 0.2500000000000002200 ) ;
#1254 = VECTOR ( 'NONE', #2482, 1000.000000000000000 ) ;
#1255 = EDGE_CURVE ( 'NONE', #6094, #2861, #5254, .T. ) ;
#1256 = CARTESIAN_POINT ( 'NONE',  ( -3.199999999999994400, 0.6000000000000009800, -2.499999999999999100 ) ) ;
#1257 = AXIS2_PLACEMENT_3D ( 'NONE', #478, #2044, #2562 ) ;
#1258 = ORIENTED_EDGE ( 'NONE', *, *, #4993, .F. ) ;
#1259 = VECTOR ( 'NONE', #3834, 1000.000000000000000 ) ;
#1260 = VECTOR ( 'NONE', #5145, 1000.000000000000000 ) ;
#1261 = LINE ( 'NONE', #6369, #5344 ) ;
#1262 = CARTESIAN_POINT ( 'NONE',  ( 1.745740669421639800E-015, -2.092510192897023600E-014, 9.196315484449051200E-030 ) ) ;
#1263 = CARTESIAN_POINT ( 'NONE',  ( -1.350000000000001400, 0.8500000000000009800, 2.599999999999997900 ) ) ;
#1264 = EDGE_CURVE ( 'NONE', #39, #4157, #2193, .T. ) ;
#1265 = VECTOR ( 'NONE', #524, 1000.000000000000000 ) ;
#1266 = ORIENTED_EDGE ( 'NONE', *, *, #5178, .F. ) ;
#1267 = CARTESIAN_POINT ( 'NONE',  ( -4.349999999999998800, 2.649999999999998600, 1.900000000000000400 ) ) ;
#1268 = STYLED_ITEM ( 'NONE', ( #2362 ), #6372 ) ;
#1269 = DIRECTION ( 'NONE',  ( -0.0000000000000000000, 9.035018104045873200E-017, 1.000000000000000000 ) ) ;
#1270 = DIRECTION ( 'NONE',  ( -1.000000000000000000, 0.0000000000000000000, 0.0000000000000000000 ) ) ;
#1271 = CARTESIAN_POINT ( 'NONE',  ( 4.651661993451464900, 8.462182633222909100, 2.934627863746807700 ) ) ;
#1272 = VECTOR ( 'NONE', #5855, 1000.000000000000000 ) ;
#1273 = ORIENTED_EDGE ( 'NONE', *, *, #5981, .T. ) ;
#1274 = DIRECTION ( 'NONE',  ( 0.0000000000000000000, -0.0000000000000000000, -1.000000000000000000 ) ) ;
#1275 = EDGE_CURVE ( 'NONE', #3765, #1144, #1462, .T. ) ;
#1276 = DIRECTION ( 'NONE',  ( 0.7071067811865433500, 0.7071067811865517900, 0.0000000000000000000 ) ) ;
#1277 = CYLINDRICAL_SURFACE ( 'NONE', #2552, 0.8000000000000003800 ) ;
#1278 = ORIENTED_EDGE ( 'NONE', *, *, #4469, .F. ) ;
#1279 = ORIENTED_EDGE ( 'NONE', *, *, #1702, .F. ) ;
#1280 = DIRECTION ( 'NONE',  ( -3.491481338843134500E-015, 1.000000000000000000, -4.388034133981038200E-016 ) ) ;
#1281 = VECTOR ( 'NONE', #2531, 1000.000000000000000 ) ;
#1282 = ADVANCED_FACE ( 'NONE', ( #5023 ), #2497, .T. ) ;
#1283 = CARTESIAN_POINT ( 'NONE',  ( -6.350000000000001400, 0.5000000000000006700, -3.399999999999999900 ) ) ;
#1284 = DIRECTION ( 'NONE',  ( -0.0000000000000000000, 9.427844978134822700E-017, -1.000000000000000000 ) ) ;
#1285 = DIRECTION ( 'NONE',  ( 0.0000000000000000000, 0.0000000000000000000, 1.000000000000000000 ) ) ;
#1286 = CARTESIAN_POINT ( 'NONE',  ( 4.050000000000001600, 1.350000000000001200, -0.5000000000000000000 ) ) ;
#1287 = CARTESIAN_POINT ( 'NONE',  ( 3.450000000000001500, 0.5999999999999998700, -0.4999999999999998900 ) ) ;
#1288 = DIRECTION ( 'NONE',  ( -0.0000000000000000000, 9.427844978134822700E-017, -1.000000000000000000 ) ) ;
#1289 = EDGE_CURVE ( 'NONE', #1236, #4238, #384, .T. ) ;
#1290 = EDGE_LOOP ( 'NONE', ( #5658, #2766, #1191, #5217 ) ) ;
#1291 = EDGE_CURVE ( 'NONE', #1062, #2151, #5724, .T. ) ;
#1292 = FILL_AREA_STYLE_COLOUR ( '', #4278 ) ;
#1293 = ORIENTED_EDGE ( 'NONE', *, *, #6370, .F. ) ;
#1294 = PLANE ( 'NONE',  #673 ) ;
#1295 = AXIS2_PLACEMENT_3D ( 'NONE', #3462, #6461, #6481 ) ;
#1296 = AXIS2_PLACEMENT_3D ( 'NONE', #280, #5894, #1308 ) ;
#1297 = ORIENTED_EDGE ( 'NONE', *, *, #2651, .F. ) ;
#1298 = VERTEX_POINT ( 'NONE', #4105 ) ;
#1299 = LINE ( 'NONE', #4251, #3166 ) ;
#1300 = VERTEX_POINT ( 'NONE', #498 ) ;
#1301 = EDGE_CURVE ( 'NONE', #502, #4623, #5407, .T. ) ;
#1302 = DIRECTION ( 'NONE',  ( -0.0000000000000000000, 0.0000000000000000000, 1.000000000000000000 ) ) ;
#1303 = AXIS2_PLACEMENT_3D ( 'NONE', #4102, #540, #16 ) ;
#1304 = ORIENTED_EDGE ( 'NONE', *, *, #3416, .F. ) ;
#1305 = CIRCLE ( 'NONE', #2071, 0.8000000000000003800 ) ;
#1306 = ORIENTED_EDGE ( 'NONE', *, *, #38, .T. ) ;
#1307 = ORIENTED_EDGE ( 'NONE', *, *, #5079, .T. ) ;
#1308 = DIRECTION ( 'NONE',  ( -1.000000000000000000, 0.0000000000000000000, -1.807003620809153700E-016 ) ) ;
#1309 = FACE_OUTER_BOUND ( 'NONE', #4805, .T. ) ;
#1310 = EDGE_CURVE ( 'NONE', #1922, #5926, #1875, .T. ) ;
#1311 = PLANE ( 'NONE',  #2192 ) ;
#1312 = ORIENTED_EDGE ( 'NONE', *, *, #2380, .T. ) ;
#1313 = CARTESIAN_POINT ( 'NONE',  ( -1.800000000000000000, 2.150000000000000400, 0.0000000000000000000 ) ) ;
#1314 = CIRCLE ( 'NONE', #6521, 0.8000000000000003800 ) ;
#1315 = ADVANCED_FACE ( 'NONE', ( #5795 ), #4064, .F. ) ;
#1316 = LINE ( 'NONE', #3618, #992 ) ;
#1317 = VERTEX_POINT ( 'NONE', #6130 ) ;
#1318 = VECTOR ( 'NONE', #5231, 1000.000000000000000 ) ;
#1319 = PLANE ( 'NONE',  #512 ) ;
#1320 = ORIENTED_EDGE ( 'NONE', *, *, #4070, .F. ) ;
#1321 = ORIENTED_EDGE ( 'NONE', *, *, #4926, .T. ) ;
#1322 = VECTOR ( 'NONE', #4231, 1000.000000000000000 ) ;
#1323 = ORIENTED_EDGE ( 'NONE', *, *, #3484, .F. ) ;
#1324 = LINE ( 'NONE', #3117, #5893 ) ;
#1325 = DIRECTION ( 'NONE',  ( 0.0000000000000000000, -1.000000000000000000, 4.336808689942017700E-016 ) ) ;
#1326 = EDGE_CURVE ( 'NONE', #2861, #5620, #2850, .T. ) ;
#1327 = VERTEX_POINT ( 'NONE', #2585 ) ;
#1328 = PLANE ( 'NONE',  #1495 ) ;
#1329 = DIRECTION ( 'NONE',  ( 0.0000000000000000000, 1.000000000000000000, 0.0000000000000000000 ) ) ;
#1330 = CIRCLE ( 'NONE', #2416, 1.199999999999999700 ) ;
#1331 = FACE_OUTER_BOUND ( 'NONE', #6085, .T. ) ;
#1332 = EDGE_CURVE ( 'NONE', #818, #890, #4400, .T. ) ;
#1333 = CARTESIAN_POINT ( 'NONE',  ( -2.150000000000001700, 0.0000000000000000000, 3.399999999999999900 ) ) ;
#1334 = DIRECTION ( 'NONE',  ( -5.204170427930421300E-015, 1.000000000000000000, 0.0000000000000000000 ) ) ;
#1335 = CARTESIAN_POINT ( 'NONE',  ( -5.549999999999998900, 0.5000000000000004400, 5.549999999999998900 ) ) ;
#1336 = VECTOR ( 'NONE', #3745, 1000.000000000000000 ) ;
#1337 = VECTOR ( 'NONE', #310, 1000.000000000000000 ) ;
#1338 = ORIENTED_EDGE ( 'NONE', *, *, #4536, .T. ) ;
#1339 = AXIS2_PLACEMENT_3D ( 'NONE', #2442, #5437, #3446 ) ;
#1340 = VECTOR ( 'NONE', #4927, 1000.000000000000000 ) ;
#1341 = DIRECTION ( 'NONE',  ( 0.0000000000000000000, 0.0000000000000000000, 1.000000000000000000 ) ) ;
#1342 = ORIENTED_EDGE ( 'NONE', *, *, #3848, .T. ) ;
#1343 = ADVANCED_FACE ( 'NONE', ( #3093 ), #918, .T. ) ;
#1344 = DIRECTION ( 'NONE',  ( -1.000000000000000000, 0.0000000000000000000, -0.0000000000000000000 ) ) ;
#1345 = EDGE_CURVE ( 'NONE', #5792, #5171, #533, .T. ) ;
#1346 = PLANE ( 'NONE',  #3939 ) ;
#1347 = CIRCLE ( 'NONE', #4550, 0.1000000000000071000 ) ;
#1348 = ORIENTED_EDGE ( 'NONE', *, *, #5669, .F. ) ;
#1349 = DIRECTION ( 'NONE',  ( -6.023345402697090200E-017, 4.388034133981042600E-016, 1.000000000000000000 ) ) ;
#1350 = ORIENTED_EDGE ( 'NONE', *, *, #4326, .F. ) ;
#1351 = CARTESIAN_POINT ( 'NONE',  ( -4.349999999999998800, 2.649999999999998600, 1.900000000000000400 ) ) ;
#1352 = VECTOR ( 'NONE', #1673, 1000.000000000000000 ) ;
#1353 = EDGE_CURVE ( 'NONE', #6570, #445, #6045, .T. ) ;
#1354 = VERTEX_POINT ( 'NONE', #5653 ) ;
#1355 = CARTESIAN_POINT ( 'NONE',  ( 0.0000000000000000000, 0.5000000000000004400, 0.0000000000000000000 ) ) ;
#1356 = ORIENTED_EDGE ( 'NONE', *, *, #3944, .T. ) ;
#1357 = LINE ( 'NONE', #4376, #2987 ) ;
#1358 = VERTEX_POINT ( 'NONE', #86 ) ;
#1359 = ORIENTED_EDGE ( 'NONE', *, *, #4660, .F. ) ;
#1360 = DIRECTION ( 'NONE',  ( 0.0000000000000000000, 0.0000000000000000000, 1.000000000000000000 ) ) ;
#1361 = EDGE_LOOP ( 'NONE', ( #5553, #5263, #5615, #1398 ) ) ;
#1362 = EDGE_CURVE ( 'NONE', #4377, #3855, #5713, .T. ) ;
#1363 = DIRECTION ( 'NONE',  ( 1.807003620809169200E-016, 0.0000000000000000000, -1.000000000000000000 ) ) ;
#1364 = ORIENTED_EDGE ( 'NONE', *, *, #2898, .T. ) ;
#1365 = EDGE_LOOP ( 'NONE', ( #4241, #2234, #4477, #5761 ) ) ;
#1366 = CARTESIAN_POINT ( 'NONE',  ( 1.350000000000001400, 1.350000000000001000, 2.599999999999997900 ) ) ;
#1367 = DIRECTION ( 'NONE',  ( 1.000000000000000000, 0.0000000000000000000, 0.0000000000000000000 ) ) ;
#1368 = DIRECTION ( 'NONE',  ( -1.000000000000000000, 0.0000000000000000000, 0.0000000000000000000 ) ) ;
#1369 = EDGE_CURVE ( 'NONE', #5129, #5696, #1222, .T. ) ;
#1370 = EDGE_CURVE ( 'NONE', #5184, #2048, #5235, .T. ) ;
#1371 = DIRECTION ( 'NONE',  ( 1.000000000000000000, -2.859434301060672700E-016, 0.0000000000000000000 ) ) ;
#1372 = VERTEX_POINT ( 'NONE', #3657 ) ;
#1373 = ORIENTED_EDGE ( 'NONE', *, *, #4536, .F. ) ;
#1374 = LINE ( 'NONE', #551, #4769 ) ;
#1375 = CARTESIAN_POINT ( 'NONE',  ( -1.799999999999999600, 2.150000000000000400, 6.349999999999999600 ) ) ;
#1376 = ADVANCED_FACE ( 'NONE', ( #2278 ), #2630, .T. ) ;
#1377 = AXIS2_PLACEMENT_3D ( 'NONE', #8, #3581, #1070 ) ;
#1378 = EDGE_LOOP ( 'NONE', ( #4983, #4545, #5460, #1712 ) ) ;
#1379 = STYLED_ITEM ( 'NONE', ( #1560 ), #3539 ) ;
#1380 = PLANE ( 'NONE',  #627 ) ;
#1381 = CIRCLE ( 'NONE', #5214, 0.8000000000000003800 ) ;
#1382 = ORIENTED_EDGE ( 'NONE', *, *, #3419, .T. ) ;
#1383 = EDGE_CURVE ( 'NONE', #3385, #6321, #4314, .T. ) ;
#1384 = ORIENTED_EDGE ( 'NONE', *, *, #3434, .T. ) ;
#1385 = DIRECTION ( 'NONE',  ( -3.491481338843134100E-015, -1.000000000000000000, -1.836970198721028700E-016 ) ) ;
#1386 = VECTOR ( 'NONE', #950, 1000.000000000000000 ) ;
#1387 = AXIS2_PLACEMENT_3D ( 'NONE', #5468, #6005, #2927 ) ;
#1388 = DIRECTION ( 'NONE',  ( -1.000000000000000000, 0.0000000000000000000, -1.807003620809169200E-016 ) ) ;
#1389 = VERTEX_POINT ( 'NONE', #647 ) ;
#1390 = CARTESIAN_POINT ( 'NONE',  ( -5.549999999999998900, 2.149999999999999900, 6.349999999999999600 ) ) ;
#1391 = DIRECTION ( 'NONE',  ( 0.0000000000000000000, -1.000000000000000000, 0.0000000000000000000 ) ) ;
#1392 = VECTOR ( 'NONE', #1385, 1000.000000000000000 ) ;
#1393 = EDGE_CURVE ( 'NONE', #4950, #1443, #36, .T. ) ;
#1394 = DIRECTION ( 'NONE',  ( 0.0000000000000000000, 4.336808689942017700E-016, -1.000000000000000000 ) ) ;
#1395 = CARTESIAN_POINT ( 'NONE',  ( -3.199999999999995300, 1.350000000000000100, -0.5000000000000000000 ) ) ;
#1396 = CARTESIAN_POINT ( 'NONE',  ( -4.349999999999998800, 2.649999999999998600, -1.899999999999999500 ) ) ;
#1397 = CARTESIAN_POINT ( 'NONE',  ( -1.799999999999999600, 0.5000000000000004400, -6.349999999999999600 ) ) ;
#1398 = ORIENTED_EDGE ( 'NONE', *, *, #5522, .F. ) ;
#1399 = CARTESIAN_POINT ( 'NONE',  ( -1.734723475976807100E-015, 8.500000000000000000, 2.168404344971008900E-015 ) ) ;
#1400 = VECTOR ( 'NONE', #3344, 1000.000000000000000 ) ;
#1401 = CARTESIAN_POINT ( 'NONE',  ( -3.199999999999994400, 1.350000000000001000, 3.399999999999999900 ) ) ;
#1402 = EDGE_LOOP ( 'NONE', ( #5364, #392, #126, #523, #2740, #5143 ) ) ;
#1403 = FACE_OUTER_BOUND ( 'NONE', #798, .T. ) ;
#1404 = VECTOR ( 'NONE', #4172, 1000.000000000000000 ) ;
#1405 = DIRECTION ( 'NONE',  ( 0.0000000000000000000, 0.0000000000000000000, 1.000000000000000000 ) ) ;
#1406 = LINE ( 'NONE', #405, #936 ) ;
#1407 = CARTESIAN_POINT ( 'NONE',  ( 4.675701284251277700, 8.494308236591329800, -2.896172905827785200 ) ) ;
#1408 = ADVANCED_FACE ( 'NONE', ( #438 ), #2122, .T. ) ;
#1409 = ORIENTED_EDGE ( 'NONE', *, *, #862, .T. ) ;
#1410 = CARTESIAN_POINT ( 'NONE',  ( 4.350000000000001400, 0.0000000000000000000, 0.0000000000000000000 ) ) ;
#1411 = VECTOR ( 'NONE', #1288, 1000.000000000000000 ) ;
#1412 = LINE ( 'NONE', #6544, #4645 ) ;
#1413 = EDGE_CURVE ( 'NONE', #5220, #2825, #5297, .T. ) ;
#1414 = LINE ( 'NONE', #472, #1404 ) ;
#1415 = EDGE_CURVE ( 'NONE', #368, #3007, #1771, .T. ) ;
#1416 = EDGE_CURVE ( 'NONE', #1918, #4893, #4677, .T. ) ;
#1417 = DIRECTION ( 'NONE',  ( 1.000000000000000000, 0.0000000000000000000, -0.0000000000000000000 ) ) ;
#1418 = VECTOR ( 'NONE', #4620, 1000.000000000000000 ) ;
#1419 = CARTESIAN_POINT ( 'NONE',  ( -6.350000000000001400, 1.350000000000000500, -3.399999999999999900 ) ) ;
#1420 = ORIENTED_EDGE ( 'NONE', *, *, #2491, .T. ) ;
#1421 = ORIENTED_EDGE ( 'NONE', *, *, #5165, .F. ) ;
#1422 = LINE ( 'NONE', #3922, #2146 ) ;
#1423 = CARTESIAN_POINT ( 'NONE',  ( 2.953056658403661100, 8.400000000000000400, -4.639984522846795300 ) ) ;
#1424 = VERTEX_POINT ( 'NONE', #3202 ) ;
#1425 = CARTESIAN_POINT ( 'NONE',  ( 1.800000000000000500, 0.5000000000000004400, 6.349999999999999600 ) ) ;
#1426 = AXIS2_PLACEMENT_3D ( 'NONE', #2654, #6221, #2631 ) ;
#1427 = DIRECTION ( 'NONE',  ( 0.0000000000000000000, 1.000000000000000000, -1.284980352575410700E-015 ) ) ;
#1428 = CIRCLE ( 'NONE', #2, 0.8000000000000003800 ) ;
#1429 = ORIENTED_EDGE ( 'NONE', *, *, #5211, .F. ) ;
#1430 = DIRECTION ( 'NONE',  ( 1.788526819361846600E-032, -4.388034133981038200E-016, -1.000000000000000000 ) ) ;
#1431 = EDGE_CURVE ( 'NONE', #3726, #40, #3577, .T. ) ;
#1432 = ORIENTED_EDGE ( 'NONE', *, *, #6515, .T. ) ;
#1433 = DIRECTION ( 'NONE',  ( -1.000000000000000000, 0.0000000000000000000, 1.807003620809169200E-016 ) ) ;
#1434 = LINE ( 'NONE', #5578, #1281 ) ;
#1435 = CARTESIAN_POINT ( 'NONE',  ( 2.150000000000003500, 0.0000000000000000000, -3.399999999999999900 ) ) ;
#1436 = DIRECTION ( 'NONE',  ( 0.0000000000000000000, 0.0000000000000000000, 1.000000000000000000 ) ) ;
#1437 = DIRECTION ( 'NONE',  ( -0.0000000000000000000, -0.0000000000000000000, 1.000000000000000000 ) ) ;
#1438 = DIRECTION ( 'NONE',  ( 0.0000000000000000000, -1.000000000000000000, 0.0000000000000000000 ) ) ;
#1439 = ORIENTED_EDGE ( 'NONE', *, *, #419, .F. ) ;
#1440 = DIRECTION ( 'NONE',  ( 1.000000000000000000, -0.0000000000000000000, -0.0000000000000000000 ) ) ;
#1441 = VECTOR ( 'NONE', #5749, 1000.000000000000000 ) ;
#1442 = ORIENTED_EDGE ( 'NONE', *, *, #6172, .T. ) ;
#1443 = VERTEX_POINT ( 'NONE', #1161 ) ;
#1444 = ORIENTED_EDGE ( 'NONE', *, *, #2292, .T. ) ;
#1445 = ORIENTED_EDGE ( 'NONE', *, *, #1629, .T. ) ;
#1446 = LINE ( 'NONE', #2223, #6025 ) ;
#1447 = EDGE_CURVE ( 'NONE', #3835, #4780, #4525, .T. ) ;
#1448 = ADVANCED_FACE ( 'NONE', ( #2895 ), #3128, .T. ) ;
#1449 = ORIENTED_EDGE ( 'NONE', *, *, #171, .F. ) ;
#1450 = CARTESIAN_POINT ( 'NONE',  ( -6.349999999999998800, 2.649999999999998600, 1.900000000000000400 ) ) ;
#1451 = CIRCLE ( 'NONE', #3809, 0.6000000000000067500 ) ;
#1452 = CARTESIAN_POINT ( 'NONE',  ( 1.474999999999986300, 0.5000000000000004400, -1.474999999999996500 ) ) ;
#1453 = VERTEX_POINT ( 'NONE', #4716 ) ;
#1454 = DIRECTION ( 'NONE',  ( 0.0000000000000000000, -0.0000000000000000000, 1.000000000000000000 ) ) ;
#1455 = ORIENTED_EDGE ( 'NONE', *, *, #3291, .T. ) ;
#1456 = DIRECTION ( 'NONE',  ( 0.0000000000000000000, 0.0000000000000000000, -1.000000000000000000 ) ) ;
#1457 = AXIS2_PLACEMENT_3D ( 'NONE', #6459, #2406, #2934 ) ;
#1458 = LINE ( 'NONE', #1887, #6191 ) ;
#1459 = ORIENTED_EDGE ( 'NONE', *, *, #4910, .T. ) ;
#1460 = AXIS2_PLACEMENT_3D ( 'NONE', #6155, #3574, #4084 ) ;
#1461 = DIRECTION ( 'NONE',  ( -0.0000000000000000000, 1.000000000000000000, -0.0000000000000000000 ) ) ;
#1462 = LINE ( 'NONE', #1450, #143 ) ;
#1463 = DIRECTION ( 'NONE',  ( 1.000000000000000000, 0.0000000000000000000, 0.0000000000000000000 ) ) ;
#1464 = EDGE_CURVE ( 'NONE', #1801, #1358, #2738, .T. ) ;
#1465 = CARTESIAN_POINT ( 'NONE',  ( 6.350000000000001400, 7.700000000000000200, -6.349999999999999600 ) ) ;
#1466 = ORIENTED_EDGE ( 'NONE', *, *, #4655, .F. ) ;
#1467 = DIRECTION ( 'NONE',  ( -1.532073929300149800E-030, -4.388034133981040700E-016, -1.000000000000000000 ) ) ;
#1468 = AXIS2_PLACEMENT_3D ( 'NONE', #1797, #1777, #1729 ) ;
#1469 = VECTOR ( 'NONE', #1430, 1000.000000000000000 ) ;
#1470 = ORIENTED_EDGE ( 'NONE', *, *, #6417, .T. ) ;
#1471 = EDGE_CURVE ( 'NONE', #62, #6410, #3317, .T. ) ;
#1472 = PLANE ( 'NONE',  #1460 ) ;
#1473 = SPHERICAL_SURFACE ( 'NONE', #4919, 0.8000000000000000400 ) ;
#1474 = DIRECTION ( 'NONE',  ( 0.7071067811865506800, -1.135772901246949300E-016, 0.7071067811865443500 ) ) ;
#1475 = B_SPLINE_CURVE_WITH_KNOTS ( 'NONE', 3,
 ( #1423, #467, #386, #1903, #5552, #5029, #2488, #5510, #4052, #2445, #872, #1944, #6018, #2946, #2969, #6509 ),
 .UNSPECIFIED., .F., .F.,
 ( 4, 3, 3, 3, 3, 4 ),
 ( 0.0000000000000000000, 3.342464248130610300E-005, 6.684402765924820900E-005, 0.0001003470100178408900, 0.0001340432361621058800, 0.0001567320148060899800 ),
 .UNSPECIFIED. ) ;
#1476 = DIRECTION ( 'NONE',  ( -0.0000000000000000000, -1.000000000000000000, 0.0000000000000000000 ) ) ;
#1477 = DIRECTION ( 'NONE',  ( 0.0000000000000000000, 9.035018104045873200E-017, 1.000000000000000000 ) ) ;
#1478 = VERTEX_POINT ( 'NONE', #4328 ) ;
#1479 = CIRCLE ( 'NONE', #1296, 0.6000000000000067500 ) ;
#1480 = ORIENTED_EDGE ( 'NONE', *, *, #1674, .F. ) ;
#1481 = VECTOR ( 'NONE', #5573, 1000.000000000000000 ) ;
#1482 = DIRECTION ( 'NONE',  ( 0.0000000000000000000, 1.000000000000000000, 0.0000000000000000000 ) ) ;
#1483 = DIRECTION ( 'NONE',  ( 0.0000000000000000000, 1.000000000000000000, 0.0000000000000000000 ) ) ;
#1484 = ADVANCED_FACE ( 'NONE', ( #5769 ), #589, .T. ) ;
#1485 = CARTESIAN_POINT ( 'NONE',  ( -1.800000000000000000, 2.799999999999999800, 0.0000000000000000000 ) ) ;
#1486 = LINE ( 'NONE', #2237, #1899 ) ;
#1487 = CYLINDRICAL_SURFACE ( 'NONE', #2283, 0.6000000000000071900 ) ;
#1488 = EDGE_LOOP ( 'NONE', ( #2161, #759, #5833, #2443, #1212, #5323 ) ) ;
#1489 = CARTESIAN_POINT ( 'NONE',  ( -5.850000000000001400, 1.350000000000000500, -2.500000000000000000 ) ) ;
#1490 = EDGE_CURVE ( 'NONE', #2247, #2565, #4369, .T. ) ;
#1491 = VECTOR ( 'NONE', #1856, 1000.000000000000000 ) ;
#1492 = ORIENTED_EDGE ( 'NONE', *, *, #6561, .T. ) ;
#1493 = CARTESIAN_POINT ( 'NONE',  ( 4.050000000000001600, 0.4999999999999930600, 0.5000000000000000000 ) ) ;
#1494 = CARTESIAN_POINT ( 'NONE',  ( -5.800000000000001600, -1.734723475976807100E-015, -2.499999999999998700 ) ) ;
#1495 = AXIS2_PLACEMENT_3D ( 'NONE', #5349, #283, #2862 ) ;
#1496 = DIRECTION ( 'NONE',  ( -0.0000000000000000000, 1.000000000000000000, -0.0000000000000000000 ) ) ;
#1497 = DIRECTION ( 'NONE',  ( 0.0000000000000000000, 2.168404344971016000E-015, -1.000000000000000000 ) ) ;
#1498 = CIRCLE ( 'NONE', #2199, 0.1000000000000071900 ) ;
#1499 = ORIENTED_EDGE ( 'NONE', *, *, #1884, .F. ) ;
#1500 = ORIENTED_EDGE ( 'NONE', *, *, #4325, .F. ) ;
#1501 = EDGE_CURVE ( 'NONE', #6406, #6094, #1357, .T. ) ;
#1502 = DIRECTION ( 'NONE',  ( 0.0000000000000000000, 1.000000000000000000, 0.0000000000000000000 ) ) ;
#1503 = CARTESIAN_POINT ( 'NONE',  ( -1.734723475976807100E-015, 8.500000000000000000, 2.168404344971008900E-015 ) ) ;
#1504 = VECTOR ( 'NONE', #269, 1000.000000000000000 ) ;
#1505 = AXIS2_PLACEMENT_3D ( 'NONE', #987, #4682, #5141 ) ;
#1506 = ORIENTED_EDGE ( 'NONE', *, *, #1532, .T. ) ;
#1507 = CARTESIAN_POINT ( 'NONE',  ( -1.734723475976807100E-015, 6.500000000000000900, 2.168404344971008900E-015 ) ) ;
#1508 = AXIS2_PLACEMENT_3D ( 'NONE', #1040, #23, #4646 ) ;
#1509 = CARTESIAN_POINT ( 'NONE',  ( 1.350000000000001400, 0.8500000000000009800, -3.399999999999999900 ) ) ;
#1510 = VERTEX_POINT ( 'NONE', #3779 ) ;
#1511 = LINE ( 'NONE', #247, #6552 ) ;
#1512 = CARTESIAN_POINT ( 'NONE',  ( -3.199999999999994800, 0.5000000000000004400, -0.2499999999999997800 ) ) ;
#1513 = EDGE_CURVE ( 'NONE', #1143, #2890, #4111, .T. ) ;
#1514 = ORIENTED_EDGE ( 'NONE', *, *, #1670, .F. ) ;
#1515 = ORIENTED_EDGE ( 'NONE', *, *, #747, .F. ) ;
#1516 = DIRECTION ( 'NONE',  ( 0.0000000000000000000, -1.000000000000000000, -0.0000000000000000000 ) ) ;
#1517 = ORIENTED_EDGE ( 'NONE', *, *, #3206, .F. ) ;
#1518 = CARTESIAN_POINT ( 'NONE',  ( -3.199999999999994800, 0.8499999999999979800, 2.500000000000000400 ) ) ;
#1519 = DIRECTION ( 'NONE',  ( 1.000000000000000000, -0.0000000000000000000, -0.0000000000000000000 ) ) ;
#1520 = ORIENTED_EDGE ( 'NONE', *, *, #4070, .T. ) ;
#1521 = DIRECTION ( 'NONE',  ( 0.0000000000000000000, 1.000000000000000000, 0.0000000000000000000 ) ) ;
#1522 = ORIENTED_EDGE ( 'NONE', *, *, #1013, .T. ) ;
#1523 = ORIENTED_EDGE ( 'NONE', *, *, #3109, .T. ) ;
#1524 = DIRECTION ( 'NONE',  ( 1.000000000000000000, -0.0000000000000000000, 0.0000000000000000000 ) ) ;
#1525 = DIRECTION ( 'NONE',  ( 1.000000000000000000, 0.0000000000000000000, 0.0000000000000000000 ) ) ;
#1526 = ORIENTED_EDGE ( 'NONE', *, *, #5704, .F. ) ;
#1527 = VERTEX_POINT ( 'NONE', #4279 ) ;
#1528 = VECTOR ( 'NONE', #3692, 1000.000000000000000 ) ;
#1529 = ORIENTED_EDGE ( 'NONE', *, *, #4134, .T. ) ;
#1530 = DIRECTION ( 'NONE',  ( -0.0000000000000000000, 1.000000000000000000, 0.0000000000000000000 ) ) ;
#1531 = ORIENTED_EDGE ( 'NONE', *, *, #425, .F. ) ;
#1532 = EDGE_CURVE ( 'NONE', #5171, #5070, #3877, .T. ) ;
#1533 = CARTESIAN_POINT ( 'NONE',  ( 4.641230797547785300, 8.421360750144204500, -2.951097538864812600 ) ) ;
#1534 = EDGE_CURVE ( 'NONE', #3454, #852, #1511, .T. ) ;
#1535 = CARTESIAN_POINT ( 'NONE',  ( -4.675701284251280400, 8.494308236591329800, 2.896172905827785200 ) ) ;
#1536 = VECTOR ( 'NONE', #5994, 1000.000000000000000 ) ;
#1537 = AXIS2_PLACEMENT_3D ( 'NONE', #4514, #3616, #541 ) ;
#1538 = EDGE_LOOP ( 'NONE', ( #5543, #3013, #441, #6158 ) ) ;
#1539 = ORIENTED_EDGE ( 'NONE', *, *, #142, .F. ) ;
#1540 = CARTESIAN_POINT ( 'NONE',  ( -6.349999999999998800, 0.5000000000000004400, -6.349999999999999600 ) ) ;
#1541 = ORIENTED_EDGE ( 'NONE', *, *, #4134, .F. ) ;
#1542 = VERTEX_POINT ( 'NONE', #1787 ) ;
#1543 = DIRECTION ( 'NONE',  ( -1.000000000000000000, 0.0000000000000000000, 0.0000000000000000000 ) ) ;
#1544 = ORIENTED_EDGE ( 'NONE', *, *, #1326, .F. ) ;
#1545 = AXIS2_PLACEMENT_3D ( 'NONE', #273, #4874, #5378 ) ;
#1546 = LINE ( 'NONE', #3020, #2695 ) ;
#1547 = CARTESIAN_POINT ( 'NONE',  ( -5.850000000000001400, 0.5499999999999988200, 2.500000000000000000 ) ) ;
#1548 = AXIS2_PLACEMENT_3D ( 'NONE', #5384, #4857, #4341 ) ;
#1549 = DIRECTION ( 'NONE',  ( 0.0000000000000000000, -1.000000000000000000, 0.0000000000000000000 ) ) ;
#1550 = CARTESIAN_POINT ( 'NONE',  ( -7.355889685511152700E-029, 0.4999999999999789600, 9.184850993604755200E-017 ) ) ;
#1551 = ADVANCED_FACE ( 'NONE', ( #5848 ), #3825, .F. ) ;
#1552 = EDGE_LOOP ( 'NONE', ( #5518, #5783 ) ) ;
#1553 = CARTESIAN_POINT ( 'NONE',  ( 5.800000000000001600, 0.4999999999999988300, 2.500000000000000000 ) ) ;
#1554 = CARTESIAN_POINT ( 'NONE',  ( -5.549999999999998900, 8.500000000000000000, 5.549999999999998900 ) ) ;
#1555 = VECTOR ( 'NONE', #3838, 1000.000000000000000 ) ;
#1556 = EDGE_CURVE ( 'NONE', #3429, #5224, #3396, .T. ) ;
#1557 = CARTESIAN_POINT ( 'NONE',  ( 4.651199699792370800, 8.462106215950782900, -2.935366549787491200 ) ) ;
#1558 = ORIENTED_EDGE ( 'NONE', *, *, #2974, .T. ) ;
#1559 = CARTESIAN_POINT ( 'NONE',  ( -4.641230797547788000, 8.421360750144208000, 2.951097538864811700 ) ) ;
#1560 = PRESENTATION_STYLE_ASSIGNMENT (( #3191 ) ) ;
#1561 = LINE ( 'NONE', #6452, #1568 ) ;
#1562 = LINE ( 'NONE', #5701, #4712 ) ;
#1563 = CARTESIAN_POINT ( 'NONE',  ( -2.325000000000000600, 1.350000000000001000, 1.074999999999994000 ) ) ;
#1564 = ORIENTED_EDGE ( 'NONE', *, *, #1053, .T. ) ;
#1565 = CIRCLE ( 'NONE', #3811, 0.1000000000000002600 ) ;
#1566 = VECTOR ( 'NONE', #824, 1000.000000000000000 ) ;
#1567 = DIRECTION ( 'NONE',  ( 1.000000000000000000, 0.0000000000000000000, 0.0000000000000000000 ) ) ;
#1568 = VECTOR ( 'NONE', #3945, 1000.000000000000000 ) ;
#1569 = CARTESIAN_POINT ( 'NONE',  ( -2.905257738924447200, 8.490564947885699700, -4.670074054052219200 ) ) ;
#1570 = EDGE_CURVE ( 'NONE', #2614, #437, #3152, .T. ) ;
#1571 = CARTESIAN_POINT ( 'NONE',  ( 6.350000000000001400, 2.149999999999998600, 4.799999999999999800 ) ) ;
#1572 = VECTOR ( 'NONE', #1437, 1000.000000000000000 ) ;
#1573 = PLANE ( 'NONE',  #293 ) ;
#1574 = VERTEX_POINT ( 'NONE', #3247 ) ;
#1575 = EDGE_CURVE ( 'NONE', #3406, #2997, #276, .T. ) ;
#1576 = CARTESIAN_POINT ( 'NONE',  ( 0.0000000000000000000, 0.0000000000000000000, 3.399999999999999900 ) ) ;
#1577 = PLANE ( 'NONE',  #3518 ) ;
#1578 = CIRCLE ( 'NONE', #2116, 0.8000000000000003800 ) ;
#1579 = VERTEX_POINT ( 'NONE', #3755 ) ;
#1580 = CARTESIAN_POINT ( 'NONE',  ( -4.681327790140226600, 8.498051043478779900, 2.887089242087317300 ) ) ;
#1581 = CARTESIAN_POINT ( 'NONE',  ( -3.199999999999994800, -0.8124404748406739400, 0.2499999999999997800 ) ) ;
#1582 = EDGE_CURVE ( 'NONE', #4912, #5570, #1930, .T. ) ;
#1583 = ADVANCED_FACE ( 'NONE', ( #5537 ), #3335, .T. ) ;
#1584 = VECTOR ( 'NONE', #705, 1000.000000000000100 ) ;
#1585 = CARTESIAN_POINT ( 'NONE',  ( 5.850000000000001400, 1.350000000000000300, -4.799999999999999800 ) ) ;
#1586 = CARTESIAN_POINT ( 'NONE',  ( -2.049999999999999800, 0.8500000000000009800, -6.349999999999999600 ) ) ;
#1587 = ORIENTED_EDGE ( 'NONE', *, *, #440, .F. ) ;
#1588 = AXIS2_PLACEMENT_3D ( 'NONE', #3800, #2322, #5925 ) ;
#1589 = CARTESIAN_POINT ( 'NONE',  ( -3.949999999999994400, 1.350000000000000500, 3.399999999999999900 ) ) ;
#1590 = CARTESIAN_POINT ( 'NONE',  ( 6.350000000000001400, 1.350000000000000500, 0.5000000000000000000 ) ) ;
#1591 = ORIENTED_EDGE ( 'NONE', *, *, #5762, .T. ) ;
#1592 = CARTESIAN_POINT ( 'NONE',  ( -4.659941526407688900, 8.478552859834984200, -2.921478113112395000 ) ) ;
#1593 = LINE ( 'NONE', #1905, #3388 ) ;
#1594 = CARTESIAN_POINT ( 'NONE',  ( -1.475000000000008500, 0.5000000000000004400, -1.474999999999998300 ) ) ;
#1595 = EDGE_LOOP ( 'NONE', ( #5954, #6331, #4258, #2528 ) ) ;
#1596 = EDGE_CURVE ( 'NONE', #908, #5623, #2814, .T. ) ;
#1597 = CARTESIAN_POINT ( 'NONE',  ( 1.350000000000001400, 1.350000000000000800, 2.599999999999990800 ) ) ;
#1598 = ORIENTED_EDGE ( 'NONE', *, *, #5016, .T. ) ;
#1599 = VECTOR ( 'NONE', #2207, 1000.000000000000100 ) ;
#1600 = CARTESIAN_POINT ( 'NONE',  ( -2.928731654425491100, 8.470908548906942700, 4.655381777947670100 ) ) ;
#1601 = DIRECTION ( 'NONE',  ( 0.0000000000000000000, 0.0000000000000000000, 1.000000000000000000 ) ) ;
#1602 = PRESENTATION_LAYER_ASSIGNMENT (  '', '', ( #1268 ) ) ;
#1603 = ORIENTED_EDGE ( 'NONE', *, *, #3476, .F. ) ;
#1604 = CARTESIAN_POINT ( 'NONE',  ( -4.664681165548110200, 8.484922570794086700, 2.913902486630534300 ) ) ;
#1605 = ORIENTED_EDGE ( 'NONE', *, *, #507, .F. ) ;
#1606 = EDGE_CURVE ( 'NONE', #6346, #1106, #4446, .T. ) ;
#1607 = DIRECTION ( 'NONE',  ( 0.0000000000000000000, -0.0000000000000000000, -1.000000000000000000 ) ) ;
#1608 = VERTEX_POINT ( 'NONE', #682 ) ;
#1609 = ORIENTED_EDGE ( 'NONE', *, *, #4592, .F. ) ;
#1610 = LINE ( 'NONE', #1828, #123 ) ;
#1611 = DIRECTION ( 'NONE',  ( 3.491481338843134500E-015, -1.000000000000000000, -1.836970198721028700E-016 ) ) ;
#1612 = DIRECTION ( 'NONE',  ( -0.0000000000000000000, -0.0000000000000000000, 1.000000000000000000 ) ) ;
#1613 = ADVANCED_FACE ( 'NONE', ( #4201 ), #4595, .T. ) ;
#1614 = DIRECTION ( 'NONE',  ( 3.491481338843134500E-015, -1.000000000000000000, -1.836970198721028700E-016 ) ) ;
#1615 = ORIENTED_EDGE ( 'NONE', *, *, #5031, .T. ) ;
#1616 = CARTESIAN_POINT ( 'NONE',  ( -4.647951633538758300, 8.453478825841415300, -2.940509134214241100 ) ) ;
#1617 = VERTEX_POINT ( 'NONE', #2917 ) ;
#1618 = CIRCLE ( 'NONE', #2717, 0.2500000000000000000 ) ;
#1619 = VERTEX_POINT ( 'NONE', #1375 ) ;
#1620 = DIRECTION ( 'NONE',  ( -0.0000000000000000000, -0.0000000000000000000, -1.000000000000000000 ) ) ;
#1621 = MANIFOLD_SOLID_BREP ( 'Mirror3', #881 ) ;
#1622 = ORIENTED_EDGE ( 'NONE', *, *, #327, .F. ) ;
#1623 = CARTESIAN_POINT ( 'NONE',  ( 5.850000000000001400, -1.102182119232617700E-015, 2.500000000000000000 ) ) ;
#1624 = ADVANCED_FACE ( 'NONE', ( #6238 ), #814, .F. ) ;
#1625 = ORIENTED_EDGE ( 'NONE', *, *, #1310, .T. ) ;
#1626 = CARTESIAN_POINT ( 'NONE',  ( 4.050000000000001600, 0.5999999999999999800, -0.5000000000000000000 ) ) ;
#1627 = ORIENTED_EDGE ( 'NONE', *, *, #2651, .T. ) ;
#1628 = EDGE_CURVE ( 'NONE', #4683, #6387, #4906, .T. ) ;
#1629 = EDGE_CURVE ( 'NONE', #3007, #1842, #351, .T. ) ;
#1630 = CARTESIAN_POINT ( 'NONE',  ( -4.569375152513432100, 1.350000000000000500, -0.5000000000000003300 ) ) ;
#1631 = VECTOR ( 'NONE', #1676, 1000.000000000000000 ) ;
#1632 = VECTOR ( 'NONE', #1516, 1000.000000000000000 ) ;
#1633 = AXIS2_PLACEMENT_3D ( 'NONE', #655, #1150, #4858 ) ;
#1634 = ORIENTED_EDGE ( 'NONE', *, *, #649, .F. ) ;
#1635 = VECTOR ( 'NONE', #6082, 1000.000000000000000 ) ;
#1636 = DIRECTION ( 'NONE',  ( -1.000000000000000000, 0.0000000000000000000, 0.0000000000000000000 ) ) ;
#1637 = EDGE_CURVE ( 'NONE', #4784, #4843, #505, .T. ) ;
#1638 = CARTESIAN_POINT ( 'NONE',  ( -2.867653217131805700, 8.500000000000000000, -4.693246746791992100 ) ) ;
#1639 = AXIS2_PLACEMENT_3D ( 'NONE', #3866, #5411, #4393 ) ;
#1640 = ORIENTED_EDGE ( 'NONE', *, *, #5483, .F. ) ;
#1641 = ORIENTED_EDGE ( 'NONE', *, *, #6070, .F. ) ;
#1642 = VECTOR ( 'NONE', #3149, 1000.000000000000000 ) ;
#1643 = ORIENTED_EDGE ( 'NONE', *, *, #1763, .T. ) ;
#1644 = CARTESIAN_POINT ( 'NONE',  ( -2.049999999999999800, 0.8500000000000003100, 0.0000000000000000000 ) ) ;
#1645 = AXIS2_PLACEMENT_3D ( 'NONE', #3962, #3224, #4457 ) ;
#1646 = LINE ( 'NONE', #2682, #6589 ) ;
#1647 = DIRECTION ( 'NONE',  ( -1.606225440719266900E-016, 1.000000000000000000, -0.0000000000000000000 ) ) ;
#1648 = DIRECTION ( 'NONE',  ( 0.0000000000000000000, 9.427844978134823900E-017, -1.000000000000000000 ) ) ;
#1649 = VERTEX_POINT ( 'NONE', #810 ) ;
#1650 = CARTESIAN_POINT ( 'NONE',  ( 5.850000000000001400, 1.350000000000000500, -2.500000000000000000 ) ) ;
#1651 = EDGE_CURVE ( 'NONE', #3652, #2851, #2084, .T. ) ;
#1652 = LINE ( 'NONE', #5366, #319 ) ;
#1654 = ADVANCED_FACE ( 'NONE', ( #3312 ), #4979, .T. ) ;
#1653 = VECTOR ( 'NONE', #257, 1000.000000000000000 ) ;
#1655 = VECTOR ( 'NONE', #2319, 1000.000000000000000 ) ;
#1656 = DIRECTION ( 'NONE',  ( 0.0000000000000000000, 1.000000000000000000, 9.427844978134823900E-017 ) ) ;
#1657 = VECTOR ( 'NONE', #2542, 1000.000000000000000 ) ;
#1658 = VECTOR ( 'NONE', #6585, 1000.000000000000000 ) ;
#1659 = VERTEX_POINT ( 'NONE', #4460 ) ;
#1660 = DIRECTION ( 'NONE',  ( 0.0000000000000000000, 1.000000000000000000, 0.0000000000000000000 ) ) ;
#1661 = CARTESIAN_POINT ( 'NONE',  ( 3.199999999999994800, 0.8499999999999979800, -0.5000000000000004400 ) ) ;
#1662 = CARTESIAN_POINT ( 'NONE',  ( 5.550000000000000700, 2.149999999999999000, -5.549999999999998900 ) ) ;
#1663 = LINE ( 'NONE', #602, #4183 ) ;
#1664 = VERTEX_POINT ( 'NONE', #4422 ) ;
#1665 = PLANE ( 'NONE',  #2676 ) ;
#1666 = CARTESIAN_POINT ( 'NONE',  ( 1.350000000000001400, 0.8499999999999999800, 2.599999999999990800 ) ) ;
#1667 = CARTESIAN_POINT ( 'NONE',  ( -2.953056658403665000, 6.500000000000000900, 4.639984522846795300 ) ) ;
#1668 = CARTESIAN_POINT ( 'NONE',  ( 3.449999999999994400, 0.5999999999999999800, 3.399999999999999900 ) ) ;
#1669 = CYLINDRICAL_SURFACE ( 'NONE', #2810, 0.8000000000000003800 ) ;
#1670 = EDGE_CURVE ( 'NONE', #5890, #3874, #2157, .T. ) ;
#1671 = ORIENTED_EDGE ( 'NONE', *, *, #1490, .F. ) ;
#1672 = CARTESIAN_POINT ( 'NONE',  ( -2.940509134214258900, 8.453478825841415300, 4.647951633538749400 ) ) ;
#1673 = DIRECTION ( 'NONE',  ( 0.0000000000000000000, -9.427844978134822700E-017, -1.000000000000000000 ) ) ;
#1674 = EDGE_CURVE ( 'NONE', #25, #3892, #3472, .T. ) ;
#1675 = LINE ( 'NONE', #2802, #1756 ) ;
#1676 = DIRECTION ( 'NONE',  ( -1.000000000000000000, -1.600488921288130900E-015, 0.0000000000000000000 ) ) ;
#1677 = ORIENTED_EDGE ( 'NONE', *, *, #1301, .T. ) ;
#1678 = EDGE_LOOP ( 'NONE', ( #77, #3986, #4504, #307 ) ) ;
#1679 = ORIENTED_EDGE ( 'NONE', *, *, #6007, .F. ) ;
#1680 = DIRECTION ( 'NONE',  ( 1.000000000000000000, -1.057758217059029100E-016, -9.972380494780813000E-033 ) ) ;
#1681 = VECTOR ( 'NONE', #4304, 1000.000000000000000 ) ;
#1682 = AXIS2_PLACEMENT_3D ( 'NONE', #2089, #6175, #1058 ) ;
#1683 = DIRECTION ( 'NONE',  ( -0.0000000000000000000, 1.000000000000000000, -0.0000000000000000000 ) ) ;
#1684 = ADVANCED_FACE ( 'NONE', ( #6313 ), #3548, .T. ) ;
#1685 = CARTESIAN_POINT ( 'NONE',  ( -4.050000000000001600, 0.5000000000000004400, -0.5000000000000000000 ) ) ;
#1686 = ORIENTED_EDGE ( 'NONE', *, *, #249, .T. ) ;
#1687 = AXIS2_PLACEMENT_3D ( 'NONE', #370, #3950, #6376 ) ;
#1688 = ORIENTED_EDGE ( 'NONE', *, *, #3759, .F. ) ;
#1689 = DIRECTION ( 'NONE',  ( 0.0000000000000000000, -1.000000000000000000, 0.0000000000000000000 ) ) ;
#1690 = ORIENTED_EDGE ( 'NONE', *, *, #1767, .F. ) ;
#1691 = CARTESIAN_POINT ( 'NONE',  ( 1.350000000000001400, 1.350000000000001000, 2.599999999999997900 ) ) ;
#1692 = ORIENTED_EDGE ( 'NONE', *, *, #1255, .T. ) ;
#1693 = EDGE_CURVE ( 'NONE', #1372, #6458, #2405, .T. ) ;
#1694 = DIRECTION ( 'NONE',  ( 1.000000000000000000, 1.600488921288130900E-015, 0.0000000000000000000 ) ) ;
#1695 = VERTEX_POINT ( 'NONE', #3355 ) ;
#1696 = ORIENTED_EDGE ( 'NONE', *, *, #1720, .F. ) ;
#1697 = CARTESIAN_POINT ( 'NONE',  ( 5.550000000000000700, 7.700000000000000200, 5.549999999999998900 ) ) ;
#1698 = PRODUCT_DEFINITION ( 'UNKNOWN', '', #1832, #4257 ) ;
#1699 = ORIENTED_EDGE ( 'NONE', *, *, #332, .F. ) ;
#1700 = DIRECTION ( 'NONE',  ( 0.0000000000000000000, -1.000000000000000000, 0.0000000000000000000 ) ) ;
#1701 = LINE ( 'NONE', #5284, #1528 ) ;
#1702 = EDGE_CURVE ( 'NONE', #5792, #206, #3146, .T. ) ;
#1703 = ORIENTED_EDGE ( 'NONE', *, *, #2753, .T. ) ;
#1704 = VERTEX_POINT ( 'NONE', #3467 ) ;
#1705 = CARTESIAN_POINT ( 'NONE',  ( -1.148117659185224700E-015, 8.299999999999998900, -4.789999999999997400 ) ) ;
#1706 = CARTESIAN_POINT ( 'NONE',  ( -5.850000000000001400, 0.5000000000000004400, -2.500000000000000400 ) ) ;
#1707 = FACE_OUTER_BOUND ( 'NONE', #6165, .T. ) ;
#1708 = ORIENTED_EDGE ( 'NONE', *, *, #1606, .T. ) ;
#1709 = CARTESIAN_POINT ( 'NONE',  ( -3.450000000000001500, 0.5999999999999999800, 0.5000000000000002200 ) ) ;
#1710 = CARTESIAN_POINT ( 'NONE',  ( -4.693246746792001800, 8.500000000000000000, -2.867653217131787900 ) ) ;
#1711 = EDGE_CURVE ( 'NONE', #1236, #294, #2649, .T. ) ;
#1712 = ORIENTED_EDGE ( 'NONE', *, *, #3123, .F. ) ;
#1713 = VECTOR ( 'NONE', #5191, 1000.000000000000000 ) ;
#1714 = DIRECTION ( 'NONE',  ( 1.532073929300149800E-030, -4.388034133981040700E-016, -1.000000000000000000 ) ) ;
#1715 = ORIENTED_EDGE ( 'NONE', *, *, #3934, .F. ) ;
#1716 = DIRECTION ( 'NONE',  ( 0.0000000000000000000, 1.000000000000000000, 0.0000000000000000000 ) ) ;
#1717 = DIRECTION ( 'NONE',  ( 1.000000000000000000, 0.0000000000000000000, 0.0000000000000000000 ) ) ;
#1718 = VECTOR ( 'NONE', #2085, 1000.000000000000000 ) ;
#1719 = ADVANCED_FACE ( 'NONE', ( #2321 ), #2967, .T. ) ;
#1720 = EDGE_CURVE ( 'NONE', #4784, #3488, #6161, .T. ) ;
#1721 = ORIENTED_EDGE ( 'NONE', *, *, #2197, .F. ) ;
#1722 = DIRECTION ( 'NONE',  ( 0.0000000000000000000, -1.000000000000000000, 0.0000000000000000000 ) ) ;
#1723 = AXIS2_PLACEMENT_3D ( 'NONE', #1045, #3646, #574 ) ;
#1724 = VECTOR ( 'NONE', #5239, 1000.000000000000000 ) ;
#1725 = CARTESIAN_POINT ( 'NONE',  ( -5.850000000000001400, 1.350000000000000300, 4.799999999999999800 ) ) ;
#1726 = ORIENTED_EDGE ( 'NONE', *, *, #5597, .T. ) ;
#1727 = LINE ( 'NONE', #3956, #5972 ) ;
#1728 = TOROIDAL_SURFACE ( 'NONE', #639, 1.299999999999999600, 0.1000000000000000100 ) ;
#1729 = DIRECTION ( 'NONE',  ( 1.000000000000000000, 0.0000000000000000000, 0.0000000000000000000 ) ) ;
#1730 = CYLINDRICAL_SURFACE ( 'NONE', #2429, 0.1000000000000071900 ) ;
#1731 = EDGE_CURVE ( 'NONE', #3359, #3966, #4362, .T. ) ;
#1732 = DIRECTION ( 'NONE',  ( 0.0000000000000000000, 0.0000000000000000000, 1.000000000000000000 ) ) ;
#1733 = EDGE_LOOP ( 'NONE', ( #5860, #6400, #2068, #5017, #2418, #2931, #4412, #5309 ) ) ;
#1734 = DIRECTION ( 'NONE',  ( 0.0000000000000000000, 1.000000000000000000, 0.0000000000000000000 ) ) ;
#1735 = AXIS2_PLACEMENT_3D ( 'NONE', #6559, #1467, #1973 ) ;
#1736 = DIRECTION ( 'NONE',  ( 0.0000000000000000000, -1.000000000000000000, -0.0000000000000000000 ) ) ;
#1737 = VECTOR ( 'NONE', #5798, 1000.000000000000000 ) ;
#1738 = VECTOR ( 'NONE', #2818, 1000.000000000000000 ) ;
#1739 = CARTESIAN_POINT ( 'NONE',  ( 6.350000000000001400, 2.149999999999998600, -1.899999999999999700 ) ) ;
#1740 = DIRECTION ( 'NONE',  ( 0.0000000000000000000, 1.000000000000000000, -5.782411586589356700E-016 ) ) ;
#1741 = FACE_OUTER_BOUND ( 'NONE', #4832, .T. ) ;
#1742 = ORIENTED_EDGE ( 'NONE', *, *, #4752, .T. ) ;
#1743 = DIRECTION ( 'NONE',  ( -0.0000000000000000000, 1.000000000000000000, -0.0000000000000000000 ) ) ;
#1744 = CARTESIAN_POINT ( 'NONE',  ( -4.050000000000001600, 0.5999999999999999800, 3.399999999999999900 ) ) ;
#1745 = EDGE_CURVE ( 'NONE', #6547, #4763, #2567, .T. ) ;
#1746 = FACE_OUTER_BOUND ( 'NONE', #807, .T. ) ;
#1747 = EDGE_LOOP ( 'NONE', ( #5947, #5826, #571, #2741 ) ) ;
#1748 = DIRECTION ( 'NONE',  ( 0.0000000000000000000, 1.000000000000000000, 0.0000000000000000000 ) ) ;
#1749 = DIRECTION ( 'NONE',  ( -3.614007241618349300E-016, 0.0000000000000000000, 1.000000000000000000 ) ) ;
#1750 = VECTOR ( 'NONE', #5434, 1000.000000000000000 ) ;
#1751 = ORIENTED_EDGE ( 'NONE', *, *, #3346, .F. ) ;
#1752 = CARTESIAN_POINT ( 'NONE',  ( 5.850000000000001400, -1.102182119232617700E-015, 2.500000000000000000 ) ) ;
#1753 = ADVANCED_FACE ( 'NONE', ( #3710 ), #3632, .F. ) ;
#1754 = CARTESIAN_POINT ( 'NONE',  ( 1.350000000000001400, 0.8500000000000009800, 3.399999999999999900 ) ) ;
#1755 = CARTESIAN_POINT ( 'NONE',  ( -3.449999999999996600, -0.8124404748406740500, -0.5000000000000000000 ) ) ;
#1756 = VECTOR ( 'NONE', #1812, 1000.000000000000000 ) ;
#1757 = EDGE_LOOP ( 'NONE', ( #4944, #6499, #6408, #5839, #6056, #188, #6174, #3968, #2440, #1266 ) ) ;
#1758 = ORIENTED_EDGE ( 'NONE', *, *, #2474, .F. ) ;
#1759 = CARTESIAN_POINT ( 'NONE',  ( -1.350000000000002100, 0.8500000000000009800, -2.600000000000000500 ) ) ;
#1760 = PLANE ( 'NONE',  #5583 ) ;
#1761 = ORIENTED_EDGE ( 'NONE', *, *, #4964, .T. ) ;
#1762 = EDGE_CURVE ( 'NONE', #615, #3525, #809, .T. ) ;
#1763 = EDGE_CURVE ( 'NONE', #4320, #2975, #4984, .T. ) ;
#1764 = VECTOR ( 'NONE', #412, 1000.000000000000000 ) ;
#1765 = CARTESIAN_POINT ( 'NONE',  ( -2.150000000000007000, 0.8500000000000003100, -3.399999999999999900 ) ) ;
#1766 = CARTESIAN_POINT ( 'NONE',  ( -4.569375152513432100, 1.350000000000000500, 0.5000000000000000000 ) ) ;
#1767 = EDGE_CURVE ( 'NONE', #5863, #4774, #2235, .T. ) ;
#1768 = ORIENTED_EDGE ( 'NONE', *, *, #4217, .T. ) ;
#1769 = DIRECTION ( 'NONE',  ( 0.0000000000000000000, 1.000000000000000000, 0.0000000000000000000 ) ) ;
#1770 = VERTEX_POINT ( 'NONE', #897 ) ;
#1771 = LINE ( 'NONE', #2164, #1441 ) ;
#1772 = ORIENTED_EDGE ( 'NONE', *, *, #2512, .T. ) ;
#1773 = CARTESIAN_POINT ( 'NONE',  ( -1.799999999999999600, 2.799999999999999800, 6.349999999999999600 ) ) ;
#1774 = AXIS2_PLACEMENT_3D ( 'NONE', #296, #3803, #1276 ) ;
#1775 = CARTESIAN_POINT ( 'NONE',  ( -5.549999999999998900, 7.700000000000000200, 5.549999999999998900 ) ) ;
#1776 = ORIENTED_EDGE ( 'NONE', *, *, #1802, .T. ) ;
#1777 = DIRECTION ( 'NONE',  ( 0.0000000000000000000, 0.0000000000000000000, 1.000000000000000000 ) ) ;
#1778 = AXIS2_PLACEMENT_3D ( 'NONE', #554, #1549, #4091 ) ;
#1779 = EDGE_LOOP ( 'NONE', ( #5118, #6225, #2576, #4612, #6054 ) ) ;
#1780 = ORIENTED_EDGE ( 'NONE', *, *, #1596, .F. ) ;
#1781 = VECTOR ( 'NONE', #5942, 1000.000000000000000 ) ;
#1782 = EDGE_CURVE ( 'NONE', #4933, #1542, #582, .T. ) ;
#1783 = CARTESIAN_POINT ( 'NONE',  ( -2.049999999999999800, 0.8500000000000003100, 0.0000000000000000000 ) ) ;
#1784 = PRODUCT_CONTEXT ( 'NONE', #5379, 'mechanical' ) ;
#1785 = ORIENTED_EDGE ( 'NONE', *, *, #2023, .T. ) ;
#1786 = VECTOR ( 'NONE', #4010, 1000.000000000000000 ) ;
#1787 = CARTESIAN_POINT ( 'NONE',  ( -4.349999999999998800, 2.149999999999998600, 1.899999999999999700 ) ) ;
#1788 = DIRECTION ( 'NONE',  ( 0.0000000000000000000, -0.0000000000000000000, -1.000000000000000000 ) ) ;
#1789 = ADVANCED_FACE ( 'NONE', ( #5841 ), #1949, .F. ) ;
#1790 = ORIENTED_EDGE ( 'NONE', *, *, #3613, .F. ) ;
#1791 = VERTEX_POINT ( 'NONE', #434 ) ;
#1792 = CARTESIAN_POINT ( 'NONE',  ( 2.049999999999999800, 0.8499999999999998700, 0.0000000000000000000 ) ) ;
#1793 = CARTESIAN_POINT ( 'NONE',  ( -6.349999999999998800, 2.149999999999999900, 5.549999999999998900 ) ) ;
#1794 = FACE_OUTER_BOUND ( 'NONE', #5269, .T. ) ;
#1795 = ORIENTED_EDGE ( 'NONE', *, *, #5605, .T. ) ;
#1796 = FACE_OUTER_BOUND ( 'NONE', #4032, .T. ) ;
#1797 = CARTESIAN_POINT ( 'NONE',  ( 5.550000000000000700, 7.700000000000000200, 5.549999999999998900 ) ) ;
#1798 = FACE_OUTER_BOUND ( 'NONE', #5707, .T. ) ;
#1799 = DIRECTION ( 'NONE',  ( -1.000000000000000000, 0.0000000000000000000, 0.0000000000000000000 ) ) ;
#1800 = CARTESIAN_POINT ( 'NONE',  ( -5.549999999999998900, 2.149999999999999900, -5.549999999999998900 ) ) ;
#1801 = VERTEX_POINT ( 'NONE', #6470 ) ;
#1802 = EDGE_CURVE ( 'NONE', #4933, #691, #4825, .T. ) ;
#1803 = DIRECTION ( 'NONE',  ( 0.0000000000000000000, -1.284980352575410700E-015, -1.000000000000000000 ) ) ;
#1804 = DIRECTION ( 'NONE',  ( -1.000000000000000000, 0.0000000000000000000, 0.0000000000000000000 ) ) ;
#1805 = VECTOR ( 'NONE', #5722, 1000.000000000000000 ) ;
#1806 = DIRECTION ( 'NONE',  ( 6.413747168845436200E-031, -1.836970198721028700E-016, 1.000000000000000000 ) ) ;
#1807 = CARTESIAN_POINT ( 'NONE',  ( 3.449999999999994400, 0.8499999999999975400, -2.499999999999998700 ) ) ;
#1808 = EDGE_CURVE ( 'NONE', #4165, #2940, #658, .T. ) ;
#1809 = CARTESIAN_POINT ( 'NONE',  ( 4.693246746792001800, 8.500000000000000000, 2.867653217131789200 ) ) ;
#1810 = PLANE ( 'NONE',  #4882 ) ;
#1811 = ORIENTED_EDGE ( 'NONE', *, *, #1415, .T. ) ;
#1812 = DIRECTION ( 'NONE',  ( -0.7071067811865436900, 1.135772901246938200E-016, 0.7071067811865513500 ) ) ;
#1813 = VECTOR ( 'NONE', #4675, 1000.000000000000000 ) ;
#1814 = ORIENTED_EDGE ( 'NONE', *, *, #2001, .F. ) ;
#1815 = FACE_OUTER_BOUND ( 'NONE', #4384, .T. ) ;
#1816 = AXIS2_PLACEMENT_3D ( 'NONE', #5095, #5619, #1463 ) ;
#1817 = ORIENTED_EDGE ( 'NONE', *, *, #2898, .F. ) ;
#1818 = VECTOR ( 'NONE', #5329, 1000.000000000000000 ) ;
#1819 = VECTOR ( 'NONE', #3857, 1000.000000000000000 ) ;
#1820 = AXIS2_PLACEMENT_3D ( 'NONE', #3187, #4267, #4243 ) ;
#1821 = LINE ( 'NONE', #2346, #477 ) ;
#1822 = ADVANCED_FACE ( 'NONE', ( #1206 ), #6077, .T. ) ;
#1823 = CARTESIAN_POINT ( 'NONE',  ( -3.449999999999994400, 0.8499999999999975400, 2.500000000000000400 ) ) ;
#1824 = EDGE_CURVE ( 'NONE', #3855, #852, #4670, .T. ) ;
#1825 = LINE ( 'NONE', #4244, #4496 ) ;
#1826 = LINE ( 'NONE', #4394, #1337 ) ;
#1827 = ORIENTED_EDGE ( 'NONE', *, *, #4121, .F. ) ;
#1828 = CARTESIAN_POINT ( 'NONE',  ( 1.350000000000001400, 0.0000000000000000000, -2.599999999999999600 ) ) ;
#1829 = AXIS2_PLACEMENT_3D ( 'NONE', #1662, #3215, #148 ) ;
#1830 = DIRECTION ( 'NONE',  ( 1.000000000000000000, 0.0000000000000000000, 0.0000000000000000000 ) ) ;
#1831 = DIRECTION ( 'NONE',  ( 0.0000000000000000000, 0.0000000000000000000, -1.000000000000000000 ) ) ;
#1832 = PRODUCT_DEFINITION_FORMATION_WITH_SPECIFIED_SOURCE ( 'ANY', '', #2050, .NOT_KNOWN. ) ;
#1833 = CIRCLE ( 'NONE', #2335, 0.04999999999999969700 ) ;
#1834 = CARTESIAN_POINT ( 'NONE',  ( 5.850000000000001400, 1.350000000000000500, 2.500000000000000000 ) ) ;
#1835 = VERTEX_POINT ( 'NONE', #4552 ) ;
#1836 = DIRECTION ( 'NONE',  ( 0.0000000000000000000, -0.0000000000000000000, -1.000000000000000000 ) ) ;
#1837 = EDGE_CURVE ( 'NONE', #4207, #2419, #1593, .T. ) ;
#1838 = CIRCLE ( 'NONE', #1505, 0.2500000000000000000 ) ;
#1839 = EDGE_LOOP ( 'NONE', ( #741, #2834, #4917, #5748 ) ) ;
#1840 = VECTOR ( 'NONE', #5790, 1000.000000000000000 ) ;
#1841 = CARTESIAN_POINT ( 'NONE',  ( -6.350000000000001400, 1.350000000000000300, 4.799999999999999800 ) ) ;
#1842 = VERTEX_POINT ( 'NONE', #4630 ) ;
#1843 = DIRECTION ( 'NONE',  ( -0.0000000000000000000, -0.0000000000000000000, 1.000000000000000000 ) ) ;
#1844 = ORIENTED_EDGE ( 'NONE', *, *, #2627, .T. ) ;
#1845 = VECTOR ( 'NONE', #4355, 1000.000000000000000 ) ;
#1846 = CARTESIAN_POINT ( 'NONE',  ( -2.953056658403663300, 6.500000000000000900, -4.639984522846795300 ) ) ;
#1847 = EDGE_CURVE ( 'NONE', #1664, #368, #4030, .T. ) ;
#1848 = ORIENTED_EDGE ( 'NONE', *, *, #115, .T. ) ;
#1849 = ORIENTED_EDGE ( 'NONE', *, *, #5447, .T. ) ;
#1850 = CARTESIAN_POINT ( 'NONE',  ( 4.050000000000001600, 0.5000000000000004400, 0.5000000000000000000 ) ) ;
#1851 = DIRECTION ( 'NONE',  ( 0.0000000000000000000, 0.0000000000000000000, -1.000000000000000000 ) ) ;
#1852 = ORIENTED_EDGE ( 'NONE', *, *, #967, .T. ) ;
#1853 = ADVANCED_FACE ( 'NONE', ( #5139 ), #268, .T. ) ;
#1854 = ORIENTED_EDGE ( 'NONE', *, *, #2683, .F. ) ;
#1855 = ORIENTED_EDGE ( 'NONE', *, *, #5157, .F. ) ;
#1856 = DIRECTION ( 'NONE',  ( 0.7071067811865436900, -7.479480081382274700E-017, -0.7071067811865513500 ) ) ;
#1857 = EDGE_CURVE ( 'NONE', #5926, #1358, #2979, .T. ) ;
#1858 = DIRECTION ( 'NONE',  ( 0.0000000000000000000, 0.0000000000000000000, -1.000000000000000000 ) ) ;
#1859 = AXIS2_PLACEMENT_3D ( 'NONE', #61, #518, #3635 ) ;
#1860 = ORIENTED_EDGE ( 'NONE', *, *, #5854, .F. ) ;
#1861 = LINE ( 'NONE', #2096, #521 ) ;
#1862 = ORIENTED_EDGE ( 'NONE', *, *, #390, .T. ) ;
#1863 = DIRECTION ( 'NONE',  ( 0.0000000000000000000, 1.000000000000000000, 0.0000000000000000000 ) ) ;
#1864 = AXIS2_PLACEMENT_3D ( 'NONE', #5345, #4345, #1241 ) ;
#1865 = CARTESIAN_POINT ( 'NONE',  ( -2.150000000000007000, 0.0000000000000000000, -3.399999999999999900 ) ) ;
#1866 = FACE_OUTER_BOUND ( 'NONE', #4127, .T. ) ;
#1867 = EDGE_CURVE ( 'NONE', #4377, #5702, #5532, .T. ) ;
#1868 = CARTESIAN_POINT ( 'NONE',  ( 1.800000000000000500, 0.5000000000000004400, 6.349999999999999600 ) ) ;
#1869 = VERTEX_POINT ( 'NONE', #2510 ) ;
#1870 = DIRECTION ( 'NONE',  ( 0.0000000000000000000, -0.0000000000000000000, -1.000000000000000000 ) ) ;
#1871 = CARTESIAN_POINT ( 'NONE',  ( 5.850000000000003200, -1.084202172485504400E-015, 2.500000000000000000 ) ) ;
#1872 = TOROIDAL_SURFACE ( 'NONE', #3229, 1.299999999999999800, 0.1000000000000000100 ) ;
#1873 = CARTESIAN_POINT ( 'NONE',  ( 2.953056658403924000, 8.407162192376379300, 4.639984522846788200 ) ) ;
#1874 = ORIENTED_EDGE ( 'NONE', *, *, #1575, .T. ) ;
#1875 = LINE ( 'NONE', #1540, #2118 ) ;
#1876 = ORIENTED_EDGE ( 'NONE', *, *, #5157, .T. ) ;
#1877 = VECTOR ( 'NONE', #3250, 1000.000000000000000 ) ;
#1878 = CARTESIAN_POINT ( 'NONE',  ( 5.850000000000001400, 0.8499999999999998700, 2.500000000000000000 ) ) ;
#1879 = ORIENTED_EDGE ( 'NONE', *, *, #3867, .F. ) ;
#1880 = ADVANCED_FACE ( 'NONE', ( #2809 ), #4591, .T. ) ;
#1881 = ORIENTED_EDGE ( 'NONE', *, *, #920, .T. ) ;
#1882 = DIRECTION ( 'NONE',  ( -0.0000000000000000000, 0.0000000000000000000, -1.000000000000000000 ) ) ;
#1883 = LINE ( 'NONE', #6497, #546 ) ;
#1884 = EDGE_CURVE ( 'NONE', #4698, #2249, #1434, .T. ) ;
#1885 = CARTESIAN_POINT ( 'NONE',  ( 2.921389108491911900, 8.477842012089229900, 4.659987733544459900 ) ) ;
#1886 = EDGE_CURVE ( 'NONE', #4549, #4893, #110, .T. ) ;
#1887 = CARTESIAN_POINT ( 'NONE',  ( 4.517509052022925600E-016, 0.5000000000000004400, 2.500000000000001300 ) ) ;
#1888 = VERTEX_POINT ( 'NONE', #6103 ) ;
#1889 = DIRECTION ( 'NONE',  ( -0.7071067811865444600, 0.0000000000000000000, 0.7071067811865506800 ) ) ;
#1890 = CARTESIAN_POINT ( 'NONE',  ( 5.850000000000001400, -7.347880794884120700E-016, 0.5000000000000000000 ) ) ;
#1891 = LINE ( 'NONE', #6413, #6210 ) ;
#1892 = LINE ( 'NONE', #5797, #3528 ) ;
#1893 = CARTESIAN_POINT ( 'NONE',  ( 5.850000000000003200, -1.596944630233154000E-015, -2.499999999999998200 ) ) ;
#1894 = EDGE_CURVE ( 'NONE', #2410, #3855, #4590, .T. ) ;
#1895 = CARTESIAN_POINT ( 'NONE',  ( -4.049999999999999800, 1.350000000000000500, -2.500000000000000400 ) ) ;
#1896 = LINE ( 'NONE', #5502, #553 ) ;
#1897 = DIRECTION ( 'NONE',  ( -0.7071067811865468000, 1.131716569456778700E-015, -0.7071067811865483500 ) ) ;
#1898 = PLANE ( 'NONE',  #2032 ) ;
#1899 = VECTOR ( 'NONE', #5237, 1000.000000000000000 ) ;
#1900 = LINE ( 'NONE', #3658, #4255 ) ;
#1901 = LINE ( 'NONE', #489, #713 ) ;
#1902 = EDGE_LOOP ( 'NONE', ( #1455, #180, #2002, #4289, #488, #3348, #4709, #4056, #3092, #793, #1194, #4527 ) ) ;
#1903 = CARTESIAN_POINT ( 'NONE',  ( 2.948315727079695100, 8.432949153095448100, -4.642998424881762200 ) ) ;
#1904 = AXIS2_PLACEMENT_3D ( 'NONE', #2233, #4785, #5316 ) ;
#1905 = CARTESIAN_POINT ( 'NONE',  ( -5.549999999999998900, 0.5000000000000004400, -6.349999999999999600 ) ) ;
#1906 = AXIS2_PLACEMENT_3D ( 'NONE', #4568, #27, #5091 ) ;
#1907 = VECTOR ( 'NONE', #374, 1000.000000000000000 ) ;
#1908 = DIRECTION ( 'NONE',  ( 0.0000000000000000000, -0.0000000000000000000, 1.000000000000000000 ) ) ;
#1909 = VERTEX_POINT ( 'NONE', #5596 ) ;
#1910 = DIRECTION ( 'NONE',  ( -1.000000000000000000, 0.0000000000000000000, -0.0000000000000000000 ) ) ;
#1911 = EDGE_CURVE ( 'NONE', #5133, #5313, #4194, .T. ) ;
#1912 = CARTESIAN_POINT ( 'NONE',  ( -5.549999999999998900, 0.5000000000000004400, 6.349999999999999600 ) ) ;
#1913 = CIRCLE ( 'NONE', #4206, 0.1000000000000071000 ) ;
#1914 = DIRECTION ( 'NONE',  ( 1.000000000000000000, 4.731064025391280600E-015, -0.0000000000000000000 ) ) ;
#1915 = ORIENTED_EDGE ( 'NONE', *, *, #135, .F. ) ;
#1916 = DIRECTION ( 'NONE',  ( 0.0000000000000000000, 0.0000000000000000000, -1.000000000000000000 ) ) ;
#1917 = DIRECTION ( 'NONE',  ( -0.0000000000000000000, 1.000000000000000000, -0.0000000000000000000 ) ) ;
#1918 = VERTEX_POINT ( 'NONE', #963 ) ;
#1919 = FACE_OUTER_BOUND ( 'NONE', #473, .T. ) ;
#1920 = ORIENTED_EDGE ( 'NONE', *, *, #534, .F. ) ;
#1921 = ADVANCED_FACE ( 'NONE', ( #5222 ), #6389, .F. ) ;
#1922 = VERTEX_POINT ( 'NONE', #9 ) ;
#1923 = DIRECTION ( 'NONE',  ( 3.491481338843134500E-015, 1.000000000000000000, -4.388034133981038200E-016 ) ) ;
#1924 = VECTOR ( 'NONE', #4095, 1000.000000000000000 ) ;
#1925 = EDGE_CURVE ( 'NONE', #5856, #5863, #961, .T. ) ;
#1926 = CARTESIAN_POINT ( 'NONE',  ( 3.949999999999994400, -2.217572330035600300, -2.499999999999999100 ) ) ;
#1927 = ORIENTED_EDGE ( 'NONE', *, *, #5541, .T. ) ;
#1928 = DIRECTION ( 'NONE',  ( -1.000000000000000000, 0.0000000000000000000, 0.0000000000000000000 ) ) ;
#1929 = EDGE_CURVE ( 'NONE', #3035, #365, #6468, .T. ) ;
#1930 = LINE ( 'NONE', #1765, #1599 ) ;
#1931 = ORIENTED_EDGE ( 'NONE', *, *, #5968, .T. ) ;
#1932 = DIRECTION ( 'NONE',  ( 0.0000000000000000000, -9.427844978134822700E-017, -1.000000000000000000 ) ) ;
#1933 = ADVANCED_FACE ( 'NONE', ( #2489 ), #3082, .T. ) ;
#1934 = CARTESIAN_POINT ( 'NONE',  ( -6.349999999999998800, 2.649999999999998600, -1.899999999999999500 ) ) ;
#1935 = DIRECTION ( 'NONE',  ( -0.0000000000000000000, -0.0000000000000000000, 1.000000000000000000 ) ) ;
#1936 = PLANE ( 'NONE',  #6545 ) ;
#1937 = DIRECTION ( 'NONE',  ( -0.0000000000000000000, 1.000000000000000000, 9.427844978134823900E-017 ) ) ;
#1938 = ORIENTED_EDGE ( 'NONE', *, *, #1291, .F. ) ;
#1939 = ORIENTED_EDGE ( 'NONE', *, *, #6196, .F. ) ;
#1940 = CIRCLE ( 'NONE', #5973, 0.6000000000000071900 ) ;
#1941 = DIRECTION ( 'NONE',  ( 0.0000000000000000000, 0.0000000000000000000, 1.000000000000000000 ) ) ;
#1942 = AXIS2_PLACEMENT_3D ( 'NONE', #876, #3991, #5511 ) ;
#1943 = AXIS2_PLACEMENT_3D ( 'NONE', #4276, #4351, #5786 ) ;
#1944 = CARTESIAN_POINT ( 'NONE',  ( 2.896332982776818700, 8.494903192430530900, -4.675614942086495400 ) ) ;
#1945 = EDGE_LOOP ( 'NONE', ( #5528, #3073, #1523, #252, #4458 ) ) ;
#1946 = ORIENTED_EDGE ( 'NONE', *, *, #2320, .T. ) ;
#1947 = VECTOR ( 'NONE', #5413, 1000.000000000000000 ) ;
#1948 = VERTEX_POINT ( 'NONE', #2037 ) ;
#1949 = PLANE ( 'NONE',  #340 ) ;
#1950 = ORIENTED_EDGE ( 'NONE', *, *, #4436, .F. ) ;
#1951 = EDGE_CURVE ( 'NONE', #5129, #3534, #5291, .T. ) ;
#1952 = CARTESIAN_POINT ( 'NONE',  ( 5.800000000000003400, -1.734723475976807100E-015, -2.499999999999998200 ) ) ;
#1953 = VECTOR ( 'NONE', #3137, 1000.000000000000000 ) ;
#1954 = ORIENTED_EDGE ( 'NONE', *, *, #1264, .F. ) ;
#1955 = EDGE_LOOP ( 'NONE', ( #4406, #1342, #6168, #227 ) ) ;
#1956 = DIRECTION ( 'NONE',  ( -1.000000000000000000, 0.0000000000000000000, 0.0000000000000000000 ) ) ;
#1957 = DIRECTION ( 'NONE',  ( 0.0000000000000000000, 1.000000000000000000, 1.301042606982605300E-015 ) ) ;
#1958 = EDGE_CURVE ( 'NONE', #3874, #5577, #2973, .T. ) ;
#1959 = DIRECTION ( 'NONE',  ( 0.0000000000000000000, 0.0000000000000000000, -1.000000000000000000 ) ) ;
#1960 = DIRECTION ( 'NONE',  ( -8.728139442219866100E-031, -1.836970198721028700E-016, 1.000000000000000000 ) ) ;
#1961 = FACE_OUTER_BOUND ( 'NONE', #5097, .T. ) ;
#1962 = DIRECTION ( 'NONE',  ( 1.000000000000000000, 9.531447670202242400E-017, 0.0000000000000000000 ) ) ;
#1963 = EDGE_LOOP ( 'NONE', ( #6562, #5304, #4124, #4447 ) ) ;
#1964 = DIRECTION ( 'NONE',  ( 0.0000000000000000000, 0.0000000000000000000, -1.000000000000000000 ) ) ;
#1965 = FACE_OUTER_BOUND ( 'NONE', #2263, .T. ) ;
#1966 = DIRECTION ( 'NONE',  ( 0.0000000000000000000, -1.000000000000000000, 0.0000000000000000000 ) ) ;
#1967 = ADVANCED_FACE ( 'NONE', ( #4508 ), #3864, .T. ) ;
#1968 = ORIENTED_EDGE ( 'NONE', *, *, #5650, .F. ) ;
#1969 = FACE_OUTER_BOUND ( 'NONE', #3234, .T. ) ;
#1970 = ORIENTED_EDGE ( 'NONE', *, *, #800, .T. ) ;
#1971 = CARTESIAN_POINT ( 'NONE',  ( 2.049999999999999800, 0.8499999999999998700, 6.349999999999999600 ) ) ;
#1972 = VERTEX_POINT ( 'NONE', #6272 ) ;
#1973 = DIRECTION ( 'NONE',  ( 0.0000000000000000000, 1.000000000000000000, -7.228014483236610800E-016 ) ) ;
#1974 = VECTOR ( 'NONE', #3643, 1000.000000000000000 ) ;
#1975 = LINE ( 'NONE', #3301, #1819 ) ;
#1976 = ORIENTED_EDGE ( 'NONE', *, *, #909, .F. ) ;
#1977 = EDGE_CURVE ( 'NONE', #1300, #2914, #428, .T. ) ;
#1978 = FACE_OUTER_BOUND ( 'NONE', #2563, .T. ) ;
#1979 = EDGE_CURVE ( 'NONE', #651, #5133, #4358, .T. ) ;
#1980 = CARTESIAN_POINT ( 'NONE',  ( 2.953056658403661100, 6.500000000000000900, 4.639984522846795300 ) ) ;
#1981 = DIRECTION ( 'NONE',  ( 0.0000000000000000000, 1.000000000000000000, 0.0000000000000000000 ) ) ;
#1982 = AXIS2_PLACEMENT_3D ( 'NONE', #5767, #3244, #178 ) ;
#1983 = DIRECTION ( 'NONE',  ( 0.0000000000000000000, 0.0000000000000000000, 1.000000000000000000 ) ) ;
#1984 = VECTOR ( 'NONE', #5677, 1000.000000000000100 ) ;
#1985 = CARTESIAN_POINT ( 'NONE',  ( 4.049999999999999800, 0.4999999999999926200, 2.500000000000000000 ) ) ;
#1986 = AXIS2_PLACEMENT_3D ( 'NONE', #485, #4090, #976 ) ;
#1987 = VERTEX_POINT ( 'NONE', #683 ) ;
#1988 = PLANE ( 'NONE',  #1986 ) ;
#1989 = EDGE_CURVE ( 'NONE', #2419, #4673, #1428, .T. ) ;
#1990 = DIRECTION ( 'NONE',  ( -1.532073929300149800E-030, -4.388034133981040700E-016, -1.000000000000000000 ) ) ;
#1991 = FACE_OUTER_BOUND ( 'NONE', #4197, .T. ) ;
#1992 = CARTESIAN_POINT ( 'NONE',  ( 5.850000000000001400, 2.149999999999998600, 4.799999999999999800 ) ) ;
#1993 = VERTEX_POINT ( 'NONE', #3780 ) ;
#1994 = AXIS2_PLACEMENT_3D ( 'NONE', #1117, #1084, #5195 ) ;
#1995 = CARTESIAN_POINT ( 'NONE',  ( 6.350000000000001400, 1.350000000000000500, -3.399999999999999900 ) ) ;
#1996 = AXIS2_PLACEMENT_3D ( 'NONE', #3465, #5997, #1371 ) ;
#1997 = CARTESIAN_POINT ( 'NONE',  ( -4.050000000000001600, 0.0000000000000000000, 0.5000000000000000000 ) ) ;
#1998 = VECTOR ( 'NONE', #6297, 1000.000000000000000 ) ;
#1999 = ORIENTED_EDGE ( 'NONE', *, *, #287, .F. ) ;
#2000 = DIRECTION ( 'NONE',  ( 0.0000000000000000000, -9.427844978134822700E-017, -1.000000000000000000 ) ) ;
#2001 = EDGE_CURVE ( 'NONE', #128, #3059, #185, .T. ) ;
#2002 = ORIENTED_EDGE ( 'NONE', *, *, #1383, .F. ) ;
#2003 = ADVANCED_FACE ( 'NONE', ( #4816 ), #4273, .F. ) ;
#2004 = VECTOR ( 'NONE', #363, 1000.000000000000000 ) ;
#2005 = CARTESIAN_POINT ( 'NONE',  ( 2.150000000000007000, 1.350000000000001000, -3.399999999999999900 ) ) ;
#2006 = ORIENTED_EDGE ( 'NONE', *, *, #5301, .T. ) ;
#2007 = PLANE ( 'NONE',  #1142 ) ;
#2008 = ORIENTED_EDGE ( 'NONE', *, *, #4625, .F. ) ;
#2009 = DIRECTION ( 'NONE',  ( 0.0000000000000000000, 1.000000000000000000, 0.0000000000000000000 ) ) ;
#2010 = VECTOR ( 'NONE', #2645, 1000.000000000000000 ) ;
#2011 = ORIENTED_EDGE ( 'NONE', *, *, #1886, .T. ) ;
#2012 = CARTESIAN_POINT ( 'NONE',  ( -6.349999999999998800, 0.5000000000000004400, 5.549999999999998900 ) ) ;
#2013 = DIRECTION ( 'NONE',  ( 0.0000000000000000000, 9.427844978134822700E-017, -1.000000000000000000 ) ) ;
#2014 = ORIENTED_EDGE ( 'NONE', *, *, #4602, .F. ) ;
#2015 = EDGE_LOOP ( 'NONE', ( #65, #3981, #4461, #3717 ) ) ;
#2016 = DIRECTION ( 'NONE',  ( 1.000000000000000000, 0.0000000000000000000, -0.0000000000000000000 ) ) ;
#2017 = CARTESIAN_POINT ( 'NONE',  ( -1.800000000000000000, 2.150000000000000400, 0.0000000000000000000 ) ) ;
#2018 = ORIENTED_EDGE ( 'NONE', *, *, #1731, .T. ) ;
#2019 = EDGE_LOOP ( 'NONE', ( #3318, #422, #765, #974 ) ) ;
#2020 = EDGE_CURVE ( 'NONE', #1197, #625, #497, .T. ) ;
#2021 = ORIENTED_EDGE ( 'NONE', *, *, #2887, .T. ) ;
#2022 = PLANE ( 'NONE',  #2083 ) ;
#2023 = EDGE_CURVE ( 'NONE', #888, #3750, #2561, .T. ) ;
#2024 = ORIENTED_EDGE ( 'NONE', *, *, #5301, .F. ) ;
#2025 = LINE ( 'NONE', #1022, #2348 ) ;
#2026 = CARTESIAN_POINT ( 'NONE',  ( -3.199999999999994400, 1.350000000000001000, 3.399999999999999900 ) ) ;
#2027 = EDGE_LOOP ( 'NONE', ( #5164, #3133, #3705, #2180 ) ) ;
#2028 = DIRECTION ( 'NONE',  ( -1.000000000000000000, 0.0000000000000000000, 0.0000000000000000000 ) ) ;
#2029 = DIRECTION ( 'NONE',  ( 1.000000000000000000, 0.0000000000000000000, 0.0000000000000000000 ) ) ;
#2030 = LINE ( 'NONE', #244, #3654 ) ;
#2031 = ORIENTED_EDGE ( 'NONE', *, *, #680, .F. ) ;
#2032 = AXIS2_PLACEMENT_3D ( 'NONE', #2942, #2463, #3937 ) ;
#2033 = CARTESIAN_POINT ( 'NONE',  ( -3.199999999999994400, 0.5999999999999979800, -2.499999999999998200 ) ) ;
#2034 = CARTESIAN_POINT ( 'NONE',  ( 5.800000000000001600, 0.5499999999999990500, 2.500000000000000000 ) ) ;
#2035 = LINE ( 'NONE', #5815, #6044 ) ;
#2036 = VECTOR ( 'NONE', #3026, 1000.000000000000000 ) ;
#2037 = CARTESIAN_POINT ( 'NONE',  ( 3.449999999999993100, 1.350000000000001000, -0.5000000000000000000 ) ) ;
#2038 = EDGE_CURVE ( 'NONE', #6220, #1574, #1199, .T. ) ;
#2039 = DIRECTION ( 'NONE',  ( -0.0000000000000000000, -0.0000000000000000000, 1.000000000000000000 ) ) ;
#2040 = ORIENTED_EDGE ( 'NONE', *, *, #4723, .T. ) ;
#2041 = LINE ( 'NONE', #4283, #1877 ) ;
#2042 = STYLED_ITEM ( 'NONE', ( #5566 ), #2326 ) ;
#2043 = EDGE_LOOP ( 'NONE', ( #2700, #5628, #1640, #6242 ) ) ;
#2044 = DIRECTION ( 'NONE',  ( -0.0000000000000000000, 1.000000000000000000, -0.0000000000000000000 ) ) ;
#2045 = CARTESIAN_POINT ( 'NONE',  ( 1.800000000000000700, 1.350000000000000800, -1.149999999999985300 ) ) ;
#2046 = VECTOR ( 'NONE', #2272, 1000.000000000000000 ) ;
#2047 = CARTESIAN_POINT ( 'NONE',  ( 1.350000000000001400, 1.350000000000000800, 2.599999999999990800 ) ) ;
#2048 = VERTEX_POINT ( 'NONE', #3801 ) ;
#2049 = LINE ( 'NONE', #3904, #6049 ) ;
#2050 = PRODUCT ( 'SRR1208-120ML', 'SRR1208-120ML', '', ( #1784 ) ) ;
#2051 = FILL_AREA_STYLE_COLOUR ( '', #2375 ) ;
#2052 = VERTEX_POINT ( 'NONE', #182 ) ;
#2053 = EDGE_CURVE ( 'NONE', #5637, #2340, #2729, .T. ) ;
#2054 = LINE ( 'NONE', #3664, #5900 ) ;
#2055 = VECTOR ( 'NONE', #5586, 1000.000000000000000 ) ;
#2056 = LINE ( 'NONE', #960, #4879 ) ;
#2057 = CARTESIAN_POINT ( 'NONE',  ( -1.734723475976807100E-015, 6.500000000000000900, 2.168404344971008900E-015 ) ) ;
#2058 = EDGE_CURVE ( 'NONE', #451, #1918, #3306, .T. ) ;
#2059 = CARTESIAN_POINT ( 'NONE',  ( 6.350000000000001400, 0.5000000000000004400, -6.349999999999999600 ) ) ;
#2060 = DIRECTION ( 'NONE',  ( 0.0000000000000000000, 1.000000000000000000, 0.0000000000000000000 ) ) ;
#2061 = LINE ( 'NONE', #1752, #1259 ) ;
#2062 = VECTOR ( 'NONE', #6415, 1000.000000000000000 ) ;
#2063 = LINE ( 'NONE', #4143, #410 ) ;
#2064 = ORIENTED_EDGE ( 'NONE', *, *, #2086, .F. ) ;
#2065 = CARTESIAN_POINT ( 'NONE',  ( -4.659987733544470600, 8.477842012089229900, 2.921389108491898100 ) ) ;
#2066 = EDGE_CURVE ( 'NONE', #4554, #1869, #576, .T. ) ;
#2067 = LINE ( 'NONE', #2500, #1021 ) ;
#2068 = ORIENTED_EDGE ( 'NONE', *, *, #3562, .F. ) ;
#2069 = DIRECTION ( 'NONE',  ( 0.0000000000000000000, 0.0000000000000000000, -1.000000000000000000 ) ) ;
#2070 = CARTESIAN_POINT ( 'NONE',  ( 5.850000000000001400, 0.8499999999999994200, -2.499999999999998700 ) ) ;
#2071 = AXIS2_PLACEMENT_3D ( 'NONE', #2140, #2183, #5726 ) ;
#2072 = CARTESIAN_POINT ( 'NONE',  ( -1.799999999999999600, 2.150000000000000400, 6.349999999999999600 ) ) ;
#2073 = AXIS2_PLACEMENT_3D ( 'NONE', #5240, #6183, #2684 ) ;
#2074 = VECTOR ( 'NONE', #3352, 1000.000000000000000 ) ;
#2075 = ORIENTED_EDGE ( 'NONE', *, *, #1886, .F. ) ;
#2076 = CARTESIAN_POINT ( 'NONE',  ( -4.664949968244545000, 8.484498341480710700, -2.913458733837706900 ) ) ;
#2077 = EDGE_CURVE ( 'NONE', #1993, #6387, #263, .T. ) ;
#2078 = FACE_OUTER_BOUND ( 'NONE', #2947, .T. ) ;
#2079 = ORIENTED_EDGE ( 'NONE', *, *, #947, .T. ) ;
#2080 = CARTESIAN_POINT ( 'NONE',  ( -5.850000000000002300, 0.5499999999999991600, -0.5000000000000004400 ) ) ;
#2081 = CARTESIAN_POINT ( 'NONE',  ( -3.199999999999994800, 0.8499999999999979800, -0.5000000000000000000 ) ) ;
#2082 = ORIENTED_EDGE ( 'NONE', *, *, #4495, .T. ) ;
#2083 = AXIS2_PLACEMENT_3D ( 'NONE', #2494, #2999, #4575 ) ;
#2084 = CIRCLE ( 'NONE', #4789, 5.500000000000000000 ) ;
#2085 = DIRECTION ( 'NONE',  ( -1.000000000000000000, 0.0000000000000000000, -1.807003620809169200E-016 ) ) ;
#2086 = EDGE_CURVE ( 'NONE', #3012, #3429, #6306, .T. ) ;
#2087 = CARTESIAN_POINT ( 'NONE',  ( 6.350000000000001400, 0.5499999999999988200, 0.5000000000000000000 ) ) ;
#2088 = EDGE_LOOP ( 'NONE', ( #5465, #1721, #1147, #951 ) ) ;
#2089 = CARTESIAN_POINT ( 'NONE',  ( 0.0000000000000000000, 6.500000000000000900, 0.0000000000000000000 ) ) ;
#2090 = CARTESIAN_POINT ( 'NONE',  ( -6.349999999999998800, 7.700000000000000200, -5.549999999999998900 ) ) ;
#2091 = CARTESIAN_POINT ( 'NONE',  ( -5.850000000000001400, 1.350000000000000300, 4.799999999999999800 ) ) ;
#2092 = PLANE ( 'NONE',  #2516 ) ;
#2093 = VERTEX_POINT ( 'NONE', #648 ) ;
#2094 = ORIENTED_EDGE ( 'NONE', *, *, #2669, .F. ) ;
#2095 = CARTESIAN_POINT ( 'NONE',  ( -2.921389108491913200, 8.477842012089229900, -4.659987733544459900 ) ) ;
#2096 = CARTESIAN_POINT ( 'NONE',  ( -5.850000000000001400, 1.350000000000000500, -2.500000000000000000 ) ) ;
#2097 = ADVANCED_FACE ( 'NONE', ( #4188 ), #2806, .T. ) ;
#2098 = VERTEX_POINT ( 'NONE', #5271 ) ;
#2099 = ORIENTED_EDGE ( 'NONE', *, *, #6172, .F. ) ;
#2100 = VECTOR ( 'NONE', #5327, 1000.000000000000000 ) ;
#2101 = ORIENTED_EDGE ( 'NONE', *, *, #332, .T. ) ;
#2102 = EDGE_CURVE ( 'NONE', #1153, #2765, #4978, .T. ) ;
#2103 = EDGE_CURVE ( 'NONE', #4756, #4532, #2232, .T. ) ;
#2104 = EDGE_LOOP ( 'NONE', ( #5209, #3151, #2108, #5970, #1449 ) ) ;
#2105 = CARTESIAN_POINT ( 'NONE',  ( 2.049999999999999800, 0.8499999999999998700, 0.0000000000000000000 ) ) ;
#2106 = LINE ( 'NONE', #4022, #373 ) ;
#2107 = EDGE_CURVE ( 'NONE', #502, #4140, #2888, .T. ) ;
#2108 = ORIENTED_EDGE ( 'NONE', *, *, #6494, .F. ) ;
#2109 = EDGE_LOOP ( 'NONE', ( #3727, #2309, #2423, #6319 ) ) ;
#2110 = MECHANICAL_DESIGN_GEOMETRIC_PRESENTATION_REPRESENTATION (  '', ( #1379 ), #3513 ) ;
#2111 = LINE ( 'NONE', #371, #5248 ) ;
#2112 = EDGE_LOOP ( 'NONE', ( #4189, #578, #668, #2727 ) ) ;
#2113 = DIRECTION ( 'NONE',  ( 0.0000000000000000000, 0.0000000000000000000, 1.000000000000000000 ) ) ;
#2114 = EDGE_LOOP ( 'NONE', ( #1359, #1627, #3721, #2652 ) ) ;
#2115 = DIRECTION ( 'NONE',  ( -0.0000000000000000000, 1.000000000000000000, -0.0000000000000000000 ) ) ;
#2116 = AXIS2_PLACEMENT_3D ( 'NONE', #4410, #4903, #2338 ) ;
#2117 = CARTESIAN_POINT ( 'NONE',  ( -5.549999999999998900, 2.149999999999999900, 5.549999999999998900 ) ) ;
#2118 = VECTOR ( 'NONE', #1012, 1000.000000000000000 ) ;
#2119 = DIRECTION ( 'NONE',  ( 1.000000000000000000, 0.0000000000000000000, 0.0000000000000000000 ) ) ;
#2120 = ORIENTED_EDGE ( 'NONE', *, *, #2343, .F. ) ;
#2121 = CARTESIAN_POINT ( 'NONE',  ( -5.850000000000002300, 0.5499999999999991600, -2.499999999999998700 ) ) ;
#2122 = PLANE ( 'NONE',  #463 ) ;
#2123 = CARTESIAN_POINT ( 'NONE',  ( -3.199999999999994800, 0.8499999999999979800, 0.5000000000000000000 ) ) ;
#2124 = VECTOR ( 'NONE', #3882, 1000.000000000000000 ) ;
#2125 = EDGE_CURVE ( 'NONE', #415, #4359, #5442, .T. ) ;
#2126 = ORIENTED_EDGE ( 'NONE', *, *, #6061, .T. ) ;
#2127 = CIRCLE ( 'NONE', #3597, 0.2500000000000000000 ) ;
#2128 = CARTESIAN_POINT ( 'NONE',  ( 4.050000000000001600, 0.5999999999999999800, -2.499999999999998700 ) ) ;
#2129 = ORIENTED_EDGE ( 'NONE', *, *, #896, .F. ) ;
#2130 = LINE ( 'NONE', #44, #6055 ) ;
#2131 = ADVANCED_FACE ( 'NONE', ( #344 ), #1294, .T. ) ;
#2132 = PLANE ( 'NONE',  #1820 ) ;
#2133 = CARTESIAN_POINT ( 'NONE',  ( -1.350000000000001400, 0.0000000000000000000, 3.399999999999999900 ) ) ;
#2134 = VERTEX_POINT ( 'NONE', #5376 ) ;
#2135 = LINE ( 'NONE', #4130, #3923 ) ;
#2136 = LINE ( 'NONE', #868, #3924 ) ;
#2137 = CARTESIAN_POINT ( 'NONE',  ( -4.675614942086504300, 8.494903192430530900, -2.896332982776803200 ) ) ;
#2138 = CARTESIAN_POINT ( 'NONE',  ( 4.050000000000001600, 0.5999999999999999800, -2.499999999999998700 ) ) ;
#2139 = VECTOR ( 'NONE', #971, 1000.000000000000000 ) ;
#2140 = CARTESIAN_POINT ( 'NONE',  ( 5.550000000000000700, 7.700000000000000200, 5.549999999999998900 ) ) ;
#2141 = ORIENTED_EDGE ( 'NONE', *, *, #6267, .T. ) ;
#2142 = EDGE_CURVE ( 'NONE', #2249, #2147, #1675, .T. ) ;
#2143 = DIRECTION ( 'NONE',  ( 0.0000000000000000000, 1.000000000000000000, -9.427844978134823900E-017 ) ) ;
#2144 = DIRECTION ( 'NONE',  ( 0.0000000000000000000, 0.0000000000000000000, 1.000000000000000000 ) ) ;
#2145 = EDGE_CURVE ( 'NONE', #6556, #691, #4104, .T. ) ;
#2146 = VECTOR ( 'NONE', #5422, 1000.000000000000000 ) ;
#2147 = VERTEX_POINT ( 'NONE', #749 ) ;
#2148 = CARTESIAN_POINT ( 'NONE',  ( 5.850000000000001400, 1.350000000000000500, -2.500000000000000000 ) ) ;
#2149 = CIRCLE ( 'NONE', #962, 0.6000000000000070800 ) ;
#2150 = CARTESIAN_POINT ( 'NONE',  ( 6.350000000000001400, 0.5000000000000004400, -6.349999999999999600 ) ) ;
#2151 = VERTEX_POINT ( 'NONE', #4356 ) ;
#2152 = AXIS2_PLACEMENT_3D ( 'NONE', #1871, #6465, #6399 ) ;
#2153 = DIRECTION ( 'NONE',  ( 1.807003620809174600E-015, 0.0000000000000000000, -1.000000000000000000 ) ) ;
#2154 = ADVANCED_FACE ( 'NONE', ( #6153 ), #3382, .T. ) ;
#2155 = ORIENTED_EDGE ( 'NONE', *, *, #4483, .F. ) ;
#2156 = CARTESIAN_POINT ( 'NONE',  ( -4.639984522846806000, 8.411141547493764700, -2.953056658403646400 ) ) ;
#2157 = LINE ( 'NONE', #4442, #883 ) ;
#2158 = ORIENTED_EDGE ( 'NONE', *, *, #6316, .T. ) ;
#2159 = EDGE_CURVE ( 'NONE', #2231, #5161, #5763, .T. ) ;
#2160 = DIRECTION ( 'NONE',  ( 0.0000000000000000000, 0.0000000000000000000, 1.000000000000000000 ) ) ;
#2161 = ORIENTED_EDGE ( 'NONE', *, *, #20, .F. ) ;
#2162 = ORIENTED_EDGE ( 'NONE', *, *, #270, .F. ) ;
#2163 = PRESENTATION_STYLE_ASSIGNMENT (( #2302 ) ) ;
#2164 = CARTESIAN_POINT ( 'NONE',  ( -5.850000000000001400, -1.612394906284619600E-015, -2.499999999999998200 ) ) ;
#2165 = DIRECTION ( 'NONE',  ( 0.0000000000000000000, 1.000000000000000000, 0.0000000000000000000 ) ) ;
#2166 = ORIENTED_EDGE ( 'NONE', *, *, #537, .T. ) ;
#2167 =( GEOMETRIC_REPRESENTATION_CONTEXT ( 3 ) GLOBAL_UNCERTAINTY_ASSIGNED_CONTEXT ( ( #260 ) ) GLOBAL_UNIT_ASSIGNED_CONTEXT ( ( #6385, #2280, #772 ) ) REPRESENTATION_CONTEXT ( 'NONE', 'WORKASPACE' ) );
#2168 = ORIENTED_EDGE ( 'NONE', *, *, #5916, .F. ) ;
#2169 = DIRECTION ( 'NONE',  ( -0.0000000000000000000, 0.0000000000000000000, 1.000000000000000000 ) ) ;
#2170 = ORIENTED_EDGE ( 'NONE', *, *, #949, .T. ) ;
#2171 = EDGE_CURVE ( 'NONE', #3359, #5853, #3781, .T. ) ;
#2172 = ORIENTED_EDGE ( 'NONE', *, *, #3850, .T. ) ;
#2173 = ORIENTED_EDGE ( 'NONE', *, *, #49, .F. ) ;
#2174 = CARTESIAN_POINT ( 'NONE',  ( 4.350000000000001400, 2.649999999999998600, -1.899999999999999500 ) ) ;
#2175 = DIRECTION ( 'NONE',  ( 0.0000000000000000000, 1.000000000000000000, 9.427844978134823900E-017 ) ) ;
#2176 = CARTESIAN_POINT ( 'NONE',  ( 6.350000000000001400, 2.149999999999999000, -6.349999999999999600 ) ) ;
#2177 = CARTESIAN_POINT ( 'NONE',  ( 6.350000000000001400, 0.0000000000000000000, 0.0000000000000000000 ) ) ;
#2178 = ORIENTED_EDGE ( 'NONE', *, *, #3701, .F. ) ;
#2179 = VECTOR ( 'NONE', #3150, 1000.000000000000000 ) ;
#2180 = ORIENTED_EDGE ( 'NONE', *, *, #4535, .T. ) ;
#2181 = CARTESIAN_POINT ( 'NONE',  ( 1.350000000000001400, 0.8500000000000009800, -2.600000000000001000 ) ) ;
#2182 = PLANE ( 'NONE',  #5261 ) ;
#2183 = DIRECTION ( 'NONE',  ( 0.0000000000000000000, 1.000000000000000000, 0.0000000000000000000 ) ) ;
#2184 = PRODUCT_DEFINITION_SHAPE ( 'NONE', 'NONE',  #1698 ) ;
#2185 = VECTOR ( 'NONE', #1228, 1000.000000000000000 ) ;
#2186 = CARTESIAN_POINT ( 'NONE',  ( -4.639984522846806800, 6.500000000000000900, 2.953056658403647300 ) ) ;
#2187 = DIRECTION ( 'NONE',  ( 0.0000000000000000000, 9.427844978134822700E-017, -1.000000000000000000 ) ) ;
#2188 = ADVANCED_FACE ( 'NONE', ( #1919 ), #2643, .T. ) ;
#2189 = ORIENTED_EDGE ( 'NONE', *, *, #763, .T. ) ;
#2190 = EDGE_CURVE ( 'NONE', #6484, #888, #5132, .T. ) ;
#2191 = CARTESIAN_POINT ( 'NONE',  ( 0.0000000000000000000, 8.500000000000000000, 0.0000000000000000000 ) ) ;
#2192 = AXIS2_PLACEMENT_3D ( 'NONE', #4909, #4996, #354 ) ;
#2193 = LINE ( 'NONE', #6583, #1632 ) ;
#2194 = ORIENTED_EDGE ( 'NONE', *, *, #6028, .T. ) ;
#2195 = DIRECTION ( 'NONE',  ( 0.0000000000000000000, 0.0000000000000000000, 1.000000000000000000 ) ) ;
#2196 = CYLINDRICAL_SURFACE ( 'NONE', #3821, 1.199999999999999700 ) ;
#2197 = EDGE_CURVE ( 'NONE', #1478, #3496, #878, .T. ) ;
#2198 = CARTESIAN_POINT ( 'NONE',  ( -2.953056658403665000, 8.400000000000000400, 4.639984522846795300 ) ) ;
#2199 = AXIS2_PLACEMENT_3D ( 'NONE', #2257, #1749, #2744 ) ;
#2200 = EDGE_LOOP ( 'NONE', ( #3816, #1470, #4434, #4738 ) ) ;
#2201 = FACE_OUTER_BOUND ( 'NONE', #6079, .T. ) ;
#2202 = VERTEX_POINT ( 'NONE', #4215 ) ;
#2203 = CARTESIAN_POINT ( 'NONE',  ( -6.350000000000001400, 0.5499999999999967100, 2.500000000000000000 ) ) ;
#2204 = VECTOR ( 'NONE', #3707, 1000.000000000000000 ) ;
#2205 = DIRECTION ( 'NONE',  ( -0.7071067811865483500, -1.131716569456781300E-015, -0.7071067811865468000 ) ) ;
#2206 = ORIENTED_EDGE ( 'NONE', *, *, #4655, .T. ) ;
#2207 = DIRECTION ( 'NONE',  ( -0.7071067811865506800, 7.479480081382348600E-017, -0.7071067811865443500 ) ) ;
#2208 = DIRECTION ( 'NONE',  ( 0.0000000000000000000, -9.427844978134823900E-017, 1.000000000000000000 ) ) ;
#2209 = EDGE_CURVE ( 'NONE', #4126, #3450, #3946, .T. ) ;
#2210 = LINE ( 'NONE', #6131, #6127 ) ;
#2211 = VECTOR ( 'NONE', #6590, 1000.000000000000000 ) ;
#2212 = CARTESIAN_POINT ( 'NONE',  ( 6.350000000000001400, 2.149999999999997700, -4.799999999999998000 ) ) ;
#2213 = FACE_OUTER_BOUND ( 'NONE', #2745, .T. ) ;
#2214 = VECTOR ( 'NONE', #2499, 1000.000000000000000 ) ;
#2215 = LINE ( 'NONE', #5579, #6290 ) ;
#2216 = ORIENTED_EDGE ( 'NONE', *, *, #3975, .T. ) ;
#2217 = DIRECTION ( 'NONE',  ( -0.0000000000000000000, -9.427844978134822700E-017, -1.000000000000000000 ) ) ;
#2218 = CARTESIAN_POINT ( 'NONE',  ( -3.889087296526017000, 6.500000000000000900, 3.889087296526004600 ) ) ;
#2219 = ADVANCED_FACE ( 'NONE', ( #2078 ), #1277, .T. ) ;
#2220 = DIRECTION ( 'NONE',  ( 0.0000000000000000000, 0.0000000000000000000, 1.000000000000000000 ) ) ;
#2221 = FACE_OUTER_BOUND ( 'NONE', #4521, .T. ) ;
#2222 = ORIENTED_EDGE ( 'NONE', *, *, #6213, .F. ) ;
#2223 = CARTESIAN_POINT ( 'NONE',  ( 6.350000000000001400, 0.8499999999999996400, 3.399999999999999500 ) ) ;
#2224 = DIRECTION ( 'NONE',  ( 1.000000000000000000, 0.0000000000000000000, -0.0000000000000000000 ) ) ;
#2225 = CARTESIAN_POINT ( 'NONE',  ( 4.655381777947678900, 8.470908548906942700, 2.928731654425475100 ) ) ;
#2226 = EDGE_CURVE ( 'NONE', #6341, #5998, #6535, .T. ) ;
#2227 = LINE ( 'NONE', #4908, #6000 ) ;
#2228 = EDGE_CURVE ( 'NONE', #4035, #3380, #5685, .T. ) ;
#2229 = EDGE_LOOP ( 'NONE', ( #453, #5398, #3647, #4610, #4445, #4762, #5226, #5443, #3895, #4918, #5408, #5436, #4947, #875, #6261, #714 ) ) ;
#2230 = CARTESIAN_POINT ( 'NONE',  ( 0.0000000000000000000, 0.5000000000000004400, 0.0000000000000000000 ) ) ;
#2231 = VERTEX_POINT ( 'NONE', #1554 ) ;
#2232 = LINE ( 'NONE', #3314, #5835 ) ;
#2233 = CARTESIAN_POINT ( 'NONE',  ( 2.150000000000007000, 0.0000000000000000000, -3.399999999999999900 ) ) ;
#2234 = ORIENTED_EDGE ( 'NONE', *, *, #4975, .T. ) ;
#2235 = LINE ( 'NONE', #2896, #4901 ) ;
#2236 = AXIS2_PLACEMENT_3D ( 'NONE', #687, #5338, #710 ) ;
#2237 = CARTESIAN_POINT ( 'NONE',  ( -6.350000000000001400, -7.347880794884121700E-016, -0.5000000000000000000 ) ) ;
#2238 = VERTEX_POINT ( 'NONE', #1027 ) ;
#2239 = AXIS2_PLACEMENT_3D ( 'NONE', #4608, #3056, #6075 ) ;
#2240 = DIRECTION ( 'NONE',  ( 0.0000000000000000000, -0.0000000000000000000, 1.000000000000000000 ) ) ;
#2241 = ORIENTED_EDGE ( 'NONE', *, *, #5827, .F. ) ;
#2242 = DIRECTION ( 'NONE',  ( 0.7071067811865433500, 0.7071067811865517900, 0.0000000000000000000 ) ) ;
#2243 = EDGE_CURVE ( 'NONE', #361, #4165, #3466, .T. ) ;
#2244 = CARTESIAN_POINT ( 'NONE',  ( -4.349999999999998800, 0.0000000000000000000, 0.0000000000000000000 ) ) ;
#2245 = DIRECTION ( 'NONE',  ( 0.0000000000000000000, 1.000000000000000000, -4.388034133981040700E-016 ) ) ;
#2246 = CARTESIAN_POINT ( 'NONE',  ( 0.0000000000000000000, 6.500000000000000900, 0.0000000000000000000 ) ) ;
#2247 = VERTEX_POINT ( 'NONE', #4678 ) ;
#2248 = APPLICATION_PROTOCOL_DEFINITION ( 'draft international standard', 'automotive_design', 1998, #5876 ) ;
#2249 = VERTEX_POINT ( 'NONE', #5688 ) ;
#2250 = DIRECTION ( 'NONE',  ( -3.614007241618349300E-016, -0.0000000000000000000, -1.000000000000000000 ) ) ;
#2251 = CARTESIAN_POINT ( 'NONE',  ( -5.549999999999998900, 7.700000000000000200, -5.549999999999998900 ) ) ;
#2252 = ADVANCED_FACE ( 'NONE', ( #730 ), #1577, .T. ) ;
#2253 = ORIENTED_EDGE ( 'NONE', *, *, #2058, .F. ) ;
#2254 = ORIENTED_EDGE ( 'NONE', *, *, #1471, .F. ) ;
#2255 = DIRECTION ( 'NONE',  ( -1.000000000000000000, 0.0000000000000000000, 0.0000000000000000000 ) ) ;
#2256 = FACE_OUTER_BOUND ( 'NONE', #449, .T. ) ;
#2257 = CARTESIAN_POINT ( 'NONE',  ( -4.050000000000001600, 0.5999999999999999800, 0.5000000000000000000 ) ) ;
#2258 = ORIENTED_EDGE ( 'NONE', *, *, #2781, .T. ) ;
#2259 = DIRECTION ( 'NONE',  ( 0.0000000000000000000, 1.000000000000000000, 0.0000000000000000000 ) ) ;
#2260 = DIRECTION ( 'NONE',  ( 1.000000000000000000, 0.0000000000000000000, 0.0000000000000000000 ) ) ;
#2261 = FACE_OUTER_BOUND ( 'NONE', #1067, .T. ) ;
#2262 = EDGE_CURVE ( 'NONE', #1770, #3035, #3132, .T. ) ;
#2263 = EDGE_LOOP ( 'NONE', ( #2413, #4212, #1761, #4573 ) ) ;
#2264 = DIRECTION ( 'NONE',  ( -0.0000000000000000000, -0.0000000000000000000, -1.000000000000000000 ) ) ;
#2265 = VERTEX_POINT ( 'NONE', #620 ) ;
#2266 = CARTESIAN_POINT ( 'NONE',  ( 5.800000000000001600, 0.4999999999999982800, -2.499999999999998700 ) ) ;
#2267 = CARTESIAN_POINT ( 'NONE',  ( 0.0000000000000000000, 7.700000000000000200, 5.549999999999998900 ) ) ;
#2268 = EDGE_CURVE ( 'NONE', #4916, #2238, #1193, .T. ) ;
#2269 = EDGE_LOOP ( 'NONE', ( #1506, #4992, #532, #6042 ) ) ;
#2270 = CARTESIAN_POINT ( 'NONE',  ( 3.199999999999994400, 1.350000000000001000, -0.5000000000000000000 ) ) ;
#2271 = VECTOR ( 'NONE', #785, 1000.000000000000000 ) ;
#2272 = DIRECTION ( 'NONE',  ( 1.000000000000000000, 0.0000000000000000000, -1.807003620809169200E-016 ) ) ;
#2273 = DIRECTION ( 'NONE',  ( -6.413747168845436200E-031, 1.836970198721028700E-016, -1.000000000000000000 ) ) ;
#2274 = DIRECTION ( 'NONE',  ( 0.0000000000000000000, 0.0000000000000000000, 1.000000000000000000 ) ) ;
#2275 = ORIENTED_EDGE ( 'NONE', *, *, #6108, .T. ) ;
#2276 = DIRECTION ( 'NONE',  ( -1.000000000000000000, 0.0000000000000000000, 3.614007241618304900E-016 ) ) ;
#2277 = CYLINDRICAL_SURFACE ( 'NONE', #5732, 0.8000000000000003800 ) ;
#2278 = FACE_OUTER_BOUND ( 'NONE', #2595, .T. ) ;
#2279 = ORIENTED_EDGE ( 'NONE', *, *, #1575, .F. ) ;
#2280 =( NAMED_UNIT ( * ) PLANE_ANGLE_UNIT ( ) SI_UNIT ( $, .RADIAN. ) );
#2281 = STYLED_ITEM ( 'NONE', ( #2163 ), #1621 ) ;
#2282 = FACE_OUTER_BOUND ( 'NONE', #848, .T. ) ;
#2283 = AXIS2_PLACEMENT_3D ( 'NONE', #3549, #5474, #4062 ) ;
#2284 = DIRECTION ( 'NONE',  ( 0.0000000000000000000, 0.0000000000000000000, -1.000000000000000000 ) ) ;
#2285 = VERTEX_POINT ( 'NONE', #2123 ) ;
#2286 = LINE ( 'NONE', #5283, #932 ) ;
#2288 = ADVANCED_FACE ( 'NONE', ( #4097 ), #2483, .F. ) ;
#2287 = FACE_OUTER_BOUND ( 'NONE', #4820, .T. ) ;
#2289 = VERTEX_POINT ( 'NONE', #5207 ) ;
#2290 = CARTESIAN_POINT ( 'NONE',  ( -1.350000000000001400, 0.0000000000000000000, -2.599999999999999600 ) ) ;
#2291 = CIRCLE ( 'NONE', #4077, 0.8000000000000003800 ) ;
#2292 = EDGE_CURVE ( 'NONE', #1510, #4763, #3052, .T. ) ;
#2293 = CARTESIAN_POINT ( 'NONE',  ( -1.734723475976807100E-015, 6.500000000000000900, 4.790000000000002700 ) ) ;
#2294 = ORIENTED_EDGE ( 'NONE', *, *, #2343, .T. ) ;
#2295 = MECHANICAL_DESIGN_GEOMETRIC_PRESENTATION_REPRESENTATION (  '', ( #1268 ), #5059 ) ;
#2296 = PLANE ( 'NONE',  #2989 ) ;
#2297 = LINE ( 'NONE', #3797, #1183 ) ;
#2298 = LINE ( 'NONE', #2150, #6441 ) ;
#2299 = DIRECTION ( 'NONE',  ( 0.0000000000000000000, -1.000000000000000000, 0.0000000000000000000 ) ) ;
#2300 = CARTESIAN_POINT ( 'NONE',  ( -1.350000000000001400, 1.350000000000000800, -2.600000000000001000 ) ) ;
#2301 = LINE ( 'NONE', #1351, #6285 ) ;
#2302 = SURFACE_STYLE_USAGE ( .BOTH. , #3381 ) ;
#2303 = CARTESIAN_POINT ( 'NONE',  ( -1.734723475976807100E-015, 6.500000000000000900, 2.168404344971008900E-015 ) ) ;
#2304 = EDGE_CURVE ( 'NONE', #3393, #5003, #1838, .T. ) ;
#2305 = LINE ( 'NONE', #3008, #944 ) ;
#2306 = ORIENTED_EDGE ( 'NONE', *, *, #597, .F. ) ;
#2307 = APPLICATION_PROTOCOL_DEFINITION ( 'draft international standard', 'automotive_design', 1998, #5379 ) ;
#2308 = VECTOR ( 'NONE', #5335, 1000.000000000000000 ) ;
#2309 = ORIENTED_EDGE ( 'NONE', *, *, #1762, .F. ) ;
#2310 = DIRECTION ( 'NONE',  ( 0.7071067811865441300, 0.7071067811865507900, -0.0000000000000000000 ) ) ;
#2311 = LINE ( 'NONE', #1010, #5599 ) ;
#2312 = DIRECTION ( 'NONE',  ( 0.0000000000000000000, 1.000000000000000000, -1.284980352575410700E-015 ) ) ;
#2313 = ORIENTED_EDGE ( 'NONE', *, *, #811, .F. ) ;
#2314 = DIRECTION ( 'NONE',  ( -3.614007241618349300E-016, 0.0000000000000000000, 1.000000000000000000 ) ) ;
#2315 = DIRECTION ( 'NONE',  ( 0.0000000000000000000, -1.000000000000000000, 0.0000000000000000000 ) ) ;
#2316 = CARTESIAN_POINT ( 'NONE',  ( -5.850000000000001400, -7.347880794884121700E-016, -0.5000000000000000000 ) ) ;
#2317 = EDGE_LOOP ( 'NONE', ( #4531, #4898, #3878, #3048, #704 ) ) ;
#2318 = EDGE_CURVE ( 'NONE', #365, #1424, #2311, .T. ) ;
#2319 = DIRECTION ( 'NONE',  ( 1.000000000000000000, 9.531447670202242400E-017, 0.0000000000000000000 ) ) ;
#2320 = EDGE_CURVE ( 'NONE', #5602, #5611, #871, .T. ) ;
#2321 = FACE_OUTER_BOUND ( 'NONE', #4386, .T. ) ;
#2322 = DIRECTION ( 'NONE',  ( -0.0000000000000000000, 1.000000000000000000, -0.0000000000000000000 ) ) ;
#2323 = CARTESIAN_POINT ( 'NONE',  ( -6.349999999999998800, 2.149999999999999900, -6.349999999999999600 ) ) ;
#2324 = ADVANCED_FACE ( 'NONE', ( #3300 ), #4146, .T. ) ;
#2325 = AXIS2_PLACEMENT_3D ( 'NONE', #4672, #133, #596 ) ;
#2326 = ADVANCED_BREP_SHAPE_REPRESENTATION ( 'SRR1208-120ML', ( #5692, #3539, #6372, #1621, #4513 ), #2167 ) ;
#2327 = DIRECTION ( 'NONE',  ( -0.0000000000000000000, -0.0000000000000000000, -1.000000000000000000 ) ) ;
#2328 = ORIENTED_EDGE ( 'NONE', *, *, #6250, .T. ) ;
#2329 = PRESENTATION_LAYER_ASSIGNMENT (  '', '', ( #1379 ) ) ;
#2330 = CARTESIAN_POINT ( 'NONE',  ( -5.800000000000001600, 0.5499999999999990500, 2.500000000000000000 ) ) ;
#2331 = ORIENTED_EDGE ( 'NONE', *, *, #5031, .F. ) ;
#2332 = EDGE_CURVE ( 'NONE', #6109, #818, #6230, .T. ) ;
#2333 = ORIENTED_EDGE ( 'NONE', *, *, #661, .F. ) ;
#2334 = DIRECTION ( 'NONE',  ( -0.0000000000000000000, 1.000000000000000000, -0.0000000000000000000 ) ) ;
#2335 = AXIS2_PLACEMENT_3D ( 'NONE', #6164, #4310, #6342 ) ;
#2336 = VERTEX_POINT ( 'NONE', #6128 ) ;
#2337 = PLANE ( 'NONE',  #4969 ) ;
#2338 = DIRECTION ( 'NONE',  ( 1.000000000000000000, -5.421010862427519200E-016, 0.0000000000000000000 ) ) ;
#2339 = ORIENTED_EDGE ( 'NONE', *, *, #3906, .T. ) ;
#2340 = VERTEX_POINT ( 'NONE', #5101 ) ;
#2341 = ORIENTED_EDGE ( 'NONE', *, *, #3232, .T. ) ;
#2342 = DIRECTION ( 'NONE',  ( 0.0000000000000000000, 4.388034133981038200E-016, 1.000000000000000000 ) ) ;
#2343 = EDGE_CURVE ( 'NONE', #1165, #4920, #6072, .T. ) ;
#2344 = DIRECTION ( 'NONE',  ( -1.000000000000000000, 0.0000000000000000000, 1.807003620809169200E-016 ) ) ;
#2345 = CARTESIAN_POINT ( 'NONE',  ( 3.199999999999994400, 1.350000000000001000, -2.499999999999998700 ) ) ;
#2346 = CARTESIAN_POINT ( 'NONE',  ( -5.850000000000001400, 2.149999999999998600, 4.799999999999999800 ) ) ;
#2347 = ORIENTED_EDGE ( 'NONE', *, *, #2995, .T. ) ;
#2348 = VECTOR ( 'NONE', #4626, 1000.000000000000000 ) ;
#2349 = DIRECTION ( 'NONE',  ( 0.0000000000000000000, 1.000000000000000000, 0.0000000000000000000 ) ) ;
#2350 = ORIENTED_EDGE ( 'NONE', *, *, #4138, .T. ) ;
#2351 = ORIENTED_EDGE ( 'NONE', *, *, #1582, .T. ) ;
#2352 = LINE ( 'NONE', #2431, #3179 ) ;
#2353 = ORIENTED_EDGE ( 'NONE', *, *, #3630, .T. ) ;
#2354 = DIRECTION ( 'NONE',  ( 1.000000000000000000, 0.0000000000000000000, 0.0000000000000000000 ) ) ;
#2355 = ADVANCED_FACE ( 'NONE', ( #490 ), #1669, .T. ) ;
#2356 = DIRECTION ( 'NONE',  ( 1.000000000000000000, 0.0000000000000000000, 0.0000000000000000000 ) ) ;
#2357 = VECTOR ( 'NONE', #5042, 1000.000000000000100 ) ;
#2358 = CARTESIAN_POINT ( 'NONE',  ( -4.049999999999999800, 0.4999999999999926200, -2.500000000000000400 ) ) ;
#2359 = VERTEX_POINT ( 'NONE', #2087 ) ;
#2360 = EDGE_CURVE ( 'NONE', #5111, #6149, #1114, .T. ) ;
#2361 = DIRECTION ( 'NONE',  ( 1.000000000000000000, 0.0000000000000000000, 3.614007241618304900E-016 ) ) ;
#2362 = PRESENTATION_STYLE_ASSIGNMENT (( #57 ) ) ;
#2363 = DIRECTION ( 'NONE',  ( -9.531447670202242400E-017, 1.000000000000000000, -0.0000000000000000000 ) ) ;
#2364 = EDGE_CURVE ( 'NONE', #491, #2897, #956, .T. ) ;
#2365 = PLANE ( 'NONE',  #5092 ) ;
#2366 = DIRECTION ( 'NONE',  ( 1.000000000000000000, 0.0000000000000000000, 0.0000000000000000000 ) ) ;
#2367 = ORIENTED_EDGE ( 'NONE', *, *, #5388, .T. ) ;
#2368 = CARTESIAN_POINT ( 'NONE',  ( -1.734723475976807100E-015, 8.500000000000000000, 2.168404344971008900E-015 ) ) ;
#2369 = ORIENTED_EDGE ( 'NONE', *, *, #959, .F. ) ;
#2370 = DIRECTION ( 'NONE',  ( -0.0000000000000000000, 1.000000000000000000, -0.0000000000000000000 ) ) ;
#2371 = VECTOR ( 'NONE', #1941, 1000.000000000000000 ) ;
#2372 = VECTOR ( 'NONE', #5958, 1000.000000000000000 ) ;
#2373 = AXIS2_PLACEMENT_3D ( 'NONE', #3225, #72, #5249 ) ;
#2374 = ORIENTED_EDGE ( 'NONE', *, *, #3546, .F. ) ;
#2375 = COLOUR_RGB ( '',0.2509803921568627400, 0.2509803921568627400, 0.2509803921568627400 ) ;
#2376 = CIRCLE ( 'NONE', #3216, 1.199999999999999700 ) ;
#2377 = LINE ( 'NONE', #335, #6 ) ;
#2378 = CARTESIAN_POINT ( 'NONE',  ( -5.549999999999998900, 2.149999999999999900, 5.549999999999998900 ) ) ;
#2379 = DIRECTION ( 'NONE',  ( 1.000000000000000000, -0.0000000000000000000, -0.0000000000000000000 ) ) ;
#2380 = EDGE_CURVE ( 'NONE', #6100, #5390, #2881, .T. ) ;
#2381 = LINE ( 'NONE', #6260, #3447 ) ;
#2382 = LINE ( 'NONE', #1890, #2214 ) ;
#2383 = VERTEX_POINT ( 'NONE', #3614 ) ;
#2384 = CARTESIAN_POINT ( 'NONE',  ( 5.800000000000001600, 0.5499999999999987100, -0.5000000000000004400 ) ) ;
#2385 = CARTESIAN_POINT ( 'NONE',  ( 2.150000000000007000, 1.350000000000001000, -3.399999999999999900 ) ) ;
#2386 = DIRECTION ( 'NONE',  ( -0.0000000000000000000, -0.0000000000000000000, 1.000000000000000000 ) ) ;
#2387 = DIRECTION ( 'NONE',  ( 0.0000000000000000000, -1.000000000000000000, 0.0000000000000000000 ) ) ;
#2388 = CARTESIAN_POINT ( 'NONE',  ( -2.150000000000001700, 0.8499999999999996400, 3.399999999999999900 ) ) ;
#2389 = LINE ( 'NONE', #251, #3771 ) ;
#2390 = DIRECTION ( 'NONE',  ( 0.0000000000000000000, 0.0000000000000000000, 1.000000000000000000 ) ) ;
#2391 = ORIENTED_EDGE ( 'NONE', *, *, #1802, .F. ) ;
#2392 = CARTESIAN_POINT ( 'NONE',  ( 6.350000000000001400, 2.149999999999998600, -5.549999999999998900 ) ) ;
#2393 = ADVANCED_FACE ( 'NONE', ( #802 ), #5651, .T. ) ;
#2394 = FACE_OUTER_BOUND ( 'NONE', #1678, .T. ) ;
#2395 = ORIENTED_EDGE ( 'NONE', *, *, #1004, .F. ) ;
#2396 = EDGE_CURVE ( 'NONE', #1948, #1062, #338, .T. ) ;
#2397 = ORIENTED_EDGE ( 'NONE', *, *, #2058, .T. ) ;
#2398 = DIRECTION ( 'NONE',  ( 1.000000000000000000, -3.491481338843134500E-015, 0.0000000000000000000 ) ) ;
#2399 = VECTOR ( 'NONE', #1162, 1000.000000000000000 ) ;
#2400 = EDGE_CURVE ( 'NONE', #2914, #1579, #3940, .T. ) ;
#2401 = EDGE_LOOP ( 'NONE', ( #1790, #184, #2693, #1954 ) ) ;
#2402 = VERTEX_POINT ( 'NONE', #5122 ) ;
#2403 = ORIENTED_EDGE ( 'NONE', *, *, #1570, .F. ) ;
#2404 = CARTESIAN_POINT ( 'NONE',  ( 2.928849122308445200, 8.470786618248704200, 4.655310982368498600 ) ) ;
#2405 = LINE ( 'NONE', #380, #3872 ) ;
#2406 = DIRECTION ( 'NONE',  ( 0.0000000000000000000, 0.0000000000000000000, -1.000000000000000000 ) ) ;
#2407 = PLANE ( 'NONE',  #4745 ) ;
#2408 = DIRECTION ( 'NONE',  ( 9.531447670202242400E-017, -1.000000000000000000, 0.0000000000000000000 ) ) ;
#2409 = EDGE_CURVE ( 'NONE', #4295, #207, #2149, .T. ) ;
#2410 = VERTEX_POINT ( 'NONE', #6110 ) ;
#2411 = EDGE_LOOP ( 'NONE', ( #1233, #3405, #6233, #5405, #1950, #1976, #6204, #816, #5957, #2836, #3858, #1605 ) ) ;
#2412 = CARTESIAN_POINT ( 'NONE',  ( 5.850000000000001400, 1.350000000000000300, 4.799999999999999800 ) ) ;
#2413 = ORIENTED_EDGE ( 'NONE', *, *, #4926, .F. ) ;
#2414 = CARTESIAN_POINT ( 'NONE',  ( 2.949064759393906300, 8.432311712718959700, 4.642523327644934000 ) ) ;
#2415 = AXIS2_PLACEMENT_3D ( 'NONE', #3486, #933, #5021 ) ;
#2416 = AXIS2_PLACEMENT_3D ( 'NONE', #3305, #5325, #6264 ) ;
#2417 = DIRECTION ( 'NONE',  ( 0.0000000000000000000, -9.427844978134822700E-017, -1.000000000000000000 ) ) ;
#2418 = ORIENTED_EDGE ( 'NONE', *, *, #1867, .F. ) ;
#2419 = VERTEX_POINT ( 'NONE', #5601 ) ;
#2420 = CARTESIAN_POINT ( 'NONE',  ( 4.050000000000001600, 0.5999999999999999800, 0.5000000000000000000 ) ) ;
#2421 = EDGE_CURVE ( 'NONE', #368, #3754, #3703, .T. ) ;
#2422 = CARTESIAN_POINT ( 'NONE',  ( -5.850000000000001400, 2.149999999999997700, -4.799999999999998000 ) ) ;
#2423 = ORIENTED_EDGE ( 'NONE', *, *, #4234, .F. ) ;
#2424 = VERTEX_POINT ( 'NONE', #1104 ) ;
#2425 = VECTOR ( 'NONE', #5130, 1000.000000000000000 ) ;
#2426 = ADVANCED_FACE ( 'NONE', ( #4737 ), #4223, .T. ) ;
#2427 = ORIENTED_EDGE ( 'NONE', *, *, #5090, .T. ) ;
#2428 = PLANE ( 'NONE',  #5305 ) ;
#2429 = AXIS2_PLACEMENT_3D ( 'NONE', #3051, #3010, #6548 ) ;
#2430 = CARTESIAN_POINT ( 'NONE',  ( 2.887089242087331100, 8.498051043478779900, 4.681327790140215100 ) ) ;
#2431 = CARTESIAN_POINT ( 'NONE',  ( 5.850000000000001400, 1.350000000000000300, 4.799999999999999800 ) ) ;
#2432 = ORIENTED_EDGE ( 'NONE', *, *, #3005, .T. ) ;
#2433 = DIRECTION ( 'NONE',  ( 0.0000000000000000000, 0.0000000000000000000, -1.000000000000000000 ) ) ;
#2434 = FACE_OUTER_BOUND ( 'NONE', #4309, .T. ) ;
#2435 = EDGE_CURVE ( 'NONE', #906, #3892, #1498, .T. ) ;
#2436 = CARTESIAN_POINT ( 'NONE',  ( 3.949999999999994400, 1.350000000000000500, 3.399999999999999900 ) ) ;
#2437 = CARTESIAN_POINT ( 'NONE',  ( 5.800000000000003400, -7.829303809286020100E-016, 4.906360221338565300E-030 ) ) ;
#2438 = ORIENTED_EDGE ( 'NONE', *, *, #882, .T. ) ;
#2439 = CARTESIAN_POINT ( 'NONE',  ( -4.349999999999998800, 2.649999999999998600, -1.899999999999999500 ) ) ;
#2440 = ORIENTED_EDGE ( 'NONE', *, *, #763, .F. ) ;
#2441 = B_SPLINE_CURVE_WITH_KNOTS ( 'NONE', 3,
 ( #3553, #2156, #129, #3709, #4708, #1616, #3688, #2658, #1592, #2076, #5221, #2137, #5723, #3145, #6160, #3219 ),
 .UNSPECIFIED., .F., .F.,
 ( 4, 3, 3, 3, 3, 4 ),
 ( 0.0000000000000000000, 3.342464248130616400E-005, 6.684402765924820900E-005, 0.0001003470100178409600, 0.0001340432361621060400, 0.0001567320148060902200 ),
 .UNSPECIFIED. ) ;
#2442 = CARTESIAN_POINT ( 'NONE',  ( -5.549999999999998900, 7.700000000000000200, -5.549999999999998900 ) ) ;
#2443 = ORIENTED_EDGE ( 'NONE', *, *, #4252, .T. ) ;
#2444 = ORIENTED_EDGE ( 'NONE', *, *, #4011, .T. ) ;
#2445 = CARTESIAN_POINT ( 'NONE',  ( 2.913458733837722500, 8.484498341480710700, -4.664949968244536100 ) ) ;
#2446 = VERTEX_POINT ( 'NONE', #3252 ) ;
#2447 = ADVANCED_FACE ( 'NONE', ( #4266 ), #4285, .F. ) ;
#2448 = LINE ( 'NONE', #5037, #5177 ) ;
#2449 = CARTESIAN_POINT ( 'NONE',  ( 4.670074054052228100, 8.490564947885699700, -2.905257738924432100 ) ) ;
#2450 = ORIENTED_EDGE ( 'NONE', *, *, #4325, .T. ) ;
#2451 = CARTESIAN_POINT ( 'NONE',  ( -1.800000000000000000, 2.799999999999999800, 0.0000000000000000000 ) ) ;
#2452 = VECTOR ( 'NONE', #2708, 1000.000000000000000 ) ;
#2453 = EDGE_CURVE ( 'NONE', #4113, #6109, #3384, .T. ) ;
#2454 = EDGE_CURVE ( 'NONE', #361, #502, #5056, .T. ) ;
#2455 = ORIENTED_EDGE ( 'NONE', *, *, #4939, .F. ) ;
#2456 = PLANE ( 'NONE',  #5382 ) ;
#2457 = DIRECTION ( 'NONE',  ( 0.0000000000000000000, 1.000000000000000000, 0.0000000000000000000 ) ) ;
#2458 = VECTOR ( 'NONE', #112, 1000.000000000000000 ) ;
#2459 = LINE ( 'NONE', #2422, #2625 ) ;
#2460 = EDGE_CURVE ( 'NONE', #25, #4449, #1913, .T. ) ;
#2461 = DIRECTION ( 'NONE',  ( -0.0000000000000000000, -0.0000000000000000000, -1.000000000000000000 ) ) ;
#2462 = AXIS2_PLACEMENT_3D ( 'NONE', #4302, #3332, #5044 ) ;
#2463 = DIRECTION ( 'NONE',  ( 0.0000000000000000000, 0.0000000000000000000, 1.000000000000000000 ) ) ;
#2464 = EDGE_LOOP ( 'NONE', ( #1116, #4942, #6073, #746 ) ) ;
#2465 = VECTOR ( 'NONE', #1, 1000.000000000000100 ) ;
#2466 = VECTOR ( 'NONE', #3766, 1000.000000000000000 ) ;
#2467 = CIRCLE ( 'NONE', #758, 5.500000000000000900 ) ;
#2468 = AXIS2_PLACEMENT_3D ( 'NONE', #5106, #2028, #5608 ) ;
#2469 = DIRECTION ( 'NONE',  ( 0.0000000000000000000, 9.427844978134823900E-017, -1.000000000000000000 ) ) ;
#2470 = VECTOR ( 'NONE', #5193, 1000.000000000000000 ) ;
#2471 = CARTESIAN_POINT ( 'NONE',  ( -1.734723475976807100E-015, 8.299999999999998900, 2.168404344971008900E-015 ) ) ;
#2472 = ORIENTED_EDGE ( 'NONE', *, *, #1383, .T. ) ;
#2473 = DIRECTION ( 'NONE',  ( 1.000000000000000000, 0.0000000000000000000, 0.0000000000000000000 ) ) ;
#2474 = EDGE_CURVE ( 'NONE', #6588, #5220, #570, .T. ) ;
#2475 = ORIENTED_EDGE ( 'NONE', *, *, #142, .T. ) ;
#2476 = FACE_OUTER_BOUND ( 'NONE', #3798, .T. ) ;
#2477 = ADVANCED_FACE ( 'NONE', ( #3621 ), #4971, .T. ) ;
#2478 = ORIENTED_EDGE ( 'NONE', *, *, #1977, .F. ) ;
#2479 = CARTESIAN_POINT ( 'NONE',  ( -3.199999999999994400, 0.5999999999999979800, -0.5000000000000000000 ) ) ;
#2480 = DIRECTION ( 'NONE',  ( 1.532073929300149800E-030, 4.388034133981040700E-016, 1.000000000000000000 ) ) ;
#2481 = PLANE ( 'NONE',  #4961 ) ;
#2482 = DIRECTION ( 'NONE',  ( -1.000000000000000000, -0.0000000000000000000, -0.0000000000000000000 ) ) ;
#2483 = CYLINDRICAL_SURFACE ( 'NONE', #5682, 0.05000000000000045400 ) ;
#2484 = ORIENTED_EDGE ( 'NONE', *, *, #5772, .T. ) ;
#2485 = CARTESIAN_POINT ( 'NONE',  ( -5.200000000000000200, 1.350000000000001400, -2.249999999999991600 ) ) ;
#2486 = ORIENTED_EDGE ( 'NONE', *, *, #2145, .T. ) ;
#2487 = CARTESIAN_POINT ( 'NONE',  ( 0.0000000000000000000, 8.500000000000000000, 0.0000000000000000000 ) ) ;
#2488 = CARTESIAN_POINT ( 'NONE',  ( 2.934627863746821900, 8.462182633222909100, -4.651661993451456000 ) ) ;
#2489 = FACE_OUTER_BOUND ( 'NONE', #2972, .T. ) ;
#2490 = DIRECTION ( 'NONE',  ( -0.0000000000000000000, -0.0000000000000000000, -1.000000000000000000 ) ) ;
#2491 = EDGE_CURVE ( 'NONE', #1791, #698, #5757, .T. ) ;
#2492 = FACE_OUTER_BOUND ( 'NONE', #3326, .T. ) ;
#2493 = ORIENTED_EDGE ( 'NONE', *, *, #5137, .T. ) ;
#2494 = CARTESIAN_POINT ( 'NONE',  ( -6.350000000000001400, 1.350000000000000500, 2.500000000000000000 ) ) ;
#2495 = EDGE_CURVE ( 'NONE', #2402, #4238, #1347, .T. ) ;
#2496 = ORIENTED_EDGE ( 'NONE', *, *, #4350, .F. ) ;
#2497 = PLANE ( 'NONE',  #874 ) ;
#2498 = VERTEX_POINT ( 'NONE', #6396 ) ;
#2499 = DIRECTION ( 'NONE',  ( 0.0000000000000000000, 1.000000000000000000, 0.0000000000000000000 ) ) ;
#2500 = CARTESIAN_POINT ( 'NONE',  ( -2.953056658403665000, 6.500000000000000900, 4.639984522846795300 ) ) ;
#2501 = CARTESIAN_POINT ( 'NONE',  ( -3.449999999999997100, 1.350000000000000100, -0.5000000000000000000 ) ) ;
#2502 = ORIENTED_EDGE ( 'NONE', *, *, #6084, .T. ) ;
#2503 = LINE ( 'NONE', #2270, #4468 ) ;
#2504 = AXIS2_PLACEMENT_3D ( 'NONE', #2303, #790, #4378 ) ;
#2505 = EDGE_LOOP ( 'NONE', ( #3708, #435, #1304, #624, #1429 ) ) ;
#2506 = AXIS2_PLACEMENT_3D ( 'NONE', #3704, #630, #1107 ) ;
#2507 = ORIENTED_EDGE ( 'NONE', *, *, #3045, .T. ) ;
#2508 = VECTOR ( 'NONE', #1620, 1000.000000000000000 ) ;
#2509 = ORIENTED_EDGE ( 'NONE', *, *, #2228, .T. ) ;
#2510 = CARTESIAN_POINT ( 'NONE',  ( -4.050000000000001600, -7.372574772901430200E-015, -2.499999999999998200 ) ) ;
#2511 = ORIENTED_EDGE ( 'NONE', *, *, #5137, .F. ) ;
#2512 = EDGE_CURVE ( 'NONE', #2897, #3883, #2722, .T. ) ;
#2513 = DIRECTION ( 'NONE',  ( -1.000000000000000000, 0.0000000000000000000, 0.0000000000000000000 ) ) ;
#2514 = DIRECTION ( 'NONE',  ( -1.000000000000000000, -1.057758217059029100E-016, -9.972380494780813000E-033 ) ) ;
#2515 = LINE ( 'NONE', #5807, #915 ) ;
#2516 = AXIS2_PLACEMENT_3D ( 'NONE', #2564, #1543, #3168 ) ;
#2517 = ORIENTED_EDGE ( 'NONE', *, *, #835, .T. ) ;
#2518 = DIRECTION ( 'NONE',  ( 0.0000000000000000000, 0.0000000000000000000, 1.000000000000000000 ) ) ;
#2519 = SURFACE_STYLE_FILL_AREA ( #5884 ) ;
#2520 = EDGE_CURVE ( 'NONE', #1869, #3385, #2227, .T. ) ;
#2521 = CARTESIAN_POINT ( 'NONE',  ( -5.800000000000001600, 0.5499999999999987100, -0.5000000000000004400 ) ) ;
#2522 = VECTOR ( 'NONE', #1957, 1000.000000000000000 ) ;
#2523 = DIRECTION ( 'NONE',  ( 0.0000000000000000000, 1.000000000000000000, -1.284980352575410700E-015 ) ) ;
#2524 = ORIENTED_EDGE ( 'NONE', *, *, #5415, .T. ) ;
#2525 = FACE_OUTER_BOUND ( 'NONE', #1365, .T. ) ;
#2526 = CARTESIAN_POINT ( 'NONE',  ( 2.953056658403661100, 6.500000000000000900, -4.639984522846795300 ) ) ;
#2527 = DIRECTION ( 'NONE',  ( 0.0000000000000000000, -1.000000000000000000, 0.0000000000000000000 ) ) ;
#2528 = ORIENTED_EDGE ( 'NONE', *, *, #2243, .F. ) ;
#2529 = VERTEX_POINT ( 'NONE', #5919 ) ;
#2530 = VECTOR ( 'NONE', #3712, 1000.000000000000000 ) ;
#2531 = DIRECTION ( 'NONE',  ( 0.0000000000000000000, 1.000000000000000000, 0.0000000000000000000 ) ) ;
#2532 = LINE ( 'NONE', #4604, #5346 ) ;
#2533 = ORIENTED_EDGE ( 'NONE', *, *, #74, .F. ) ;
#2534 = DIRECTION ( 'NONE',  ( -0.0000000000000000000, -1.000000000000000000, -0.0000000000000000000 ) ) ;
#2535 = CIRCLE ( 'NONE', #2073, 0.8000000000000003800 ) ;
#2536 = VECTOR ( 'NONE', #1680, 1000.000000000000000 ) ;
#2537 = DIRECTION ( 'NONE',  ( 1.606225440719266900E-016, -1.000000000000000000, 0.0000000000000000000 ) ) ;
#2538 = EDGE_CURVE ( 'NONE', #2653, #3750, #2556, .T. ) ;
#2539 = LINE ( 'NONE', #5547, #2211 ) ;
#2540 = DIRECTION ( 'NONE',  ( -0.0000000000000000000, 1.000000000000000000, -0.0000000000000000000 ) ) ;
#2541 = AXIS2_PLACEMENT_3D ( 'NONE', #3493, #6041, #6060 ) ;
#2542 = DIRECTION ( 'NONE',  ( 0.0000000000000000000, 9.427844978134822700E-017, -1.000000000000000000 ) ) ;
#2543 = LINE ( 'NONE', #3812, #1411 ) ;
#2544 = LINE ( 'NONE', #4540, #1184 ) ;
#2545 = AXIS2_PLACEMENT_3D ( 'NONE', #3863, #2837, #4862 ) ;
#2546 = ORIENTED_EDGE ( 'NONE', *, *, #4798, .T. ) ;
#2547 = CARTESIAN_POINT ( 'NONE',  ( 1.800000000000000500, 2.149999999999999900, 6.349999999999999600 ) ) ;
#2548 = EDGE_CURVE ( 'NONE', #6458, #3245, #6384, .T. ) ;
#2549 = CIRCLE ( 'NONE', #4755, 0.7500000000000000000 ) ;
#2550 = CARTESIAN_POINT ( 'NONE',  ( 3.199999999999994400, 0.6000000000000009800, 0.5000000000000000000 ) ) ;
#2551 = ORIENTED_EDGE ( 'NONE', *, *, #1464, .T. ) ;
#2552 = AXIS2_PLACEMENT_3D ( 'NONE', #5159, #1530, #2144 ) ;
#2553 = CARTESIAN_POINT ( 'NONE',  ( 4.050000000000001600, 0.5999999999999999800, 3.399999999999999900 ) ) ;
#2554 = AXIS2_PLACEMENT_3D ( 'NONE', #3144, #91, #3662 ) ;
#2555 = CARTESIAN_POINT ( 'NONE',  ( 4.644855132123042000, 8.442995605740634300, -2.945395693611576600 ) ) ;
#2556 = LINE ( 'NONE', #329, #1029 ) ;
#2557 = ORIENTED_EDGE ( 'NONE', *, *, #4905, .F. ) ;
#2558 = DIRECTION ( 'NONE',  ( 1.000000000000000000, 0.0000000000000000000, -0.0000000000000000000 ) ) ;
#2559 = EDGE_CURVE ( 'NONE', #2446, #6050, #5285, .T. ) ;
#2560 = ORIENTED_EDGE ( 'NONE', *, *, #1431, .T. ) ;
#2561 = LINE ( 'NONE', #2716, #2399 ) ;
#2562 = DIRECTION ( 'NONE',  ( 0.0000000000000000000, 0.0000000000000000000, 1.000000000000000000 ) ) ;
#2563 = EDGE_LOOP ( 'NONE', ( #121, #5476, #5808, #3678, #2551 ) ) ;
#2564 = CARTESIAN_POINT ( 'NONE',  ( 1.800000000000000500, 2.799999999999999800, 0.0000000000000000000 ) ) ;
#2565 = VERTEX_POINT ( 'NONE', #2864 ) ;
#2566 = DIRECTION ( 'NONE',  ( -0.0000000000000000000, 1.000000000000000000, 4.336808689942017700E-016 ) ) ;
#2567 = LINE ( 'NONE', #5053, #5062 ) ;
#2568 = ORIENTED_EDGE ( 'NONE', *, *, #2799, .T. ) ;
#2569 = DIRECTION ( 'NONE',  ( 6.023345402697090200E-017, -4.388034133981042600E-016, -1.000000000000000000 ) ) ;
#2570 = CARTESIAN_POINT ( 'NONE',  ( -5.850000000000001400, 1.350000000000000500, 2.500000000000000000 ) ) ;
#2571 = ORIENTED_EDGE ( 'NONE', *, *, #3023, .T. ) ;
#2572 = ADVANCED_FACE ( 'NONE', ( #2394 ), #5371, .T. ) ;
#2573 = ORIENTED_EDGE ( 'NONE', *, *, #2602, .F. ) ;
#2574 = DIRECTION ( 'NONE',  ( 0.0000000000000000000, 0.0000000000000000000, 1.000000000000000000 ) ) ;
#2575 = CARTESIAN_POINT ( 'NONE',  ( -5.850000000000001400, -1.102182119232617700E-015, 2.500000000000000000 ) ) ;
#2576 = ORIENTED_EDGE ( 'NONE', *, *, #2838, .T. ) ;
#2577 = EDGE_CURVE ( 'NONE', #818, #2098, #6148, .T. ) ;
#2578 = CARTESIAN_POINT ( 'NONE',  ( -5.850000000000001400, 1.350000000000000500, -2.500000000000000000 ) ) ;
#2579 = ORIENTED_EDGE ( 'NONE', *, *, #745, .F. ) ;
#2580 = EDGE_CURVE ( 'NONE', #5856, #1443, #3459, .T. ) ;
#2581 = ORIENTED_EDGE ( 'NONE', *, *, #5898, .F. ) ;
#2582 = DIRECTION ( 'NONE',  ( 0.7071067811865438000, -0.7071067811865513500, 0.0000000000000000000 ) ) ;
#2583 = AXIS2_PLACEMENT_3D ( 'NONE', #5564, #3976, #1956 ) ;
#2584 = ORIENTED_EDGE ( 'NONE', *, *, #2887, .F. ) ;
#2585 = CARTESIAN_POINT ( 'NONE',  ( 2.150000000000001700, 0.7499999999999970000, 3.399999999999999900 ) ) ;
#2586 = VECTOR ( 'NONE', #587, 1000.000000000000000 ) ;
#2587 = CARTESIAN_POINT ( 'NONE',  ( 6.350000000000001400, -1.102182119232617700E-015, 2.500000000000000000 ) ) ;
#2588 = ORIENTED_EDGE ( 'NONE', *, *, #2145, .F. ) ;
#2589 = DIRECTION ( 'NONE',  ( 1.000000000000000000, 0.0000000000000000000, -1.532073929300149800E-030 ) ) ;
#2590 = DIRECTION ( 'NONE',  ( 0.0000000000000000000, 1.000000000000000000, 0.0000000000000000000 ) ) ;
#2591 = DIRECTION ( 'NONE',  ( 1.000000000000000000, 0.0000000000000000000, -6.413747168845436200E-031 ) ) ;
#2592 = VECTOR ( 'NONE', #4526, 1000.000000000000000 ) ;
#2593 = ORIENTED_EDGE ( 'NONE', *, *, #2669, .T. ) ;
#2594 = AXIS2_PLACEMENT_3D ( 'NONE', #3014, #5616, #5640 ) ;
#2595 = EDGE_LOOP ( 'NONE', ( #6152, #1544, #2189, #4945 ) ) ;
#2596 = DIRECTION ( 'NONE',  ( 0.0000000000000000000, 9.427844978134822700E-017, -1.000000000000000000 ) ) ;
#2597 = DIRECTION ( 'NONE',  ( 0.0000000000000000000, -9.427844978134823900E-017, 1.000000000000000000 ) ) ;
#2598 = VERTEX_POINT ( 'NONE', #5359 ) ;
#2599 = LINE ( 'NONE', #3002, #1953 ) ;
#2600 = CARTESIAN_POINT ( 'NONE',  ( -1.734723475976807100E-015, 6.500000000000000900, 2.168404344971008900E-015 ) ) ;
#2601 = DIRECTION ( 'NONE',  ( -0.0000000000000000000, -0.0000000000000000000, 1.000000000000000000 ) ) ;
#2602 = EDGE_CURVE ( 'NONE', #4178, #132, #4657, .T. ) ;
#2603 = DIRECTION ( 'NONE',  ( -0.0000000000000000000, 0.0000000000000000000, -1.000000000000000000 ) ) ;
#2604 = VERTEX_POINT ( 'NONE', #770 ) ;
#2605 = CARTESIAN_POINT ( 'NONE',  ( -4.639984522846799700, 8.407162192376379300, 2.953056658403910200 ) ) ;
#2606 = LINE ( 'NONE', #2451, #3097 ) ;
#2607 = DIRECTION ( 'NONE',  ( 1.000000000000000000, 0.0000000000000000000, -1.807003620809169000E-016 ) ) ;
#2608 = ADVANCED_FACE ( 'NONE', ( #4810 ), #226, .T. ) ;
#2609 = EDGE_LOOP ( 'NONE', ( #4697, #5595, #899, #4543 ) ) ;
#2610 = CARTESIAN_POINT ( 'NONE',  ( 4.050000000000001600, -0.8124404748406728300, 0.5000000000000000000 ) ) ;
#2611 = CARTESIAN_POINT ( 'NONE',  ( -6.350000000000001400, 1.350000000000000500, -2.500000000000000000 ) ) ;
#2612 = CARTESIAN_POINT ( 'NONE',  ( -6.350000000000001400, -7.347880794884120700E-016, 0.5000000000000000000 ) ) ;
#2613 = VECTOR ( 'NONE', #3927, 1000.000000000000000 ) ;
#2614 = VERTEX_POINT ( 'NONE', #729 ) ;
#2615 = EDGE_CURVE ( 'NONE', #4967, #4830, #5362, .T. ) ;
#2616 = LINE ( 'NONE', #1597, #1322 ) ;
#2617 = LINE ( 'NONE', #6427, #3449 ) ;
#2618 = ORIENTED_EDGE ( 'NONE', *, *, #1078, .F. ) ;
#2619 = CARTESIAN_POINT ( 'NONE',  ( 5.850000000000001400, 2.149999999999998600, 4.799999999999999800 ) ) ;
#2620 = EDGE_CURVE ( 'NONE', #4594, #1659, #2389, .T. ) ;
#2621 = ORIENTED_EDGE ( 'NONE', *, *, #5276, .F. ) ;
#2622 = CARTESIAN_POINT ( 'NONE',  ( 6.350000000000001400, 8.500000000000000000, 5.549999999999998900 ) ) ;
#2623 = VECTOR ( 'NONE', #2679, 1000.000000000000000 ) ;
#2624 = LINE ( 'NONE', #6502, #5428 ) ;
#2625 = VECTOR ( 'NONE', #3902, 1000.000000000000000 ) ;
#2626 = CARTESIAN_POINT ( 'NONE',  ( -5.850000000000001400, 1.350000000000000300, -4.799999999999999800 ) ) ;
#2627 = EDGE_CURVE ( 'NONE', #1695, #4359, #948, .T. ) ;
#2628 = LINE ( 'NONE', #5719, #6142 ) ;
#2629 = ORIENTED_EDGE ( 'NONE', *, *, #5228, .T. ) ;
#2630 = PLANE ( 'NONE',  #3339 ) ;
#2631 = DIRECTION ( 'NONE',  ( -1.606225440719266900E-016, 1.000000000000000000, 0.0000000000000000000 ) ) ;
#2632 = AXIS2_PLACEMENT_3D ( 'NONE', #543, #2518, #520 ) ;
#2633 = CARTESIAN_POINT ( 'NONE',  ( -3.449999999999994400, 0.8499999999999975400, -2.499999999999998700 ) ) ;
#2634 = CARTESIAN_POINT ( 'NONE',  ( -5.549999999999998900, 7.700000000000000200, 5.549999999999998900 ) ) ;
#2635 = FACE_OUTER_BOUND ( 'NONE', #2019, .T. ) ;
#2636 = ORIENTED_EDGE ( 'NONE', *, *, #716, .T. ) ;
#2637 = DIRECTION ( 'NONE',  ( 1.000000000000000000, -4.731064025391280600E-015, 0.0000000000000000000 ) ) ;
#2638 = DIRECTION ( 'NONE',  ( -0.7071067811865451300, -0.0000000000000000000, 0.7071067811865500200 ) ) ;
#2639 = EDGE_CURVE ( 'NONE', #5570, #6406, #5594, .T. ) ;
#2640 = CARTESIAN_POINT ( 'NONE',  ( 5.850000000000001400, 0.5499999999999988200, 0.5000000000000000000 ) ) ;
#2641 = DIRECTION ( 'NONE',  ( -1.057758217059029100E-016, -1.000000000000000000, 0.0000000000000000000 ) ) ;
#2642 = ADVANCED_FACE ( 'NONE', ( #4262 ), #5846, .T. ) ;
#2643 = CONICAL_SURFACE ( 'NONE', #3554, 4.590000000000000700, 0.7853981633974418400 ) ;
#2644 = ORIENTED_EDGE ( 'NONE', *, *, #1226, .T. ) ;
#2645 = DIRECTION ( 'NONE',  ( 1.000000000000000000, -0.0000000000000000000, -0.0000000000000000000 ) ) ;
#2646 = AXIS2_PLACEMENT_3D ( 'NONE', #3134, #3700, #3653 ) ;
#2647 = ORIENTED_EDGE ( 'NONE', *, *, #4306, .F. ) ;
#2648 = AXIS2_PLACEMENT_3D ( 'NONE', #4768, #685, #2255 ) ;
#2649 = CIRCLE ( 'NONE', #590, 0.1000000000000071900 ) ;
#2650 = CARTESIAN_POINT ( 'NONE',  ( -4.648017536624978500, 8.452521153092812200, 2.940396738405668000 ) ) ;
#2651 = EDGE_CURVE ( 'NONE', #1888, #6346, #1578, .T. ) ;
#2652 = ORIENTED_EDGE ( 'NONE', *, *, #716, .F. ) ;
#2653 = VERTEX_POINT ( 'NONE', #2266 ) ;
#2654 = CARTESIAN_POINT ( 'NONE',  ( 3.199999999999994800, -0.8124404748406730500, -0.5000000000000000000 ) ) ;
#2655 = CARTESIAN_POINT ( 'NONE',  ( -1.734723475976807100E-015, 6.500000000000000900, 5.500000000000001800 ) ) ;
#2656 = CARTESIAN_POINT ( 'NONE',  ( -1.734723475976807100E-015, 8.500000000000000000, -4.589999999999999000 ) ) ;
#2657 = VERTEX_POINT ( 'NONE', #6374 ) ;
#2658 = CARTESIAN_POINT ( 'NONE',  ( -4.655381777947678900, 8.470908548906942700, -2.928731654425473800 ) ) ;
#2659 = ORIENTED_EDGE ( 'NONE', *, *, #1556, .F. ) ;
#2660 = DIRECTION ( 'NONE',  ( 0.0000000000000000000, 1.000000000000000000, 0.0000000000000000000 ) ) ;
#2661 = CARTESIAN_POINT ( 'NONE',  ( -3.199999999999994800, -0.8124404748406739400, -0.2499999999999997800 ) ) ;
#2662 = ORIENTED_EDGE ( 'NONE', *, *, #2454, .T. ) ;
#2663 = ORIENTED_EDGE ( 'NONE', *, *, #2929, .T. ) ;
#2664 = LINE ( 'NONE', #1691, #2100 ) ;
#2665 = CARTESIAN_POINT ( 'NONE',  ( -2.905393483207266800, 8.490477831656829000, 4.669987058684917300 ) ) ;
#2666 = DIRECTION ( 'NONE',  ( 0.0000000000000000000, 0.0000000000000000000, -1.000000000000000000 ) ) ;
#2667 = ORIENTED_EDGE ( 'NONE', *, *, #3906, .F. ) ;
#2668 = ADVANCED_FACE ( 'NONE', ( #2718 ), #5123, .T. ) ;
#2669 = EDGE_CURVE ( 'NONE', #368, #6473, #6531, .T. ) ;
#2670 = EDGE_CURVE ( 'NONE', #1144, #691, #1663, .T. ) ;
#2671 = ORIENTED_EDGE ( 'NONE', *, *, #3886, .T. ) ;
#2672 = DIRECTION ( 'NONE',  ( 0.0000000000000000000, 1.000000000000000000, 0.0000000000000000000 ) ) ;
#2673 = FACE_OUTER_BOUND ( 'NONE', #4586, .T. ) ;
#2674 = ORIENTED_EDGE ( 'NONE', *, *, #3045, .F. ) ;
#2675 = ORIENTED_EDGE ( 'NONE', *, *, #3310, .T. ) ;
#2676 = AXIS2_PLACEMENT_3D ( 'NONE', #4797, #2750, #2794 ) ;
#2677 = ADVANCED_FACE ( 'NONE', ( #2476 ), #3178, .T. ) ;
#2678 = CARTESIAN_POINT ( 'NONE',  ( -1.350000000000001400, 0.8500000000000009800, 2.599999999999990800 ) ) ;
#2679 = DIRECTION ( 'NONE',  ( 0.0000000000000000000, 1.000000000000000000, 2.168404344971015600E-015 ) ) ;
#2680 = FACE_OUTER_BOUND ( 'NONE', #4690, .T. ) ;
#2681 = ORIENTED_EDGE ( 'NONE', *, *, #2226, .T. ) ;
#2682 = CARTESIAN_POINT ( 'NONE',  ( 6.350000000000002300, 2.149999999999999000, 6.349999999999999600 ) ) ;
#2683 = EDGE_CURVE ( 'NONE', #3009, #4140, #334, .T. ) ;
#2684 = DIRECTION ( 'NONE',  ( 1.000000000000000000, -5.421010862427519200E-016, 0.0000000000000000000 ) ) ;
#2685 = AXIS2_PLACEMENT_3D ( 'NONE', #2963, #4439, #2869 ) ;
#2686 = PLANE ( 'NONE',  #3891 ) ;
#2687 = CYLINDRICAL_SURFACE ( 'NONE', #4598, 0.8000000000000003800 ) ;
#2688 = CARTESIAN_POINT ( 'NONE',  ( 3.889087296526016100, 8.500000000000000000, -3.889087296526005500 ) ) ;
#2689 = CIRCLE ( 'NONE', #6139, 0.6000000000000071900 ) ;
#2690 = AXIS2_PLACEMENT_3D ( 'NONE', #5697, #1611, #3257 ) ;
#2691 = CARTESIAN_POINT ( 'NONE',  ( -5.850000000000001400, 1.350000000000000500, 2.500000000000000000 ) ) ;
#2692 = CARTESIAN_POINT ( 'NONE',  ( 5.800000000000001600, 0.5499999999999987100, -0.5000000000000004400 ) ) ;
#2693 = ORIENTED_EDGE ( 'NONE', *, *, #162, .F. ) ;
#2694 = DIRECTION ( 'NONE',  ( 0.0000000000000000000, -0.0000000000000000000, -1.000000000000000000 ) ) ;
#2695 = VECTOR ( 'NONE', #2514, 1000.000000000000000 ) ;
#2696 = EDGE_CURVE ( 'NONE', #3420, #4698, #2877, .T. ) ;
#2697 = VERTEX_POINT ( 'NONE', #5930 ) ;
#2698 = DIRECTION ( 'NONE',  ( 1.000000000000000000, 0.0000000000000000000, 0.0000000000000000000 ) ) ;
#2699 = LINE ( 'NONE', #4759, #2458 ) ;
#2700 = ORIENTED_EDGE ( 'NONE', *, *, #3794, .F. ) ;
#2701 = LINE ( 'NONE', #4582, #778 ) ;
#2702 = PLANE ( 'NONE',  #5765 ) ;
#2703 = CARTESIAN_POINT ( 'NONE',  ( -3.949999999999994400, -2.217572330035600300, -2.499999999999999100 ) ) ;
#2704 = ORIENTED_EDGE ( 'NONE', *, *, #5489, .F. ) ;
#2705 = VECTOR ( 'NONE', #6325, 1000.000000000000000 ) ;
#2707 = ADVANCED_FACE ( 'NONE', ( #2635 ), #4899, .T. ) ;
#2706 = VECTOR ( 'NONE', #2217, 1000.000000000000000 ) ;
#2708 = DIRECTION ( 'NONE',  ( 1.000000000000000000, 8.673617379883937700E-015, 0.0000000000000000000 ) ) ;
#2709 = LINE ( 'NONE', #1397, #3601 ) ;
#2710 = CARTESIAN_POINT ( 'NONE',  ( 4.050000000000001600, 0.4999999999999928400, 2.500000000000000000 ) ) ;
#2711 = LINE ( 'NONE', #3054, #6447 ) ;
#2712 = LINE ( 'NONE', #353, #3764 ) ;
#2713 = ORIENTED_EDGE ( 'NONE', *, *, #4016, .F. ) ;
#2714 = EDGE_CURVE ( 'NONE', #1211, #3201, #3535, .T. ) ;
#2715 = CARTESIAN_POINT ( 'NONE',  ( 6.350000000000001400, 2.149999999999999000, -6.349999999999999600 ) ) ;
#2716 = CARTESIAN_POINT ( 'NONE',  ( -3.011672701341231500E-017, 0.4999999999999788500, -0.4999999999999998900 ) ) ;
#2717 = AXIS2_PLACEMENT_3D ( 'NONE', #5354, #2273, #3796 ) ;
#2718 = FACE_OUTER_BOUND ( 'NONE', #4902, .T. ) ;
#2719 = ORIENTED_EDGE ( 'NONE', *, *, #2103, .F. ) ;
#2720 = DIRECTION ( 'NONE',  ( 0.0000000000000000000, 0.0000000000000000000, -1.000000000000000000 ) ) ;
#2721 = CARTESIAN_POINT ( 'NONE',  ( 1.350000000000001400, 1.350000000000001000, 3.399999999999999900 ) ) ;
#2722 = LINE ( 'NONE', #3397, #3777 ) ;
#2723 = ORIENTED_EDGE ( 'NONE', *, *, #1362, .F. ) ;
#2724 = PRESENTATION_LAYER_ASSIGNMENT (  '', '', ( #2281 ) ) ;
#2725 = CARTESIAN_POINT ( 'NONE',  ( 6.350000000000001400, 1.350000000000000300, -4.799999999999999800 ) ) ;
#2726 = CARTESIAN_POINT ( 'NONE',  ( 4.049999999999999800, 0.4999999999999931700, -2.194017066990490500E-016 ) ) ;
#2727 = ORIENTED_EDGE ( 'NONE', *, *, #6426, .T. ) ;
#2728 = DIRECTION ( 'NONE',  ( 0.0000000000000000000, 0.0000000000000000000, -1.000000000000000000 ) ) ;
#2729 = LINE ( 'NONE', #6253, #1352 ) ;
#2730 = CARTESIAN_POINT ( 'NONE',  ( -0.0000000000000000000, 1.350000000000001000, -3.399999999999999900 ) ) ;
#2731 = ORIENTED_EDGE ( 'NONE', *, *, #2107, .F. ) ;
#2732 = CARTESIAN_POINT ( 'NONE',  ( -1.160364127176698400E-015, 8.500000000000000000, 4.590000000000001600 ) ) ;
#2733 = ORIENTED_EDGE ( 'NONE', *, *, #577, .T. ) ;
#2734 = EDGE_CURVE ( 'NONE', #4648, #4741, #650, .T. ) ;
#2735 = DIRECTION ( 'NONE',  ( -0.0000000000000000000, 1.000000000000000000, 0.0000000000000000000 ) ) ;
#2736 = PLANE ( 'NONE',  #4542 ) ;
#2737 = VERTEX_POINT ( 'NONE', #4884 ) ;
#2738 = LINE ( 'NONE', #4190, #5698 ) ;
#2739 = ADVANCED_FACE ( 'NONE', ( #256 ), #5519, .F. ) ;
#2740 = ORIENTED_EDGE ( 'NONE', *, *, #1925, .F. ) ;
#2741 = ORIENTED_EDGE ( 'NONE', *, *, #680, .T. ) ;
#2742 = CARTESIAN_POINT ( 'NONE',  ( 3.949999999999994400, 0.5999999999999999800, -0.5000000000000000000 ) ) ;
#2743 = EDGE_LOOP ( 'NONE', ( #199, #51, #3309, #6567, #3580, #3948, #4360, #122, #295, #917, #4139, #1609, #1751, #150, #3544, #4205 ) ) ;
#2744 = DIRECTION ( 'NONE',  ( 1.000000000000000000, 0.0000000000000000000, 0.0000000000000000000 ) ) ;
#2745 = EDGE_LOOP ( 'NONE', ( #616, #5453, #3053, #2331, #1064, #1173, #120, #214 ) ) ;
#2746 = VERTEX_POINT ( 'NONE', #6078 ) ;
#2747 = ORIENTED_EDGE ( 'NONE', *, *, #2125, .T. ) ;
#2748 = CARTESIAN_POINT ( 'NONE',  ( 4.639984522846804200, 8.400000000000000400, -2.953056658403648200 ) ) ;
#2749 = EDGE_CURVE ( 'NONE', #1948, #3316, #5679, .T. ) ;
#2750 = DIRECTION ( 'NONE',  ( 0.0000000000000000000, 0.0000000000000000000, 1.000000000000000000 ) ) ;
#2751 = ORIENTED_EDGE ( 'NONE', *, *, #220, .F. ) ;
#2752 = LINE ( 'NONE', #48, #6256 ) ;
#2753 = EDGE_CURVE ( 'NONE', #6050, #4594, #3698, .T. ) ;
#2754 = ORIENTED_EDGE ( 'NONE', *, *, #4781, .T. ) ;
#2755 = PLANE ( 'NONE',  #3770 ) ;
#2756 = CARTESIAN_POINT ( 'NONE',  ( 4.642998424881771900, 8.432949153095448100, 2.948315727079680900 ) ) ;
#2757 = LINE ( 'NONE', #3038, #3171 ) ;
#2758 = DIRECTION ( 'NONE',  ( 1.000000000000000000, -4.336808689942043800E-015, 0.0000000000000000000 ) ) ;
#2759 = CARTESIAN_POINT ( 'NONE',  ( -3.449999999999994400, 0.5999999999999999800, 3.399999999999999900 ) ) ;
#2760 = EDGE_LOOP ( 'NONE', ( #4731, #4039, #1776, #2588, #2922, #4869, #3402, #3884, #2313, #4511 ) ) ;
#2761 = EDGE_CURVE ( 'NONE', #4756, #3450, #172, .T. ) ;
#2762 = EDGE_LOOP ( 'NONE', ( #1679, #4136, #5883, #1529, #775 ) ) ;
#2763 = CARTESIAN_POINT ( 'NONE',  ( 5.850000000000001400, 1.350000000000000500, 0.5000000000000000000 ) ) ;
#2764 = AXIS2_PLACEMENT_3D ( 'NONE', #1137, #4735, #1648 ) ;
#2765 = VERTEX_POINT ( 'NONE', #3762 ) ;
#2766 = ORIENTED_EDGE ( 'NONE', *, *, #2938, .F. ) ;
#2767 = AXIS2_PLACEMENT_3D ( 'NONE', #212, #6239, #4292 ) ;
#2768 = VERTEX_POINT ( 'NONE', #3275 ) ;
#2769 = CARTESIAN_POINT ( 'NONE',  ( 3.199999999999994400, 1.350000000000001000, 0.5000000000000001100 ) ) ;
#2770 = LINE ( 'NONE', #3066, #147 ) ;
#2771 = ADVANCED_FACE ( 'NONE', ( #1110 ), #5050, .T. ) ;
#2772 = DIRECTION ( 'NONE',  ( -0.0000000000000000000, 1.000000000000000000, -0.0000000000000000000 ) ) ;
#2773 = EDGE_CURVE ( 'NONE', #4238, #2410, #1422, .T. ) ;
#2774 = DIRECTION ( 'NONE',  ( -3.154042683594192100E-015, -1.000000000000000000, 0.0000000000000000000 ) ) ;
#2775 = ORIENTED_EDGE ( 'NONE', *, *, #1582, .F. ) ;
#2776 = LINE ( 'NONE', #5984, #3279 ) ;
#2777 = DIRECTION ( 'NONE',  ( -0.0000000000000000000, 1.000000000000000000, -0.0000000000000000000 ) ) ;
#2778 = CARTESIAN_POINT ( 'NONE',  ( -5.549999999999998900, 2.149999999999999900, -6.349999999999999600 ) ) ;
#2779 = CARTESIAN_POINT ( 'NONE',  ( -3.889087296526017900, 8.400000000000000400, -5.189087296526003500 ) ) ;
#2780 = ORIENTED_EDGE ( 'NONE', *, *, #4765, .F. ) ;
#2781 = EDGE_CURVE ( 'NONE', #4026, #5036, #1833, .T. ) ;
#2782 = LINE ( 'NONE', #4714, #1168 ) ;
#2783 = CIRCLE ( 'NONE', #3392, 4.789999999999999100 ) ;
#2784 = VECTOR ( 'NONE', #1438, 1000.000000000000000 ) ;
#2785 = DIRECTION ( 'NONE',  ( -0.0000000000000000000, -1.000000000000000000, -0.0000000000000000000 ) ) ;
#2786 = ORIENTED_EDGE ( 'NONE', *, *, #3526, .T. ) ;
#2787 = FACE_OUTER_BOUND ( 'NONE', #3159, .T. ) ;
#2788 = CIRCLE ( 'NONE', #3686, 0.5500000000000001600 ) ;
#2789 = VECTOR ( 'NONE', #2513, 1000.000000000000000 ) ;
#2790 = CARTESIAN_POINT ( 'NONE',  ( 2.049999999999999800, 0.8499999999999998700, -3.299999999999992700 ) ) ;
#2791 = CARTESIAN_POINT ( 'NONE',  ( -5.850000000000001400, 0.8499999999999998700, 2.500000000000000000 ) ) ;
#2792 = VECTOR ( 'NONE', #1937, 1000.000000000000000 ) ;
#2793 = ORIENTED_EDGE ( 'NONE', *, *, #3573, .F. ) ;
#2794 = DIRECTION ( 'NONE',  ( 1.000000000000000000, 0.0000000000000000000, -0.0000000000000000000 ) ) ;
#2795 = DIRECTION ( 'NONE',  ( -1.000000000000000000, 0.0000000000000000000, -1.532073929300149800E-030 ) ) ;
#2796 = CARTESIAN_POINT ( 'NONE',  ( 6.350000000000001400, 2.149999999999998600, -5.549999999999998900 ) ) ;
#2797 = EDGE_CURVE ( 'NONE', #1153, #445, #2968, .T. ) ;
#2798 = VECTOR ( 'NONE', #333, 1000.000000000000000 ) ;
#2799 = EDGE_CURVE ( 'NONE', #1424, #3892, #2549, .T. ) ;
#2800 = VERTEX_POINT ( 'NONE', #2388 ) ;
#2801 = DIRECTION ( 'NONE',  ( 0.0000000000000000000, 0.0000000000000000000, -1.000000000000000000 ) ) ;
#2802 = CARTESIAN_POINT ( 'NONE',  ( -1.350000000000001400, 1.350000000000000800, 2.599999999999990800 ) ) ;
#2803 = ADVANCED_FACE ( 'NONE', ( #101 ), #5995, .F. ) ;
#2804 = EDGE_CURVE ( 'NONE', #6182, #1024, #5752, .T. ) ;
#2805 = AXIS2_PLACEMENT_3D ( 'NONE', #2047, #3188, #5218 ) ;
#2806 = SPHERICAL_SURFACE ( 'NONE', #3213, 0.8000000000000000400 ) ;
#2807 = ORIENTED_EDGE ( 'NONE', *, *, #6462, .T. ) ;
#2808 = VERTEX_POINT ( 'NONE', #2439 ) ;
#2809 = FACE_OUTER_BOUND ( 'NONE', #1361, .T. ) ;
#2810 = AXIS2_PLACEMENT_3D ( 'NONE', #3567, #6151, #4661 ) ;
#2811 = DIRECTION ( 'NONE',  ( 1.000000000000000000, 0.0000000000000000000, 0.0000000000000000000 ) ) ;
#2812 = DIRECTION ( 'NONE',  ( 6.413747168845436200E-031, -1.836970198721028700E-016, 1.000000000000000000 ) ) ;
#2813 = ORIENTED_EDGE ( 'NONE', *, *, #5332, .T. ) ;
#2814 = LINE ( 'NONE', #5809, #116 ) ;
#2815 = PLANE ( 'NONE',  #382 ) ;
#2816 = CARTESIAN_POINT ( 'NONE',  ( 6.350000000000001400, 1.350000000000000500, -3.399999999999999900 ) ) ;
#2817 = EDGE_CURVE ( 'NONE', #1298, #698, #5435, .T. ) ;
#2818 = DIRECTION ( 'NONE',  ( -0.0000000000000000000, 1.000000000000000000, 0.0000000000000000000 ) ) ;
#2819 = CARTESIAN_POINT ( 'NONE',  ( 1.800000000000000500, 2.799999999999999800, 0.0000000000000000000 ) ) ;
#2820 = CARTESIAN_POINT ( 'NONE',  ( 4.647951633538758300, 8.453478825841415300, 2.940509134214242400 ) ) ;
#2821 = ORIENTED_EDGE ( 'NONE', *, *, #4098, .T. ) ;
#2822 = CARTESIAN_POINT ( 'NONE',  ( -3.889087296526017900, 8.400000000000000400, -3.889087296526003700 ) ) ;
#2823 = ORIENTED_EDGE ( 'NONE', *, *, #4887, .F. ) ;
#2824 = DIRECTION ( 'NONE',  ( 0.0000000000000000000, -1.000000000000000000, 0.0000000000000000000 ) ) ;
#2825 = VERTEX_POINT ( 'NONE', #846 ) ;
#2826 = ORIENTED_EDGE ( 'NONE', *, *, #2491, .F. ) ;
#2827 =( LENGTH_UNIT ( ) NAMED_UNIT ( * ) SI_UNIT ( .MILLI., .METRE. ) );
#2828 = LINE ( 'NONE', #5897, #3885 ) ;
#2829 = ORIENTED_EDGE ( 'NONE', *, *, #4494, .F. ) ;
#2830 = VERTEX_POINT ( 'NONE', #6482 ) ;
#2831 = ORIENTED_EDGE ( 'NONE', *, *, #6334, .T. ) ;
#2832 = LINE ( 'NONE', #4229, #4921 ) ;
#2833 = ADVANCED_FACE ( 'NONE', ( #5210 ), #2913, .F. ) ;
#2834 = ORIENTED_EDGE ( 'NONE', *, *, #4574, .F. ) ;
#2835 = DIRECTION ( 'NONE',  ( 5.204170427930421300E-015, 1.000000000000000000, 0.0000000000000000000 ) ) ;
#2836 = ORIENTED_EDGE ( 'NONE', *, *, #4817, .F. ) ;
#2837 = DIRECTION ( 'NONE',  ( 0.0000000000000000000, 0.0000000000000000000, 1.000000000000000000 ) ) ;
#2838 = EDGE_CURVE ( 'NONE', #3218, #2830, #17, .T. ) ;
#2839 = ORIENTED_EDGE ( 'NONE', *, *, #4101, .T. ) ;
#2840 = CARTESIAN_POINT ( 'NONE',  ( 5.850000000000002300, 0.5499999999999991600, -0.5000000000000004400 ) ) ;
#2841 = PLANE ( 'NONE',  #5462 ) ;
#2842 = CARTESIAN_POINT ( 'NONE',  ( -1.799999999999999600, 2.150000000000000400, -6.349999999999999600 ) ) ;
#2843 = EDGE_CURVE ( 'NONE', #5003, #5865, #4092, .T. ) ;
#2844 = ORIENTED_EDGE ( 'NONE', *, *, #2799, .F. ) ;
#2845 = CARTESIAN_POINT ( 'NONE',  ( -2.049999999999999800, 0.8500000000000003100, 3.299999999999996300 ) ) ;
#2846 = DIRECTION ( 'NONE',  ( 0.0000000000000000000, 0.0000000000000000000, -1.000000000000000000 ) ) ;
#2847 =( NAMED_UNIT ( * ) SI_UNIT ( $, .STERADIAN. ) SOLID_ANGLE_UNIT ( ) );
#2848 = DIRECTION ( 'NONE',  ( 0.0000000000000000000, 0.0000000000000000000, 1.000000000000000000 ) ) ;
#2849 = CYLINDRICAL_SURFACE ( 'NONE', #3568, 0.04999999999999991300 ) ;
#2850 = LINE ( 'NONE', #5063, #690 ) ;
#2851 = VERTEX_POINT ( 'NONE', #6463 ) ;
#2852 = CARTESIAN_POINT ( 'NONE',  ( 0.0000000000000000000, 0.0000000000000000000, 0.0000000000000000000 ) ) ;
#2853 = AXIS2_PLACEMENT_3D ( 'NONE', #6154, #568, #6563 ) ;
#2854 = AXIS2_PLACEMENT_3D ( 'NONE', #2936, #1959, #885 ) ;
#2855 = ORIENTED_EDGE ( 'NONE', *, *, #708, .F. ) ;
#2856 = EDGE_LOOP ( 'NONE', ( #4854, #3282, #3659, #2754, #5360, #1726, #2484, #2675 ) ) ;
#2857 = LINE ( 'NONE', #4163, #850 ) ;
#2858 = PLANE ( 'NONE',  #2904 ) ;
#2859 = EDGE_CURVE ( 'NONE', #2808, #1144, #3935, .T. ) ;
#2860 = DIRECTION ( 'NONE',  ( 1.000000000000000000, 0.0000000000000000000, 0.0000000000000000000 ) ) ;
#2861 = VERTEX_POINT ( 'NONE', #355 ) ;
#2862 = DIRECTION ( 'NONE',  ( 1.000000000000000000, 9.531447670202242400E-017, 0.0000000000000000000 ) ) ;
#2863 = AXIS2_PLACEMENT_3D ( 'NONE', #3262, #5741, #1154 ) ;
#2864 = CARTESIAN_POINT ( 'NONE',  ( -6.350000000000001400, 0.5499999999999967100, 2.500000000000000000 ) ) ;
#2865 = CARTESIAN_POINT ( 'NONE',  ( -6.349999999999998800, 0.5000000000000004400, -6.349999999999999600 ) ) ;
#2866 = FACE_OUTER_BOUND ( 'NONE', #2027, .T. ) ;
#2867 = FACE_OUTER_BOUND ( 'NONE', #4856, .T. ) ;
#2868 = DIRECTION ( 'NONE',  ( -0.0000000000000000000, 0.0000000000000000000, 1.000000000000000000 ) ) ;
#2869 = DIRECTION ( 'NONE',  ( 0.0000000000000000000, 0.0000000000000000000, -1.000000000000000000 ) ) ;
#2870 = FACE_OUTER_BOUND ( 'NONE', #4089, .T. ) ;
#2871 = DIRECTION ( 'NONE',  ( -0.0000000000000000000, -0.0000000000000000000, -1.000000000000000000 ) ) ;
#2872 = CARTESIAN_POINT ( 'NONE',  ( -5.850000000000001400, 1.350000000000000300, -4.799999999999999800 ) ) ;
#2873 = EDGE_CURVE ( 'NONE', #2498, #3854, #6451, .T. ) ;
#2874 = ADVANCED_FACE ( 'NONE', ( #1991 ), #2365, .F. ) ;
#2875 = LINE ( 'NONE', #4316, #711 ) ;
#2876 = EDGE_LOOP ( 'NONE', ( #3585, #6381, #2573, #5089 ) ) ;
#2877 = LINE ( 'NONE', #4943, #1491 ) ;
#2878 = VERTEX_POINT ( 'NONE', #426 ) ;
#2879 = CARTESIAN_POINT ( 'NONE',  ( -1.800000000000000000, 2.150000000000000400, 0.0000000000000000000 ) ) ;
#2880 = CARTESIAN_POINT ( 'NONE',  ( -5.800000000000001600, 0.4999999999999982800, -2.499999999999998700 ) ) ;
#2881 = LINE ( 'NONE', #6581, #4896 ) ;
#2882 = ORIENTED_EDGE ( 'NONE', *, *, #3135, .F. ) ;
#2883 = CARTESIAN_POINT ( 'NONE',  ( -5.549999999999998900, 8.500000000000000000, -5.549999999999998900 ) ) ;
#2884 = DIRECTION ( 'NONE',  ( 0.0000000000000000000, 0.0000000000000000000, 1.000000000000000000 ) ) ;
#2885 = CARTESIAN_POINT ( 'NONE',  ( 0.0000000000000000000, 0.0000000000000000000, -3.399999999999999900 ) ) ;
#2886 = VERTEX_POINT ( 'NONE', #4976 ) ;
#2887 = EDGE_CURVE ( 'NONE', #3298, #3784, #3047, .T. ) ;
#2888 = LINE ( 'NONE', #1766, #1504 ) ;
#2889 =( NAMED_UNIT ( * ) PLANE_ANGLE_UNIT ( ) SI_UNIT ( $, .RADIAN. ) );
#2890 = VERTEX_POINT ( 'NONE', #825 ) ;
#2891 = DIRECTION ( 'NONE',  ( -1.000000000000000000, 0.0000000000000000000, 0.0000000000000000000 ) ) ;
#2892 = ORIENTED_EDGE ( 'NONE', *, *, #3998, .F. ) ;
#2893 = AXIS2_PLACEMENT_3D ( 'NONE', #3324, #174, #2240 ) ;
#2894 = ORIENTED_EDGE ( 'NONE', *, *, #3155, .T. ) ;
#2895 = FACE_OUTER_BOUND ( 'NONE', #1779, .T. ) ;
#2896 = CARTESIAN_POINT ( 'NONE',  ( 6.350000000000001400, 0.5000000000000004400, -6.349999999999999600 ) ) ;
#2897 = VERTEX_POINT ( 'NONE', #1895 ) ;
#2898 = EDGE_CURVE ( 'NONE', #2147, #5847, #5911, .T. ) ;
#2899 = VERTEX_POINT ( 'NONE', #403 ) ;
#2900 = DIRECTION ( 'NONE',  ( -1.000000000000000000, 0.0000000000000000000, 0.0000000000000000000 ) ) ;
#2901 = ORIENTED_EDGE ( 'NONE', *, *, #4939, .T. ) ;
#2902 = ADVANCED_FACE ( 'NONE', ( #4353 ), #4419, .T. ) ;
#2903 = CARTESIAN_POINT ( 'NONE',  ( -2.953056658403663300, 6.500000000000000900, -4.639984522846795300 ) ) ;
#2904 = AXIS2_PLACEMENT_3D ( 'NONE', #4387, #5387, #3815 ) ;
#2905 = DIRECTION ( 'NONE',  ( -0.0000000000000000000, 0.0000000000000000000, -1.000000000000000000 ) ) ;
#2906 = VERTEX_POINT ( 'NONE', #3982 ) ;
#2907 = DIRECTION ( 'NONE',  ( -1.606225440719266900E-016, 1.000000000000000000, -0.0000000000000000000 ) ) ;
#2908 = ORIENTED_EDGE ( 'NONE', *, *, #3022, .F. ) ;
#2909 = CARTESIAN_POINT ( 'NONE',  ( 5.550000000000000700, 2.149999999999998600, -6.349999999999999600 ) ) ;
#2910 = EDGE_CURVE ( 'NONE', #5575, #1922, #6380, .T. ) ;
#2911 = DIRECTION ( 'NONE',  ( 0.0000000000000000000, -1.301042606982605300E-015, 1.000000000000000000 ) ) ;
#2912 = CARTESIAN_POINT ( 'NONE',  ( -5.850000000000001400, 0.5499999999999988200, 0.5000000000000000000 ) ) ;
#2913 = PLANE ( 'NONE',  #2685 ) ;
#2914 = VERTEX_POINT ( 'NONE', #4934 ) ;
#2915 = ORIENTED_EDGE ( 'NONE', *, *, #1370, .T. ) ;
#2916 = LINE ( 'NONE', #2619, #1145 ) ;
#2917 = CARTESIAN_POINT ( 'NONE',  ( -3.889087296526017000, 6.500000000000000900, 5.089087296526003900 ) ) ;
#2918 = DIRECTION ( 'NONE',  ( 1.000000000000000000, 0.0000000000000000000, -0.0000000000000000000 ) ) ;
#2919 = ORIENTED_EDGE ( 'NONE', *, *, #4625, .T. ) ;
#2920 = ORIENTED_EDGE ( 'NONE', *, *, #3917, .F. ) ;
#2921 = LINE ( 'NONE', #450, #452 ) ;
#2922 = ORIENTED_EDGE ( 'NONE', *, *, #3848, .F. ) ;
#2923 = DIRECTION ( 'NONE',  ( 0.0000000000000000000, 1.000000000000000000, 9.427844978134823900E-017 ) ) ;
#2924 = ORIENTED_EDGE ( 'NONE', *, *, #750, .F. ) ;
#2925 = DIRECTION ( 'NONE',  ( 0.0000000000000000000, 0.0000000000000000000, -1.000000000000000000 ) ) ;
#2926 = ORIENTED_EDGE ( 'NONE', *, *, #3451, .T. ) ;
#2927 = DIRECTION ( 'NONE',  ( -1.000000000000000000, 0.0000000000000000000, -0.0000000000000000000 ) ) ;
#2928 = VECTOR ( 'NONE', #6332, 1000.000000000000000 ) ;
#2929 = EDGE_CURVE ( 'NONE', #928, #3170, #3217, .T. ) ;
#2930 = CARTESIAN_POINT ( 'NONE',  ( 2.940396738405680800, 8.452521153092812200, 4.648017536624967900 ) ) ;
#2931 = ORIENTED_EDGE ( 'NONE', *, *, #1362, .T. ) ;
#2932 = EDGE_CURVE ( 'NONE', #6094, #3386, #3367, .T. ) ;
#2933 = DIRECTION ( 'NONE',  ( 0.0000000000000000000, 0.0000000000000000000, 1.000000000000000000 ) ) ;
#2934 = DIRECTION ( 'NONE',  ( 1.000000000000000000, 0.0000000000000000000, 0.0000000000000000000 ) ) ;
#2935 = FACE_OUTER_BOUND ( 'NONE', #1232, .T. ) ;
#2936 = CARTESIAN_POINT ( 'NONE',  ( -5.800000000000001600, 0.5499999999999990500, 2.500000000000000000 ) ) ;
#2937 = PLANE ( 'NONE',  #1295 ) ;
#2938 = EDGE_CURVE ( 'NONE', #1006, #5637, #5746, .T. ) ;
#2939 = DIRECTION ( 'NONE',  ( 6.023345402697180200E-017, -1.836970198721030900E-016, 1.000000000000000000 ) ) ;
#2940 = VERTEX_POINT ( 'NONE', #3531 ) ;
#2941 = DIRECTION ( 'NONE',  ( -0.0000000000000000000, -0.0000000000000000000, 1.000000000000000000 ) ) ;
#2942 = CARTESIAN_POINT ( 'NONE',  ( -5.850000000000001400, -1.102182119232617700E-015, 2.500000000000000000 ) ) ;
#2943 = ADVANCED_FACE ( 'NONE', ( #1190 ), #3576, .T. ) ;
#2944 = ORIENTED_EDGE ( 'NONE', *, *, #2797, .F. ) ;
#2945 = LINE ( 'NONE', #1754, #4633 ) ;
#2946 = CARTESIAN_POINT ( 'NONE',  ( 2.880693323036680000, 8.499129969993253700, -4.685259987437078200 ) ) ;
#2947 = EDGE_LOOP ( 'NONE', ( #939, #840, #2178, #3699 ) ) ;
#2948 = VECTOR ( 'NONE', #326, 1000.000000000000000 ) ;
#2949 = LINE ( 'NONE', #2578, #80 ) ;
#2950 = CARTESIAN_POINT ( 'NONE',  ( -7.311354724890372100E-029, 0.4999999999999790700, -2.194017066990428400E-016 ) ) ;
#2951 = AXIS2_PLACEMENT_3D ( 'NONE', #2378, #3993, #391 ) ;
#2952 = FACE_OUTER_BOUND ( 'NONE', #2269, .T. ) ;
#2953 = DIRECTION ( 'NONE',  ( 0.0000000000000000000, -1.000000000000000000, -4.336808689942017700E-016 ) ) ;
#2954 = ORIENTED_EDGE ( 'NONE', *, *, #4217, .F. ) ;
#2955 = PLANE ( 'NONE',  #3949 ) ;
#2956 = EDGE_CURVE ( 'NONE', #2906, #5863, #6295, .T. ) ;
#2957 = FACE_OUTER_BOUND ( 'NONE', #1902, .T. ) ;
#2958 = FACE_OUTER_BOUND ( 'NONE', #6169, .T. ) ;
#2959 = CARTESIAN_POINT ( 'NONE',  ( 2.049999999999999800, 0.8499999999999998700, 0.0000000000000000000 ) ) ;
#2960 = ADVANCED_FACE ( 'NONE', ( #3124 ), #6546, .T. ) ;
#2961 = DIRECTION ( 'NONE',  ( -6.413747168845436200E-031, -1.836970198721028700E-016, 1.000000000000000000 ) ) ;
#2962 = CARTESIAN_POINT ( 'NONE',  ( 5.850000000000001400, 1.350000000000000500, 0.0000000000000000000 ) ) ;
#2963 = CARTESIAN_POINT ( 'NONE',  ( -5.850000000000001400, 0.0000000000000000000, 0.0000000000000000000 ) ) ;
#2964 = LINE ( 'NONE', #5258, #1336 ) ;
#2965 = CARTESIAN_POINT ( 'NONE',  ( 1.350000000000001400, 0.8500000000000009800, -2.599999999999999600 ) ) ;
#2966 = ORIENTED_EDGE ( 'NONE', *, *, #2749, .T. ) ;
#2967 = PLANE ( 'NONE',  #4704 ) ;
#2968 = LINE ( 'NONE', #2721, #3377 ) ;
#2969 = CARTESIAN_POINT ( 'NONE',  ( 2.874156968663217300, 8.500000000000596900, -4.689272844500328200 ) ) ;
#2970 = ORIENTED_EDGE ( 'NONE', *, *, #10, .T. ) ;
#2971 = EDGE_CURVE ( 'NONE', #2878, #1972, #4807, .T. ) ;
#2972 = EDGE_LOOP ( 'NONE', ( #3338, #4915, #3799, #348, #211, #5158, #4824, #1876 ) ) ;
#2973 = LINE ( 'NONE', #4764, #1840 ) ;
#2974 = EDGE_CURVE ( 'NONE', #2657, #4430, #4176, .T. ) ;
#2975 = VERTEX_POINT ( 'NONE', #953 ) ;
#2976 = ADVANCED_FACE ( 'NONE', ( #250 ), #3028, .F. ) ;
#2977 = ORIENTED_EDGE ( 'NONE', *, *, #609, .F. ) ;
#2978 = CARTESIAN_POINT ( 'NONE',  ( -3.949999999999994400, 0.5999999999999999800, 2.500000000000000400 ) ) ;
#2979 = LINE ( 'NONE', #3017, #4516 ) ;
#2980 = CARTESIAN_POINT ( 'NONE',  ( -5.850000000000001400, 1.350000000000000300, 4.799999999999999800 ) ) ;
#2981 = DIRECTION ( 'NONE',  ( 1.000000000000000000, 0.0000000000000000000, -0.0000000000000000000 ) ) ;
#2982 = CARTESIAN_POINT ( 'NONE',  ( -6.350000000000001400, 1.350000000000000500, 2.500000000000000000 ) ) ;
#2983 = VERTEX_POINT ( 'NONE', #6587 ) ;
#2984 = EDGE_CURVE ( 'NONE', #1453, #5637, #481, .T. ) ;
#2985 = ORIENTED_EDGE ( 'NONE', *, *, #6008, .T. ) ;
#2986 = DIRECTION ( 'NONE',  ( -0.0000000000000000000, -1.000000000000000000, -1.836970198721028700E-016 ) ) ;
#2987 = VECTOR ( 'NONE', #4782, 1000.000000000000000 ) ;
#2988 =( GEOMETRIC_REPRESENTATION_CONTEXT ( 3 ) GLOBAL_UNCERTAINTY_ASSIGNED_CONTEXT ( ( #5009 ) ) GLOBAL_UNIT_ASSIGNED_CONTEXT ( ( #5949, #2889, #2847 ) ) REPRESENTATION_CONTEXT ( 'NONE', 'WORKASPACE' ) );
#2989 = AXIS2_PLACEMENT_3D ( 'NONE', #2865, #5943, #6379 ) ;
#2990 = CARTESIAN_POINT ( 'NONE',  ( 3.907106781186543200, 0.8499999999999975400, 2.500000000000000400 ) ) ;
#2991 = ORIENTED_EDGE ( 'NONE', *, *, #115, .F. ) ;
#2992 = ADVANCED_FACE ( 'NONE', ( #1746 ), #3050, .F. ) ;
#2993 = ORIENTED_EDGE ( 'NONE', *, *, #4478, .F. ) ;
#2994 = DIRECTION ( 'NONE',  ( 8.728139442219866100E-031, -1.836970198721028700E-016, 1.000000000000000000 ) ) ;
#2995 = EDGE_CURVE ( 'NONE', #1071, #2231, #2305, .T. ) ;
#2996 = ORIENTED_EDGE ( 'NONE', *, *, #5469, .F. ) ;
#2997 = VERTEX_POINT ( 'NONE', #6566 ) ;
#2998 = VECTOR ( 'NONE', #3267, 1000.000000000000000 ) ;
#2999 = DIRECTION ( 'NONE',  ( -1.807003620809169200E-016, 0.0000000000000000000, 1.000000000000000000 ) ) ;
#3000 = AXIS2_PLACEMENT_3D ( 'NONE', #583, #4173, #4681 ) ;
#3001 = ORIENTED_EDGE ( 'NONE', *, *, #3828, .F. ) ;
#3002 = CARTESIAN_POINT ( 'NONE',  ( 3.011672701341231500E-017, 0.4999999999999788500, -0.4999999999999998900 ) ) ;
#3003 = EDGE_LOOP ( 'NONE', ( #1459, #1558, #2733, #2681, #2926, #2517, #2662, #1677, #3498, #6329, #1811, #1445, #189, #771, #5888, #1384 ) ) ;
#3004 = FACE_OUTER_BOUND ( 'NONE', #4702, .T. ) ;
#3005 = EDGE_CURVE ( 'NONE', #3754, #4126, #3852, .T. ) ;
#3006 = CARTESIAN_POINT ( 'NONE',  ( -4.050000000000001600, 0.5999999999999999800, -2.499999999999998700 ) ) ;
#3007 = VERTEX_POINT ( 'NONE', #5524 ) ;
#3008 = CARTESIAN_POINT ( 'NONE',  ( -5.549999999999998900, 8.500000000000000000, 6.349999999999999600 ) ) ;
#3009 = VERTEX_POINT ( 'NONE', #907 ) ;
#3010 = DIRECTION ( 'NONE',  ( -0.0000000000000000000, -0.0000000000000000000, -1.000000000000000000 ) ) ;
#3011 = CARTESIAN_POINT ( 'NONE',  ( 5.850000000000001400, 0.5499999999999988200, 2.500000000000000000 ) ) ;
#3012 = VERTEX_POINT ( 'NONE', #3511 ) ;
#3013 = ORIENTED_EDGE ( 'NONE', *, *, #261, .F. ) ;
#3014 = CARTESIAN_POINT ( 'NONE',  ( 5.550000000000000700, 7.700000000000000200, 5.549999999999998900 ) ) ;
#3015 = LINE ( 'NONE', #5275, #6420 ) ;
#3016 = LINE ( 'NONE', #3049, #3345 ) ;
#3017 = CARTESIAN_POINT ( 'NONE',  ( -2.399999999999995900, 0.5000000000000004400, -3.399999999999999900 ) ) ;
#3018 = CARTESIAN_POINT ( 'NONE',  ( -4.050000000000001600, 0.5000000000000004400, 0.5000000000000000000 ) ) ;
#3019 = ORIENTED_EDGE ( 'NONE', *, *, #1332, .F. ) ;
#3020 = CARTESIAN_POINT ( 'NONE',  ( -3.949999999999994400, 0.8500000000000000900, 2.500000000000000000 ) ) ;
#3021 = VECTOR ( 'NONE', #3545, 1000.000000000000000 ) ;
#3022 = EDGE_CURVE ( 'NONE', #5036, #2410, #4423, .T. ) ;
#3023 = EDGE_CURVE ( 'NONE', #4113, #3726, #2067, .T. ) ;
#3024 = ADVANCED_FACE ( 'NONE', ( #4724 ), #2481, .F. ) ;
#3025 = EDGE_LOOP ( 'NONE', ( #6327, #2101, #2723, #2014 ) ) ;
#3026 = DIRECTION ( 'NONE',  ( 0.0000000000000000000, 0.0000000000000000000, -1.000000000000000000 ) ) ;
#3027 = FACE_OUTER_BOUND ( 'NONE', #3223, .T. ) ;
#3028 = PLANE ( 'NONE',  #1087 ) ;
#3029 = FACE_OUTER_BOUND ( 'NONE', #216, .T. ) ;
#3030 = DIRECTION ( 'NONE',  ( -1.000000000000000000, 0.0000000000000000000, 0.0000000000000000000 ) ) ;
#3031 = CARTESIAN_POINT ( 'NONE',  ( -4.050000000000001600, 0.4999999999999930600, -0.5000000000000000000 ) ) ;
#3032 = ORIENTED_EDGE ( 'NONE', *, *, #537, .F. ) ;
#3033 = VECTOR ( 'NONE', #3748, 1000.000000000000000 ) ;
#3034 = CIRCLE ( 'NONE', #4834, 0.2500000000000000000 ) ;
#3035 = VERTEX_POINT ( 'NONE', #5546 ) ;
#3036 = LINE ( 'NONE', #847, #1655 ) ;
#3037 = EDGE_CURVE ( 'NONE', #6109, #812, #6062, .T. ) ;
#3038 = CARTESIAN_POINT ( 'NONE',  ( 1.475000000000008500, 0.5000000000000004400, 1.474999999999998300 ) ) ;
#3039 = CARTESIAN_POINT ( 'NONE',  ( 3.199999999999994800, 1.350000000000001000, 3.399999999999999900 ) ) ;
#3040 = LINE ( 'NONE', #5699, #2470 ) ;
#3041 = FACE_OUTER_BOUND ( 'NONE', #4380, .T. ) ;
#3042 = CARTESIAN_POINT ( 'NONE',  ( 3.449999999999997100, 1.350000000000001000, 0.5000000000000000000 ) ) ;
#3043 = ORIENTED_EDGE ( 'NONE', *, *, #1264, .T. ) ;
#3044 = DIRECTION ( 'NONE',  ( 0.0000000000000000000, 0.0000000000000000000, 1.000000000000000000 ) ) ;
#3045 = EDGE_CURVE ( 'NONE', #860, #2878, #3040, .T. ) ;
#3046 = CARTESIAN_POINT ( 'NONE',  ( -6.350000000000001400, 1.350000000000000500, -2.500000000000000000 ) ) ;
#3047 = LINE ( 'NONE', #806, #418 ) ;
#3048 = ORIENTED_EDGE ( 'NONE', *, *, #6162, .F. ) ;
#3049 = CARTESIAN_POINT ( 'NONE',  ( 4.374999999999977800, -1.475000000000002800, -6.349999999999999600 ) ) ;
#3050 = PLANE ( 'NONE',  #2468 ) ;
#3051 = CARTESIAN_POINT ( 'NONE',  ( 4.050000000000001600, 0.5999999999999999800, 3.399999999999999900 ) ) ;
#3052 = LINE ( 'NONE', #99, #4583 ) ;
#3053 = ORIENTED_EDGE ( 'NONE', *, *, #4101, .F. ) ;
#3054 = CARTESIAN_POINT ( 'NONE',  ( -5.850000000000001400, 2.149999999999998600, 4.799999999999999800 ) ) ;
#3055 = ORIENTED_EDGE ( 'NONE', *, *, #5332, .F. ) ;
#3056 = DIRECTION ( 'NONE',  ( 0.0000000000000000000, 0.0000000000000000000, -1.000000000000000000 ) ) ;
#3057 = ADVANCED_FACE ( 'NONE', ( #2221 ), #3615, .T. ) ;
#3058 = FACE_OUTER_BOUND ( 'NONE', #3514, .T. ) ;
#3059 = VERTEX_POINT ( 'NONE', #5655 ) ;
#3060 = CARTESIAN_POINT ( 'NONE',  ( 4.374999999999977800, -1.475000000000002800, 6.349999999999999600 ) ) ;
#3061 = ORIENTED_EDGE ( 'NONE', *, *, #2190, .T. ) ;
#3062 = CARTESIAN_POINT ( 'NONE',  ( -5.549999999999998900, 2.149999999999999900, 6.349999999999999600 ) ) ;
#3063 = ORIENTED_EDGE ( 'NONE', *, *, #1369, .T. ) ;
#3064 = EDGE_CURVE ( 'NONE', #3007, #6565, #5513, .T. ) ;
#3065 = VECTOR ( 'NONE', #4894, 1000.000000000000000 ) ;
#3066 = CARTESIAN_POINT ( 'NONE',  ( 5.850000000000001400, 1.350000000000000500, -2.500000000000000000 ) ) ;
#3067 = AXIS2_PLACEMENT_3D ( 'NONE', #845, #2387, #1916 ) ;
#3068 = VERTEX_POINT ( 'NONE', #6157 ) ;
#3069 = ORIENTED_EDGE ( 'NONE', *, *, #2107, .T. ) ;
#3070 = DIRECTION ( 'NONE',  ( 1.050973848243612800E-045, -1.836970198721028700E-016, 1.000000000000000000 ) ) ;
#3071 = ORIENTED_EDGE ( 'NONE', *, *, #5368, .F. ) ;
#3072 = EDGE_LOOP ( 'NONE', ( #2831, #506, #3570, #2915 ) ) ;
#3073 = ORIENTED_EDGE ( 'NONE', *, *, #456, .T. ) ;
#3074 = DIRECTION ( 'NONE',  ( 0.0000000000000000000, 9.427844978134823900E-017, -1.000000000000000000 ) ) ;
#3075 = AXIS2_PLACEMENT_3D ( 'NONE', #2553, #2490, #982 ) ;
#3076 = AXIS2_PLACEMENT_3D ( 'NONE', #4928, #2812, #4390 ) ;
#3077 = DIRECTION ( 'NONE',  ( 0.0000000000000000000, -1.000000000000000000, 4.336808689942017700E-016 ) ) ;
#3078 = DIRECTION ( 'NONE',  ( 0.0000000000000000000, -1.000000000000000000, -9.427844978134823900E-017 ) ) ;
#3079 = ORIENTED_EDGE ( 'NONE', *, *, #4910, .F. ) ;
#3080 = VECTOR ( 'NONE', #4779, 1000.000000000000100 ) ;
#3081 = ORIENTED_EDGE ( 'NONE', *, *, #220, .T. ) ;
#3082 = PLANE ( 'NONE',  #4028 ) ;
#3083 = EDGE_CURVE ( 'NONE', #6412, #4430, #3297, .T. ) ;
#3084 = CARTESIAN_POINT ( 'NONE',  ( 4.640405190497294700, 8.414365793561559700, -2.952395982179188300 ) ) ;
#3085 = CARTESIAN_POINT ( 'NONE',  ( -2.150000000000007000, 0.7499999999999916700, -3.399999999999999900 ) ) ;
#3086 = VECTOR ( 'NONE', #4395, 1000.000000000000000 ) ;
#3087 = ORIENTED_EDGE ( 'NONE', *, *, #5690, .T. ) ;
#3088 = DIRECTION ( 'NONE',  ( 0.0000000000000000000, 0.0000000000000000000, 1.000000000000000000 ) ) ;
#3089 = ADVANCED_FACE ( 'NONE', ( #4883 ), #591, .F. ) ;
#3090 = CARTESIAN_POINT ( 'NONE',  ( -5.850000000000001400, -7.347880794884120700E-016, 0.5000000000000000000 ) ) ;
#3091 = DIRECTION ( 'NONE',  ( -0.0000000000000000000, -1.000000000000000000, -0.0000000000000000000 ) ) ;
#3092 = ORIENTED_EDGE ( 'NONE', *, *, #135, .T. ) ;
#3093 = FACE_OUTER_BOUND ( 'NONE', #2401, .T. ) ;
#3094 = ORIENTED_EDGE ( 'NONE', *, *, #6523, .F. ) ;
#3095 = CARTESIAN_POINT ( 'NONE',  ( 4.350000000000001400, 2.149999999999998600, -1.899999999999999700 ) ) ;
#3096 = EDGE_CURVE ( 'NONE', #2746, #1197, #5358, .T. ) ;
#3097 = VECTOR ( 'NONE', #322, 1000.000000000000000 ) ;
#3098 = DIRECTION ( 'NONE',  ( 0.0000000000000000000, 1.000000000000000000, 0.0000000000000000000 ) ) ;
#3099 = CARTESIAN_POINT ( 'NONE',  ( -5.850000000000001400, 1.350000000000000500, 0.0000000000000000000 ) ) ;
#3100 = ORIENTED_EDGE ( 'NONE', *, *, #3631, .T. ) ;
#3101 = EDGE_CURVE ( 'NONE', #2134, #2906, #3691, .T. ) ;
#3102 = DIRECTION ( 'NONE',  ( -1.000000000000000000, 0.0000000000000000000, -0.0000000000000000000 ) ) ;
#3103 = VECTOR ( 'NONE', #5517, 1000.000000000000000 ) ;
#3104 = DIRECTION ( 'NONE',  ( 0.0000000000000000000, 1.000000000000000000, 2.168404344971016000E-015 ) ) ;
#3105 = VERTEX_POINT ( 'NONE', #1061 ) ;
#3106 = FACE_OUTER_BOUND ( 'NONE', #895, .T. ) ;
#3107 = LINE ( 'NONE', #1509, #235 ) ;
#3108 = CARTESIAN_POINT ( 'NONE',  ( 1.350000000000002100, 0.8500000000000009800, -2.600000000000000500 ) ) ;
#3109 = EDGE_CURVE ( 'NONE', #4320, #3437, #867, .T. ) ;
#3110 = DIRECTION ( 'NONE',  ( -0.7071067811865438000, 0.7071067811865513500, 0.0000000000000000000 ) ) ;
#3111 = DIRECTION ( 'NONE',  ( -0.0000000000000000000, -0.0000000000000000000, 1.000000000000000000 ) ) ;
#3112 = AXIS2_PLACEMENT_3D ( 'NONE', #6269, #5203, #5706 ) ;
#3113 = PLANE ( 'NONE',  #167 ) ;
#3114 = EDGE_LOOP ( 'NONE', ( #223, #6244, #6318, #3711, #2844, #4047, #529, #2395, #6199, #2892, #4467, #2731 ) ) ;
#3115 = VECTOR ( 'NONE', #1440, 1000.000000000000000 ) ;
#3116 = LINE ( 'NONE', #522, #1260 ) ;
#3117 = CARTESIAN_POINT ( 'NONE',  ( 5.850000000000001400, 2.149999999999998600, 4.799999999999999800 ) ) ;
#3118 = AXIS2_PLACEMENT_3D ( 'NONE', #4803, #1714, #1740 ) ;
#3119 = VECTOR ( 'NONE', #3563, 1000.000000000000000 ) ;
#3120 = EDGE_LOOP ( 'NONE', ( #2663, #387, #6511, #6557, #2341, #5720, #6116, #3749, #5693, #1273, #1946, #6361, #2216, #5446, #3081, #1598 ) ) ;
#3121 = DIRECTION ( 'NONE',  ( 0.0000000000000000000, 0.0000000000000000000, 1.000000000000000000 ) ) ;
#3122 = UNCERTAINTY_MEASURE_WITH_UNIT (LENGTH_MEASURE( 1.000000000000000100E-005 ), #5678, 'distance_accuracy_value', 'NONE');
#3123 = EDGE_CURVE ( 'NONE', #5171, #969, #4346, .T. ) ;
#3124 = FACE_OUTER_BOUND ( 'NONE', #6031, .T. ) ;
#3125 = CARTESIAN_POINT ( 'NONE',  ( 3.889087296526017000, 6.500000000000000900, 3.889087296526004600 ) ) ;
#3126 = ADVANCED_FACE ( 'NONE', ( #5996 ), #4685, .T. ) ;
#3127 = ORIENTED_EDGE ( 'NONE', *, *, #1979, .T. ) ;
#3128 = PLANE ( 'NONE',  #6178 ) ;
#3129 = CARTESIAN_POINT ( 'NONE',  ( -3.199999999999994400, 0.6000000000000009800, 2.499999999999999600 ) ) ;
#3130 = AXIS2_PLACEMENT_3D ( 'NONE', #4707, #1614, #656 ) ;
#3131 = CARTESIAN_POINT ( 'NONE',  ( -4.050000000000001600, 0.5999999999999999800, 3.399999999999999900 ) ) ;
#3132 = LINE ( 'NONE', #2081, #5915 ) ;
#3133 = ORIENTED_EDGE ( 'NONE', *, *, #111, .T. ) ;
#3134 = CARTESIAN_POINT ( 'NONE',  ( -5.800000000000001600, 0.5499999999999990500, 2.500000000000000000 ) ) ;
#3135 = EDGE_CURVE ( 'NONE', #5847, #3420, #2628, .T. ) ;
#3136 = DIRECTION ( 'NONE',  ( -1.000000000000000000, 0.0000000000000000000, 0.0000000000000000000 ) ) ;
#3137 = DIRECTION ( 'NONE',  ( -1.000000000000000000, 3.491481338843134500E-015, -6.023345402697243000E-017 ) ) ;
#3138 = VECTOR ( 'NONE', #2848, 1000.000000000000000 ) ;
#3139 = DIRECTION ( 'NONE',  ( -1.606225440719266900E-016, 1.000000000000000000, -0.0000000000000000000 ) ) ;
#3140 = DIRECTION ( 'NONE',  ( -0.0000000000000000000, -1.000000000000000000, -0.0000000000000000000 ) ) ;
#3141 = ORIENTED_EDGE ( 'NONE', *, *, #3220, .F. ) ;
#3142 = DIRECTION ( 'NONE',  ( -0.0000000000000000000, 0.0000000000000000000, -1.000000000000000000 ) ) ;
#3143 = ORIENTED_EDGE ( 'NONE', *, *, #5368, .T. ) ;
#3144 = CARTESIAN_POINT ( 'NONE',  ( -3.199999999999994400, 0.5999999999999979800, 3.399999999999999900 ) ) ;
#3145 = CARTESIAN_POINT ( 'NONE',  ( -4.685259987437087000, 8.499129969993253700, -2.880693323036664500 ) ) ;
#3146 = LINE ( 'NONE', #5503, #3786 ) ;
#3147 = DIRECTION ( 'NONE',  ( 1.000000000000000000, 0.0000000000000000000, 0.0000000000000000000 ) ) ;
#3148 = EDGE_LOOP ( 'NONE', ( #4562, #509, #2524, #4711, #5076 ) ) ;
#3149 = DIRECTION ( 'NONE',  ( -1.000000000000000000, 0.0000000000000000000, 0.0000000000000000000 ) ) ;
#3150 = DIRECTION ( 'NONE',  ( 0.0000000000000000000, 0.0000000000000000000, 1.000000000000000000 ) ) ;
#3151 = ORIENTED_EDGE ( 'NONE', *, *, #3083, .F. ) ;
#3152 = LINE ( 'NONE', #3313, #1845 ) ;
#3153 = DIRECTION ( 'NONE',  ( -1.000000000000000000, 3.491481338843134500E-015, -6.023345402697243000E-017 ) ) ;
#3154 = DIRECTION ( 'NONE',  ( 1.000000000000000000, 0.0000000000000000000, 0.0000000000000000000 ) ) ;
#3155 = EDGE_CURVE ( 'NONE', #6249, #1579, #4571, .T. ) ;
#3156 = VERTEX_POINT ( 'NONE', #5633 ) ;
#3157 = EDGE_CURVE ( 'NONE', #1608, #3854, #3209, .T. ) ;
#3158 = CARTESIAN_POINT ( 'NONE',  ( -6.350000000000001400, 1.350000000000000500, 3.399999999999999900 ) ) ;
#3159 = EDGE_LOOP ( 'NONE', ( #6496, #4659, #3094, #5377 ) ) ;
#3160 = EDGE_CURVE ( 'NONE', #4967, #4761, #413, .T. ) ;
#3161 = DIRECTION ( 'NONE',  ( 0.0000000000000000000, -2.168404344971016000E-015, 1.000000000000000000 ) ) ;
#3162 = AXIS2_PLACEMENT_3D ( 'NONE', #2316, #2274, #3869 ) ;
#3163 = ADVANCED_FACE ( 'NONE', ( #566 ), #3113, .T. ) ;
#3164 = ORIENTED_EDGE ( 'NONE', *, *, #1289, .T. ) ;
#3165 = ORIENTED_EDGE ( 'NONE', *, *, #2538, .F. ) ;
#3166 = VECTOR ( 'NONE', #5804, 1000.000000000000000 ) ;
#3167 = DIRECTION ( 'NONE',  ( 0.0000000000000000000, -1.000000000000000000, 0.0000000000000000000 ) ) ;
#3168 = DIRECTION ( 'NONE',  ( 0.0000000000000000000, 0.0000000000000000000, 1.000000000000000000 ) ) ;
#3169 = AXIS2_PLACEMENT_3D ( 'NONE', #4082, #4175, #1081 ) ;
#3170 = VERTEX_POINT ( 'NONE', #1661 ) ;
#3171 = VECTOR ( 'NONE', #943, 1000.000000000000100 ) ;
#3172 = ORIENTED_EDGE ( 'NONE', *, *, #688, .T. ) ;
#3173 = CARTESIAN_POINT ( 'NONE',  ( -1.734723475976807100E-015, 8.500000000000000000, 5.500000000000001800 ) ) ;
#3174 = AXIS2_PLACEMENT_3D ( 'NONE', #827, #4440, #1334 ) ;
#3175 = ORIENTED_EDGE ( 'NONE', *, *, #4814, .F. ) ;
#3176 = CARTESIAN_POINT ( 'NONE',  ( 6.350000000000001400, 2.799999999999999800, -6.349999999999999600 ) ) ;
#3177 = DIRECTION ( 'NONE',  ( 0.0000000000000000000, 0.0000000000000000000, 1.000000000000000000 ) ) ;
#3178 = PLANE ( 'NONE',  #1994 ) ;
#3179 = VECTOR ( 'NONE', #459, 1000.000000000000000 ) ;
#3180 = CARTESIAN_POINT ( 'NONE',  ( 5.850000000000001400, 1.350000000000000500, -2.500000000000000000 ) ) ;
#3181 = DIRECTION ( 'NONE',  ( 0.0000000000000000000, -0.0000000000000000000, -1.000000000000000000 ) ) ;
#3182 = EDGE_CURVE ( 'NONE', #4780, #3835, #3453, .T. ) ;
#3183 = ORIENTED_EDGE ( 'NONE', *, *, #3484, .T. ) ;
#3184 = PLANE ( 'NONE',  #139 ) ;
#3185 = CIRCLE ( 'NONE', #4958, 0.2500000000000000000 ) ;
#3186 = VERTEX_POINT ( 'NONE', #2748 ) ;
#3187 = CARTESIAN_POINT ( 'NONE',  ( 0.0000000000000000000, 0.5000000000000004400, 0.0000000000000000000 ) ) ;
#3188 = DIRECTION ( 'NONE',  ( 0.7071067811865513500, 0.0000000000000000000, -0.7071067811865436900 ) ) ;
#3189 = FACE_OUTER_BOUND ( 'NONE', #4284, .T. ) ;
#3190 = ADVANCED_FACE ( 'NONE', ( #1105 ), #641, .F. ) ;
#3191 = SURFACE_STYLE_USAGE ( .BOTH. , #4185 ) ;
#3192 = ORIENTED_EDGE ( 'NONE', *, *, #2512, .F. ) ;
#3193 = ORIENTED_EDGE ( 'NONE', *, *, #3398, .T. ) ;
#3194 = LINE ( 'NONE', #598, #152 ) ;
#3195 = ORIENTED_EDGE ( 'NONE', *, *, #2520, .F. ) ;
#3196 = CARTESIAN_POINT ( 'NONE',  ( 6.350000000000001400, 0.5499999999999967100, 2.500000000000000000 ) ) ;
#3197 = LINE ( 'NONE', #972, #1254 ) ;
#3198 = CARTESIAN_POINT ( 'NONE',  ( -6.349999999999998800, 2.149999999999998600, -1.899999999999999700 ) ) ;
#3199 = ADVANCED_FACE ( 'NONE', ( #6218 ), #5675, .T. ) ;
#3200 = EDGE_CURVE ( 'NONE', #4855, #1791, #1825, .T. ) ;
#3201 = VERTEX_POINT ( 'NONE', #1706 ) ;
#3202 = CARTESIAN_POINT ( 'NONE',  ( -3.199999999999994400, 1.350000000000001000, 0.5000000000000001100 ) ) ;
#3203 = DIRECTION ( 'NONE',  ( 0.0000000000000000000, -1.000000000000000000, 0.0000000000000000000 ) ) ;
#3204 = LINE ( 'NONE', #4732, #160 ) ;
#3205 = VECTOR ( 'NONE', #5236, 1000.000000000000100 ) ;
#3206 = EDGE_CURVE ( 'NONE', #4449, #2940, #2964, .T. ) ;
#3207 = LINE ( 'NONE', #2412, #854 ) ;
#3208 = CARTESIAN_POINT ( 'NONE',  ( -1.350000000000001400, 1.350000000000001000, 2.599999999999997900 ) ) ;
#3209 = LINE ( 'NONE', #1015, #6526 ) ;
#3210 = LINE ( 'NONE', #330, #482 ) ;
#3211 = EDGE_LOOP ( 'NONE', ( #2829, #5821, #5281, #6550 ) ) ;
#3212 = DIRECTION ( 'NONE',  ( 0.0000000000000000000, 4.336808689942017700E-016, -1.000000000000000000 ) ) ;
#3213 = AXIS2_PLACEMENT_3D ( 'NONE', #1697, #5287, #6383 ) ;
#3214 = DIRECTION ( 'NONE',  ( 0.0000000000000000000, 9.427844978134823900E-017, -1.000000000000000000 ) ) ;
#3215 = DIRECTION ( 'NONE',  ( 2.859434301060672700E-016, 1.000000000000000000, -0.0000000000000000000 ) ) ;
#3216 = AXIS2_PLACEMENT_3D ( 'NONE', #613, #1660, #6200 ) ;
#3217 = LINE ( 'NONE', #887, #1572 ) ;
#3218 = VERTEX_POINT ( 'NONE', #6323 ) ;
#3219 = CARTESIAN_POINT ( 'NONE',  ( -4.693246746792001800, 8.500000000000000000, -2.867653217131787900 ) ) ;
#3220 = EDGE_CURVE ( 'NONE', #3298, #128, #6133, .T. ) ;
#3221 = DIRECTION ( 'NONE',  ( 1.000000000000000000, 0.0000000000000000000, -1.807003620809153700E-016 ) ) ;
#3222 = VECTOR ( 'NONE', #6171, 1000.000000000000000 ) ;
#3223 = EDGE_LOOP ( 'NONE', ( #6194, #5976, #2991 ) ) ;
#3224 = DIRECTION ( 'NONE',  ( 0.0000000000000000000, 0.0000000000000000000, -1.000000000000000000 ) ) ;
#3225 = CARTESIAN_POINT ( 'NONE',  ( 5.800000000000001600, 0.5499999999999987100, -0.5000000000000004400 ) ) ;
#3226 = DIRECTION ( 'NONE',  ( 0.0000000000000000000, -0.0000000000000000000, -1.000000000000000000 ) ) ;
#3227 = ADVANCED_FACE ( 'NONE', ( #5427 ), #4790, .F. ) ;
#3228 = EDGE_LOOP ( 'NONE', ( #1690, #60, #6375, #3271, #5774 ) ) ;
#3229 = AXIS2_PLACEMENT_3D ( 'NONE', #5754, #1700, #2720 ) ;
#3230 = VECTOR ( 'NONE', #5771, 1000.000000000000000 ) ;
#3231 = CARTESIAN_POINT ( 'NONE',  ( -4.349999999999998800, 2.649999999999998600, 1.900000000000000400 ) ) ;
#3232 = EDGE_CURVE ( 'NONE', #451, #4980, #856, .T. ) ;
#3233 = VERTEX_POINT ( 'NONE', #4727 ) ;
#3234 = EDGE_LOOP ( 'NONE', ( #4239, #5181, #1671, #359 ) ) ;
#3235 = CARTESIAN_POINT ( 'NONE',  ( -5.850000000000001400, 1.350000000000000300, -4.799999999999999800 ) ) ;
#3236 = FACE_OUTER_BOUND ( 'NONE', #151, .T. ) ;
#3237 = CARTESIAN_POINT ( 'NONE',  ( 4.050000000000001600, 0.5000000000000004400, 0.5000000000000000000 ) ) ;
#3238 = ORIENTED_EDGE ( 'NONE', *, *, #5937, .F. ) ;
#3239 = ORIENTED_EDGE ( 'NONE', *, *, #947, .F. ) ;
#3240 = CARTESIAN_POINT ( 'NONE',  ( -2.953056658403924800, 8.407162192376377500, -4.639984522846787300 ) ) ;
#3241 = ORIENTED_EDGE ( 'NONE', *, *, #534, .T. ) ;
#3242 = CARTESIAN_POINT ( 'NONE',  ( -3.889087296526017900, 8.400000000000000400, -3.889087296526003700 ) ) ;
#3243 = DIRECTION ( 'NONE',  ( 1.000000000000000000, 0.0000000000000000000, 0.0000000000000000000 ) ) ;
#3244 = DIRECTION ( 'NONE',  ( 0.0000000000000000000, -1.000000000000000000, 0.0000000000000000000 ) ) ;
#3245 = VERTEX_POINT ( 'NONE', #5822 ) ;
#3246 = ORIENTED_EDGE ( 'NONE', *, *, #843, .F. ) ;
#3247 = CARTESIAN_POINT ( 'NONE',  ( -3.449999999999994400, 0.5999999999999999800, -2.499999999999998700 ) ) ;
#3248 = EDGE_CURVE ( 'NONE', #5155, #3726, #4486, .T. ) ;
#3249 = ORIENTED_EDGE ( 'NONE', *, *, #4234, .T. ) ;
#3250 = DIRECTION ( 'NONE',  ( 1.000000000000000000, 0.0000000000000000000, 1.807003620809169200E-016 ) ) ;
#3251 = CIRCLE ( 'NONE', #3112, 1.199999999999999700 ) ;
#3252 = CARTESIAN_POINT ( 'NONE',  ( 5.850000000000002300, 0.5499999999999991600, -0.5000000000000004400 ) ) ;
#3253 = AXIS2_PLACEMENT_3D ( 'NONE', #3371, #3349, #5918 ) ;
#3254 = ORIENTED_EDGE ( 'NONE', *, *, #2066, .T. ) ;
#3255 = EDGE_LOOP ( 'NONE', ( #2279, #281, #3961, #454 ) ) ;
#3256 = AXIS2_PLACEMENT_3D ( 'NONE', #2267, #262, #4272 ) ;
#3257 = DIRECTION ( 'NONE',  ( 1.000000000000000000, 3.491481338843134500E-015, 0.0000000000000000000 ) ) ;
#3258 = DIRECTION ( 'NONE',  ( 1.000000000000000000, -0.0000000000000000000, 0.0000000000000000000 ) ) ;
#3259 = FACE_OUTER_BOUND ( 'NONE', #407, .T. ) ;
#3260 = ADVANCED_FACE ( 'NONE', ( #4800 ), #1217, .F. ) ;
#3261 = ORIENTED_EDGE ( 'NONE', *, *, #440, .T. ) ;
#3262 = CARTESIAN_POINT ( 'NONE',  ( -5.800000000000001600, 0.5499999999999987100, -0.5000000000000004400 ) ) ;
#3263 = EDGE_CURVE ( 'NONE', #5702, #2997, #2381, .T. ) ;
#3264 = DIRECTION ( 'NONE',  ( 1.000000000000000000, 0.0000000000000000000, 0.0000000000000000000 ) ) ;
#3265 = LINE ( 'NONE', #228, #3742 ) ;
#3266 = ORIENTED_EDGE ( 'NONE', *, *, #4557, .T. ) ;
#3267 = DIRECTION ( 'NONE',  ( -0.0000000000000000000, -0.0000000000000000000, -1.000000000000000000 ) ) ;
#3268 = LINE ( 'NONE', #1435, #4861 ) ;
#3269 = CARTESIAN_POINT ( 'NONE',  ( -6.350000000000001400, 1.350000000000000500, 0.5000000000000000000 ) ) ;
#3270 = DIRECTION ( 'NONE',  ( -1.000000000000000000, -0.0000000000000000000, -0.0000000000000000000 ) ) ;
#3271 = ORIENTED_EDGE ( 'NONE', *, *, #4798, .F. ) ;
#3272 = DIRECTION ( 'NONE',  ( 0.0000000000000000000, 0.0000000000000000000, -1.000000000000000000 ) ) ;
#3273 = CARTESIAN_POINT ( 'NONE',  ( -5.850000000000001400, 1.350000000000000500, 2.500000000000000000 ) ) ;
#3274 = EDGE_CURVE ( 'NONE', #3315, #6386, #2875, .T. ) ;
#3275 = CARTESIAN_POINT ( 'NONE',  ( 3.199999999999994800, 0.8499999999999975400, 2.500000000000000400 ) ) ;
#3276 = ORIENTED_EDGE ( 'NONE', *, *, #3502, .F. ) ;
#3277 = CARTESIAN_POINT ( 'NONE',  ( -1.734723475976807100E-015, 6.500000000000000900, 2.168404344971008900E-015 ) ) ;
#3278 = LINE ( 'NONE', #4301, #4786 ) ;
#3279 = VECTOR ( 'NONE', #393, 1000.000000000000000 ) ;
#3280 = DIRECTION ( 'NONE',  ( 1.000000000000000000, -0.0000000000000000000, -0.0000000000000000000 ) ) ;
#3281 = CARTESIAN_POINT ( 'NONE',  ( -3.889087296526017000, 8.400000000000000400, 3.889087296526004600 ) ) ;
#3282 = ORIENTED_EDGE ( 'NONE', *, *, #5787, .T. ) ;
#3283 = VECTOR ( 'NONE', #5262, 1000.000000000000000 ) ;
#3284 = FACE_OUTER_BOUND ( 'NONE', #6180, .T. ) ;
#3285 = CARTESIAN_POINT ( 'NONE',  ( 4.049999999999999800, 0.4999999999999926200, -2.500000000000000400 ) ) ;
#3286 = VECTOR ( 'NONE', #4892, 1000.000000000000000 ) ;
#3287 = VECTOR ( 'NONE', #527, 1000.000000000000000 ) ;
#3288 = LINE ( 'NONE', #2026, #642 ) ;
#3289 = CARTESIAN_POINT ( 'NONE',  ( -5.850000000000003200, -1.626303258728256700E-015, -2.499999999999998200 ) ) ;
#3290 = CARTESIAN_POINT ( 'NONE',  ( 4.050000000000001600, 0.0000000000000000000, 0.5000000000000000000 ) ) ;
#3291 = EDGE_CURVE ( 'NONE', #3896, #5295, #1486, .T. ) ;
#3292 = FACE_OUTER_BOUND ( 'NONE', #3072, .T. ) ;
#3293 = ORIENTED_EDGE ( 'NONE', *, *, #5208, .F. ) ;
#3294 = EDGE_CURVE ( 'NONE', #2340, #6458, #5667, .T. ) ;
#3295 = ADVANCED_FACE ( 'NONE', ( #3683 ), #146, .T. ) ;
#3296 = AXIS2_PLACEMENT_3D ( 'NONE', #1132, #5744, #5243 ) ;
#3297 = LINE ( 'NONE', #1589, #97 ) ;
#3298 = VERTEX_POINT ( 'NONE', #4813 ) ;
#3299 = CARTESIAN_POINT ( 'NONE',  ( 4.350000000000001400, 2.649999999999998600, 1.900000000000000400 ) ) ;
#3300 = FACE_OUTER_BOUND ( 'NONE', #1538, .T. ) ;
#3301 = CARTESIAN_POINT ( 'NONE',  ( 5.550000000000000700, 0.5000000000000004400, -6.349999999999999600 ) ) ;
#3302 = EDGE_LOOP ( 'NONE', ( #2751, #19, #275, #701 ) ) ;
#3303 = CARTESIAN_POINT ( 'NONE',  ( 6.350000000000001400, 1.350000000000000500, 3.399999999999999900 ) ) ;
#3304 = AXIS2_PLACEMENT_3D ( 'NONE', #5138, #581, #3104 ) ;
#3305 = CARTESIAN_POINT ( 'NONE',  ( -3.889087296526017000, 6.500000000000000900, 3.889087296526004600 ) ) ;
#3306 = CIRCLE ( 'NONE', #125, 0.7500000000000000000 ) ;
#3307 = ORIENTED_EDGE ( 'NONE', *, *, #111, .F. ) ;
#3308 = CARTESIAN_POINT ( 'NONE',  ( 4.049999999999999800, 1.350000000000000500, 2.500000000000000400 ) ) ;
#3309 = ORIENTED_EDGE ( 'NONE', *, *, #5672, .F. ) ;
#3310 = EDGE_CURVE ( 'NONE', #4019, #615, #3928, .T. ) ;
#3311 = PLANE ( 'NONE',  #6508 ) ;
#3312 = FACE_OUTER_BOUND ( 'NONE', #1733, .T. ) ;
#3313 = CARTESIAN_POINT ( 'NONE',  ( -6.350000000000001400, -2.217572330035600300, -3.400000000000000400 ) ) ;
#3314 = CARTESIAN_POINT ( 'NONE',  ( -3.949999999999994400, 0.5999999999999999800, 3.399999999999999900 ) ) ;
#3315 = VERTEX_POINT ( 'NONE', #1263 ) ;
#3316 = VERTEX_POINT ( 'NONE', #5341 ) ;
#3317 = LINE ( 'NONE', #4259, #2010 ) ;
#3318 = ORIENTED_EDGE ( 'NONE', *, *, #6456, .T. ) ;
#3319 = CARTESIAN_POINT ( 'NONE',  ( -6.350000000000001400, 1.350000000000000300, -4.799999999999999800 ) ) ;
#3320 = DIRECTION ( 'NONE',  ( -1.606225440719266900E-016, 1.000000000000000000, 0.0000000000000000000 ) ) ;
#3321 = EDGE_CURVE ( 'NONE', #2231, #4178, #4086, .T. ) ;
#3322 = ADVANCED_FACE ( 'NONE', ( #6518 ), #4838, .F. ) ;
#3323 = CARTESIAN_POINT ( 'NONE',  ( 2.399999999999995500, 0.5000000000000004400, 0.0000000000000000000 ) ) ;
#3324 = CARTESIAN_POINT ( 'NONE',  ( 0.0000000000000000000, 1.350000000000001000, 3.399999999999999900 ) ) ;
#3325 = ORIENTED_EDGE ( 'NONE', *, *, #495, .T. ) ;
#3326 = EDGE_LOOP ( 'NONE', ( #5600, #1772, #4233, #1307 ) ) ;
#3327 = LINE ( 'NONE', #4435, #447 ) ;
#3328 = EDGE_CURVE ( 'NONE', #3534, #4035, #5525, .T. ) ;
#3329 = ORIENTED_EDGE ( 'NONE', *, *, #1043, .T. ) ;
#3330 = CARTESIAN_POINT ( 'NONE',  ( -5.549999999999998900, 2.149999999999999900, -6.349999999999999600 ) ) ;
#3331 = DIRECTION ( 'NONE',  ( 0.0000000000000000000, -1.000000000000000000, 0.0000000000000000000 ) ) ;
#3332 = DIRECTION ( 'NONE',  ( -0.0000000000000000000, 1.000000000000000000, -0.0000000000000000000 ) ) ;
#3333 = ORIENTED_EDGE ( 'NONE', *, *, #4592, .T. ) ;
#3334 = VECTOR ( 'NONE', #432, 1000.000000000000000 ) ;
#3335 = PLANE ( 'NONE',  #1127 ) ;
#3336 = CARTESIAN_POINT ( 'NONE',  ( 5.850000000000001400, 2.149999999999997700, -4.799999999999998000 ) ) ;
#3337 = EDGE_LOOP ( 'NONE', ( #5074, #3354, #2509, #1169, #3293, #973 ) ) ;
#3338 = ORIENTED_EDGE ( 'NONE', *, *, #4852, .T. ) ;
#3339 = AXIS2_PLACEMENT_3D ( 'NONE', #4663, #2143, #1141 ) ;
#3340 = CIRCLE ( 'NONE', #1537, 0.8000000000000003800 ) ;
#3341 = ORIENTED_EDGE ( 'NONE', *, *, #5431, .F. ) ;
#3342 = DIRECTION ( 'NONE',  ( -1.000000000000000000, 0.0000000000000000000, 0.0000000000000000000 ) ) ;
#3343 = LINE ( 'NONE', #3761, #5093 ) ;
#3344 = DIRECTION ( 'NONE',  ( 0.0000000000000000000, -1.000000000000000000, -0.0000000000000000000 ) ) ;
#3345 = VECTOR ( 'NONE', #3110, 1000.000000000000000 ) ;
#3346 = EDGE_CURVE ( 'NONE', #4980, #3454, #2061, .T. ) ;
#3347 = CARTESIAN_POINT ( 'NONE',  ( 6.350000000000001400, 1.350000000000000500, 2.500000000000000000 ) ) ;
#3348 = ORIENTED_EDGE ( 'NONE', *, *, #1929, .T. ) ;
#3349 = DIRECTION ( 'NONE',  ( -0.0000000000000000000, -0.0000000000000000000, 1.000000000000000000 ) ) ;
#3350 = AXIS2_PLACEMENT_3D ( 'NONE', #1196, #4248, #2220 ) ;
#3351 = VECTOR ( 'NONE', #5299, 1000.000000000000000 ) ;
#3352 = DIRECTION ( 'NONE',  ( -1.000000000000000000, 0.0000000000000000000, 0.0000000000000000000 ) ) ;
#3353 = CARTESIAN_POINT ( 'NONE',  ( 4.664949968244545000, 8.484498341480710700, 2.913458733837708300 ) ) ;
#3354 = ORIENTED_EDGE ( 'NONE', *, *, #3328, .T. ) ;
#3355 = CARTESIAN_POINT ( 'NONE',  ( 6.350000000000001400, 7.700000000000000200, -5.549999999999998900 ) ) ;
#3356 = EDGE_CURVE ( 'NONE', #3068, #356, #2543, .T. ) ;
#3357 = CIRCLE ( 'NONE', #465, 0.5500000000000001600 ) ;
#3358 = ADVANCED_FACE ( 'NONE', ( #5986 ), #5116, .F. ) ;
#3359 = VERTEX_POINT ( 'NONE', #311 ) ;
#3360 = VECTOR ( 'NONE', #2113, 1000.000000000000000 ) ;
#3361 = FILL_AREA_STYLE_COLOUR ( '', #837 ) ;
#3362 = ORIENTED_EDGE ( 'NONE', *, *, #866, .T. ) ;
#3363 = LINE ( 'NONE', #5779, #3600 ) ;
#3364 = FACE_OUTER_BOUND ( 'NONE', #724, .T. ) ;
#3365 = PLANE ( 'NONE',  #1548 ) ;
#3366 = CARTESIAN_POINT ( 'NONE',  ( -5.850000000000001400, -7.347880794884121700E-016, -0.5000000000000000000 ) ) ;
#3367 = LINE ( 'NONE', #4063, #6373 ) ;
#3368 = CARTESIAN_POINT ( 'NONE',  ( 5.550000000000000700, 0.5000000000000004400, -5.549999999999998900 ) ) ;
#3369 = ORIENTED_EDGE ( 'NONE', *, *, #3630, .F. ) ;
#3370 = CARTESIAN_POINT ( 'NONE',  ( 6.350000000000001400, 1.350000000000000500, 3.399999999999999900 ) ) ;
#3371 = CARTESIAN_POINT ( 'NONE',  ( 5.800000000000001600, 0.5499999999999990500, 2.500000000000000000 ) ) ;
#3372 = CARTESIAN_POINT ( 'NONE',  ( -5.850000000000001400, 1.350000000000000500, 2.500000000000000000 ) ) ;
#3373 = DIRECTION ( 'NONE',  ( 0.0000000000000000000, -0.0000000000000000000, 1.000000000000000000 ) ) ;
#3374 = CARTESIAN_POINT ( 'NONE',  ( -5.800000000000001600, 0.5499999999999987100, -2.499999999999998700 ) ) ;
#3375 = CARTESIAN_POINT ( 'NONE',  ( 4.659941526407688900, 8.478552859834984200, 2.921478113112396400 ) ) ;
#3376 = EDGE_CURVE ( 'NONE', #3648, #3156, #1565, .T. ) ;
#3377 = VECTOR ( 'NONE', #2327, 1000.000000000000000 ) ;
#3378 = DIRECTION ( 'NONE',  ( -0.0000000000000000000, 9.427844978134822700E-017, -1.000000000000000000 ) ) ;
#3379 = EDGE_CURVE ( 'NONE', #5488, #5251, #4644, .T. ) ;
#3380 = VERTEX_POINT ( 'NONE', #764 ) ;
#3381 = SURFACE_SIDE_STYLE ('',( #4036 ) ) ;
#3382 = PLANE ( 'NONE',  #5461 ) ;
#3383 = AXIS2_PLACEMENT_3D ( 'NONE', #3281, #1683, #2153 ) ;
#3384 = CIRCLE ( 'NONE', #3859, 5.500000000000000000 ) ;
#3385 = VERTEX_POINT ( 'NONE', #722 ) ;
#3386 = VERTEX_POINT ( 'NONE', #2300 ) ;
#3387 = EDGE_CURVE ( 'NONE', #873, #1165, #560, .T. ) ;
#3388 = VECTOR ( 'NONE', #4031, 1000.000000000000000 ) ;
#3389 = AXIS2_PLACEMENT_3D ( 'NONE', #3899, #3808, #1235 ) ;
#3390 = ADVANCED_FACE ( 'NONE', ( #2957 ), #4848, .T. ) ;
#3391 = ORIENTED_EDGE ( 'NONE', *, *, #5734, .T. ) ;
#3392 = AXIS2_PLACEMENT_3D ( 'NONE', #2471, #4507, #3499 ) ;
#3393 = VERTEX_POINT ( 'NONE', #4890 ) ;
#3394 = DIRECTION ( 'NONE',  ( -1.000000000000000000, 0.0000000000000000000, 1.807003620809169000E-016 ) ) ;
#3395 = EDGE_LOOP ( 'NONE', ( #5534, #6037, #5912, #3538 ) ) ;
#3396 = LINE ( 'NONE', #2186, #1681 ) ;
#3397 = CARTESIAN_POINT ( 'NONE',  ( -4.049999999999999800, 0.4999999999999926200, -2.500000000000000400 ) ) ;
#3398 = EDGE_CURVE ( 'NONE', #2825, #1704, #2297, .T. ) ;
#3399 = CARTESIAN_POINT ( 'NONE',  ( -6.350000000000001400, 1.350000000000000500, -2.500000000000000000 ) ) ;
#3400 = CARTESIAN_POINT ( 'NONE',  ( 5.550000000000000700, 7.700000000000000200, -6.349999999999999600 ) ) ;
#3401 = DIRECTION ( 'NONE',  ( 0.0000000000000000000, 0.0000000000000000000, -1.000000000000000000 ) ) ;
#3402 = ORIENTED_EDGE ( 'NONE', *, *, #5119, .T. ) ;
#3403 = ORIENTED_EDGE ( 'NONE', *, *, #2817, .T. ) ;
#3404 = CARTESIAN_POINT ( 'NONE',  ( 4.350000000000001400, 2.649999999999998600, 1.900000000000000400 ) ) ;
#3405 = ORIENTED_EDGE ( 'NONE', *, *, #4557, .F. ) ;
#3406 = VERTEX_POINT ( 'NONE', #3290 ) ;
#3407 = ORIENTED_EDGE ( 'NONE', *, *, #1326, .T. ) ;
#3408 = ORIENTED_EDGE ( 'NONE', *, *, #1332, .T. ) ;
#3409 = DIRECTION ( 'NONE',  ( -1.000000000000000000, -3.491481338843134500E-015, 0.0000000000000000000 ) ) ;
#3410 = VERTEX_POINT ( 'NONE', #2796 ) ;
#3411 = LINE ( 'NONE', #4093, #2425 ) ;
#3412 = VERTEX_POINT ( 'NONE', #5903 ) ;
#3413 = CARTESIAN_POINT ( 'NONE',  ( 6.350000000000001400, 2.150000000000001200, -6.349999999999999600 ) ) ;
#3414 = ORIENTED_EDGE ( 'NONE', *, *, #2910, .T. ) ;
#3415 = DIRECTION ( 'NONE',  ( 0.0000000000000000000, 0.0000000000000000000, -1.000000000000000000 ) ) ;
#3416 = EDGE_CURVE ( 'NONE', #2383, #2336, #89, .T. ) ;
#3417 = CIRCLE ( 'NONE', #2415, 1.199999999999999700 ) ;
#3418 = CARTESIAN_POINT ( 'NONE',  ( -6.349999999999998800, 8.500000000000000000, -5.549999999999998900 ) ) ;
#3419 = EDGE_CURVE ( 'NONE', #2529, #3534, #1016, .T. ) ;
#3420 = VERTEX_POINT ( 'NONE', #2845 ) ;
#3421 = CARTESIAN_POINT ( 'NONE',  ( -3.199999999999994800, -7.806255641895631900E-015, 0.5000000000000001100 ) ) ;
#3422 = ADVANCED_FACE ( 'NONE', ( #4959, #6288 ), #6333, .F. ) ;
#3423 = VECTOR ( 'NONE', #989, 1000.000000000000100 ) ;
#3424 = ORIENTED_EDGE ( 'NONE', *, *, #5400, .F. ) ;
#3425 = AXIS2_PLACEMENT_3D ( 'NONE', #389, #3497, #4985 ) ;
#3426 = CIRCLE ( 'NONE', #4038, 0.05000000000000056500 ) ;
#3427 = AXIS2_PLACEMENT_3D ( 'NONE', #911, #6487, #4981 ) ;
#3428 = DIRECTION ( 'NONE',  ( 1.000000000000000000, 0.0000000000000000000, 0.0000000000000000000 ) ) ;
#3429 = VERTEX_POINT ( 'NONE', #3619 ) ;
#3430 = LINE ( 'NONE', #4847, #2046 ) ;
#3431 = ORIENTED_EDGE ( 'NONE', *, *, #2262, .T. ) ;
#3432 = DIRECTION ( 'NONE',  ( -1.000000000000000000, -9.531447670202242400E-017, 0.0000000000000000000 ) ) ;
#3433 = CIRCLE ( 'NONE', #2863, 0.05000000000000056500 ) ;
#3434 = EDGE_CURVE ( 'NONE', #3488, #1317, #2711, .T. ) ;
#3435 = CARTESIAN_POINT ( 'NONE',  ( 3.199999999999994400, 0.5999999999999979800, -0.5000000000000000000 ) ) ;
#3436 = CARTESIAN_POINT ( 'NONE',  ( -6.350000000000001400, -1.102182119232617700E-015, 2.500000000000000000 ) ) ;
#3437 = VERTEX_POINT ( 'NONE', #3598 ) ;
#3438 = DIRECTION ( 'NONE',  ( 0.0000000000000000000, -1.000000000000000000, 4.336808689942017700E-016 ) ) ;
#3439 = CARTESIAN_POINT ( 'NONE',  ( 3.199999999999994800, 0.8499999999999979800, 2.500000000000000400 ) ) ;
#3440 = VECTOR ( 'NONE', #1112, 1000.000000000000000 ) ;
#3441 = VECTOR ( 'NONE', #5717, 1000.000000000000000 ) ;
#3442 = CARTESIAN_POINT ( 'NONE',  ( 4.049999999999999800, 0.4999999999999926200, -3.399999999999999900 ) ) ;
#3443 = CIRCLE ( 'NONE', #3735, 0.7500000000000000000 ) ;
#3444 = DIRECTION ( 'NONE',  ( 0.0000000000000000000, -1.000000000000000000, 0.0000000000000000000 ) ) ;
#3445 = DIRECTION ( 'NONE',  ( 0.0000000000000000000, 1.000000000000000000, 9.427844978134823900E-017 ) ) ;
#3446 = DIRECTION ( 'NONE',  ( 1.084202172485503800E-015, 0.0000000000000000000, 1.000000000000000000 ) ) ;
#3447 = VECTOR ( 'NONE', #674, 1000.000000000000000 ) ;
#3448 = LINE ( 'NONE', #2962, #712 ) ;
#3449 = VECTOR ( 'NONE', #3409, 1000.000000000000000 ) ;
#3450 = VERTEX_POINT ( 'NONE', #3031 ) ;
#3451 = EDGE_CURVE ( 'NONE', #5998, #2247, #165, .T. ) ;
#3452 = DIRECTION ( 'NONE',  ( -0.0000000000000000000, -0.0000000000000000000, -1.000000000000000000 ) ) ;
#3453 = CIRCLE ( 'NONE', #2767, 4.790000000000000900 ) ;
#3454 = VERTEX_POINT ( 'NONE', #3011 ) ;
#3455 = EDGE_CURVE ( 'NONE', #5107, #240, #1100, .T. ) ;
#3456 = ADVANCED_FACE ( 'NONE', ( #5277 ), #5110, .F. ) ;
#3457 = PLANE ( 'NONE',  #1387 ) ;
#3458 = CARTESIAN_POINT ( 'NONE',  ( 6.350000000000001400, 1.350000000000000500, -2.500000000000000000 ) ) ;
#3459 = LINE ( 'NONE', #2816, #2074 ) ;
#3460 = DIRECTION ( 'NONE',  ( -1.000000000000000000, 0.0000000000000000000, 0.0000000000000000000 ) ) ;
#3461 = ORIENTED_EDGE ( 'NONE', *, *, #6417, .F. ) ;
#3462 = CARTESIAN_POINT ( 'NONE',  ( 5.850000000000001400, -1.102182119232617700E-015, 2.500000000000000000 ) ) ;
#3463 = DIRECTION ( 'NONE',  ( 1.000000000000000000, -1.600488921288130900E-015, 0.0000000000000000000 ) ) ;
#3464 = EDGE_CURVE ( 'NONE', #2906, #813, #242, .T. ) ;
#3465 = CARTESIAN_POINT ( 'NONE',  ( 1.800000000000000500, 2.150000000000000400, 0.0000000000000000000 ) ) ;
#3466 = CIRCLE ( 'NONE', #4073, 0.04999999999999969700 ) ;
#3467 = CARTESIAN_POINT ( 'NONE',  ( 6.350000000000001400, 0.5499999999999991600, -2.499999999999998700 ) ) ;
#3468 = ORIENTED_EDGE ( 'NONE', *, *, #559, .F. ) ;
#3469 = DIRECTION ( 'NONE',  ( -0.0000000000000000000, -1.000000000000000000, -0.0000000000000000000 ) ) ;
#3470 = ORIENTED_EDGE ( 'NONE', *, *, #2001, .T. ) ;
#3471 = AXIS2_PLACEMENT_3D ( 'NONE', #5087, #504, #2009 ) ;
#3472 = LINE ( 'NONE', #3873, #735 ) ;
#3473 = DIRECTION ( 'NONE',  ( -1.000000000000000000, 0.0000000000000000000, 0.0000000000000000000 ) ) ;
#3474 = ORIENTED_EDGE ( 'NONE', *, *, #3665, .F. ) ;
#3475 = ORIENTED_EDGE ( 'NONE', *, *, #3867, .T. ) ;
#3476 = EDGE_CURVE ( 'NONE', #5107, #6087, #11, .T. ) ;
#3477 = CARTESIAN_POINT ( 'NONE',  ( -6.349999999999998800, 7.700000000000000200, 5.549999999999998900 ) ) ;
#3478 = CARTESIAN_POINT ( 'NONE',  ( 1.800000000000000500, 2.799999999999999800, -6.349999999999999600 ) ) ;
#3479 = AXIS2_PLACEMENT_3D ( 'NONE', #4555, #4100, #2558 ) ;
#3480 = ORIENTED_EDGE ( 'NONE', *, *, #5035, .T. ) ;
#3481 = DIRECTION ( 'NONE',  ( -0.7071067811865513500, -0.7071067811865438000, 0.0000000000000000000 ) ) ;
#3482 = ORIENTED_EDGE ( 'NONE', *, *, #2974, .F. ) ;
#3483 = CARTESIAN_POINT ( 'NONE',  ( -4.049999999999999800, 1.350000000000001200, -3.399999999999999900 ) ) ;
#3484 = EDGE_CURVE ( 'NONE', #5036, #1236, #5352, .T. ) ;
#3485 = DIRECTION ( 'NONE',  ( -1.000000000000000000, 0.0000000000000000000, 0.0000000000000000000 ) ) ;
#3486 = CARTESIAN_POINT ( 'NONE',  ( 3.889087296526017000, 8.400000000000000400, 3.889087296526004600 ) ) ;
#3487 = CARTESIAN_POINT ( 'NONE',  ( -5.850000000000001400, 2.149999999999997700, -4.799999999999998000 ) ) ;
#3488 = VERTEX_POINT ( 'NONE', #4110 ) ;
#3489 = EDGE_LOOP ( 'NONE', ( #525, #1564, #751, #4522 ) ) ;
#3490 = FACE_OUTER_BOUND ( 'NONE', #396, .T. ) ;
#3491 = CARTESIAN_POINT ( 'NONE',  ( -5.850000000000003200, -1.084202172485504400E-015, 2.500000000000000000 ) ) ;
#3492 = ADVANCED_FACE ( 'NONE', ( #3844 ), #4050, .T. ) ;
#3493 = CARTESIAN_POINT ( 'NONE',  ( 3.889087296526016100, 8.400000000000000400, -3.889087296526005500 ) ) ;
#3494 = ORIENTED_EDGE ( 'NONE', *, *, #309, .F. ) ;
#3495 = LINE ( 'NONE', #721, #2185 ) ;
#3496 = VERTEX_POINT ( 'NONE', #3623 ) ;
#3497 = DIRECTION ( 'NONE',  ( 0.0000000000000000000, 0.0000000000000000000, 1.000000000000000000 ) ) ;
#3498 = ORIENTED_EDGE ( 'NONE', *, *, #5993, .T. ) ;
#3499 = DIRECTION ( 'NONE',  ( 0.0000000000000000000, 0.0000000000000000000, -1.000000000000000000 ) ) ;
#3500 = CARTESIAN_POINT ( 'NONE',  ( -6.350000000000001400, 0.8500000000000000900, 3.399999999999999900 ) ) ;
#3501 = LINE ( 'NONE', #3436, #3660 ) ;
#3502 = EDGE_CURVE ( 'NONE', #1704, #118, #940, .T. ) ;
#3503 = ORIENTED_EDGE ( 'NONE', *, *, #1115, .T. ) ;
#3504 = EDGE_CURVE ( 'NONE', #62, #2052, #5587, .T. ) ;
#3505 = CARTESIAN_POINT ( 'NONE',  ( -4.049999999999999800, 0.4999999999999926200, 2.500000000000000000 ) ) ;
#3506 = ADVANCED_FACE ( 'NONE', ( #2787 ), #547, .F. ) ;
#3507 = DIRECTION ( 'NONE',  ( 3.491481338843134100E-015, -1.000000000000000000, 4.388034133981040700E-016 ) ) ;
#3508 = VECTOR ( 'NONE', #3806, 1000.000000000000000 ) ;
#3509 = CARTESIAN_POINT ( 'NONE',  ( 3.199999999999994400, 0.6000000000000009800, -2.499999999999999100 ) ) ;
#3510 = EDGE_CURVE ( 'NONE', #4599, #5577, #4169, .T. ) ;
#3511 = CARTESIAN_POINT ( 'NONE',  ( -4.639984522846806000, 6.500000000000000900, -2.953056658403646400 ) ) ;
#3512 = FACE_OUTER_BOUND ( 'NONE', #4725, .T. ) ;
#3513 =( GEOMETRIC_REPRESENTATION_CONTEXT ( 3 ) GLOBAL_UNCERTAINTY_ASSIGNED_CONTEXT ( ( #4333 ) ) GLOBAL_UNIT_ASSIGNED_CONTEXT ( ( #1086, #149, #5681 ) ) REPRESENTATION_CONTEXT ( 'NONE', 'WORKASPACE' ) );
#3514 = EDGE_LOOP ( 'NONE', ( #5205, #3778, #3001, #5708, #2241, #3043 ) ) ;
#3515 = CARTESIAN_POINT ( 'NONE',  ( 2.953056658403661100, 8.400000000000000400, 4.639984522846795300 ) ) ;
#3516 = FACE_OUTER_BOUND ( 'NONE', #3120, .T. ) ;
#3517 = DIRECTION ( 'NONE',  ( 1.000000000000000000, -3.491481338843134500E-015, 0.0000000000000000000 ) ) ;
#3518 = AXIS2_PLACEMENT_3D ( 'NONE', #6209, #6145, #4654 ) ;
#3519 = VERTEX_POINT ( 'NONE', #5551 ) ;
#3520 = VECTOR ( 'NONE', #1736, 1000.000000000000000 ) ;
#3521 = CARTESIAN_POINT ( 'NONE',  ( 5.850000000000001400, 2.149999999999998600, 4.799999999999999800 ) ) ;
#3522 = AXIS2_PLACEMENT_3D ( 'NONE', #4913, #5416, #2390 ) ;
#3523 = VECTOR ( 'NONE', #4686, 1000.000000000000000 ) ;
#3524 = CARTESIAN_POINT ( 'NONE',  ( 3.949999999999994400, 0.8499999999999996400, -2.499999999999998700 ) ) ;
#3525 = VERTEX_POINT ( 'NONE', #2547 ) ;
#3526 = EDGE_CURVE ( 'NONE', #4843, #1527, #4254, .T. ) ;
#3527 = FACE_OUTER_BOUND ( 'NONE', #5317, .T. ) ;
#3528 = VECTOR ( 'NONE', #2284, 1000.000000000000000 ) ;
#3529 = LINE ( 'NONE', #1850, #5814 ) ;
#3530 = CARTESIAN_POINT ( 'NONE',  ( -5.549999999999998900, 0.5000000000000004400, -5.549999999999998900 ) ) ;
#3531 = CARTESIAN_POINT ( 'NONE',  ( -5.800000000000001600, 0.4999999999999991700, 2.500000000000000000 ) ) ;
#3532 = VECTOR ( 'NONE', #2589, 1000.000000000000000 ) ;
#3533 = CARTESIAN_POINT ( 'NONE',  ( 2.150000000000003500, 0.8499999999999996400, -3.399999999999999900 ) ) ;
#3534 = VERTEX_POINT ( 'NONE', #6568 ) ;
#3535 = LINE ( 'NONE', #6363, #1272 ) ;
#3536 = CARTESIAN_POINT ( 'NONE',  ( 6.350000000000002300, 2.149999999999999000, -6.349999999999999600 ) ) ;
#3537 = ADVANCED_FACE ( 'NONE', ( #2213 ), #1988, .T. ) ;
#3538 = ORIENTED_EDGE ( 'NONE', *, *, #2495, .T. ) ;
#3539 = MANIFOLD_SOLID_BREP ( 'Chamfer4', #5324 ) ;
#3540 = DIRECTION ( 'NONE',  ( -0.0000000000000000000, 0.0000000000000000000, -1.000000000000000000 ) ) ;
#3541 = CARTESIAN_POINT ( 'NONE',  ( 5.800000000000001600, 0.5499999999999990500, 0.5000000000000000000 ) ) ;
#3542 = VECTOR ( 'NONE', #2537, 1000.000000000000000 ) ;
#3543 = EDGE_CURVE ( 'NONE', #1704, #4067, #3756, .T. ) ;
#3544 = ORIENTED_EDGE ( 'NONE', *, *, #3356, .F. ) ;
#3545 = DIRECTION ( 'NONE',  ( -1.000000000000000000, 3.491481338843134500E-015, 0.0000000000000000000 ) ) ;
#3546 = EDGE_CURVE ( 'NONE', #2737, #3652, #2441, .T. ) ;
#3547 = ORIENTED_EDGE ( 'NONE', *, *, #6276, .T. ) ;
#3548 = TOROIDAL_SURFACE ( 'NONE', #254, 1.299999999999999800, 0.1000000000000000100 ) ;
#3549 = CARTESIAN_POINT ( 'NONE',  ( -4.050000000000001600, 0.5999999999999999800, 3.399999999999999900 ) ) ;
#3550 = CARTESIAN_POINT ( 'NONE',  ( -7.694373207215408800E-029, 0.4999999999999780200, -2.499999999999998700 ) ) ;
#3551 = EDGE_LOOP ( 'NONE', ( #4043, #1780, #289, #6235, #3341 ) ) ;
#3552 = ORIENTED_EDGE ( 'NONE', *, *, #5500, .F. ) ;
#3553 = CARTESIAN_POINT ( 'NONE',  ( -4.639984522846806000, 8.400000000000000400, -2.953056658403646400 ) ) ;
#3554 = AXIS2_PLACEMENT_3D ( 'NONE', #604, #4631, #2666 ) ;
#3555 = ORIENTED_EDGE ( 'NONE', *, *, #2360, .F. ) ;
#3556 = AXIS2_PLACEMENT_3D ( 'NONE', #1399, #5002, #4027 ) ;
#3557 = CARTESIAN_POINT ( 'NONE',  ( -6.350000000000001400, 0.5500000000000034900, -0.5000000000000004400 ) ) ;
#3558 = CARTESIAN_POINT ( 'NONE',  ( -6.350000000000001400, 0.5500000000000034900, -0.5000000000000004400 ) ) ;
#3559 = EDGE_LOOP ( 'NONE', ( #3820, #1050, #3983, #6424, #5494 ) ) ;
#3560 = ORIENTED_EDGE ( 'NONE', *, *, #586, .T. ) ;
#3561 = DIRECTION ( 'NONE',  ( -0.0000000000000000000, -0.0000000000000000000, -1.000000000000000000 ) ) ;
#3562 = EDGE_CURVE ( 'NONE', #2768, #451, #2054, .T. ) ;
#3563 = DIRECTION ( 'NONE',  ( 1.000000000000000000, -0.0000000000000000000, -0.0000000000000000000 ) ) ;
#3564 = EDGE_LOOP ( 'NONE', ( #1088, #3804, #83, #5561, #5844, #1795, #4488, #2328, #2079, #5733 ) ) ;
#3565 = ORIENTED_EDGE ( 'NONE', *, *, #896, .T. ) ;
#3566 = ORIENTED_EDGE ( 'NONE', *, *, #1951, .F. ) ;
#3567 = CARTESIAN_POINT ( 'NONE',  ( -5.549999999999998900, 0.5000000000000004400, 5.549999999999998900 ) ) ;
#3568 = AXIS2_PLACEMENT_3D ( 'NONE', #2330, #253, #4897 ) ;
#3569 = ADVANCED_FACE ( 'NONE', ( #3106 ), #1008, .F. ) ;
#3570 = ORIENTED_EDGE ( 'NONE', *, *, #205, .F. ) ;
#3571 = DIRECTION ( 'NONE',  ( 1.606225440719266900E-016, -1.000000000000000000, 0.0000000000000000000 ) ) ;
#3572 = FACE_OUTER_BOUND ( 'NONE', #2762, .T. ) ;
#3573 = EDGE_CURVE ( 'NONE', #5078, #1106, #4330, .T. ) ;
#3574 = DIRECTION ( 'NONE',  ( 0.0000000000000000000, 1.000000000000000000, 0.0000000000000000000 ) ) ;
#3575 = ORIENTED_EDGE ( 'NONE', *, *, #1628, .F. ) ;
#3576 = PLANE ( 'NONE',  #6428 ) ;
#3577 = B_SPLINE_CURVE_WITH_KNOTS ( 'NONE', 3,
 ( #3671, #5227, #117, #1073, #5206, #1672, #603, #1600, #5270, #6192, #2665, #3694, #663, #4214, #4235, #6167 ),
 .UNSPECIFIED., .F., .F.,
 ( 4, 3, 3, 3, 3, 4 ),
 ( 0.0000000000000000000, 3.342464248130611600E-005, 6.684402765924810100E-005, 0.0001003470100178411800, 0.0001340432361621062300, 0.0001567320148060899200 ),
 .UNSPECIFIED. ) ;
#3578 = PLANE ( 'NONE',  #1508 ) ;
#3579 = VECTOR ( 'NONE', #3270, 1000.000000000000000 ) ;
#3580 = ORIENTED_EDGE ( 'NONE', *, *, #6305, .F. ) ;
#3581 = DIRECTION ( 'NONE',  ( 0.0000000000000000000, -1.000000000000000000, 0.0000000000000000000 ) ) ;
#3582 = VECTOR ( 'NONE', #186, 1000.000000000000000 ) ;
#3583 = VECTOR ( 'NONE', #5472, 1000.000000000000000 ) ;
#3584 = CARTESIAN_POINT ( 'NONE',  ( -6.350000000000001400, 2.149999999999998600, 4.799999999999999800 ) ) ;
#3585 = ORIENTED_EDGE ( 'NONE', *, *, #6146, .F. ) ;
#3586 = CARTESIAN_POINT ( 'NONE',  ( 1.800000000000000500, 2.150000000000000400, 0.0000000000000000000 ) ) ;
#3587 = LINE ( 'NONE', #1630, #1318 ) ;
#3588 = CARTESIAN_POINT ( 'NONE',  ( -6.350000000000001400, 1.350000000000000300, 4.799999999999999800 ) ) ;
#3589 = EDGE_CURVE ( 'NONE', #5331, #2886, #6057, .T. ) ;
#3590 = ORIENTED_EDGE ( 'NONE', *, *, #2159, .F. ) ;
#3591 = ORIENTED_EDGE ( 'NONE', *, *, #5639, .T. ) ;
#3592 = CARTESIAN_POINT ( 'NONE',  ( -5.850000000000001400, 1.350000000000000500, -0.5000000000000003300 ) ) ;
#3593 = FACE_OUTER_BOUND ( 'NONE', #5676, .T. ) ;
#3594 = CARTESIAN_POINT ( 'NONE',  ( 2.399999999999995900, 0.5000000000000004400, -3.399999999999999900 ) ) ;
#3595 = LINE ( 'NONE', #3769, #2452 ) ;
#3596 = DIRECTION ( 'NONE',  ( 0.0000000000000000000, -1.000000000000000000, 0.0000000000000000000 ) ) ;
#3597 = AXIS2_PLACEMENT_3D ( 'NONE', #3435, #779, #1325 ) ;
#3598 = CARTESIAN_POINT ( 'NONE',  ( 2.953056658403661100, 8.400000000000000400, -4.639984522846795300 ) ) ;
#3599 = ORIENTED_EDGE ( 'NONE', *, *, #1301, .F. ) ;
#3600 = VECTOR ( 'NONE', #3679, 1000.000000000000000 ) ;
#3601 = VECTOR ( 'NONE', #937, 1000.000000000000000 ) ;
#3602 = EDGE_CURVE ( 'NONE', #6100, #2238, #632, .T. ) ;
#3603 = CARTESIAN_POINT ( 'NONE',  ( 2.150000000000001700, 1.350000000000000800, 3.399999999999999900 ) ) ;
#3604 = ADVANCED_FACE ( 'NONE', ( #5659 ), #4156, .F. ) ;
#3605 = DIRECTION ( 'NONE',  ( 3.491481338843134100E-015, -1.000000000000000000, -1.836970198721028700E-016 ) ) ;
#3606 =( GEOMETRIC_REPRESENTATION_CONTEXT ( 3 ) GLOBAL_UNCERTAINTY_ASSIGNED_CONTEXT ( ( #3122 ) ) GLOBAL_UNIT_ASSIGNED_CONTEXT ( ( #5678, #5610, #6115 ) ) REPRESENTATION_CONTEXT ( 'NONE', 'WORKASPACE' ) );
#3607 = LINE ( 'NONE', #6287, #1818 ) ;
#3608 = CIRCLE ( 'NONE', #675, 1.300000000000000000 ) ;
#3609 = CIRCLE ( 'NONE', #5892, 0.5500000000000001600 ) ;
#3610 = CARTESIAN_POINT ( 'NONE',  ( -4.639984522846806800, 8.400000000000000400, 2.953056658403647300 ) ) ;
#3611 = ORIENTED_EDGE ( 'NONE', *, *, #3274, .T. ) ;
#3612 = DIRECTION ( 'NONE',  ( 0.0000000000000000000, 0.0000000000000000000, -1.000000000000000000 ) ) ;
#3613 = EDGE_CURVE ( 'NONE', #4263, #39, #2535, .T. ) ;
#3614 = CARTESIAN_POINT ( 'NONE',  ( 3.907106781186543200, 0.8499999999999975400, -2.499999999999998700 ) ) ;
#3615 = CYLINDRICAL_SURFACE ( 'NONE', #832, 0.7499999999999997800 ) ;
#3616 = DIRECTION ( 'NONE',  ( -0.0000000000000000000, -0.0000000000000000000, 1.000000000000000000 ) ) ;
#3617 = ORIENTED_EDGE ( 'NONE', *, *, #2102, .F. ) ;
#3618 = CARTESIAN_POINT ( 'NONE',  ( 0.0000000000000000000, 1.350000000000001000, 3.399999999999999900 ) ) ;
#3619 = CARTESIAN_POINT ( 'NONE',  ( -4.639984522846806800, 6.500000000000000900, 2.953056658403647300 ) ) ;
#3620 = CARTESIAN_POINT ( 'NONE',  ( 6.350000000000001400, 1.350000000000000500, -0.5000000000000003300 ) ) ;
#3621 = FACE_OUTER_BOUND ( 'NONE', #2505, .T. ) ;
#3622 = ORIENTED_EDGE ( 'NONE', *, *, #3157, .T. ) ;
#3623 = CARTESIAN_POINT ( 'NONE',  ( -3.199999999999994400, 1.350000000000000500, 2.500000000000000000 ) ) ;
#3624 = DIRECTION ( 'NONE',  ( 1.000000000000000000, 0.0000000000000000000, -0.0000000000000000000 ) ) ;
#3625 = VECTOR ( 'NONE', #6293, 1000.000000000000000 ) ;
#3626 = ORIENTED_EDGE ( 'NONE', *, *, #1431, .F. ) ;
#3627 = DIRECTION ( 'NONE',  ( 0.7071067811865438000, -0.7071067811865513500, -0.0000000000000000000 ) ) ;
#3628 = ORIENTED_EDGE ( 'NONE', *, *, #2627, .F. ) ;
#3629 = EDGE_LOOP ( 'NONE', ( #35, #1091, #4184, #3636, #3881, #3818, #6291, #6074, #357, #1279 ) ) ;
#3630 = EDGE_CURVE ( 'NONE', #906, #4449, #3204, .T. ) ;
#3631 = EDGE_CURVE ( 'NONE', #993, #1024, #4603, .T. ) ;
#3632 = CYLINDRICAL_SURFACE ( 'NONE', #1942, 1.199999999999999700 ) ;
#3633 = DIRECTION ( 'NONE',  ( 0.0000000000000000000, -9.427844978134822700E-017, -1.000000000000000000 ) ) ;
#3634 = AXIS2_PLACEMENT_3D ( 'NONE', #4802, #2299, #5373 ) ;
#3635 = DIRECTION ( 'NONE',  ( 0.0000000000000000000, 0.0000000000000000000, -1.000000000000000000 ) ) ;
#3636 = ORIENTED_EDGE ( 'NONE', *, *, #496, .T. ) ;
#3637 = ADVANCED_FACE ( 'NONE', ( #4246 ), #5347, .T. ) ;
#3638 = DIRECTION ( 'NONE',  ( -0.0000000000000000000, 1.000000000000000000, -0.0000000000000000000 ) ) ;
#3639 = DIRECTION ( 'NONE',  ( -1.000000000000000000, 0.0000000000000000000, -0.0000000000000000000 ) ) ;
#3640 = CARTESIAN_POINT ( 'NONE',  ( -1.799999999999999600, 0.5000000000000004400, 6.349999999999999600 ) ) ;
#3641 = ORIENTED_EDGE ( 'NONE', *, *, #2053, .T. ) ;
#3642 = ORIENTED_EDGE ( 'NONE', *, *, #3817, .F. ) ;
#3643 = DIRECTION ( 'NONE',  ( 0.0000000000000000000, -1.000000000000000000, -1.301042606982605300E-015 ) ) ;
#3644 = CARTESIAN_POINT ( 'NONE',  ( -6.350000000000001400, 2.149999999999998600, 4.799999999999999800 ) ) ;
#3645 = CARTESIAN_POINT ( 'NONE',  ( 4.693246746792001800, 8.500000000000000000, 2.867653217131789200 ) ) ;
#3646 = DIRECTION ( 'NONE',  ( -1.000000000000000000, -1.606225440719266900E-016, 0.0000000000000000000 ) ) ;
#3647 = ORIENTED_EDGE ( 'NONE', *, *, #2364, .F. ) ;
#3648 = VERTEX_POINT ( 'NONE', #3793 ) ;
#3649 = FACE_OUTER_BOUND ( 'NONE', #1148, .T. ) ;
#3650 = DIRECTION ( 'NONE',  ( 0.0000000000000000000, 1.000000000000000000, 0.0000000000000000000 ) ) ;
#3651 = EDGE_CURVE ( 'NONE', #5611, #1453, #5977, .T. ) ;
#3652 = VERTEX_POINT ( 'NONE', #1710 ) ;
#3653 = DIRECTION ( 'NONE',  ( -1.000000000000000000, 0.0000000000000000000, 0.0000000000000000000 ) ) ;
#3654 = VECTOR ( 'NONE', #198, 1000.000000000000000 ) ;
#3655 = ORIENTED_EDGE ( 'NONE', *, *, #5247, .T. ) ;
#3656 = ORIENTED_EDGE ( 'NONE', *, *, #901, .F. ) ;
#3657 = CARTESIAN_POINT ( 'NONE',  ( 5.850000000000001400, 2.149999999999997700, -4.799999999999998000 ) ) ;
#3658 = CARTESIAN_POINT ( 'NONE',  ( 5.850000000000001400, 0.5499999999999988200, 2.500000000000000000 ) ) ;
#3659 = ORIENTED_EDGE ( 'NONE', *, *, #4660, .T. ) ;
#3660 = VECTOR ( 'NONE', #4972, 1000.000000000000000 ) ;
#3661 = ORIENTED_EDGE ( 'NONE', *, *, #4060, .T. ) ;
#3662 = DIRECTION ( 'NONE',  ( -1.000000000000000000, 0.0000000000000000000, 0.0000000000000000000 ) ) ;
#3663 = ORIENTED_EDGE ( 'NONE', *, *, #5921, .T. ) ;
#3664 = CARTESIAN_POINT ( 'NONE',  ( 3.449999999999994400, 0.8499999999999975400, 2.500000000000000400 ) ) ;
#3665 = EDGE_CURVE ( 'NONE', #5575, #698, #4792, .T. ) ;
#3666 = VECTOR ( 'NONE', #457, 1000.000000000000000 ) ;
#3667 = VECTOR ( 'NONE', #3139, 1000.000000000000000 ) ;
#3668 = ADVANCED_FACE ( 'NONE', ( #4 ), #4416, .T. ) ;
#3669 = EDGE_LOOP ( 'NONE', ( #2826, #1001, #5989, #3403 ) ) ;
#3670 = EDGE_CURVE ( 'NONE', #1617, #4113, #1330, .T. ) ;
#3671 = CARTESIAN_POINT ( 'NONE',  ( -2.953056658403665000, 8.400000000000000400, 4.639984522846795300 ) ) ;
#3672 = LINE ( 'NONE', #4839, #2613 ) ;
#3673 = EDGE_LOOP ( 'NONE', ( #1032, #5467, #2478, #190 ) ) ;
#3674 = DIRECTION ( 'NONE',  ( 0.0000000000000000000, 1.000000000000000000, 0.0000000000000000000 ) ) ;
#3675 = LINE ( 'NONE', #241, #5576 ) ;
#3676 = LINE ( 'NONE', #4465, #4340 ) ;
#3677 = DIRECTION ( 'NONE',  ( 0.0000000000000000000, -1.000000000000000000, -2.168404344971016000E-015 ) ) ;
#3678 = ORIENTED_EDGE ( 'NONE', *, *, #3850, .F. ) ;
#3679 = DIRECTION ( 'NONE',  ( 0.0000000000000000000, 1.000000000000000000, -1.284980352575410700E-015 ) ) ;
#3680 = MECHANICAL_DESIGN_GEOMETRIC_PRESENTATION_REPRESENTATION (  '', ( #2281 ), #2988 ) ;
#3681 = CARTESIAN_POINT ( 'NONE',  ( 4.049999999999999800, 1.350000000000001200, -3.399999999999999900 ) ) ;
#3682 = ORIENTED_EDGE ( 'NONE', *, *, #5268, .T. ) ;
#3683 = FACE_OUTER_BOUND ( 'NONE', #4391, .T. ) ;
#3684 = VECTOR ( 'NONE', #6279, 1000.000000000000000 ) ;
#3685 = DIRECTION ( 'NONE',  ( 1.000000000000000000, -2.859434301060672700E-016, -0.0000000000000000000 ) ) ;
#3686 = AXIS2_PLACEMENT_3D ( 'NONE', #2521, #4150, #6112 ) ;
#3687 = FACE_OUTER_BOUND ( 'NONE', #5454, .T. ) ;
#3688 = CARTESIAN_POINT ( 'NONE',  ( -4.651661993451464900, 8.462182633222909100, -2.934627863746806400 ) ) ;
#3689 = DIRECTION ( 'NONE',  ( -0.0000000000000000000, -1.000000000000000000, -0.0000000000000000000 ) ) ;
#3690 = EDGE_CURVE ( 'NONE', #5086, #873, #400, .T. ) ;
#3691 = LINE ( 'NONE', #5170, #1984 ) ;
#3692 = DIRECTION ( 'NONE',  ( 0.0000000000000000000, 0.0000000000000000000, -1.000000000000000000 ) ) ;
#3693 = ORIENTED_EDGE ( 'NONE', *, *, #2761, .F. ) ;
#3694 = CARTESIAN_POINT ( 'NONE',  ( -2.896332982776820500, 8.494903192430530900, 4.675614942086496300 ) ) ;
#3695 = DIRECTION ( 'NONE',  ( -1.000000000000000000, -4.336808689942043800E-015, 0.0000000000000000000 ) ) ;
#3696 = AXIS2_PLACEMENT_3D ( 'NONE', #2105, #78, #2582 ) ;
#3697 = ADVANCED_FACE ( 'NONE', ( #4566 ), #4841, .T. ) ;
#3698 = LINE ( 'NONE', #4432, #1340 ) ;
#3699 = ORIENTED_EDGE ( 'NONE', *, *, #1513, .F. ) ;
#3700 = DIRECTION ( 'NONE',  ( -0.0000000000000000000, -0.0000000000000000000, -1.000000000000000000 ) ) ;
#3701 = EDGE_CURVE ( 'NONE', #2890, #4774, #6282, .T. ) ;
#3702 = ADVANCED_FACE ( 'NONE', ( #5272 ), #1665, .F. ) ;
#3703 = CIRCLE ( 'NONE', #4671, 0.05000000000000056500 ) ;
#3704 = CARTESIAN_POINT ( 'NONE',  ( 6.350000000000001400, 0.5000000000000004400, -6.349999999999999600 ) ) ;
#3705 = ORIENTED_EDGE ( 'NONE', *, *, #862, .F. ) ;
#3706 = DIRECTION ( 'NONE',  ( 0.0000000000000000000, -0.0000000000000000000, -1.000000000000000000 ) ) ;
#3707 = DIRECTION ( 'NONE',  ( 0.0000000000000000000, 0.0000000000000000000, -1.000000000000000000 ) ) ;
#3708 = ORIENTED_EDGE ( 'NONE', *, *, #6215, .F. ) ;
#3709 = CARTESIAN_POINT ( 'NONE',  ( -4.642998424881772800, 8.432949153095448100, -2.948315727079680500 ) ) ;
#3710 = FACE_OUTER_BOUND ( 'NONE', #5590, .T. ) ;
#3711 = ORIENTED_EDGE ( 'NONE', *, *, #2435, .T. ) ;
#3712 = DIRECTION ( 'NONE',  ( 1.000000000000000000, 0.0000000000000000000, -0.0000000000000000000 ) ) ;
#3713 = CARTESIAN_POINT ( 'NONE',  ( -1.474999999999986300, 0.5000000000000004400, 1.474999999999996500 ) ) ;
#3714 = ORIENTED_EDGE ( 'NONE', *, *, #2268, .F. ) ;
#3715 = DIRECTION ( 'NONE',  ( 0.0000000000000000000, -9.427844978134823900E-017, -1.000000000000000000 ) ) ;
#3716 = EDGE_CURVE ( 'NONE', #5577, #2604, #234, .T. ) ;
#3717 = ORIENTED_EDGE ( 'NONE', *, *, #4306, .T. ) ;
#3718 = ORIENTED_EDGE ( 'NONE', *, *, #183, .F. ) ;
#3719 = EDGE_CURVE ( 'NONE', #6270, #4263, #783, .T. ) ;
#3720 = CARTESIAN_POINT ( 'NONE',  ( 3.949999999999994400, 0.5999999999999999800, 3.399999999999999900 ) ) ;
#3721 = ORIENTED_EDGE ( 'NONE', *, *, #4576, .F. ) ;
#3722 = AXIS2_PLACEMENT_3D ( 'NONE', #3242, #1201, #720 ) ;
#3723 = ORIENTED_EDGE ( 'NONE', *, *, #1146, .T. ) ;
#3724 = VERTEX_POINT ( 'NONE', #6353 ) ;
#3725 = CIRCLE ( 'NONE', #3253, 0.04999999999999969700 ) ;
#3726 = VERTEX_POINT ( 'NONE', #2198 ) ;
#3727 = ORIENTED_EDGE ( 'NONE', *, *, #4033, .T. ) ;
#3728 = ADVANCED_FACE ( 'NONE', ( #2866 ), #4638, .T. ) ;
#3729 = PLANE ( 'NONE',  #6065 ) ;
#3730 = EDGE_CURVE ( 'NONE', #6220, #3385, #1479, .T. ) ;
#3731 = EDGE_LOOP ( 'NONE', ( #2450, #2621, #2141, #6015, #5861, #2432, #1186, #2667 ) ) ;
#3732 = CYLINDRICAL_SURFACE ( 'NONE', #4286, 0.1000000000000071900 ) ;
#3733 = ORIENTED_EDGE ( 'NONE', *, *, #2938, .T. ) ;
#3734 = DIRECTION ( 'NONE',  ( 1.000000000000000000, -0.0000000000000000000, -0.0000000000000000000 ) ) ;
#3735 = AXIS2_PLACEMENT_3D ( 'NONE', #4588, #2569, #3077 ) ;
#3736 = ORIENTED_EDGE ( 'NONE', *, *, #699, .F. ) ;
#3737 = CARTESIAN_POINT ( 'NONE',  ( 4.050000000000001600, 0.5999999999999999800, -0.5000000000000000000 ) ) ;
#3738 = VECTOR ( 'NONE', #2907, 1000.000000000000000 ) ;
#3739 = EDGE_CURVE ( 'NONE', #6474, #2808, #4719, .T. ) ;
#3740 = ORIENTED_EDGE ( 'NONE', *, *, #496, .F. ) ;
#3741 = CARTESIAN_POINT ( 'NONE',  ( -6.349999999999998800, 2.149999999999998600, 1.899999999999999700 ) ) ;
#3742 = VECTOR ( 'NONE', #5292, 1000.000000000000000 ) ;
#3743 = FACE_OUTER_BOUND ( 'NONE', #2229, .T. ) ;
#3744 = EDGE_LOOP ( 'NONE', ( #5289, #5005, #4148, #4245, #3792, #5264 ) ) ;
#3745 = DIRECTION ( 'NONE',  ( -1.000000000000000000, 3.491481338843134500E-015, -0.0000000000000000000 ) ) ;
#3746 = SURFACE_STYLE_FILL_AREA ( #6150 ) ;
#3747 = CARTESIAN_POINT ( 'NONE',  ( -5.850000000000001400, 2.149999999999998600, 4.799999999999999800 ) ) ;
#3748 = DIRECTION ( 'NONE',  ( 1.000000000000000000, -1.600488921288130900E-015, 0.0000000000000000000 ) ) ;
#3749 = ORIENTED_EDGE ( 'NONE', *, *, #2838, .F. ) ;
#3750 = VERTEX_POINT ( 'NONE', #349 ) ;
#3751 = CIRCLE ( 'NONE', #3427, 0.7500000000000000000 ) ;
#3752 = VECTOR ( 'NONE', #3432, 1000.000000000000000 ) ;
#3753 = EDGE_CURVE ( 'NONE', #1835, #195, #4877, .T. ) ;
#3754 = VERTEX_POINT ( 'NONE', #2880 ) ;
#3755 = CARTESIAN_POINT ( 'NONE',  ( -3.199999999999994800, 0.5000000000000004400, 0.2499999999999997800 ) ) ;
#3756 = LINE ( 'NONE', #26, #3440 ) ;
#3758 = ADVANCED_FACE ( 'NONE', ( #549 ), #4886, .F. ) ;
#3757 = LINE ( 'NONE', #2587, #707 ) ;
#3759 = EDGE_CURVE ( 'NONE', #1608, #969, #1891, .T. ) ;
#3760 = CIRCLE ( 'NONE', #3992, 0.2500000000000000000 ) ;
#3761 = CARTESIAN_POINT ( 'NONE',  ( -4.050000000000001600, -6.984871233840144100E-015, 0.4999999999999998900 ) ) ;
#3762 = CARTESIAN_POINT ( 'NONE',  ( 2.150000000000001700, 1.350000000000001000, 3.399999999999999900 ) ) ;
#3763 = VECTOR ( 'NONE', #2566, 1000.000000000000000 ) ;
#3764 = VECTOR ( 'NONE', #2386, 1000.000000000000000 ) ;
#3765 = VERTEX_POINT ( 'NONE', #5389 ) ;
#3766 = DIRECTION ( 'NONE',  ( -1.000000000000000000, -1.600488921288130900E-015, 0.0000000000000000000 ) ) ;
#3767 = AXIS2_PLACEMENT_3D ( 'NONE', #4260, #1208, #4236 ) ;
#3768 = CARTESIAN_POINT ( 'NONE',  ( 5.850000000000001400, 0.0000000000000000000, 0.0000000000000000000 ) ) ;
#3769 = CARTESIAN_POINT ( 'NONE',  ( 5.850000000000002300, 0.5499999999999991600, -2.499999999999998700 ) ) ;
#3770 = AXIS2_PLACEMENT_3D ( 'NONE', #5829, #6268, #1694 ) ;
#3771 = VECTOR ( 'NONE', #5834, 1000.000000000000000 ) ;
#3772 = ORIENTED_EDGE ( 'NONE', *, *, #3719, .T. ) ;
#3773 = DIRECTION ( 'NONE',  ( -0.0000000000000000000, -0.0000000000000000000, 1.000000000000000000 ) ) ;
#3774 = EDGE_CURVE ( 'NONE', #2052, #30, #5810, .T. ) ;
#3775 = PLANE ( 'NONE',  #5840 ) ;
#3776 = CARTESIAN_POINT ( 'NONE',  ( -4.349999999999998800, 2.149999999999998600, 1.899999999999999700 ) ) ;
#3777 = VECTOR ( 'NONE', #3910, 1000.000000000000000 ) ;
#3778 = ORIENTED_EDGE ( 'NONE', *, *, #5710, .F. ) ;
#3779 = CARTESIAN_POINT ( 'NONE',  ( -2.150000000000003500, 1.350000000000001000, -3.399999999999999900 ) ) ;
#3780 = CARTESIAN_POINT ( 'NONE',  ( -6.350000000000001400, 0.5000000000000006700, 3.399999999999999900 ) ) ;
#3781 = LINE ( 'NONE', #3336, #4441 ) ;
#3782 = CARTESIAN_POINT ( 'NONE',  ( 4.049999999999999800, 0.4999999999999926200, -2.500000000000000400 ) ) ;
#3783 = DIRECTION ( 'NONE',  ( 0.0000000000000000000, 0.0000000000000000000, 1.000000000000000000 ) ) ;
#3784 = VERTEX_POINT ( 'NONE', #5867 ) ;
#3785 = CARTESIAN_POINT ( 'NONE',  ( 5.850000000000001400, 2.149999999999998600, 4.799999999999999800 ) ) ;
#3786 = VECTOR ( 'NONE', #2941, 1000.000000000000000 ) ;
#3787 = CARTESIAN_POINT ( 'NONE',  ( 3.949999999999994400, 0.8500000000000000900, 2.500000000000000000 ) ) ;
#3788 = EDGE_CURVE ( 'NONE', #2052, #6187, #1652, .T. ) ;
#3789 = ADVANCED_FACE ( 'NONE', ( #3527 ), #1346, .F. ) ;
#3790 = CARTESIAN_POINT ( 'NONE',  ( -5.800000000000001600, -8.673617379884035500E-016, 0.5000000000000000000 ) ) ;
#3791 = ORIENTED_EDGE ( 'NONE', *, *, #4427, .F. ) ;
#3792 = ORIENTED_EDGE ( 'NONE', *, *, #5710, .T. ) ;
#3793 = CARTESIAN_POINT ( 'NONE',  ( -3.889087296526017900, 8.400000000000000400, -5.089087296526003000 ) ) ;
#3794 = EDGE_CURVE ( 'NONE', #3170, #264, #2127, .T. ) ;
#3795 = DIRECTION ( 'NONE',  ( 6.413747168845436200E-031, 1.836970198721028700E-016, -1.000000000000000000 ) ) ;
#3796 = DIRECTION ( 'NONE',  ( 0.0000000000000000000, -1.000000000000000000, 0.0000000000000000000 ) ) ;
#3797 = CARTESIAN_POINT ( 'NONE',  ( 6.350000000000001400, 0.5500000000000034900, -0.5000000000000004400 ) ) ;
#3798 = EDGE_LOOP ( 'NONE', ( #946, #5703, #4059, #3642, #4227, #1030, #5030, #6344, #4911, #5961, #443, #33 ) ) ;
#3799 = ORIENTED_EDGE ( 'NONE', *, *, #6475, .T. ) ;
#3800 = CARTESIAN_POINT ( 'NONE',  ( 3.889087296526017000, 6.500000000000000900, 3.889087296526004600 ) ) ;
#3801 = CARTESIAN_POINT ( 'NONE',  ( 6.350000000000001400, 1.350000000000000300, -4.799999999999999800 ) ) ;
#3802 = EDGE_CURVE ( 'NONE', #2402, #451, #5889, .T. ) ;
#3803 = DIRECTION ( 'NONE',  ( 0.7071067811865517900, -0.7071067811865433500, 0.0000000000000000000 ) ) ;
#3804 = ORIENTED_EDGE ( 'NONE', *, *, #5751, .F. ) ;
#3805 = ORIENTED_EDGE ( 'NONE', *, *, #1894, .T. ) ;
#3806 = DIRECTION ( 'NONE',  ( -0.0000000000000000000, -0.0000000000000000000, 1.000000000000000000 ) ) ;
#3807 = CIRCLE ( 'NONE', #1982, 1.300000000000000000 ) ;
#3808 = DIRECTION ( 'NONE',  ( -3.491481338843134500E-015, -1.000000000000000000, -1.836970198721028700E-016 ) ) ;
#3809 = AXIS2_PLACEMENT_3D ( 'NONE', #3737, #6247, #3221 ) ;
#3810 = ORIENTED_EDGE ( 'NONE', *, *, #5211, .T. ) ;
#3811 = AXIS2_PLACEMENT_3D ( 'NONE', #2779, #6311, #5355 ) ;
#3812 = CARTESIAN_POINT ( 'NONE',  ( 5.850000000000001400, 1.350000000000000500, 2.500000000000000000 ) ) ;
#3813 = VECTOR ( 'NONE', #5530, 1000.000000000000000 ) ;
#3814 = ORIENTED_EDGE ( 'NONE', *, *, #2773, .T. ) ;
#3815 = DIRECTION ( 'NONE',  ( 0.0000000000000000000, 0.0000000000000000000, -1.000000000000000000 ) ) ;
#3816 = ORIENTED_EDGE ( 'NONE', *, *, #2559, .T. ) ;
#3817 = EDGE_CURVE ( 'NONE', #3750, #2446, #4076, .T. ) ;
#3818 = ORIENTED_EDGE ( 'NONE', *, *, #4713, .F. ) ;
#3819 = DIRECTION ( 'NONE',  ( 0.7071067811865517900, -0.7071067811865433500, 0.0000000000000000000 ) ) ;
#3820 = ORIENTED_EDGE ( 'NONE', *, *, #2077, .F. ) ;
#3821 = AXIS2_PLACEMENT_3D ( 'NONE', #5624, #5538, #516 ) ;
#3822 = CARTESIAN_POINT ( 'NONE',  ( 5.550000000000000700, 2.149999999999998600, -6.349999999999999600 ) ) ;
#3823 = CARTESIAN_POINT ( 'NONE',  ( 4.644976764299448400, 8.443460685632951300, 2.945200244325989000 ) ) ;
#3824 = ORIENTED_EDGE ( 'NONE', *, *, #3998, .T. ) ;
#3825 = PLANE ( 'NONE',  #4585 ) ;
#3826 = DIRECTION ( 'NONE',  ( 0.0000000000000000000, 0.0000000000000000000, 1.000000000000000000 ) ) ;
#3827 = VECTOR ( 'NONE', #2534, 1000.000000000000000 ) ;
#3828 = EDGE_CURVE ( 'NONE', #6410, #30, #4240, .T. ) ;
#3829 = ADVANCED_FACE ( 'NONE', ( #3593 ), #6586, .T. ) ;
#3830 = ORIENTED_EDGE ( 'NONE', *, *, #1135, .T. ) ;
#3831 = CARTESIAN_POINT ( 'NONE',  ( 4.050000000000001600, 0.0000000000000000000, -0.5000000000000000000 ) ) ;
#3832 = FACE_OUTER_BOUND ( 'NONE', #1402, .T. ) ;
#3833 = PLANE ( 'NONE',  #5683 ) ;
#3834 = DIRECTION ( 'NONE',  ( -0.0000000000000000000, -1.000000000000000000, -0.0000000000000000000 ) ) ;
#3835 = VERTEX_POINT ( 'NONE', #2293 ) ;
#3836 = VECTOR ( 'NONE', #5477, 1000.000000000000000 ) ;
#3837 = CIRCLE ( 'NONE', #2951, 0.8000000000000003800 ) ;
#3838 = DIRECTION ( 'NONE',  ( -1.000000000000000000, 0.0000000000000000000, -6.413747168845436200E-031 ) ) ;
#3839 = VECTOR ( 'NONE', #427, 1000.000000000000000 ) ;
#3840 = CARTESIAN_POINT ( 'NONE',  ( 5.550000000000000700, 0.5000000000000004400, -5.549999999999998900 ) ) ;
#3841 = VERTEX_POINT ( 'NONE', #801 ) ;
#3842 = CARTESIAN_POINT ( 'NONE',  ( -4.050000000000001600, -7.352265273584349600E-015, 2.500000000000000000 ) ) ;
#3843 = DIRECTION ( 'NONE',  ( 0.0000000000000000000, 0.0000000000000000000, -1.000000000000000000 ) ) ;
#3844 = FACE_OUTER_BOUND ( 'NONE', #4475, .T. ) ;
#3845 = LINE ( 'NONE', #4837, #4878 ) ;
#3846 = CARTESIAN_POINT ( 'NONE',  ( -1.800000000000000000, 2.799999999999999800, 0.0000000000000000000 ) ) ;
#3847 = CARTESIAN_POINT ( 'NONE',  ( 4.641019912486802600, 8.422436701475801300, 2.951431482237473900 ) ) ;
#3848 = EDGE_CURVE ( 'NONE', #4207, #6556, #4561, .T. ) ;
#3849 = CIRCLE ( 'NONE', #2594, 0.8000000000000003800 ) ;
#3850 = EDGE_CURVE ( 'NONE', #1801, #1210, #79, .T. ) ;
#3851 = DIRECTION ( 'NONE',  ( 1.000000000000000000, -0.0000000000000000000, -0.0000000000000000000 ) ) ;
#3852 = LINE ( 'NONE', #3550, #5202 ) ;
#3853 = AXIS2_PLACEMENT_3D ( 'NONE', #2218, #4225, #693 ) ;
#3854 = VERTEX_POINT ( 'NONE', #5939 ) ;
#3855 = VERTEX_POINT ( 'NONE', #3974 ) ;
#3856 = VECTOR ( 'NONE', #6392, 1000.000000000000000 ) ;
#3857 = DIRECTION ( 'NONE',  ( -0.0000000000000000000, -1.000000000000000000, -0.0000000000000000000 ) ) ;
#3858 = ORIENTED_EDGE ( 'NONE', *, *, #4867, .T. ) ;
#3859 = AXIS2_PLACEMENT_3D ( 'NONE', #3277, #210, #3783 ) ;
#3860 = ADVANCED_FACE ( 'NONE', ( #469 ), #4470, .T. ) ;
#3861 = PLANE ( 'NONE',  #1864 ) ;
#3862 = AXIS2_PLACEMENT_3D ( 'NONE', #921, #4553, #5055 ) ;
#3863 = CARTESIAN_POINT ( 'NONE',  ( 0.0000000000000000000, 0.0000000000000000000, -3.399999999999999900 ) ) ;
#3864 = CYLINDRICAL_SURFACE ( 'NONE', #3767, 0.6000000000000071900 ) ;
#3865 = EDGE_LOOP ( 'NONE', ( #4079, #5241, #5383, #4666 ) ) ;
#3866 = CARTESIAN_POINT ( 'NONE',  ( 3.889087296526017000, 6.500000000000000900, 3.889087296526004600 ) ) ;
#3867 = EDGE_CURVE ( 'NONE', #6137, #890, #5108, .T. ) ;
#3868 = DIRECTION ( 'NONE',  ( 0.0000000000000000000, -1.000000000000000000, 0.0000000000000000000 ) ) ;
#3869 = DIRECTION ( 'NONE',  ( -1.000000000000000000, 0.0000000000000000000, 0.0000000000000000000 ) ) ;
#3870 = ORIENTED_EDGE ( 'NONE', *, *, #5350, .T. ) ;
#3871 = CARTESIAN_POINT ( 'NONE',  ( 0.0000000000000000000, 7.700000000000000200, -5.549999999999998900 ) ) ;
#3872 = VECTOR ( 'NONE', #789, 1000.000000000000000 ) ;
#3873 = CARTESIAN_POINT ( 'NONE',  ( -3.949999999999994400, 0.5999999999999999800, 3.399999999999999900 ) ) ;
#3874 = VERTEX_POINT ( 'NONE', #5504 ) ;
#3875 = SURFACE_SIDE_STYLE ('',( #2519 ) ) ;
#3876 = ORIENTED_EDGE ( 'NONE', *, *, #2453, .T. ) ;
#3877 = LINE ( 'NONE', #6271, #662 ) ;
#3878 = ORIENTED_EDGE ( 'NONE', *, *, #162, .T. ) ;
#3879 = ORIENTED_EDGE ( 'NONE', *, *, #6356, .T. ) ;
#3880 = CARTESIAN_POINT ( 'NONE',  ( 3.199999999999994800, 0.8499999999999979800, 3.399999999999999900 ) ) ;
#3881 = ORIENTED_EDGE ( 'NONE', *, *, #4080, .T. ) ;
#3882 = DIRECTION ( 'NONE',  ( -3.491481338843134100E-015, -1.000000000000000000, 4.388034133981040700E-016 ) ) ;
#3883 = VERTEX_POINT ( 'NONE', #2358 ) ;
#3884 = ORIENTED_EDGE ( 'NONE', *, *, #5597, .F. ) ;
#3885 = VECTOR ( 'NONE', #782, 1000.000000000000000 ) ;
#3886 = EDGE_CURVE ( 'NONE', #5127, #4683, #6052, .T. ) ;
#3887 = DIRECTION ( 'NONE',  ( 0.0000000000000000000, -1.000000000000000000, -1.301042606982605300E-015 ) ) ;
#3888 = ORIENTED_EDGE ( 'NONE', *, *, #1606, .F. ) ;
#3889 = DIRECTION ( 'NONE',  ( 0.0000000000000000000, -1.000000000000000000, 0.0000000000000000000 ) ) ;
#3890 = DIRECTION ( 'NONE',  ( -0.0000000000000000000, 1.000000000000000000, 0.0000000000000000000 ) ) ;
#3891 = AXIS2_PLACEMENT_3D ( 'NONE', #841, #1803, #2312 ) ;
#3892 = VERTEX_POINT ( 'NONE', #4956 ) ;
#3893 = CYLINDRICAL_SURFACE ( 'NONE', #1037, 0.04999999999999991300 ) ;
#3894 = ADVANCED_FACE ( 'NONE', ( #1969 ), #1898, .T. ) ;
#3895 = ORIENTED_EDGE ( 'NONE', *, *, #419, .T. ) ;
#3896 = VERTEX_POINT ( 'NONE', #891 ) ;
#3897 = AXIS2_PLACEMENT_3D ( 'NONE', #903, #5081, #63 ) ;
#3898 = VECTOR ( 'NONE', #3868, 1000.000000000000000 ) ;
#3899 = CARTESIAN_POINT ( 'NONE',  ( -1.745740669421640200E-015, -2.103352214621878600E-014, -3.875934013079312200E-030 ) ) ;
#3900 = VERTEX_POINT ( 'NONE', #2392 ) ;
#3901 = AXIS2_PLACEMENT_3D ( 'NONE', #2384, #1843, #3931 ) ;
#3902 = DIRECTION ( 'NONE',  ( -1.000000000000000000, 0.0000000000000000000, 0.0000000000000000000 ) ) ;
#3903 = CIRCLE ( 'NONE', #926, 0.7500000000000000000 ) ;
#3904 = CARTESIAN_POINT ( 'NONE',  ( -6.349999999999998800, 0.5000000000000004400, 5.549999999999998900 ) ) ;
#3905 = CIRCLE ( 'NONE', #6298, 1.300000000000000000 ) ;
#3906 = EDGE_CURVE ( 'NONE', #6565, #4532, #3751, .T. ) ;
#3907 = DIRECTION ( 'NONE',  ( -0.0000000000000000000, 1.000000000000000000, 0.0000000000000000000 ) ) ;
#3908 = ORIENTED_EDGE ( 'NONE', *, *, #6305, .T. ) ;
#3909 = DIRECTION ( 'NONE',  ( 0.0000000000000000000, -1.000000000000000000, 0.0000000000000000000 ) ) ;
#3910 = DIRECTION ( 'NONE',  ( 0.0000000000000000000, -1.000000000000000000, 0.0000000000000000000 ) ) ;
#3911 = CARTESIAN_POINT ( 'NONE',  ( 4.050000000000001600, -7.264154555652879700E-015, 2.500000000000000400 ) ) ;
#3912 = DIRECTION ( 'NONE',  ( -0.0000000000000000000, 1.000000000000000000, -0.0000000000000000000 ) ) ;
#3913 = DIRECTION ( 'NONE',  ( -1.606225440719266900E-016, 1.000000000000000000, -0.0000000000000000000 ) ) ;
#3914 = DIRECTION ( 'NONE',  ( -0.7071067811865500200, -1.135772901246948600E-016, -0.7071067811865451300 ) ) ;
#3915 = ORIENTED_EDGE ( 'NONE', *, *, #4280, .T. ) ;
#3916 = ORIENTED_EDGE ( 'NONE', *, *, #270, .T. ) ;
#3917 = EDGE_CURVE ( 'NONE', #1071, #2419, #6431, .T. ) ;
#3918 = LINE ( 'NONE', #6446, #6205 ) ;
#3919 = VECTOR ( 'NONE', #1962, 1000.000000000000000 ) ;
#3920 = ORIENTED_EDGE ( 'NONE', *, *, #3573, .T. ) ;
#3921 = VECTOR ( 'NONE', #5960, 1000.000000000000000 ) ;
#3922 = CARTESIAN_POINT ( 'NONE',  ( 7.516233364732288400E-029, 0.4999999999999785200, 2.500000000000000000 ) ) ;
#3923 = VECTOR ( 'NONE', #169, 1000.000000000000000 ) ;
#3924 = VECTOR ( 'NONE', #358, 1000.000000000000000 ) ;
#3925 = CARTESIAN_POINT ( 'NONE',  ( -3.199999999999994400, 0.6000000000000009800, 3.399999999999999900 ) ) ;
#3926 = ADVANCED_FACE ( 'NONE', ( #4158 ), #5529, .T. ) ;
#3927 = DIRECTION ( 'NONE',  ( 0.0000000000000000000, 1.000000000000000000, 0.0000000000000000000 ) ) ;
#3928 = LINE ( 'NONE', #4363, #4338 ) ;
#3929 = CYLINDRICAL_SURFACE ( 'NONE', #1129, 0.8000000000000003800 ) ;
#3930 = ORIENTED_EDGE ( 'NONE', *, *, #2577, .F. ) ;
#3931 = DIRECTION ( 'NONE',  ( 1.000000000000000000, 0.0000000000000000000, 0.0000000000000000000 ) ) ;
#3932 = CARTESIAN_POINT ( 'NONE',  ( -5.549999999999998900, 7.700000000000000200, 5.549999999999998900 ) ) ;
#3933 = CARTESIAN_POINT ( 'NONE',  ( -5.800000000000001600, 0.5499999999999990500, 2.500000000000000000 ) ) ;
#3934 = EDGE_CURVE ( 'NONE', #879, #5927, #5265, .T. ) ;
#3935 = LINE ( 'NONE', #1396, #1750 ) ;
#3936 = ORIENTED_EDGE ( 'NONE', *, *, #5268, .F. ) ;
#3937 = DIRECTION ( 'NONE',  ( -1.000000000000000000, 0.0000000000000000000, 0.0000000000000000000 ) ) ;
#3938 = AXIS2_PLACEMENT_3D ( 'NONE', #4413, #5542, #6522 ) ;
#3939 = AXIS2_PLACEMENT_3D ( 'NONE', #6436, #6393, #2905 ) ;
#3940 = LINE ( 'NONE', #1581, #3542 ) ;
#3941 = ORIENTED_EDGE ( 'NONE', *, *, #6108, .F. ) ;
#3942 = ORIENTED_EDGE ( 'NONE', *, *, #4420, .F. ) ;
#3943 = CARTESIAN_POINT ( 'NONE',  ( -5.800000000000001600, 0.4999999999999991700, 0.5000000000000001100 ) ) ;
#3944 = EDGE_CURVE ( 'NONE', #5251, #3519, #3918, .T. ) ;
#3945 = DIRECTION ( 'NONE',  ( -0.0000000000000000000, 1.000000000000000000, 4.336808689942017700E-016 ) ) ;
#3946 = LINE ( 'NONE', #558, #105 ) ;
#3947 = ORIENTED_EDGE ( 'NONE', *, *, #4637, .T. ) ;
#3948 = ORIENTED_EDGE ( 'NONE', *, *, #2620, .F. ) ;
#3949 = AXIS2_PLACEMENT_3D ( 'NONE', #1410, #2473, #4534 ) ;
#3950 = DIRECTION ( 'NONE',  ( 0.0000000000000000000, 1.000000000000000000, 0.0000000000000000000 ) ) ;
#3951 = ORIENTED_EDGE ( 'NONE', *, *, #5151, .T. ) ;
#3952 = PLANE ( 'NONE',  #4997 ) ;
#3953 = LINE ( 'NONE', #5850, #6234 ) ;
#3954 = DIRECTION ( 'NONE',  ( 0.0000000000000000000, 0.0000000000000000000, 1.000000000000000000 ) ) ;
#3955 = EDGE_CURVE ( 'NONE', #3012, #2737, #5343, .T. ) ;
#3956 = CARTESIAN_POINT ( 'NONE',  ( -4.049999999999999800, 1.350000000000001200, -3.399999999999999900 ) ) ;
#3957 = DIRECTION ( 'NONE',  ( -0.0000000000000000000, -0.0000000000000000000, -1.000000000000000000 ) ) ;
#3958 = CARTESIAN_POINT ( 'NONE',  ( -3.199999999999994400, 0.6000000000000009800, 0.5000000000000000000 ) ) ;
#3959 = ORIENTED_EDGE ( 'NONE', *, *, #6356, .F. ) ;
#3960 = EDGE_LOOP ( 'NONE', ( #5785, #3661, #4448, #2397 ) ) ;
#3961 = ORIENTED_EDGE ( 'NONE', *, *, #1867, .T. ) ;
#3962 = CARTESIAN_POINT ( 'NONE',  ( 5.850000000000001400, -7.347880794884120700E-016, 0.5000000000000000000 ) ) ;
#3963 = ADVANCED_FACE ( 'NONE', ( #6512 ), #5026, .F. ) ;
#3964 = CARTESIAN_POINT ( 'NONE',  ( 6.350000000000001400, 0.8499999999999994200, 6.349999999999999600 ) ) ;
#3965 = ORIENTED_EDGE ( 'NONE', *, *, #2103, .T. ) ;
#3966 = VERTEX_POINT ( 'NONE', #6530 ) ;
#3967 = CARTESIAN_POINT ( 'NONE',  ( -3.889087296526017000, 6.500000000000000900, 5.089087296526003900 ) ) ;
#3968 = ORIENTED_EDGE ( 'NONE', *, *, #5100, .F. ) ;
#3969 = ORIENTED_EDGE ( 'NONE', *, *, #5877, .F. ) ;
#3970 = LINE ( 'NONE', #2661, #5948 ) ;
#3971 = ORIENTED_EDGE ( 'NONE', *, *, #1239, .T. ) ;
#3972 = CARTESIAN_POINT ( 'NONE',  ( -3.199999999999994800, 0.8499999999999979800, 3.399999999999999900 ) ) ;
#3973 = EDGE_CURVE ( 'NONE', #873, #5086, #4946, .T. ) ;
#3974 = CARTESIAN_POINT ( 'NONE',  ( 5.800000000000003400, -1.229785295390157700E-015, 2.500000000000000000 ) ) ;
#3975 = EDGE_CURVE ( 'NONE', #1453, #4067, #6277, .T. ) ;
#3976 = DIRECTION ( 'NONE',  ( 0.0000000000000000000, 0.0000000000000000000, -1.000000000000000000 ) ) ;
#3977 = DIRECTION ( 'NONE',  ( 0.0000000000000000000, -1.000000000000000000, 0.0000000000000000000 ) ) ;
#3978 = LINE ( 'NONE', #1401, #1786 ) ;
#3979 = PLANE ( 'NONE',  #2854 ) ;
#3980 = CARTESIAN_POINT ( 'NONE',  ( -6.350000000000001400, 1.350000000000000500, 2.500000000000000000 ) ) ;
#3981 = ORIENTED_EDGE ( 'NONE', *, *, #4192, .T. ) ;
#3982 = CARTESIAN_POINT ( 'NONE',  ( 2.399999999999995900, 0.5000000000000004400, -3.399999999999999900 ) ) ;
#3983 = ORIENTED_EDGE ( 'NONE', *, *, #3379, .T. ) ;
#3984 = CARTESIAN_POINT ( 'NONE',  ( 6.350000000000001400, 1.350000000000000500, 2.500000000000000000 ) ) ;
#3985 = CARTESIAN_POINT ( 'NONE',  ( -3.949999999999994400, 1.350000000000001000, -3.399999999999999900 ) ) ;
#3986 = ORIENTED_EDGE ( 'NONE', *, *, #6008, .F. ) ;
#3987 = VECTOR ( 'NONE', #4040, 1000.000000000000000 ) ;
#3988 = EDGE_LOOP ( 'NONE', ( #4268, #2391, #196, #5482 ) ) ;
#3989 = AXIS2_PLACEMENT_3D ( 'NONE', #3129, #4119, #5135 ) ;
#3990 = CIRCLE ( 'NONE', #55, 0.7500000000000000000 ) ;
#3991 = DIRECTION ( 'NONE',  ( -0.0000000000000000000, 1.000000000000000000, -0.0000000000000000000 ) ) ;
#3992 = AXIS2_PLACEMENT_3D ( 'NONE', #2033, #1990, #6097 ) ;
#3993 = DIRECTION ( 'NONE',  ( -9.531447670202242400E-017, 1.000000000000000000, -0.0000000000000000000 ) ) ;
#3994 = ORIENTED_EDGE ( 'NONE', *, *, #6028, .F. ) ;
#3995 = ADVANCED_FACE ( 'NONE', ( #4710 ), #6506, .T. ) ;
#3996 = DIRECTION ( 'NONE',  ( 0.0000000000000000000, 0.0000000000000000000, -1.000000000000000000 ) ) ;
#3997 = LINE ( 'NONE', #4948, #773 ) ;
#3998 = EDGE_CURVE ( 'NONE', #3009, #6024, #3357, .T. ) ;
#3999 = CARTESIAN_POINT ( 'NONE',  ( 4.050000000000001600, -0.8124404748406728300, -0.5000000000000000000 ) ) ;
#4000 = ORIENTED_EDGE ( 'NONE', *, *, #347, .T. ) ;
#4001 = CARTESIAN_POINT ( 'NONE',  ( -5.850000000000001400, 1.350000000000000500, 3.399999999999999900 ) ) ;
#4002 = VECTOR ( 'NONE', #5662, 1000.000000000000000 ) ;
#4003 = FACE_OUTER_BOUND ( 'NONE', #2043, .T. ) ;
#4004 = DIRECTION ( 'NONE',  ( 0.0000000000000000000, 9.427844978134823900E-017, -1.000000000000000000 ) ) ;
#4005 = CARTESIAN_POINT ( 'NONE',  ( -5.850000000000001400, 1.350000000000000300, 4.799999999999999800 ) ) ;
#4006 = SURFACE_STYLE_FILL_AREA ( #5173 ) ;
#4007 = CARTESIAN_POINT ( 'NONE',  ( 6.350000000000001400, 2.150000000000001200, 6.349999999999999600 ) ) ;
#4008 = ORIENTED_EDGE ( 'NONE', *, *, #1188, .T. ) ;
#4009 = VECTOR ( 'NONE', #6551, 1000.000000000000000 ) ;
#4010 = DIRECTION ( 'NONE',  ( 0.0000000000000000000, 0.0000000000000000000, -1.000000000000000000 ) ) ;
#4011 = EDGE_CURVE ( 'NONE', #812, #6137, #626, .T. ) ;
#4012 = CARTESIAN_POINT ( 'NONE',  ( -5.850000000000001400, 1.350000000000000300, -4.799999999999999800 ) ) ;
#4013 = VECTOR ( 'NONE', #1612, 1000.000000000000000 ) ;
#4014 = CARTESIAN_POINT ( 'NONE',  ( 4.639984522846805100, 6.500000000000000900, 2.953056658403646800 ) ) ;
#4015 = ORIENTED_EDGE ( 'NONE', *, *, #1824, .T. ) ;
#4016 = EDGE_CURVE ( 'NONE', #3233, #4565, #5187, .T. ) ;
#4017 = ORIENTED_EDGE ( 'NONE', *, *, #5751, .T. ) ;
#4018 = VECTOR ( 'NONE', #2777, 1000.000000000000000 ) ;
#4019 = VERTEX_POINT ( 'NONE', #5705 ) ;
#4020 = DIRECTION ( 'NONE',  ( 1.000000000000000000, 0.0000000000000000000, 0.0000000000000000000 ) ) ;
#4021 = DIRECTION ( 'NONE',  ( 0.0000000000000000000, 9.035018104045873200E-017, 1.000000000000000000 ) ) ;
#4022 = CARTESIAN_POINT ( 'NONE',  ( -4.049999999999999800, 1.350000000000001200, 3.399999999999999900 ) ) ;
#4023 = EDGE_CURVE ( 'NONE', #1443, #1109, #3194, .T. ) ;
#4024 = CARTESIAN_POINT ( 'NONE',  ( 6.350000000000001400, 1.350000000000000500, -3.399999999999999900 ) ) ;
#4025 = VECTOR ( 'NONE', #5666, 1000.000000000000000 ) ;
#4026 = VERTEX_POINT ( 'NONE', #2640 ) ;
#4027 = DIRECTION ( 'NONE',  ( 0.0000000000000000000, 0.0000000000000000000, -1.000000000000000000 ) ) ;
#4028 = AXIS2_PLACEMENT_3D ( 'NONE', #2059, #31, #3102 ) ;
#4029 = VERTEX_POINT ( 'NONE', #1571 ) ;
#4030 = LINE ( 'NONE', #2080, #4743 ) ;
#4031 = DIRECTION ( 'NONE',  ( 0.0000000000000000000, 1.000000000000000000, 0.0000000000000000000 ) ) ;
#4032 = EDGE_LOOP ( 'NONE', ( #1844, #4923, #3994, #6257 ) ) ;
#4033 = EDGE_CURVE ( 'NONE', #669, #3525, #4407, .T. ) ;
#4034 = PLANE ( 'NONE',  #3862 ) ;
#4035 = VERTEX_POINT ( 'NONE', #3645 ) ;
#4036 = SURFACE_STYLE_FILL_AREA ( #4955 ) ;
#4037 = CARTESIAN_POINT ( 'NONE',  ( -5.850000000000003200, -1.067598863666702600E-015, 2.500000000000000000 ) ) ;
#4038 = AXIS2_PLACEMENT_3D ( 'NONE', #37, #3612, #6275 ) ;
#4039 = ORIENTED_EDGE ( 'NONE', *, *, #1782, .F. ) ;
#4040 = DIRECTION ( 'NONE',  ( 1.000000000000000000, -0.0000000000000000000, 1.807003620809169000E-016 ) ) ;
#4041 = ADVANCED_FACE ( 'NONE', ( #2201 ), #4734, .F. ) ;
#4042 = DIRECTION ( 'NONE',  ( -1.000000000000000000, 1.606225440719266900E-016, 0.0000000000000000000 ) ) ;
#4043 = ORIENTED_EDGE ( 'NONE', *, *, #1245, .F. ) ;
#4044 = EDGE_CURVE ( 'NONE', #2134, #4830, #2857, .T. ) ;
#4045 = DIRECTION ( 'NONE',  ( 1.000000000000000000, -3.491481338843134500E-015, 0.0000000000000000000 ) ) ;
#4046 = PLANE ( 'NONE',  #5558 ) ;
#4047 = ORIENTED_EDGE ( 'NONE', *, *, #6426, .F. ) ;
#4048 = ORIENTED_EDGE ( 'NONE', *, *, #3206, .T. ) ;
#4049 = FACE_OUTER_BOUND ( 'NONE', #2609, .T. ) ;
#4050 = PLANE ( 'NONE',  #6423 ) ;
#4051 = ORIENTED_EDGE ( 'NONE', *, *, #5054, .T. ) ;
#4052 = CARTESIAN_POINT ( 'NONE',  ( 2.921478113112411000, 8.478552859834984200, -4.659941526407680000 ) ) ;
#4053 = ORIENTED_EDGE ( 'NONE', *, *, #1763, .F. ) ;
#4054 = LINE ( 'NONE', #6227, #5082 ) ;
#4055 = ORIENTED_EDGE ( 'NONE', *, *, #6232, .T. ) ;
#4056 = ORIENTED_EDGE ( 'NONE', *, *, #2761, .T. ) ;
#4057 = CARTESIAN_POINT ( 'NONE',  ( 6.350000000000001400, 2.649999999999998600, 1.900000000000000400 ) ) ;
#4058 = ORIENTED_EDGE ( 'NONE', *, *, #6188, .T. ) ;
#4059 = ORIENTED_EDGE ( 'NONE', *, *, #4193, .T. ) ;
#4060 = EDGE_CURVE ( 'NONE', #356, #4980, #1089, .T. ) ;
#4061 = EDGE_CURVE ( 'NONE', #1695, #3412, #2782, .T. ) ;
#4062 = DIRECTION ( 'NONE',  ( 1.000000000000000000, 0.0000000000000000000, 0.0000000000000000000 ) ) ;
#4063 = CARTESIAN_POINT ( 'NONE',  ( -2.150000000000007000, 1.350000000000001000, -3.399999999999999900 ) ) ;
#4064 = CYLINDRICAL_SURFACE ( 'NONE', #1257, 1.199999999999999700 ) ;
#4065 = DIRECTION ( 'NONE',  ( 0.0000000000000000000, -1.284980352575410700E-015, -1.000000000000000000 ) ) ;
#4066 = AXIS2_PLACEMENT_3D ( 'NONE', #636, #2115, #3121 ) ;
#4067 = VERTEX_POINT ( 'NONE', #5246 ) ;
#4068 = CARTESIAN_POINT ( 'NONE',  ( 5.800000000000001600, 0.5499999999999987100, -2.499999999999998700 ) ) ;
#4069 = LINE ( 'NONE', #2148, #6579 ) ;
#4070 = EDGE_CURVE ( 'NONE', #1213, #1106, #2699, .T. ) ;
#4071 = DIRECTION ( 'NONE',  ( 0.0000000000000000000, 0.0000000000000000000, 1.000000000000000000 ) ) ;
#4072 = ADVANCED_FACE ( 'NONE', ( #3027 ), #1473, .T. ) ;
#4073 = AXIS2_PLACEMENT_3D ( 'NONE', #1048, #1601, #3695 ) ;
#4074 = ORIENTED_EDGE ( 'NONE', *, *, #2971, .T. ) ;
#4075 = ORIENTED_EDGE ( 'NONE', *, *, #5365, .T. ) ;
#4076 = CIRCLE ( 'NONE', #3901, 0.05000000000000056500 ) ;
#4077 = AXIS2_PLACEMENT_3D ( 'NONE', #5569, #6016, #910 ) ;
#4078 = VECTOR ( 'NONE', #1476, 1000.000000000000000 ) ;
#4079 = ORIENTED_EDGE ( 'NONE', *, *, #3759, .T. ) ;
#4080 = EDGE_CURVE ( 'NONE', #3724, #54, #315, .T. ) ;
#4081 = FACE_OUTER_BOUND ( 'NONE', #3114, .T. ) ;
#4082 = CARTESIAN_POINT ( 'NONE',  ( 2.150000000000001700, 0.0000000000000000000, 3.399999999999999900 ) ) ;
#4083 = CIRCLE ( 'NONE', #1092, 1.199999999999999700 ) ;
#4084 = DIRECTION ( 'NONE',  ( 0.0000000000000000000, -0.0000000000000000000, 1.000000000000000000 ) ) ;
#4085 = DIRECTION ( 'NONE',  ( 0.0000000000000000000, 0.0000000000000000000, -1.000000000000000000 ) ) ;
#4086 = CIRCLE ( 'NONE', #4747, 0.8000000000000003800 ) ;
#4087 = LINE ( 'NONE', #5567, #5588 ) ;
#4088 = CARTESIAN_POINT ( 'NONE',  ( -5.850000000000001400, 1.350000000000000300, -4.799999999999999800 ) ) ;
#4089 = EDGE_LOOP ( 'NONE', ( #6258, #2807, #2367, #4836 ) ) ;
#4090 = DIRECTION ( 'NONE',  ( 1.532073929300149800E-030, -4.388034133981040700E-016, -1.000000000000000000 ) ) ;
#4091 = DIRECTION ( 'NONE',  ( 0.0000000000000000000, -0.0000000000000000000, -1.000000000000000000 ) ) ;
#4092 = LINE ( 'NONE', #6443, #5280 ) ;
#4093 = CARTESIAN_POINT ( 'NONE',  ( 5.850000000000001400, 1.350000000000000300, 4.799999999999999800 ) ) ;
#4094 = ORIENTED_EDGE ( 'NONE', *, *, #2577, .T. ) ;
#4095 = DIRECTION ( 'NONE',  ( 0.0000000000000000000, -1.000000000000000000, 0.0000000000000000000 ) ) ;
#4096 = CARTESIAN_POINT ( 'NONE',  ( 4.655310982368507500, 8.470786618248704200, -2.928849122308431900 ) ) ;
#4097 = FACE_OUTER_BOUND ( 'NONE', #6173, .T. ) ;
#4098 = EDGE_CURVE ( 'NONE', #6187, #4648, #2616, .T. ) ;
#4099 = EDGE_LOOP ( 'NONE', ( #4051, #6416, #1603, #5245 ) ) ;
#4100 = DIRECTION ( 'NONE',  ( 0.0000000000000000000, -0.0000000000000000000, 1.000000000000000000 ) ) ;
#4101 = EDGE_CURVE ( 'NONE', #2899, #2336, #6121, .T. ) ;
#4102 = CARTESIAN_POINT ( 'NONE',  ( 5.850000000000001400, 1.350000000000000300, -4.799999999999999800 ) ) ;
#4103 = ADVANCED_FACE ( 'NONE', ( #5496 ), #5225, .T. ) ;
#4104 = LINE ( 'NONE', #2323, #3138 ) ;
#4105 = CARTESIAN_POINT ( 'NONE',  ( -5.850000000000001400, 2.149999999999997700, -4.799999999999998000 ) ) ;
#4106 = VERTEX_POINT ( 'NONE', #640 ) ;
#4107 = DIRECTION ( 'NONE',  ( 0.5773502691896214000, 0.5773502691896282800, -0.5773502691896277300 ) ) ;
#4108 = ORIENTED_EDGE ( 'NONE', *, *, #2804, .F. ) ;
#4109 = ORIENTED_EDGE ( 'NONE', *, *, #909, .T. ) ;
#4110 = CARTESIAN_POINT ( 'NONE',  ( -5.850000000000001400, 2.149999999999997700, -4.799999999999998000 ) ) ;
#4111 = LINE ( 'NONE', #181, #5928 ) ;
#4112 = AXIS2_PLACEMENT_3D ( 'NONE', #6534, #6450, #1405 ) ;
#4113 = VERTEX_POINT ( 'NONE', #1667 ) ;
#4114 = AXIS2_PLACEMENT_3D ( 'NONE', #3458, #1363, #1388 ) ;
#4115 = DIRECTION ( 'NONE',  ( 0.0000000000000000000, 0.0000000000000000000, 1.000000000000000000 ) ) ;
#4116 = VERTEX_POINT ( 'NONE', #6207 ) ;
#4117 = ORIENTED_EDGE ( 'NONE', *, *, #3602, .F. ) ;
#4118 = CARTESIAN_POINT ( 'NONE',  ( 4.639984522846805100, 6.500000000000000900, 2.953056658403646800 ) ) ;
#4119 = DIRECTION ( 'NONE',  ( -0.0000000000000000000, 9.427844978134823900E-017, -1.000000000000000000 ) ) ;
#4120 = EDGE_LOOP ( 'NONE', ( #2786, #514, #1696, #1077 ) ) ;
#4121 = EDGE_CURVE ( 'NONE', #6149, #6412, #6359, .T. ) ;
#4122 = CARTESIAN_POINT ( 'NONE',  ( 4.639984522846804200, 6.500000000000000900, -2.953056658403648200 ) ) ;
#4123 = ORIENTED_EDGE ( 'NONE', *, *, #3346, .T. ) ;
#4124 = ORIENTED_EDGE ( 'NONE', *, *, #5090, .F. ) ;
#4125 = DIRECTION ( 'NONE',  ( -0.0000000000000000000, -9.427844978134823900E-017, -1.000000000000000000 ) ) ;
#4126 = VERTEX_POINT ( 'NONE', #743 ) ;
#4127 = EDGE_LOOP ( 'NONE', ( #828, #4988, #1699, #6471 ) ) ;
#4128 = DIRECTION ( 'NONE',  ( 1.000000000000000000, 0.0000000000000000000, 0.0000000000000000000 ) ) ;
#4129 = TOROIDAL_SURFACE ( 'NONE', #2325, 1.299999999999999600, 0.1000000000000000100 ) ;
#4130 = CARTESIAN_POINT ( 'NONE',  ( 1.974999999999950800, 4.874999999999999100, -6.349999999999999600 ) ) ;
#4131 = VERTEX_POINT ( 'NONE', #1203 ) ;
#4132 = CARTESIAN_POINT ( 'NONE',  ( 3.199999999999994400, 0.6000000000000009800, 3.399999999999999900 ) ) ;
#4133 = LINE ( 'NONE', #3536, #2592 ) ;
#4134 = EDGE_CURVE ( 'NONE', #4761, #5570, #1000, .T. ) ;
#4135 = ORIENTED_EDGE ( 'NONE', *, *, #1245, .T. ) ;
#4136 = ORIENTED_EDGE ( 'NONE', *, *, #1464, .F. ) ;
#4137 = CARTESIAN_POINT ( 'NONE',  ( 3.949999999999994400, -2.217572330035600700, 2.499999999999999600 ) ) ;
#4138 = EDGE_CURVE ( 'NONE', #1197, #2878, #3675, .T. ) ;
#4139 = ORIENTED_EDGE ( 'NONE', *, *, #4452, .F. ) ;
#4140 = VERTEX_POINT ( 'NONE', #3269 ) ;
#4141 = DIRECTION ( 'NONE',  ( 0.0000000000000000000, 1.000000000000000000, 0.0000000000000000000 ) ) ;
#4142 = DIRECTION ( 'NONE',  ( 0.0000000000000000000, 4.388034133981038200E-016, 1.000000000000000000 ) ) ;
#4143 = CARTESIAN_POINT ( 'NONE',  ( 3.199999999999994400, 1.350000000000001000, 3.399999999999999900 ) ) ;
#4144 = ORIENTED_EDGE ( 'NONE', *, *, #4781, .F. ) ;
#4145 = FACE_OUTER_BOUND ( 'NONE', #1552, .T. ) ;
#4146 = PLANE ( 'NONE',  #1303 ) ;
#4147 = EDGE_CURVE ( 'NONE', #1389, #1211, #4870, .T. ) ;
#4148 = ORIENTED_EDGE ( 'NONE', *, *, #3788, .F. ) ;
#4149 = DIRECTION ( 'NONE',  ( 1.000000000000000000, 0.0000000000000000000, 0.0000000000000000000 ) ) ;
#4150 = DIRECTION ( 'NONE',  ( -0.0000000000000000000, -0.0000000000000000000, -1.000000000000000000 ) ) ;
#4151 = AXIS2_PLACEMENT_3D ( 'NONE', #4137, #2597, #3078 ) ;
#4152 = DIRECTION ( 'NONE',  ( 0.0000000000000000000, -1.000000000000000000, 0.0000000000000000000 ) ) ;
#4153 = VECTOR ( 'NONE', #2811, 1000.000000000000000 ) ;
#4154 = DIRECTION ( 'NONE',  ( 1.000000000000000000, -0.0000000000000000000, -0.0000000000000000000 ) ) ;
#4155 = AXIS2_PLACEMENT_3D ( 'NONE', #3932, #844, #5450 ) ;
#4156 = PLANE ( 'NONE',  #6549 ) ;
#4157 = VERTEX_POINT ( 'NONE', #177 ) ;
#4158 = FACE_OUTER_BOUND ( 'NONE', #2317, .T. ) ;
#4159 = CYLINDRICAL_SURFACE ( 'NONE', #6434, 0.7499999999999997800 ) ;
#4160 = CARTESIAN_POINT ( 'NONE',  ( -6.349999999999998800, 0.5000000000000004400, -6.349999999999999600 ) ) ;
#4161 = LINE ( 'NONE', #889, #3839 ) ;
#4162 = EDGE_CURVE ( 'NONE', #3201, #3883, #3430, .T. ) ;
#4163 = CARTESIAN_POINT ( 'NONE',  ( 2.400000000000006100, 0.4999999999999892900, -3.649999999999996800 ) ) ;
#4164 = CARTESIAN_POINT ( 'NONE',  ( -3.199999999999994400, 1.350000000000001000, -2.499999999999998700 ) ) ;
#4165 = VERTEX_POINT ( 'NONE', #4778 ) ;
#4166 = CARTESIAN_POINT ( 'NONE',  ( -4.050000000000001600, -7.004004213354593400E-015, -0.4999999999999998900 ) ) ;
#4167 = CARTESIAN_POINT ( 'NONE',  ( -5.800000000000001600, 0.5499999999999987100, -0.5000000000000004400 ) ) ;
#4168 = PRESENTATION_LAYER_ASSIGNMENT (  '', '', ( #4846 ) ) ;
#4169 = LINE ( 'NONE', #2485, #2465 ) ;
#4170 = LINE ( 'NONE', #4560, #4960 ) ;
#4171 = VECTOR ( 'NONE', #2953, 1000.000000000000000 ) ;
#4172 = DIRECTION ( 'NONE',  ( -0.0000000000000000000, -9.427844978134822700E-017, -1.000000000000000000 ) ) ;
#4173 = DIRECTION ( 'NONE',  ( 0.0000000000000000000, -1.000000000000000000, 0.0000000000000000000 ) ) ;
#4174 = EDGE_CURVE ( 'NONE', #6386, #14, #700, .T. ) ;
#4175 = DIRECTION ( 'NONE',  ( -0.7071067811865483500, 0.0000000000000000000, 0.7071067811865466800 ) ) ;
#4176 = LINE ( 'NONE', #501, #1657 ) ;
#4177 = ADVANCED_FACE ( 'NONE', ( #1403 ), #2755, .F. ) ;
#4178 = VERTEX_POINT ( 'NONE', #5351 ) ;
#4179 = DIRECTION ( 'NONE',  ( -0.7071067811865483500, -0.0000000000000000000, 0.7071067811865468000 ) ) ;
#4180 = DIRECTION ( 'NONE',  ( -5.204170427930421300E-015, 1.000000000000000000, 0.0000000000000000000 ) ) ;
#4181 = DIRECTION ( 'NONE',  ( 0.0000000000000000000, 0.0000000000000000000, -1.000000000000000000 ) ) ;
#4182 = FILL_AREA_STYLE_COLOUR ( '', #155 ) ;
#4183 = VECTOR ( 'NONE', #646, 1000.000000000000000 ) ;
#4184 = ORIENTED_EDGE ( 'NONE', *, *, #826, .T. ) ;
#4185 = SURFACE_SIDE_STYLE ('',( #4479 ) ) ;
#4186 = CARTESIAN_POINT ( 'NONE',  ( -1.734723475976807100E-015, 8.500000000000000000, 2.168404344971008900E-015 ) ) ;
#4187 = DIRECTION ( 'NONE',  ( 0.0000000000000000000, 1.000000000000000000, 0.0000000000000000000 ) ) ;
#4188 = FACE_OUTER_BOUND ( 'NONE', #6281, .T. ) ;
#4189 = ORIENTED_EDGE ( 'NONE', *, *, #2318, .F. ) ;
#4190 = CARTESIAN_POINT ( 'NONE',  ( -2.399999999999995500, 0.5000000000000004400, 0.0000000000000000000 ) ) ;
#4191 = ORIENTED_EDGE ( 'NONE', *, *, #479, .F. ) ;
#4192 = EDGE_CURVE ( 'NONE', #5008, #6100, #3278, .T. ) ;
#4193 = EDGE_CURVE ( 'NONE', #4986, #2446, #3953, .T. ) ;
#4194 = LINE ( 'NONE', #3060, #5375 ) ;
#4195 = CARTESIAN_POINT ( 'NONE',  ( -4.640405190497297400, 8.414365793561563200, 2.952395982179187900 ) ) ;
#4196 = DIRECTION ( 'NONE',  ( 0.0000000000000000000, 0.0000000000000000000, 1.000000000000000000 ) ) ;
#4197 = EDGE_LOOP ( 'NONE', ( #4524, #4281, #1692, #3407, #5712, #631 ) ) ;
#4198 = AXIS2_PLACEMENT_3D ( 'NONE', #5303, #1155, #4319 ) ;
#4199 = ORIENTED_EDGE ( 'NONE', *, *, #1490, .T. ) ;
#4200 = PLANE ( 'NONE',  #2506 ) ;
#4201 = FACE_OUTER_BOUND ( 'NONE', #580, .T. ) ;
#4202 = DIRECTION ( 'NONE',  ( -1.000000000000000000, 0.0000000000000000000, 0.0000000000000000000 ) ) ;
#4203 = ADVANCED_FACE ( 'NONE', ( #3236 ), #5832, .F. ) ;
#4204 = PLANE ( 'NONE',  #3130 ) ;
#4205 = ORIENTED_EDGE ( 'NONE', *, *, #5447, .F. ) ;
#4206 = AXIS2_PLACEMENT_3D ( 'NONE', #4312, #187, #1722 ) ;
#4207 = VERTEX_POINT ( 'NONE', #3330 ) ;
#4208 = AXIS2_PLACEMENT_3D ( 'NONE', #3131, #1005, #1525 ) ;
#4209 = DIRECTION ( 'NONE',  ( 0.0000000000000000000, 1.000000000000000000, 0.0000000000000000000 ) ) ;
#4210 = ADVANCED_FACE ( 'NONE', ( #3058 ), #2182, .T. ) ;
#4211 = ORIENTED_EDGE ( 'NONE', *, *, #1651, .F. ) ;
#4212 = ORIENTED_EDGE ( 'NONE', *, *, #3434, .F. ) ;
#4213 = LINE ( 'NONE', #5745, #5075 ) ;
#4214 = CARTESIAN_POINT ( 'NONE',  ( -2.880693323036681800, 8.499129969993253700, 4.685259987437079100 ) ) ;
#4215 = CARTESIAN_POINT ( 'NONE',  ( 1.350000000000001400, 0.8500000000000009800, 2.599999999999997900 ) ) ;
#4216 = ORIENTED_EDGE ( 'NONE', *, *, #1501, .F. ) ;
#4217 = EDGE_CURVE ( 'NONE', #25, #1478, #5825, .T. ) ;
#4218 = ORIENTED_EDGE ( 'NONE', *, *, #4350, .T. ) ;
#4219 = ORIENTED_EDGE ( 'NONE', *, *, #1782, .T. ) ;
#4220 = CARTESIAN_POINT ( 'NONE',  ( -6.349999999999998800, 0.5000000000000004400, 5.549999999999998900 ) ) ;
#4221 = LINE ( 'NONE', #1594, #4297 ) ;
#4222 = ORIENTED_EDGE ( 'NONE', *, *, #1393, .T. ) ;
#4223 = PLANE ( 'NONE',  #6020 ) ;
#4224 = ORIENTED_EDGE ( 'NONE', *, *, #3504, .F. ) ;
#4225 = DIRECTION ( 'NONE',  ( -0.0000000000000000000, 1.000000000000000000, -0.0000000000000000000 ) ) ;
#4226 = LINE ( 'NONE', #5471, #1386 ) ;
#4227 = ORIENTED_EDGE ( 'NONE', *, *, #2023, .F. ) ;
#4228 = CARTESIAN_POINT ( 'NONE',  ( -4.569375152513432100, 1.350000000000000500, -0.5000000000000003300 ) ) ;
#4229 = CARTESIAN_POINT ( 'NONE',  ( -5.800000000000003400, -1.734723475976807100E-015, -2.499999999999998200 ) ) ;
#4230 = VECTOR ( 'NONE', #5449, 1000.000000000000000 ) ;
#4231 = DIRECTION ( 'NONE',  ( -0.7071067811865436900, -1.135772901246938200E-016, -0.7071067811865513500 ) ) ;
#4232 = DIRECTION ( 'NONE',  ( -0.0000000000000000000, -0.0000000000000000000, -1.000000000000000000 ) ) ;
#4233 = ORIENTED_EDGE ( 'NONE', *, *, #4162, .F. ) ;
#4234 = EDGE_CURVE ( 'NONE', #3233, #615, #3607, .T. ) ;
#4235 = CARTESIAN_POINT ( 'NONE',  ( -2.874156968663219100, 8.500000000000596900, 4.689272844500328200 ) ) ;
#4236 = DIRECTION ( 'NONE',  ( -1.000000000000000000, 0.0000000000000000000, 0.0000000000000000000 ) ) ;
#4237 = ADVANCED_FACE ( 'NONE', ( #6366 ), #3775, .T. ) ;
#4238 = VERTEX_POINT ( 'NONE', #2710 ) ;
#4239 = ORIENTED_EDGE ( 'NONE', *, *, #843, .T. ) ;
#4240 = LINE ( 'NONE', #3347, #5105 ) ;
#4241 = ORIENTED_EDGE ( 'NONE', *, *, #3670, .F. ) ;
#4242 = LINE ( 'NONE', #4523, #2784 ) ;
#4243 = DIRECTION ( 'NONE',  ( 0.0000000000000000000, -0.0000000000000000000, -1.000000000000000000 ) ) ;
#4244 = CARTESIAN_POINT ( 'NONE',  ( -5.850000000000001400, 1.350000000000000300, -4.799999999999999800 ) ) ;
#4245 = ORIENTED_EDGE ( 'NONE', *, *, #3774, .T. ) ;
#4246 = FACE_OUTER_BOUND ( 'NONE', #5622, .T. ) ;
#4247 = CIRCLE ( 'NONE', #4431, 1.199999999999999700 ) ;
#4248 = DIRECTION ( 'NONE',  ( 0.0000000000000000000, 1.000000000000000000, 0.0000000000000000000 ) ) ;
#4249 = FACE_OUTER_BOUND ( 'NONE', #3865, .T. ) ;
#4250 = DIRECTION ( 'NONE',  ( 0.0000000000000000000, 0.0000000000000000000, 1.000000000000000000 ) ) ;
#4251 = CARTESIAN_POINT ( 'NONE',  ( 6.350000000000002300, 2.149999999999999000, 6.349999999999999600 ) ) ;
#4252 = EDGE_CURVE ( 'NONE', #4774, #3900, #2286, .T. ) ;
#4253 = CARTESIAN_POINT ( 'NONE',  ( -2.049999999999999800, 0.8500000000000003100, 0.0000000000000000000 ) ) ;
#4254 = LINE ( 'NONE', #994, #5112 ) ;
#4255 = VECTOR ( 'NONE', #87, 1000.000000000000000 ) ;
#4256 = DIRECTION ( 'NONE',  ( -1.606225440719266900E-016, 1.000000000000000000, -0.0000000000000000000 ) ) ;
#4257 = PRODUCT_DEFINITION_CONTEXT ( 'detailed design', #5876, 'design' ) ;
#4258 = ORIENTED_EDGE ( 'NONE', *, *, #1808, .F. ) ;
#4259 = CARTESIAN_POINT ( 'NONE',  ( 5.850000000000001400, 1.350000000000000300, 4.799999999999999800 ) ) ;
#4260 = CARTESIAN_POINT ( 'NONE',  ( 4.050000000000001600, 0.5999999999999999800, 3.399999999999999900 ) ) ;
#4261 = MECHANICAL_DESIGN_GEOMETRIC_PRESENTATION_REPRESENTATION (  '', ( #2042 ), #4935 ) ;
#4262 = FACE_OUTER_BOUND ( 'NONE', #2109, .T. ) ;
#4263 = VERTEX_POINT ( 'NONE', #6309 ) ;
#4264 = DIRECTION ( 'NONE',  ( 1.000000000000000000, -3.491481338843134500E-015, -6.023345402697244300E-017 ) ) ;
#4265 = EDGE_CURVE ( 'NONE', #4780, #4920, #5216, .T. ) ;
#4266 = FACE_OUTER_BOUND ( 'NONE', #3551, .T. ) ;
#4267 = DIRECTION ( 'NONE',  ( 0.0000000000000000000, -1.000000000000000000, 0.0000000000000000000 ) ) ;
#4268 = ORIENTED_EDGE ( 'NONE', *, *, #2670, .T. ) ;
#4269 = ADVANCED_FACE ( 'NONE', ( #2492 ), #3311, .T. ) ;
#4270 = CARTESIAN_POINT ( 'NONE',  ( 6.350000000000001400, 0.5000000000000006700, -3.399999999999999900 ) ) ;
#4271 = ORIENTED_EDGE ( 'NONE', *, *, #4192, .F. ) ;
#4272 = DIRECTION ( 'NONE',  ( 0.0000000000000000000, 0.0000000000000000000, 1.000000000000000000 ) ) ;
#4273 = CYLINDRICAL_SURFACE ( 'NONE', #995, 0.1000000000000071900 ) ;
#4274 = ORIENTED_EDGE ( 'NONE', *, *, #2696, .T. ) ;
#4275 = EDGE_LOOP ( 'NONE', ( #2882, #1817, #5803, #1499, #5011 ) ) ;
#4276 = CARTESIAN_POINT ( 'NONE',  ( 0.0000000000000000000, 6.500000000000000900, 0.0000000000000000000 ) ) ;
#4277 = ORIENTED_EDGE ( 'NONE', *, *, #4174, .T. ) ;
#4278 = COLOUR_RGB ( '',0.7921568627450980000, 0.8196078431372548800, 0.9333333333333333500 ) ;
#4279 = CARTESIAN_POINT ( 'NONE',  ( -6.350000000000001400, 2.149999999999997700, -4.799999999999998000 ) ) ;
#4280 = EDGE_CURVE ( 'NONE', #5286, #3437, #5367, .T. ) ;
#4281 = ORIENTED_EDGE ( 'NONE', *, *, #1501, .T. ) ;
#4282 = ORIENTED_EDGE ( 'NONE', *, *, #3455, .F. ) ;
#4283 = CARTESIAN_POINT ( 'NONE',  ( 4.517509052022925600E-016, 0.5000000000000004400, -2.500000000000001300 ) ) ;
#4284 = EDGE_LOOP ( 'NONE', ( #4074, #3591, #4876, #3682, #5080, #2507 ) ) ;
#4285 = PLANE ( 'NONE',  #1904 ) ;
#4286 = AXIS2_PLACEMENT_3D ( 'NONE', #6286, #4819, #1246 ) ;
#4287 = ORIENTED_EDGE ( 'NONE', *, *, #4658, .F. ) ;
#4288 = AXIS2_PLACEMENT_3D ( 'NONE', #4607, #1524, #1456 ) ;
#4289 = ORIENTED_EDGE ( 'NONE', *, *, #3730, .F. ) ;
#4290 = ORIENTED_EDGE ( 'NONE', *, *, #1075, .T. ) ;
#4291 = DIRECTION ( 'NONE',  ( 0.0000000000000000000, 1.000000000000000000, 4.336808689942017700E-016 ) ) ;
#4292 = DIRECTION ( 'NONE',  ( 0.0000000000000000000, 0.0000000000000000000, 1.000000000000000000 ) ) ;
#4293 = DIRECTION ( 'NONE',  ( -1.606225440719266900E-016, 1.000000000000000000, 0.0000000000000000000 ) ) ;
#4294 = EDGE_CURVE ( 'NONE', #3784, #3059, #1727, .T. ) ;
#4295 = VERTEX_POINT ( 'NONE', #6397 ) ;
#4296 = EDGE_LOOP ( 'NONE', ( #1466, #3930, #3408, #4327 ) ) ;
#4297 = VECTOR ( 'NONE', #2638, 1000.000000000000100 ) ;
#4298 = ORIENTED_EDGE ( 'NONE', *, *, #3321, .T. ) ;
#4299 = AXIS2_PLACEMENT_3D ( 'NONE', #6324, #2772, #4318 ) ;
#4300 = ORIENTED_EDGE ( 'NONE', *, *, #5228, .F. ) ;
#4301 = CARTESIAN_POINT ( 'NONE',  ( 1.800000000000000500, 0.5000000000000004400, -6.349999999999999600 ) ) ;
#4302 = CARTESIAN_POINT ( 'NONE',  ( 3.889087296526017000, 8.400000000000000400, 3.889087296526004600 ) ) ;
#4303 = FACE_OUTER_BOUND ( 'NONE', #3489, .T. ) ;
#4304 = DIRECTION ( 'NONE',  ( -0.0000000000000000000, 1.000000000000000000, -0.0000000000000000000 ) ) ;
#4305 = CARTESIAN_POINT ( 'NONE',  ( 2.049999999999999800, 0.8499999999999998700, 0.0000000000000000000 ) ) ;
#4306 = EDGE_CURVE ( 'NONE', #2238, #316, #323, .T. ) ;
#4307 = ADVANCED_FACE ( 'NONE', ( #2958 ), #5372, .F. ) ;
#4308 = ORIENTED_EDGE ( 'NONE', *, *, #4147, .T. ) ;
#4309 = EDGE_LOOP ( 'NONE', ( #3333, #2258, #4559, #1522 ) ) ;
#4310 = DIRECTION ( 'NONE',  ( 0.0000000000000000000, 0.0000000000000000000, -1.000000000000000000 ) ) ;
#4311 = CARTESIAN_POINT ( 'NONE',  ( 5.550000000000000700, 7.700000000000000200, 0.0000000000000000000 ) ) ;
#4312 = CARTESIAN_POINT ( 'NONE',  ( -4.050000000000001600, 0.5999999999999999800, 2.500000000000000400 ) ) ;
#4313 = ORIENTED_EDGE ( 'NONE', *, *, #1447, .T. ) ;
#4314 = LINE ( 'NONE', #4166, #6101 ) ;
#4315 = ORIENTED_EDGE ( 'NONE', *, *, #2209, .T. ) ;
#4316 = CARTESIAN_POINT ( 'NONE',  ( -1.350000000000001400, 0.8500000000000009800, 3.399999999999999900 ) ) ;
#4317 = LINE ( 'NONE', #923, #3827 ) ;
#4318 = DIRECTION ( 'NONE',  ( -3.614007241618349200E-015, 0.0000000000000000000, -1.000000000000000000 ) ) ;
#4319 = DIRECTION ( 'NONE',  ( 0.0000000000000000000, 0.0000000000000000000, -1.000000000000000000 ) ) ;
#4320 = VERTEX_POINT ( 'NONE', #865 ) ;
#4321 = DIRECTION ( 'NONE',  ( -1.788526819361846600E-032, -4.388034133981038200E-016, -1.000000000000000000 ) ) ;
#4322 = LINE ( 'NONE', #3323, #5339 ) ;
#4323 = CARTESIAN_POINT ( 'NONE',  ( 4.050000000000001600, -7.372574772901430200E-015, -2.499999999999998200 ) ) ;
#4324 = DIRECTION ( 'NONE',  ( -1.000000000000000000, 0.0000000000000000000, 0.0000000000000000000 ) ) ;
#4325 = EDGE_CURVE ( 'NONE', #6565, #1770, #1826, .T. ) ;
#4326 = EDGE_CURVE ( 'NONE', #2983, #2975, #3608, .T. ) ;
#4327 = ORIENTED_EDGE ( 'NONE', *, *, #417, .T. ) ;
#4328 = CARTESIAN_POINT ( 'NONE',  ( -3.907106781186543200, 0.8499999999999975400, 2.500000000000000400 ) ) ;
#4329 = DIRECTION ( 'NONE',  ( 3.154042683594192100E-015, -1.000000000000000000, 0.0000000000000000000 ) ) ;
#4330 = LINE ( 'NONE', #657, #1974 ) ;
#4331 = VECTOR ( 'NONE', #5096, 1000.000000000000000 ) ;
#4332 = EDGE_CURVE ( 'NONE', #3410, #1695, #1017, .T. ) ;
#4333 = UNCERTAINTY_MEASURE_WITH_UNIT (LENGTH_MEASURE( 1.000000000000000100E-005 ), #1086, 'distance_accuracy_value', 'NONE');
#4334 = VECTOR ( 'NONE', #592, 1000.000000000000000 ) ;
#4335 = DIRECTION ( 'NONE',  ( 0.0000000000000000000, -1.000000000000000000, 0.0000000000000000000 ) ) ;
#4336 = CARTESIAN_POINT ( 'NONE',  ( 4.050000000000001600, -7.004004213354593400E-015, -0.4999999999999998900 ) ) ;
#4337 = EDGE_LOOP ( 'NONE', ( #4925, #277, #5716 ) ) ;
#4338 = VECTOR ( 'NONE', #2260, 1000.000000000000000 ) ;
#4339 = FACE_OUTER_BOUND ( 'NONE', #3988, .T. ) ;
#4340 = VECTOR ( 'NONE', #4966, 1000.000000000000000 ) ;
#4341 = DIRECTION ( 'NONE',  ( 0.0000000000000000000, -1.000000000000000000, 0.0000000000000000000 ) ) ;
#4342 = AXIS2_PLACEMENT_3D ( 'NONE', #4005, #4581, #991 ) ;
#4343 = DIRECTION ( 'NONE',  ( 0.0000000000000000000, 0.0000000000000000000, 1.000000000000000000 ) ) ;
#4344 = ADVANCED_FACE ( 'NONE', ( #166 ), #2296, .T. ) ;
#4345 = DIRECTION ( 'NONE',  ( -1.000000000000000000, 0.0000000000000000000, 0.0000000000000000000 ) ) ;
#4346 = LINE ( 'NONE', #3681, #4013 ) ;
#4347 = ORIENTED_EDGE ( 'NONE', *, *, #4326, .T. ) ;
#4348 = CARTESIAN_POINT ( 'NONE',  ( -2.945395693611591300, 8.442995605740634300, -4.644855132123034000 ) ) ;
#4349 = CARTESIAN_POINT ( 'NONE',  ( -4.050000000000001600, 0.4999999999999930600, 0.5000000000000000000 ) ) ;
#4350 = EDGE_CURVE ( 'NONE', #2359, #5680, #857, .T. ) ;
#4351 = DIRECTION ( 'NONE',  ( -0.0000000000000000000, 1.000000000000000000, -0.0000000000000000000 ) ) ;
#4352 = CARTESIAN_POINT ( 'NONE',  ( -1.172610595168172000E-015, 8.500000000000000000, 4.590000000000001600 ) ) ;
#4353 = FACE_OUTER_BOUND ( 'NONE', #2760, .T. ) ;
#4354 = ORIENTED_EDGE ( 'NONE', *, *, #6539, .T. ) ;
#4355 = DIRECTION ( 'NONE',  ( 0.0000000000000000000, 1.000000000000000000, 9.427844978134823900E-017 ) ) ;
#4356 = CARTESIAN_POINT ( 'NONE',  ( 3.199999999999994800, 0.5000000000000004400, -0.2499999999999997800 ) ) ;
#4357 = ORIENTED_EDGE ( 'NONE', *, *, #3123, .T. ) ;
#4358 = LINE ( 'NONE', #4305, #6464 ) ;
#4359 = VERTEX_POINT ( 'NONE', #285 ) ;
#4360 = ORIENTED_EDGE ( 'NONE', *, *, #2753, .F. ) ;
#4361 = CARTESIAN_POINT ( 'NONE',  ( -1.350000000000001400, 0.8500000000000009800, -2.600000000000001000 ) ) ;
#4362 = LINE ( 'NONE', #3521, #2004 ) ;
#4363 = CARTESIAN_POINT ( 'NONE',  ( 6.350000000000001400, 2.799999999999999800, 6.349999999999999600 ) ) ;
#4364 = EDGE_CURVE ( 'NONE', #4359, #1071, #243, .T. ) ;
#4365 = DIRECTION ( 'NONE',  ( 0.0000000000000000000, 0.0000000000000000000, -1.000000000000000000 ) ) ;
#4366 = ORIENTED_EDGE ( 'NONE', *, *, #4518, .T. ) ;
#4367 = DIRECTION ( 'NONE',  ( -1.000000000000000000, 0.0000000000000000000, 0.0000000000000000000 ) ) ;
#4368 = EDGE_CURVE ( 'NONE', #6087, #6296, #3210, .T. ) ;
#4369 = LINE ( 'NONE', #5789, #5448 ) ;
#4370 = CARTESIAN_POINT ( 'NONE',  ( 4.350000000000001400, 2.649999999999998600, 1.900000000000000400 ) ) ;
#4371 = DIRECTION ( 'NONE',  ( 0.0000000000000000000, 0.0000000000000000000, -1.000000000000000000 ) ) ;
#4372 = CARTESIAN_POINT ( 'NONE',  ( -3.199999999999994400, 0.6000000000000009800, 2.500000000000000000 ) ) ;
#4373 = DIRECTION ( 'NONE',  ( -1.532073929300149800E-030, -4.388034133981040700E-016, -1.000000000000000000 ) ) ;
#4374 = DIRECTION ( 'NONE',  ( 0.0000000000000000000, 0.0000000000000000000, 1.000000000000000000 ) ) ;
#4375 = ORIENTED_EDGE ( 'NONE', *, *, #2159, .T. ) ;
#4376 = CARTESIAN_POINT ( 'NONE',  ( -2.150000000000007000, 1.350000000000000800, -3.399999999999999900 ) ) ;
#4377 = VERTEX_POINT ( 'NONE', #3911 ) ;
#4378 = DIRECTION ( 'NONE',  ( 0.0000000000000000000, 0.0000000000000000000, 1.000000000000000000 ) ) ;
#4379 = ADVANCED_FACE ( 'NONE', ( #5908, #409 ), #2841, .T. ) ;
#4380 = EDGE_LOOP ( 'NONE', ( #619, #4199, #1999, #1939 ) ) ;
#4381 = ORIENTED_EDGE ( 'NONE', *, *, #5512, .F. ) ;
#4382 = AXIS2_PLACEMENT_3D ( 'NONE', #4653, #5644, #5071 ) ;
#4383 = DIRECTION ( 'NONE',  ( -2.859434301060672700E-016, -1.000000000000000000, 0.0000000000000000000 ) ) ;
#4384 = EDGE_LOOP ( 'NONE', ( #781, #5464, #5391, #815 ) ) ;
#4385 = LINE ( 'NONE', #3846, #3086 ) ;
#4386 = EDGE_LOOP ( 'NONE', ( #1915, #45, #6326, #3723 ) ) ;
#4387 = CARTESIAN_POINT ( 'NONE',  ( -1.350000000000001400, 1.350000000000000800, -3.399999999999999900 ) ) ;
#4388 = ORIENTED_EDGE ( 'NONE', *, *, #5845, .T. ) ;
#4389 = EDGE_CURVE ( 'NONE', #4999, #4178, #5668, .T. ) ;
#4390 = DIRECTION ( 'NONE',  ( 0.0000000000000000000, -1.000000000000000000, 0.0000000000000000000 ) ) ;
#4391 = EDGE_LOOP ( 'NONE', ( #3622, #6398, #6248, #4222, #3261, #3, #2018, #6093, #757, #4366 ) ) ;
#4392 = AXIS2_PLACEMENT_3D ( 'NONE', #3747, #4775, #1176 ) ;
#4393 = DIRECTION ( 'NONE',  ( 0.0000000000000000000, 0.0000000000000000000, 1.000000000000000000 ) ) ;
#4394 = CARTESIAN_POINT ( 'NONE',  ( -3.449999999999994400, 0.8499999999999975400, -2.499999999999998700 ) ) ;
#4395 = DIRECTION ( 'NONE',  ( 0.0000000000000000000, 0.0000000000000000000, 1.000000000000000000 ) ) ;
#4396 = DIRECTION ( 'NONE',  ( 0.0000000000000000000, 0.0000000000000000000, 1.000000000000000000 ) ) ;
#4397 = DIRECTION ( 'NONE',  ( 0.0000000000000000000, 0.0000000000000000000, -1.000000000000000000 ) ) ;
#4398 = VECTOR ( 'NONE', #2672, 1000.000000000000000 ) ;
#4399 = EDGE_CURVE ( 'NONE', #4912, #4698, #2712, .T. ) ;
#4400 = LINE ( 'NONE', #1980, #838 ) ;
#4401 = ORIENTED_EDGE ( 'NONE', *, *, #6494, .T. ) ;
#4402 =( NAMED_UNIT ( * ) SI_UNIT ( $, .STERADIAN. ) SOLID_ANGLE_UNIT ( ) );
#4403 = LINE ( 'NONE', #855, #5799 ) ;
#4404 = CARTESIAN_POINT ( 'NONE',  ( -3.449999999999994400, 0.6000000000000000900, 2.500000000000000400 ) ) ;
#4405 = ORIENTED_EDGE ( 'NONE', *, *, #3886, .F. ) ;
#4406 = ORIENTED_EDGE ( 'NONE', *, *, #1837, .F. ) ;
#4407 = LINE ( 'NONE', #1069, #5418 ) ;
#4408 = ADVANCED_FACE ( 'NONE', ( #4572 ), #6439, .F. ) ;
#4409 = VECTOR ( 'NONE', #1521, 1000.000000000000000 ) ;
#4410 = CARTESIAN_POINT ( 'NONE',  ( 5.550000000000000700, 2.149999999999999000, 5.549999999999998900 ) ) ;
#4411 = CARTESIAN_POINT ( 'NONE',  ( 6.350000000000001400, 0.5000000000000004400, -6.349999999999999600 ) ) ;
#4412 = ORIENTED_EDGE ( 'NONE', *, *, #1894, .F. ) ;
#4413 = CARTESIAN_POINT ( 'NONE',  ( 3.449999999999993500, -0.8124404748406729400, -0.5000000000000000000 ) ) ;
#4414 = DIRECTION ( 'NONE',  ( 1.000000000000000000, 2.551063935259989300E-016, -0.0000000000000000000 ) ) ;
#4415 = DIRECTION ( 'NONE',  ( 0.0000000000000000000, 0.0000000000000000000, -1.000000000000000000 ) ) ;
#4416 = CYLINDRICAL_SURFACE ( 'NONE', #3256, 0.8000000000000003800 ) ;
#4417 = VECTOR ( 'NONE', #6388, 1000.000000000000000 ) ;
#4418 = PLANE ( 'NONE',  #952 ) ;
#4419 = PLANE ( 'NONE',  #175 ) ;
#4420 = EDGE_CURVE ( 'NONE', #2598, #6354, #4170, .T. ) ;
#4421 = VECTOR ( 'NONE', #1897, 1000.000000000000000 ) ;
#4422 = CARTESIAN_POINT ( 'NONE',  ( -5.850000000000002300, 0.5499999999999991600, -0.5000000000000004400 ) ) ;
#4423 = LINE ( 'NONE', #4544, #792 ) ;
#4424 = VECTOR ( 'NONE', #4021, 1000.000000000000000 ) ;
#4425 = AXIS2_PLACEMENT_3D ( 'NONE', #6201, #4705, #108 ) ;
#4426 = ORIENTED_EDGE ( 'NONE', *, *, #2639, .F. ) ;
#4427 = EDGE_CURVE ( 'NONE', #2424, #2768, #5278, .T. ) ;
#4428 = VECTOR ( 'NONE', #5922, 1000.000000000000000 ) ;
#4429 = CARTESIAN_POINT ( 'NONE',  ( 3.449999999999994400, 0.8499999999999975400, -2.499999999999998700 ) ) ;
#4430 = VERTEX_POINT ( 'NONE', #4001 ) ;
#4431 = AXIS2_PLACEMENT_3D ( 'NONE', #4788, #754, #5319 ) ;
#4432 = CARTESIAN_POINT ( 'NONE',  ( 5.850000000000001400, -1.612394906284619600E-015, -2.499999999999998200 ) ) ;
#4433 = VECTOR ( 'NONE', #4371, 1000.000000000000000 ) ;
#4434 = ORIENTED_EDGE ( 'NONE', *, *, #2538, .T. ) ;
#4435 = CARTESIAN_POINT ( 'NONE',  ( 6.350000000000002300, 2.149999999999999000, -6.349999999999999600 ) ) ;
#4436 = EDGE_CURVE ( 'NONE', #2289, #4430, #2624, .T. ) ;
#4437 = CARTESIAN_POINT ( 'NONE',  ( -1.944543648263009400, 6.500000000000000900, 1.944543648263003400 ) ) ;
#4438 = CARTESIAN_POINT ( 'NONE',  ( 3.949999999999994400, 0.5999999999999999800, 0.5000000000000000000 ) ) ;
#4439 = DIRECTION ( 'NONE',  ( -1.000000000000000000, 0.0000000000000000000, 0.0000000000000000000 ) ) ;
#4440 = DIRECTION ( 'NONE',  ( -1.532073929300149800E-030, 4.388034133981040700E-016, 1.000000000000000000 ) ) ;
#4441 = VECTOR ( 'NONE', #3851, 1000.000000000000000 ) ;
#4442 = CARTESIAN_POINT ( 'NONE',  ( -4.050000000000001600, -0.8124404748406741600, -0.5000000000000000000 ) ) ;
#4443 = ADVANCED_FACE ( 'NONE', ( #561 ), #1487, .T. ) ;
#4444 = CLOSED_SHELL ( 'NONE', ( #2677, #5357, #1408, #3492, #880, #5664, #1853, #1967, #3637, #3260, #3697, #367, #5069, #4860, #2324, #5627, #6119, #271, #575, #1654, #5913, #4794, #6190, #2771, #756, #3537, #4922, #140, #421, #6017, #1448, #5027, #644, #1789, #4957, #1124, #2477, #3057, #4828, #2393, #85, #5419 ) ) ;
#4445 = ORIENTED_EDGE ( 'NONE', *, *, #1255, .F. ) ;
#4446 = LINE ( 'NONE', #2715, #5381 ) ;
#4447 = ORIENTED_EDGE ( 'NONE', *, *, #5806, .F. ) ;
#4448 = ORIENTED_EDGE ( 'NONE', *, *, #3232, .F. ) ;
#4449 = VERTEX_POINT ( 'NONE', #6012 ) ;
#4450 = CARTESIAN_POINT ( 'NONE',  ( 5.550000000000000700, 8.500000000000000000, -6.349999999999999600 ) ) ;
#4451 = ORIENTED_EDGE ( 'NONE', *, *, #5054, .F. ) ;
#4452 = EDGE_CURVE ( 'NONE', #4026, #6560, #2382, .T. ) ;
#4453 = ORIENTED_EDGE ( 'NONE', *, *, #309, .T. ) ;
#4454 = CARTESIAN_POINT ( 'NONE',  ( -6.350000000000001400, 0.0000000000000000000, 0.0000000000000000000 ) ) ;
#4455 = CARTESIAN_POINT ( 'NONE',  ( 3.199999999999994800, -7.806255641895631900E-015, 0.5000000000000001100 ) ) ;
#4456 = EDGE_CURVE ( 'NONE', #4029, #6410, #4801, .T. ) ;
#4457 = DIRECTION ( 'NONE',  ( -1.000000000000000000, 0.0000000000000000000, -0.0000000000000000000 ) ) ;
#4458 = ORIENTED_EDGE ( 'NONE', *, *, #4840, .F. ) ;
#4459 = FACE_OUTER_BOUND ( 'NONE', #606, .T. ) ;
#4460 = CARTESIAN_POINT ( 'NONE',  ( 5.850000000000001400, 1.350000000000000500, -2.500000000000000000 ) ) ;
#4461 = ORIENTED_EDGE ( 'NONE', *, *, #3602, .T. ) ;
#4462 = LINE ( 'NONE', #2437, #1947 ) ;
#4463 = EDGE_LOOP ( 'NONE', ( #2546, #2644, #968, #2040, #2172, #1881, #5060, #6004, #5212, #4271, #5617, #5521 ) ) ;
#4464 = AXIS2_PLACEMENT_3D ( 'NONE', #3421, #2918, #4547 ) ;
#4465 = CARTESIAN_POINT ( 'NONE',  ( -6.350000000000001400, 1.350000000000000500, -3.399999999999999900 ) ) ;
#4466 = ADVANCED_FACE ( 'NONE', ( #4339 ), #5495, .F. ) ;
#4467 = ORIENTED_EDGE ( 'NONE', *, *, #2683, .T. ) ;
#4468 = VECTOR ( 'NONE', #823, 1000.000000000000000 ) ;
#4469 = EDGE_CURVE ( 'NONE', #1527, #5111, #5987, .T. ) ;
#4470 = PLANE ( 'NONE',  #4114 ) ;
#4471 = ORIENTED_EDGE ( 'NONE', *, *, #2580, .F. ) ;
#4472 = FACE_OUTER_BOUND ( 'NONE', #6403, .T. ) ;
#4473 = CARTESIAN_POINT ( 'NONE',  ( 3.889087296526016100, 8.500000000000000000, -3.889087296526005500 ) ) ;
#4474 = DIRECTION ( 'NONE',  ( 1.000000000000000000, -0.0000000000000000000, 0.0000000000000000000 ) ) ;
#4475 = EDGE_LOOP ( 'NONE', ( #1849, #2155, #1715, #4770 ) ) ;
#4476 = LINE ( 'NONE', #4450, #1247 ) ;
#4477 = ORIENTED_EDGE ( 'NONE', *, *, #3248, .T. ) ;
#4478 = EDGE_CURVE ( 'NONE', #4126, #4532, #6134, .T. ) ;
#4479 = SURFACE_STYLE_FILL_AREA ( #68 ) ;
#4480 = LINE ( 'NONE', #3524, #4331 ) ;
#4481 = DIRECTION ( 'NONE',  ( 0.0000000000000000000, 0.0000000000000000000, 1.000000000000000000 ) ) ;
#4482 = LINE ( 'NONE', #5800, #3351 ) ;
#4483 = EDGE_CURVE ( 'NONE', #5927, #3068, #5747, .T. ) ;
#4484 = ORIENTED_EDGE ( 'NONE', *, *, #4952, .T. ) ;
#4485 = PLANE ( 'NONE',  #4718 ) ;
#4486 = CIRCLE ( 'NONE', #3383, 1.199999999999999700 ) ;
#4487 = VECTOR ( 'NONE', #563, 1000.000000000000000 ) ;
#4488 = ORIENTED_EDGE ( 'NONE', *, *, #984, .T. ) ;
#4489 = CARTESIAN_POINT ( 'NONE',  ( 4.569375152513432100, 1.350000000000000500, 0.5000000000000000000 ) ) ;
#4490 = CARTESIAN_POINT ( 'NONE',  ( -4.050000000000001600, 0.5999999999999999800, 2.500000000000000400 ) ) ;
#4491 = DIRECTION ( 'NONE',  ( 0.0000000000000000000, 0.0000000000000000000, 1.000000000000000000 ) ) ;
#4492 = CARTESIAN_POINT ( 'NONE',  ( -5.850000000000001400, 1.350000000000000300, 4.799999999999999800 ) ) ;
#4493 = CARTESIAN_POINT ( 'NONE',  ( 5.850000000000001400, 0.5000000000000004400, -0.0000000000000000000 ) ) ;
#4494 = EDGE_CURVE ( 'NONE', #3386, #2249, #2544, .T. ) ;
#4495 = EDGE_CURVE ( 'NONE', #3896, #4140, #4087, .T. ) ;
#4496 = VECTOR ( 'NONE', #6303, 1000.000000000000000 ) ;
#4497 = CARTESIAN_POINT ( 'NONE',  ( 4.350000000000001400, 2.649999999999998600, 1.900000000000000400 ) ) ;
#4498 = ORIENTED_EDGE ( 'NONE', *, *, #2932, .F. ) ;
#4499 = ADVANCED_FACE ( 'NONE', ( #3041 ), #3979, .F. ) ;
#4500 = AXIS2_PLACEMENT_3D ( 'NONE', #2688, #4757, #1156 ) ;
#4501 = AXIS2_PLACEMENT_3D ( 'NONE', #4519, #1394, #399 ) ;
#4502 = VECTOR ( 'NONE', #2785, 1000.000000000000000 ) ;
#4503 = DIRECTION ( 'NONE',  ( -0.0000000000000000000, -0.0000000000000000000, 1.000000000000000000 ) ) ;
#4504 = ORIENTED_EDGE ( 'NONE', *, *, #2971, .F. ) ;
#4505 = VERTEX_POINT ( 'NONE', #5020 ) ;
#4506 = EDGE_CURVE ( 'NONE', #4505, #4835, #90, .T. ) ;
#4507 = DIRECTION ( 'NONE',  ( 0.0000000000000000000, -1.000000000000000000, 0.0000000000000000000 ) ) ;
#4508 = FACE_OUTER_BOUND ( 'NONE', #3255, .T. ) ;
#4509 = ORIENTED_EDGE ( 'NONE', *, *, #1033, .T. ) ;
#4510 = DIRECTION ( 'NONE',  ( 0.0000000000000000000, 0.0000000000000000000, -1.000000000000000000 ) ) ;
#4511 = ORIENTED_EDGE ( 'NONE', *, *, #10, .F. ) ;
#4512 = MECHANICAL_DESIGN_GEOMETRIC_PRESENTATION_REPRESENTATION (  '', ( #4846 ), #3606 ) ;
#4513 = AXIS2_PLACEMENT_3D ( 'NONE', #2852, #6364, #5858 ) ;
#4514 = CARTESIAN_POINT ( 'NONE',  ( -5.549999999999998900, 7.700000000000000200, -5.549999999999998900 ) ) ;
#4515 = ADVANCED_FACE ( 'NONE', ( #6448 ), #3929, .T. ) ;
#4516 = VECTOR ( 'NONE', #1002, 1000.000000000000000 ) ;
#4517 = CARTESIAN_POINT ( 'NONE',  ( 4.350000000000001400, 2.149999999999998600, 1.899999999999999700 ) ) ;
#4518 = EDGE_CURVE ( 'NONE', #2052, #1608, #3448, .T. ) ;
#4519 = CARTESIAN_POINT ( 'NONE',  ( -4.349999999999998800, 2.649999999999998600, -1.899999999999999500 ) ) ;
#4520 = CARTESIAN_POINT ( 'NONE',  ( -4.049999999999999800, 0.4999999999999926200, -3.399999999999999900 ) ) ;
#4521 = EDGE_LOOP ( 'NONE', ( #548, #1492, #3468, #5458, #2253 ) ) ;
#4522 = ORIENTED_EDGE ( 'NONE', *, *, #930, .T. ) ;
#4523 = CARTESIAN_POINT ( 'NONE',  ( -1.350000000000001400, 0.8500000000000009800, -2.600000000000001000 ) ) ;
#4524 = ORIENTED_EDGE ( 'NONE', *, *, #6007, .T. ) ;
#4525 = CIRCLE ( 'NONE', #5718, 4.790000000000000900 ) ;
#4526 = DIRECTION ( 'NONE',  ( -1.000000000000000000, 2.859434301060672700E-016, 0.0000000000000000000 ) ) ;
#4527 = ORIENTED_EDGE ( 'NONE', *, *, #6377, .T. ) ;
#4528 = ORIENTED_EDGE ( 'NONE', *, *, #1651, .T. ) ;
#4529 = DIRECTION ( 'NONE',  ( 0.0000000000000000000, -1.000000000000000000, 0.0000000000000000000 ) ) ;
#4530 = CARTESIAN_POINT ( 'NONE',  ( 4.049999999999999800, 1.350000000000001200, 0.5000000000000000000 ) ) ;
#4531 = ORIENTED_EDGE ( 'NONE', *, *, #3589, .T. ) ;
#4532 = VERTEX_POINT ( 'NONE', #5065 ) ;
#4533 = VECTOR ( 'NONE', #176, 1000.000000000000000 ) ;
#4534 = DIRECTION ( 'NONE',  ( 0.0000000000000000000, 0.0000000000000000000, -1.000000000000000000 ) ) ;
#4535 = EDGE_CURVE ( 'NONE', #6321, #5295, #2788, .T. ) ;
#4536 = EDGE_CURVE ( 'NONE', #5623, #4648, #1412, .T. ) ;
#4537 = CARTESIAN_POINT ( 'NONE',  ( 6.350000000000001400, 1.350000000000000500, 3.399999999999999900 ) ) ;
#4538 = EDGE_LOOP ( 'NONE', ( #3482, #46, #6019, #298 ) ) ;
#4539 = CIRCLE ( 'NONE', #2541, 1.199999999999999700 ) ;
#4540 = CARTESIAN_POINT ( 'NONE',  ( -1.350000000000001400, 1.350000000000000800, -3.399999999999999900 ) ) ;
#4541 = DIRECTION ( 'NONE',  ( 0.0000000000000000000, 0.0000000000000000000, -1.000000000000000000 ) ) ;
#4542 = AXIS2_PLACEMENT_3D ( 'NONE', #643, #2641, #1185 ) ;
#4543 = ORIENTED_EDGE ( 'NONE', *, *, #288, .F. ) ;
#4544 = CARTESIAN_POINT ( 'NONE',  ( 5.800000000000001600, 0.4999999999999991700, 0.5000000000000001100 ) ) ;
#4545 = ORIENTED_EDGE ( 'NONE', *, *, #1702, .T. ) ;
#4546 = DIRECTION ( 'NONE',  ( 1.807003620809169200E-016, 0.0000000000000000000, 1.000000000000000000 ) ) ;
#4547 = DIRECTION ( 'NONE',  ( 0.0000000000000000000, 0.0000000000000000000, 1.000000000000000000 ) ) ;
#4548 = ORIENTED_EDGE ( 'NONE', *, *, #4265, .F. ) ;
#4549 = VERTEX_POINT ( 'NONE', #5104 ) ;
#4550 = AXIS2_PLACEMENT_3D ( 'NONE', #265, #1806, #3889 ) ;
#4551 = FACE_OUTER_BOUND ( 'NONE', #5768, .T. ) ;
#4552 = CARTESIAN_POINT ( 'NONE',  ( -1.799999999999999600, 2.150000000000000400, -6.349999999999999600 ) ) ;
#4553 = DIRECTION ( 'NONE',  ( 0.0000000000000000000, -1.000000000000000000, 9.427844978134823900E-017 ) ) ;
#4554 = VERTEX_POINT ( 'NONE', #1494 ) ;
#4555 = CARTESIAN_POINT ( 'NONE',  ( 6.350000000000001400, 0.5000000000000004400, 6.349999999999999600 ) ) ;
#4556 = LINE ( 'NONE', #2176, #2204 ) ;
#4557 = EDGE_CURVE ( 'NONE', #3496, #1424, #3288, .T. ) ;
#4558 = ORIENTED_EDGE ( 'NONE', *, *, #76, .F. ) ;
#4559 = ORIENTED_EDGE ( 'NONE', *, *, #3022, .T. ) ;
#4560 = CARTESIAN_POINT ( 'NONE',  ( -6.350000000000001400, 0.8499999999999996400, 3.399999999999999500 ) ) ;
#4561 = CIRCLE ( 'NONE', #5801, 0.8000000000000003800 ) ;
#4562 = ORIENTED_EDGE ( 'NONE', *, *, #1979, .F. ) ;
#4563 = VECTOR ( 'NONE', #5109, 1000.000000000000000 ) ;
#4564 = DIRECTION ( 'NONE',  ( 0.0000000000000000000, 1.000000000000000000, 2.168404344971015600E-015 ) ) ;
#4565 = VERTEX_POINT ( 'NONE', #6088 ) ;
#4566 = FACE_OUTER_BOUND ( 'NONE', #6208, .T. ) ;
#4567 = LINE ( 'NONE', #672, #2536 ) ;
#4568 = CARTESIAN_POINT ( 'NONE',  ( 4.049999999999999800, 1.350000000000001200, -3.399999999999999900 ) ) ;
#4569 = DIRECTION ( 'NONE',  ( 1.000000000000000000, -1.057758217059029100E-016, -0.0000000000000000000 ) ) ;
#4570 = DIRECTION ( 'NONE',  ( -0.0000000000000000000, 1.000000000000000000, -0.0000000000000000000 ) ) ;
#4571 = LINE ( 'NONE', #6132, #1265 ) ;
#4572 = FACE_OUTER_BOUND ( 'NONE', #5555, .T. ) ;
#4573 = ORIENTED_EDGE ( 'NONE', *, *, #4469, .T. ) ;
#4574 = EDGE_CURVE ( 'NONE', #5559, #5078, #3116, .T. ) ;
#4575 = DIRECTION ( 'NONE',  ( 1.000000000000000000, 0.0000000000000000000, 1.807003620809169200E-016 ) ) ;
#4576 = EDGE_CURVE ( 'NONE', #3412, #6346, #5819, .T. ) ;
#4577 = VECTOR ( 'NONE', #5967, 1000.000000000000000 ) ;
#4578 = ADVANCED_FACE ( 'NONE', ( #5353 ), #1472, .F. ) ;
#4579 = EDGE_LOOP ( 'NONE', ( #1848, #6336, #1258, #1221 ) ) ;
#4580 = CARTESIAN_POINT ( 'NONE',  ( 5.850000000000003200, -1.067598863666702600E-015, 2.500000000000000000 ) ) ;
#4581 = DIRECTION ( 'NONE',  ( 0.0000000000000000000, 0.0000000000000000000, 1.000000000000000000 ) ) ;
#4582 = CARTESIAN_POINT ( 'NONE',  ( 6.350000000000001400, 1.350000000000000300, 4.799999999999999800 ) ) ;
#4583 = VECTOR ( 'NONE', #5674, 1000.000000000000000 ) ;
#4584 = ORIENTED_EDGE ( 'NONE', *, *, #5489, .T. ) ;
#4585 = AXIS2_PLACEMENT_3D ( 'NONE', #5311, #4826, #6292 ) ;
#4586 = EDGE_LOOP ( 'NONE', ( #4668, #4224, #1202, #201 ) ) ;
#4587 = AXIS2_PLACEMENT_3D ( 'NONE', #4692, #96, #1647 ) ;
#4588 = CARTESIAN_POINT ( 'NONE',  ( -3.199999999999994400, 0.6000000000000009800, -0.5000000000000000000 ) ) ;
#4589 = DIRECTION ( 'NONE',  ( 0.0000000000000000000, 0.0000000000000000000, 1.000000000000000000 ) ) ;
#4590 = LINE ( 'NONE', #1553, #6542 ) ;
#4591 = PLANE ( 'NONE',  #795 ) ;
#4592 = EDGE_CURVE ( 'NONE', #3454, #4026, #1900, .T. ) ;
#4593 = CARTESIAN_POINT ( 'NONE',  ( 4.693246746792000900, 8.500000000000000000, -2.867653217131790600 ) ) ;
#4594 = VERTEX_POINT ( 'NONE', #2070 ) ;
#4595 = CYLINDRICAL_SURFACE ( 'NONE', #6469, 4.790000000000000900 ) ;
#4596 = PLANE ( 'NONE',  #924 ) ;
#4597 = ORIENTED_EDGE ( 'NONE', *, *, #4061, .T. ) ;
#4598 = AXIS2_PLACEMENT_3D ( 'NONE', #4809, #1748, #5337 ) ;
#4599 = VERTEX_POINT ( 'NONE', #1014 ) ;
#4600 = CARTESIAN_POINT ( 'NONE',  ( -4.049999999999999800, 1.350000000000001200, -3.399999999999999900 ) ) ;
#4601 = ORIENTED_EDGE ( 'NONE', *, *, #2817, .F. ) ;
#4602 = EDGE_CURVE ( 'NONE', #3406, #4377, #5117, .T. ) ;
#4603 = B_SPLINE_CURVE_WITH_KNOTS ( 'NONE', 3,
 ( #1638, #93, #4669, #595, #1569, #5176, #2095, #740, #676, #760, #4348, #5782, #719, #1198, #3240, #697 ),
 .UNSPECIFIED., .F., .F.,
 ( 4, 3, 3, 3, 3, 4 ),
 ( 0.0000000000000000000, 3.396486522547933200E-005, 6.793742647645056000E-005, 0.0001017898930445745700, 0.0001354294616232182300, 0.0001567328391042830800 ),
 .UNSPECIFIED. ) ;
#4604 = CARTESIAN_POINT ( 'NONE',  ( 5.850000000000001400, 1.350000000000000300, -4.799999999999999800 ) ) ;
#4605 = ORIENTED_EDGE ( 'NONE', *, *, #3419, .F. ) ;
#4606 = ORIENTED_EDGE ( 'NONE', *, *, #2804, .T. ) ;
#4607 = CARTESIAN_POINT ( 'NONE',  ( 4.049999999999999800, 0.4999999999999926200, -3.399999999999999900 ) ) ;
#4608 = CARTESIAN_POINT ( 'NONE',  ( 6.350000000000001400, 0.5000000000000004400, -6.349999999999999600 ) ) ;
#4609 = PLANE ( 'NONE',  #6421 ) ;
#4610 = ORIENTED_EDGE ( 'NONE', *, *, #5178, .T. ) ;
#4611 = FACE_OUTER_BOUND ( 'NONE', #3744, .T. ) ;
#4612 = ORIENTED_EDGE ( 'NONE', *, *, #5704, .T. ) ;
#4613 = DIRECTION ( 'NONE',  ( 0.0000000000000000000, -1.000000000000000000, 9.427844978134823900E-017 ) ) ;
#4614 = LINE ( 'NONE', #4455, #5473 ) ;
#4615 = ORIENTED_EDGE ( 'NONE', *, *, #1393, .F. ) ;
#4616 = EDGE_CURVE ( 'NONE', #2897, #3874, #2210, .T. ) ;
#4617 = CARTESIAN_POINT ( 'NONE',  ( -5.850000000000001400, 1.350000000000000500, -0.5000000000000003300 ) ) ;
#4618 = CARTESIAN_POINT ( 'NONE',  ( 5.550000000000000700, 0.5000000000000004400, 6.349999999999999600 ) ) ;
#4619 = AXIS2_PLACEMENT_3D ( 'NONE', #1865, #1889, #929 ) ;
#4620 = DIRECTION ( 'NONE',  ( -0.0000000000000000000, 1.000000000000000000, -0.0000000000000000000 ) ) ;
#4621 = CYLINDRICAL_SURFACE ( 'NONE', #4833, 0.2500000000000002200 ) ;
#4622 = CARTESIAN_POINT ( 'NONE',  ( 3.449999999999994400, 0.6000000000000000900, 2.500000000000000400 ) ) ;
#4623 = VERTEX_POINT ( 'NONE', #3592 ) ;
#4624 = FACE_OUTER_BOUND ( 'NONE', #2856, .T. ) ;
#4625 = EDGE_CURVE ( 'NONE', #5189, #852, #3757, .T. ) ;
#4626 = DIRECTION ( 'NONE',  ( -0.0000000000000000000, -9.427844978134822700E-017, -1.000000000000000000 ) ) ;
#4627 = ORIENTED_EDGE ( 'NONE', *, *, #3502, .T. ) ;
#4628 = VECTOR ( 'NONE', #2205, 1000.000000000000000 ) ;
#4629 = EDGE_LOOP ( 'NONE', ( #4471, #5837, #4808, #1587 ) ) ;
#4630 = CARTESIAN_POINT ( 'NONE',  ( -5.850000000000001400, 1.350000000000000500, -2.500000000000000000 ) ) ;
#4631 = DIRECTION ( 'NONE',  ( 0.0000000000000000000, -1.000000000000000000, 0.0000000000000000000 ) ) ;
#4632 = AXIS2_PLACEMENT_3D ( 'NONE', #215, #303, #4815 ) ;
#4633 = VECTOR ( 'NONE', #2264, 1000.000000000000000 ) ;
#4634 = CARTESIAN_POINT ( 'NONE',  ( 5.850000000000001400, 1.350000000000000300, -4.799999999999999800 ) ) ;
#4635 = EDGE_LOOP ( 'NONE', ( #3069, #4753, #6126, #3599 ) ) ;
#4636 = CARTESIAN_POINT ( 'NONE',  ( -4.687343749517259200, 8.500000000000000000, 2.877314156115104100 ) ) ;
#4637 = EDGE_CURVE ( 'NONE', #2997, #2424, #3034, .T. ) ;
#4638 = CYLINDRICAL_SURFACE ( 'NONE', #5882, 0.5500000000000004900 ) ;
#4639 = LINE ( 'NONE', #5296, #2706 ) ;
#4640 = CARTESIAN_POINT ( 'NONE',  ( 5.199999999999994800, 1.350000000000001400, -2.250000000000013300 ) ) ;
#4641 = CYLINDRICAL_SURFACE ( 'NONE', #4758, 5.500000000000000000 ) ;
#4642 = CARTESIAN_POINT ( 'NONE',  ( 3.889087296526017000, 6.500000000000000900, 5.089087296526003900 ) ) ;
#4643 = DIRECTION ( 'NONE',  ( -1.000000000000000000, 1.057758217059029100E-016, 0.0000000000000000000 ) ) ;
#4644 = LINE ( 'NONE', #4823, #5038 ) ;
#4645 = VECTOR ( 'NONE', #5043, 1000.000000000000000 ) ;
#4646 = DIRECTION ( 'NONE',  ( -1.000000000000000000, 0.0000000000000000000, -0.0000000000000000000 ) ) ;
#4647 = VECTOR ( 'NONE', #343, 1000.000000000000000 ) ;
#4648 = VERTEX_POINT ( 'NONE', #5654 ) ;
#4649 = PLANE ( 'NONE',  #1906 ) ;
#4650 = VECTOR ( 'NONE', #5085, 1000.000000000000000 ) ;
#4651 = DIRECTION ( 'NONE',  ( 0.0000000000000000000, 0.0000000000000000000, 1.000000000000000000 ) ) ;
#4652 = ORIENTED_EDGE ( 'NONE', *, *, #5937, .T. ) ;
#4653 = CARTESIAN_POINT ( 'NONE',  ( 4.050000000000001600, 0.5999999999999999800, 2.500000000000000400 ) ) ;
#4654 = DIRECTION ( 'NONE',  ( 0.0000000000000000000, 1.000000000000000000, 0.0000000000000000000 ) ) ;
#4655 = EDGE_CURVE ( 'NONE', #2098, #2529, #6367, .T. ) ;
#4656 = PLANE ( 'NONE',  #3304 ) ;
#4657 = LINE ( 'NONE', #1234, #4502 ) ;
#4658 = EDGE_CURVE ( 'NONE', #2285, #3393, #5273, .T. ) ;
#4659 = ORIENTED_EDGE ( 'NONE', *, *, #5690, .F. ) ;
#4660 = EDGE_CURVE ( 'NONE', #1888, #975, #633, .T. ) ;
#4661 = DIRECTION ( 'NONE',  ( 0.0000000000000000000, 0.0000000000000000000, 1.000000000000000000 ) ) ;
#4662 = VECTOR ( 'NONE', #726, 1000.000000000000000 ) ;
#4663 = CARTESIAN_POINT ( 'NONE',  ( -5.850000000000001400, 1.350000000000000500, -2.500000000000000000 ) ) ;
#4664 = DIRECTION ( 'NONE',  ( -0.0000000000000000000, -0.0000000000000000000, 1.000000000000000000 ) ) ;
#4665 = EDGE_LOOP ( 'NONE', ( #4298, #4144, #318, #3590 ) ) ;
#4666 = ORIENTED_EDGE ( 'NONE', *, *, #3157, .F. ) ;
#4667 = DIRECTION ( 'NONE',  ( 0.0000000000000000000, 1.000000000000000000, 2.168404344971015600E-015 ) ) ;
#4668 = ORIENTED_EDGE ( 'NONE', *, *, #3774, .F. ) ;
#4669 = CARTESIAN_POINT ( 'NONE',  ( -2.887089242087332400, 8.498051043478779900, -4.681327790140215100 ) ) ;
#4670 = CIRCLE ( 'NONE', #1816, 0.5500000000000001600 ) ;
#4671 = AXIS2_PLACEMENT_3D ( 'NONE', #628, #4196, #5715 ) ;
#4672 = CARTESIAN_POINT ( 'NONE',  ( 3.889087296526016100, 8.400000000000000400, -3.889087296526005500 ) ) ;
#4673 = VERTEX_POINT ( 'NONE', #2090 ) ;
#4674 = AXIS2_PLACEMENT_3D ( 'NONE', #6046, #6080, #1928 ) ;
#4675 = DIRECTION ( 'NONE',  ( -0.0000000000000000000, -1.000000000000000000, -0.0000000000000000000 ) ) ;
#4676 = ADVANCED_FACE ( 'NONE', ( #4081 ), #5168, .T. ) ;
#4677 = LINE ( 'NONE', #158, #4749 ) ;
#4678 = CARTESIAN_POINT ( 'NONE',  ( -5.850000000000001400, 0.5499999999999988200, 2.500000000000000000 ) ) ;
#4679 = EDGE_CURVE ( 'NONE', #1649, #5070, #5901, .T. ) ;
#4680 = ORIENTED_EDGE ( 'NONE', *, *, #4868, .T. ) ;
#4681 = DIRECTION ( 'NONE',  ( 0.0000000000000000000, 0.0000000000000000000, -1.000000000000000000 ) ) ;
#4682 = DIRECTION ( 'NONE',  ( -6.413747168845436200E-031, -1.836970198721028700E-016, 1.000000000000000000 ) ) ;
#4683 = VERTEX_POINT ( 'NONE', #42 ) ;
#4684 = LINE ( 'NONE', #1666, #282 ) ;
#4685 = PLANE ( 'NONE',  #2805 ) ;
#4686 = DIRECTION ( 'NONE',  ( -0.0000000000000000000, 1.000000000000000000, 9.427844978134823900E-017 ) ) ;
#4687 = ORIENTED_EDGE ( 'NONE', *, *, #5968, .F. ) ;
#4688 = FACE_OUTER_BOUND ( 'NONE', #134, .T. ) ;
#4689 = EDGE_CURVE ( 'NONE', #5620, #1791, #1175, .T. ) ;
#4690 = EDGE_LOOP ( 'NONE', ( #2011, #5393, #2823, #511 ) ) ;
#4691 = DIRECTION ( 'NONE',  ( -9.531447670202242400E-017, 1.000000000000000000, -0.0000000000000000000 ) ) ;
#4692 = CARTESIAN_POINT ( 'NONE',  ( -3.199999999999994800, -0.8124404748406739400, -0.2499999999999997800 ) ) ;
#4693 = EDGE_CURVE ( 'NONE', #4980, #5189, #4567, .T. ) ;
#4694 = LINE ( 'NONE', #3999, #3738 ) ;
#4695 = DIRECTION ( 'NONE',  ( -0.0000000000000000000, 0.0000000000000000000, -1.000000000000000000 ) ) ;
#4696 = CARTESIAN_POINT ( 'NONE',  ( 0.0000000000000000000, 8.500000000000000000, 0.0000000000000000000 ) ) ;
#4697 = ORIENTED_EDGE ( 'NONE', *, *, #3376, .F. ) ;
#4698 = VERTEX_POINT ( 'NONE', #2678 ) ;
#4699 = FACE_OUTER_BOUND ( 'NONE', #5380, .T. ) ;
#4700 = VECTOR ( 'NONE', #4179, 1000.000000000000000 ) ;
#4701 = ADVANCED_FACE ( 'NONE', ( #4793 ), #2132, .T. ) ;
#4702 = EDGE_LOOP ( 'NONE', ( #4117, #1312, #6390, #6023 ) ) ;
#4703 = CARTESIAN_POINT ( 'NONE',  ( -1.148117659185224700E-015, 6.500000000000000900, -4.789999999999997400 ) ) ;
#4704 = AXIS2_PLACEMENT_3D ( 'NONE', #2950, #5533, #2398 ) ;
#4705 = DIRECTION ( 'NONE',  ( -0.0000000000000000000, 1.000000000000000000, -0.0000000000000000000 ) ) ;
#4706 = FACE_OUTER_BOUND ( 'NONE', #3025, .T. ) ;
#4707 = CARTESIAN_POINT ( 'NONE',  ( 1.745740669421640200E-015, -2.103352214621878600E-014, -3.875934013079312200E-030 ) ) ;
#4708 = CARTESIAN_POINT ( 'NONE',  ( -4.644976764299449300, 8.443460685632951300, -2.945200244325988100 ) ) ;
#4709 = ORIENTED_EDGE ( 'NONE', *, *, #5290, .F. ) ;
#4710 = FACE_OUTER_BOUND ( 'NONE', #71, .T. ) ;
#4711 = ORIENTED_EDGE ( 'NONE', *, *, #6043, .F. ) ;
#4712 = VECTOR ( 'NONE', #526, 1000.000000000000000 ) ;
#4713 = EDGE_CURVE ( 'NONE', #6001, #54, #941, .T. ) ;
#4714 = CARTESIAN_POINT ( 'NONE',  ( 6.350000000000001400, 7.700000000000000200, 6.349999999999999600 ) ) ;
#4715 = ORIENTED_EDGE ( 'NONE', *, *, #2038, .T. ) ;
#4716 = CARTESIAN_POINT ( 'NONE',  ( 6.350000000000001400, 0.8499999999999992000, -3.399999999999999900 ) ) ;
#4717 = DIRECTION ( 'NONE',  ( 0.0000000000000000000, -1.000000000000000000, 0.0000000000000000000 ) ) ;
#4718 = AXIS2_PLACEMENT_3D ( 'NONE', #4990, #3996, #1910 ) ;
#4719 = LINE ( 'NONE', #1267, #1174 ) ;
#4720 = VECTOR ( 'NONE', #4664, 1000.000000000000000 ) ;
#4721 = CIRCLE ( 'NONE', #3174, 0.2500000000000000000 ) ;
#4722 = CARTESIAN_POINT ( 'NONE',  ( -4.644855132123044700, 8.442995605740636100, 2.945395693611576200 ) ) ;
#4723 = EDGE_CURVE ( 'NONE', #4761, #1801, #2135, .T. ) ;
#4724 = FACE_OUTER_BOUND ( 'NONE', #748, .T. ) ;
#4725 = EDGE_LOOP ( 'NONE', ( #3920, #1320, #4381, #670 ) ) ;
#4726 = CARTESIAN_POINT ( 'NONE',  ( -6.349999999999998800, 7.700000000000000200, 6.349999999999999600 ) ) ;
#4727 = CARTESIAN_POINT ( 'NONE',  ( 1.800000000000000500, 2.799999999999999800, -6.349999999999999600 ) ) ;
#4728 = ADVANCED_FACE ( 'NONE', ( #6519 ), #4200, .T. ) ;
#4729 = DIRECTION ( 'NONE',  ( 0.0000000000000000000, -0.7071067811865521200, -0.7071067811865430200 ) ) ;
#4730 = VECTOR ( 'NONE', #3463, 1000.000000000000000 ) ;
#4731 = ORIENTED_EDGE ( 'NONE', *, *, #249, .F. ) ;
#4732 = CARTESIAN_POINT ( 'NONE',  ( -4.049999999999999800, 0.4999999999999930600, 9.184850993605015300E-017 ) ) ;
#4733 = DIRECTION ( 'NONE',  ( -0.0000000000000000000, -9.427844978134822700E-017, -1.000000000000000000 ) ) ;
#4734 = PLANE ( 'NONE',  #4587 ) ;
#4735 = DIRECTION ( 'NONE',  ( 0.0000000000000000000, -1.000000000000000000, -9.427844978134823900E-017 ) ) ;
#4736 = ADVANCED_FACE ( 'NONE', ( #784 ), #5256, .F. ) ;
#4737 = FACE_OUTER_BOUND ( 'NONE', #3669, .T. ) ;
#4738 = ORIENTED_EDGE ( 'NONE', *, *, #3817, .T. ) ;
#4739 = DIRECTION ( 'NONE',  ( -1.000000000000000000, 8.673617379883937700E-015, 0.0000000000000000000 ) ) ;
#4740 = DIRECTION ( 'NONE',  ( 0.0000000000000000000, 0.0000000000000000000, 1.000000000000000000 ) ) ;
#4741 = VERTEX_POINT ( 'NONE', #191 ) ;
#4742 = EDGE_CURVE ( 'NONE', #3429, #1617, #2376, .T. ) ;
#4743 = VECTOR ( 'NONE', #3561, 1000.000000000000000 ) ;
#4744 = CARTESIAN_POINT ( 'NONE',  ( 1.800000000000000500, 0.5000000000000004400, -6.349999999999999600 ) ) ;
#4745 = AXIS2_PLACEMENT_3D ( 'NONE', #4932, #2868, #1367 ) ;
#4746 = ORIENTED_EDGE ( 'NONE', *, *, #4265, .T. ) ;
#4747 = AXIS2_PLACEMENT_3D ( 'NONE', #1775, #736, #4343 ) ;
#4748 = DIRECTION ( 'NONE',  ( -1.000000000000000000, 0.0000000000000000000, 0.0000000000000000000 ) ) ;
#4749 = VECTOR ( 'NONE', #4695, 1000.000000000000000 ) ;
#4750 = CARTESIAN_POINT ( 'NONE',  ( 0.0000000000000000000, 0.0000000000000000000, -3.399999999999999900 ) ) ;
#4751 = ORIENTED_EDGE ( 'NONE', *, *, #5350, .F. ) ;
#4752 = EDGE_CURVE ( 'NONE', #2800, #6354, #6058, .T. ) ;
#4753 = ORIENTED_EDGE ( 'NONE', *, *, #4495, .F. ) ;
#4754 = CARTESIAN_POINT ( 'NONE',  ( 5.550000000000000700, 0.5000000000000004400, 6.349999999999999600 ) ) ;
#4755 = AXIS2_PLACEMENT_3D ( 'NONE', #3958, #2939, #5414 ) ;
#4756 = VERTEX_POINT ( 'NONE', #124 ) ;
#4757 = DIRECTION ( 'NONE',  ( 0.0000000000000000000, -1.000000000000000000, 0.0000000000000000000 ) ) ;
#4758 = AXIS2_PLACEMENT_3D ( 'NONE', #2057, #1461, #4071 ) ;
#4759 = CARTESIAN_POINT ( 'NONE',  ( 4.350000000000001400, 2.149999999999998600, 1.899999999999999700 ) ) ;
#4760 = CARTESIAN_POINT ( 'NONE',  ( -6.350000000000001400, 2.149999999999997700, -4.799999999999998000 ) ) ;
#4761 = VERTEX_POINT ( 'NONE', #1586 ) ;
#4762 = ORIENTED_EDGE ( 'NONE', *, *, #2932, .T. ) ;
#4763 = VERTEX_POINT ( 'NONE', #4772 ) ;
#4764 = CARTESIAN_POINT ( 'NONE',  ( -4.050000000000001600, 1.349999999999999900, -0.5000000000000000000 ) ) ;
#4765 = EDGE_CURVE ( 'NONE', #4165, #906, #4951, .T. ) ;
#4766 = ADVANCED_FACE ( 'NONE', ( #6211 ), #2702, .F. ) ;
#4767 = ORIENTED_EDGE ( 'NONE', *, *, #6490, .T. ) ;
#4768 = CARTESIAN_POINT ( 'NONE',  ( -5.549999999999998900, 7.700000000000000200, 0.0000000000000000000 ) ) ;
#4769 = VECTOR ( 'NONE', #3689, 1000.000000000000000 ) ;
#4770 = ORIENTED_EDGE ( 'NONE', *, *, #623, .F. ) ;
#4771 = ORIENTED_EDGE ( 'NONE', *, *, #3665, .T. ) ;
#4772 = CARTESIAN_POINT ( 'NONE',  ( -1.350000000000001400, 1.350000000000001000, -2.599999999999999600 ) ) ;
#4773 = VECTOR ( 'NONE', #4503, 1000.000000000000000 ) ;
#4774 = VERTEX_POINT ( 'NONE', #1149 ) ;
#4775 = DIRECTION ( 'NONE',  ( 0.0000000000000000000, 1.000000000000000000, -9.035018104045873200E-017 ) ) ;
#4776 = CARTESIAN_POINT ( 'NONE',  ( 2.953056658403661100, 8.400000000000000400, 4.639984522846795300 ) ) ;
#4777 = FACE_OUTER_BOUND ( 'NONE', #1945, .T. ) ;
#4778 = CARTESIAN_POINT ( 'NONE',  ( -5.800000000000001600, 0.4999999999999991700, 0.5000000000000000000 ) ) ;
#4779 = DIRECTION ( 'NONE',  ( 0.7071067811865500200, -0.0000000000000000000, 0.7071067811865451300 ) ) ;
#4780 = VERTEX_POINT ( 'NONE', #4703 ) ;
#4781 = EDGE_CURVE ( 'NONE', #975, #4178, #1101, .T. ) ;
#4782 = DIRECTION ( 'NONE',  ( 0.0000000000000000000, 1.000000000000000000, 0.0000000000000000000 ) ) ;
#4783 = EDGE_CURVE ( 'NONE', #5488, #5847, #1009, .T. ) ;
#4784 = VERTEX_POINT ( 'NONE', #3235 ) ;
#4785 = DIRECTION ( 'NONE',  ( -0.7071067811865444600, -0.0000000000000000000, -0.7071067811865506800 ) ) ;
#4786 = VECTOR ( 'NONE', #703, 1000.000000000000000 ) ;
#4787 = LINE ( 'NONE', #5781, #851 ) ;
#4788 = CARTESIAN_POINT ( 'NONE',  ( -3.889087296526017900, 8.400000000000000400, -3.889087296526003700 ) ) ;
#4789 = AXIS2_PLACEMENT_3D ( 'NONE', #2368, #2349, #6419 ) ;
#4790 = PLANE ( 'NONE',  #5975 ) ;
#4791 = EDGE_LOOP ( 'NONE', ( #983, #6274, #515, #1244, #6302 ) ) ;
#4792 = LINE ( 'NONE', #5150, #2705 ) ;
#4794 = ADVANCED_FACE ( 'NONE', ( #2867 ), #5192, .F. ) ;
#4793 = FACE_OUTER_BOUND ( 'NONE', #3559, .T. ) ;
#4795 = CARTESIAN_POINT ( 'NONE',  ( 6.350000000000001400, 1.350000000000000500, -3.399999999999999900 ) ) ;
#4796 = LINE ( 'NONE', #1985, #4078 ) ;
#4797 = CARTESIAN_POINT ( 'NONE',  ( 4.050000000000001600, -0.8124404748406728300, -0.5000000000000000000 ) ) ;
#4798 = EDGE_CURVE ( 'NONE', #2890, #813, #2298, .T. ) ;
#4799 = DIRECTION ( 'NONE',  ( -1.000000000000000000, -0.0000000000000000000, -0.0000000000000000000 ) ) ;
#4800 = FACE_OUTER_BOUND ( 'NONE', #2743, .T. ) ;
#4801 = LINE ( 'NONE', #931, #12 ) ;
#4802 = CARTESIAN_POINT ( 'NONE',  ( 5.550000000000000700, 0.5000000000000004400, 5.549999999999998900 ) ) ;
#4803 = CARTESIAN_POINT ( 'NONE',  ( 3.199999999999994400, 0.6000000000000009800, -2.499999999999998200 ) ) ;
#4804 = LINE ( 'NONE', #5934, #4647 ) ;
#4805 = EDGE_LOOP ( 'NONE', ( #1785, #3165, #1615, #4652 ) ) ;
#4806 = DIRECTION ( 'NONE',  ( 0.0000000000000000000, 0.0000000000000000000, 1.000000000000000000 ) ) ;
#4807 = LINE ( 'NONE', #2982, #5045 ) ;
#4808 = ORIENTED_EDGE ( 'NONE', *, *, #1370, .F. ) ;
#4809 = CARTESIAN_POINT ( 'NONE',  ( -5.549999999999998900, 0.5000000000000004400, -5.549999999999998900 ) ) ;
#4810 = FACE_OUTER_BOUND ( 'NONE', #4791, .T. ) ;
#4811 = DIRECTION ( 'NONE',  ( 0.0000000000000000000, 0.0000000000000000000, 1.000000000000000000 ) ) ;
#4812 = ORIENTED_EDGE ( 'NONE', *, *, #233, .F. ) ;
#4813 = CARTESIAN_POINT ( 'NONE',  ( -4.049999999999999800, 0.4999999999999926200, 0.5000000000000000000 ) ) ;
#4814 = EDGE_CURVE ( 'NONE', #2498, #4950, #3363, .T. ) ;
#4815 = DIRECTION ( 'NONE',  ( -1.000000000000000000, 1.600488921288130900E-015, 0.0000000000000000000 ) ) ;
#4816 = FACE_OUTER_BOUND ( 'NONE', #5952, .T. ) ;
#4817 = EDGE_CURVE ( 'NONE', #1842, #4853, #4639, .T. ) ;
#4818 = ORIENTED_EDGE ( 'NONE', *, *, #3730, .T. ) ;
#4819 = DIRECTION ( 'NONE',  ( -0.0000000000000000000, -0.0000000000000000000, -1.000000000000000000 ) ) ;
#4820 = EDGE_LOOP ( 'NONE', ( #1348, #3032, #1306, #5574 ) ) ;
#4821 = CARTESIAN_POINT ( 'NONE',  ( 2.953056658403661100, 6.500000000000000900, -4.639984522846795300 ) ) ;
#4822 = DIRECTION ( 'NONE',  ( 0.0000000000000000000, -1.000000000000000000, 0.0000000000000000000 ) ) ;
#4823 = CARTESIAN_POINT ( 'NONE',  ( -2.399999999999995500, 0.5000000000000004400, 0.0000000000000000000 ) ) ;
#4824 = ORIENTED_EDGE ( 'NONE', *, *, #1837, .T. ) ;
#4825 = LINE ( 'NONE', #919, #5691 ) ;
#4826 = DIRECTION ( 'NONE',  ( 0.0000000000000000000, -9.427844978134823900E-017, 1.000000000000000000 ) ) ;
#4827 = CARTESIAN_POINT ( 'NONE',  ( 3.199999999999994400, 0.6000000000000009800, 2.499999999999999600 ) ) ;
#4828 = ADVANCED_FACE ( 'NONE', ( #3284 ), #3365, .F. ) ;
#4829 = EDGE_CURVE ( 'NONE', #5853, #3900, #1892, .T. ) ;
#4830 = VERTEX_POINT ( 'NONE', #2790 ) ;
#4831 = DIRECTION ( 'NONE',  ( 0.0000000000000000000, 0.0000000000000000000, -1.000000000000000000 ) ) ;
#4832 = EDGE_LOOP ( 'NONE', ( #4818, #3195, #6308, #734 ) ) ;
#4833 = AXIS2_PLACEMENT_3D ( 'NONE', #5019, #3954, #4020 ) ;
#4834 = AXIS2_PLACEMENT_3D ( 'NONE', #6177, #5630, #4180 ) ;
#4835 = VERTEX_POINT ( 'NONE', #1238 ) ;
#4836 = ORIENTED_EDGE ( 'NONE', *, *, #5725, .T. ) ;
#4837 = CARTESIAN_POINT ( 'NONE',  ( -3.949999999999994400, 1.350000000000001000, -2.499999999999998700 ) ) ;
#4838 = PLANE ( 'NONE',  #5215 ) ;
#4839 = CARTESIAN_POINT ( 'NONE',  ( -2.150000000000003500, 0.0000000000000000000, -3.399999999999999900 ) ) ;
#4840 = EDGE_CURVE ( 'NONE', #5696, #5286, #5, .T. ) ;
#4841 = PLANE ( 'NONE',  #629 ) ;
#4842 = ORIENTED_EDGE ( 'NONE', *, *, #6061, .F. ) ;
#4843 = VERTEX_POINT ( 'NONE', #3319 ) ;
#4844 = CYLINDRICAL_SURFACE ( 'NONE', #164, 0.05000000000000045400 ) ;
#4845 = DIRECTION ( 'NONE',  ( -1.000000000000000000, 2.859434301060672700E-016, 0.0000000000000000000 ) ) ;
#4846 = STYLED_ITEM ( 'NONE', ( #5501 ), #5692 ) ;
#4847 = CARTESIAN_POINT ( 'NONE',  ( -4.517509052022925600E-016, 0.5000000000000004400, -2.500000000000001300 ) ) ;
#4848 = PLANE ( 'NONE',  #3162 ) ;
#4849 = ORIENTED_EDGE ( 'NONE', *, *, #2859, .F. ) ;
#4850 = LINE ( 'NONE', #1807, #681 ) ;
#4851 = DIRECTION ( 'NONE',  ( 0.0000000000000000000, -1.000000000000000000, 0.0000000000000000000 ) ) ;
#4852 = EDGE_CURVE ( 'NONE', #415, #153, #1975, .T. ) ;
#4853 = VERTEX_POINT ( 'NONE', #5886 ) ;
#4854 = ORIENTED_EDGE ( 'NONE', *, *, #1762, .T. ) ;
#4855 = VERTEX_POINT ( 'NONE', #4880 ) ;
#4856 = EDGE_LOOP ( 'NONE', ( #2908, #3183, #3164, #3814 ) ) ;
#4857 = DIRECTION ( 'NONE',  ( 0.7071067811865466800, 0.0000000000000000000, 0.7071067811865483500 ) ) ;
#4858 = DIRECTION ( 'NONE',  ( 0.0000000000000000000, 0.0000000000000000000, -1.000000000000000000 ) ) ;
#4859 = LINE ( 'NONE', #1166, #1631 ) ;
#4860 = ADVANCED_FACE ( 'NONE', ( #476 ), #774, .T. ) ;
#4861 = VECTOR ( 'NONE', #423, 1000.000000000000000 ) ;
#4862 = DIRECTION ( 'NONE',  ( -1.000000000000000000, 0.0000000000000000000, 0.0000000000000000000 ) ) ;
#4863 = ORIENTED_EDGE ( 'NONE', *, *, #1958, .T. ) ;
#4864 = CARTESIAN_POINT ( 'NONE',  ( 5.550000000000000700, 7.700000000000000200, -5.549999999999998900 ) ) ;
#4865 = CIRCLE ( 'NONE', #475, 0.2500000000000000000 ) ;
#4866 = CARTESIAN_POINT ( 'NONE',  ( 4.669987058684925300, 8.490477831656829000, 2.905393483207250800 ) ) ;
#4867 = EDGE_CURVE ( 'NONE', #1842, #599, #3845, .T. ) ;
#4868 = EDGE_CURVE ( 'NONE', #1619, #4916, #5582, .T. ) ;
#4869 = ORIENTED_EDGE ( 'NONE', *, *, #6096, .F. ) ;
#4870 = LINE ( 'NONE', #1248, #3520 ) ;
#4871 = AXIS2_PLACEMENT_3D ( 'NONE', #6229, #4187, #3177 ) ;
#4872 = ORIENTED_EDGE ( 'NONE', *, *, #507, .T. ) ;
#4873 = LINE ( 'NONE', #503, #3523 ) ;
#4874 = DIRECTION ( 'NONE',  ( -0.0000000000000000000, -0.0000000000000000000, 1.000000000000000000 ) ) ;
#4875 = AXIS2_PLACEMENT_3D ( 'NONE', #6280, #1195, #2195 ) ;
#4876 = ORIENTED_EDGE ( 'NONE', *, *, #2077, .T. ) ;
#4877 = LINE ( 'NONE', #194, #3921 ) ;
#4878 = VECTOR ( 'NONE', #3280, 1000.000000000000000 ) ;
#4879 = VECTOR ( 'NONE', #1044, 1000.000000000000000 ) ;
#4880 = CARTESIAN_POINT ( 'NONE',  ( -5.850000000000001400, 1.350000000000000300, -4.799999999999999800 ) ) ;
#4881 = DIRECTION ( 'NONE',  ( -0.7071067811865466800, 0.0000000000000000000, 0.7071067811865483500 ) ) ;
#4882 = AXIS2_PLACEMENT_3D ( 'NONE', #5969, #3914, #379 ) ;
#4883 = FACE_OUTER_BOUND ( 'NONE', #821, .T. ) ;
#4884 = CARTESIAN_POINT ( 'NONE',  ( -4.639984522846806000, 8.400000000000000400, -2.953056658403646400 ) ) ;
#4885 = ORIENTED_EDGE ( 'NONE', *, *, #6294, .F. ) ;
#4886 = PLANE ( 'NONE',  #2545 ) ;
#4887 = EDGE_CURVE ( 'NONE', #3170, #2424, #5113, .T. ) ;
#4888 = DIRECTION ( 'NONE',  ( -0.0000000000000000000, -0.0000000000000000000, 1.000000000000000000 ) ) ;
#4889 = CARTESIAN_POINT ( 'NONE',  ( 5.800000000000001600, 0.5499999999999990500, 2.500000000000000000 ) ) ;
#4890 = CARTESIAN_POINT ( 'NONE',  ( -3.199999999999994800, 0.8499999999999975400, 2.500000000000000400 ) ) ;
#4891 = VECTOR ( 'NONE', #4414, 1000.000000000000000 ) ;
#4892 = DIRECTION ( 'NONE',  ( 1.000000000000000000, -0.0000000000000000000, -0.0000000000000000000 ) ) ;
#4893 = VERTEX_POINT ( 'NONE', #2769 ) ;
#4894 = DIRECTION ( 'NONE',  ( -1.000000000000000000, 0.0000000000000000000, 0.0000000000000000000 ) ) ;
#4895 = ADVANCED_FACE ( 'NONE', ( #550 ), #3833, .F. ) ;
#4896 = VECTOR ( 'NONE', #3136, 1000.000000000000000 ) ;
#4897 = DIRECTION ( 'NONE',  ( 0.0000000000000000000, -1.000000000000000000, 0.0000000000000000000 ) ) ;
#4898 = ORIENTED_EDGE ( 'NONE', *, *, #5539, .F. ) ;
#4899 = PLANE ( 'NONE',  #3389 ) ;
#4900 = ORIENTED_EDGE ( 'NONE', *, *, #3716, .F. ) ;
#4901 = VECTOR ( 'NONE', #3452, 1000.000000000000000 ) ;
#4902 = EDGE_LOOP ( 'NONE', ( #4973, #5342, #272, #6241 ) ) ;
#4903 = DIRECTION ( 'NONE',  ( 2.859434301060672700E-016, 1.000000000000000000, -0.0000000000000000000 ) ) ;
#4904 = ORIENTED_EDGE ( 'NONE', *, *, #3064, .F. ) ;
#4905 = EDGE_CURVE ( 'NONE', #3648, #2737, #4247, .T. ) ;
#4906 = CIRCLE ( 'NONE', #5592, 0.8000000000000003800 ) ;
#4907 = CARTESIAN_POINT ( 'NONE',  ( -3.889087296526017000, 8.500000000000000000, 3.889087296526004600 ) ) ;
#4908 = CARTESIAN_POINT ( 'NONE',  ( -4.050000000000001600, -7.881611040150800700E-015, -2.499999999999998200 ) ) ;
#4909 = CARTESIAN_POINT ( 'NONE',  ( -4.049999999999999800, 0.4999999999999926200, -3.399999999999999900 ) ) ;
#4910 = EDGE_CURVE ( 'NONE', #1317, #2657, #5197, .T. ) ;
#4911 = ORIENTED_EDGE ( 'NONE', *, *, #3794, .T. ) ;
#4912 = VERTEX_POINT ( 'NONE', #4361 ) ;
#4913 = CARTESIAN_POINT ( 'NONE',  ( 4.569375152513432100, 1.350000000000000500, -0.5000000000000003300 ) ) ;
#4914 = DIRECTION ( 'NONE',  ( -1.606225440719266900E-016, 1.000000000000000000, -0.0000000000000000000 ) ) ;
#4915 = ORIENTED_EDGE ( 'NONE', *, *, #517, .T. ) ;
#4916 = VERTEX_POINT ( 'NONE', #1773 ) ;
#4917 = ORIENTED_EDGE ( 'NONE', *, *, #6539, .F. ) ;
#4918 = ORIENTED_EDGE ( 'NONE', *, *, #622, .F. ) ;
#4919 = AXIS2_PLACEMENT_3D ( 'NONE', #5201, #4209, #2119 ) ;
#4920 = VERTEX_POINT ( 'NONE', #1705 ) ;
#4921 = VECTOR ( 'NONE', #4321, 1000.000000000000000 ) ;
#4922 = ADVANCED_FACE ( 'NONE', ( #1331 ), #6322, .F. ) ;
#4923 = ORIENTED_EDGE ( 'NONE', *, *, #6084, .F. ) ;
#4924 = CARTESIAN_POINT ( 'NONE',  ( 5.800000000000001600, 0.5499999999999990500, 2.500000000000000000 ) ) ;
#4925 = ORIENTED_EDGE ( 'NONE', *, *, #4993, .T. ) ;
#4926 = EDGE_CURVE ( 'NONE', #1317, #5111, #1261, .T. ) ;
#4927 = DIRECTION ( 'NONE',  ( 0.0000000000000000000, 1.000000000000000000, -1.284980352575410700E-015 ) ) ;
#4928 = CARTESIAN_POINT ( 'NONE',  ( 3.199999999999994400, 0.6000000000000009800, 2.500000000000000000 ) ) ;
#4929 = CARTESIAN_POINT ( 'NONE',  ( -2.867653217131805700, 8.500000000000000000, -4.693246746791992100 ) ) ;
#4930 = CYLINDRICAL_SURFACE ( 'NONE', #6014, 0.5499999999999999300 ) ;
#4931 = DIRECTION ( 'NONE',  ( 0.0000000000000000000, -0.0000000000000000000, 1.000000000000000000 ) ) ;
#4932 = CARTESIAN_POINT ( 'NONE',  ( -4.050000000000001600, -0.8124404748406741600, -0.5000000000000000000 ) ) ;
#4933 = VERTEX_POINT ( 'NONE', #715 ) ;
#4934 = CARTESIAN_POINT ( 'NONE',  ( -3.199999999999995300, 1.350000000000000100, 0.2499999999999997800 ) ) ;
#4935 =( GEOMETRIC_REPRESENTATION_CONTEXT ( 3 ) GLOBAL_UNCERTAINTY_ASSIGNED_CONTEXT ( ( #5485 ) ) GLOBAL_UNIT_ASSIGNED_CONTEXT ( ( #2827, #794, #4402 ) ) REPRESENTATION_CONTEXT ( 'NONE', 'WORKASPACE' ) );
#4936 = CARTESIAN_POINT ( 'NONE',  ( -2.399999999999995900, 0.5000000000000004400, 3.399999999999999900 ) ) ;
#4937 = DIRECTION ( 'NONE',  ( 0.0000000000000000000, -1.000000000000000000, 0.0000000000000000000 ) ) ;
#4938 = LINE ( 'NONE', #4744, #3582 ) ;
#4939 = EDGE_CURVE ( 'NONE', #6576, #5127, #3837, .T. ) ;
#4940 = CARTESIAN_POINT ( 'NONE',  ( 6.350000000000001400, 0.8499999999999992000, -2.499999999999999100 ) ) ;
#4941 = LINE ( 'NONE', #4995, #2522 ) ;
#4942 = ORIENTED_EDGE ( 'NONE', *, *, #2843, .F. ) ;
#4943 = CARTESIAN_POINT ( 'NONE',  ( -1.350000000000001400, 0.8500000000000002000, 2.599999999999990800 ) ) ;
#4944 = ORIENTED_EDGE ( 'NONE', *, *, #5079, .F. ) ;
#4945 = ORIENTED_EDGE ( 'NONE', *, *, #3200, .T. ) ;
#4946 = CIRCLE ( 'NONE', #3556, 4.590000000000000700 ) ;
#4947 = ORIENTED_EDGE ( 'NONE', *, *, #6166, .F. ) ;
#4948 = CARTESIAN_POINT ( 'NONE',  ( 3.949999999999994400, 1.350000000000000500, 2.500000000000000000 ) ) ;
#4949 = CIRCLE ( 'NONE', #4299, 1.199999999999999700 ) ;
#4950 = VERTEX_POINT ( 'NONE', #5982 ) ;
#4951 = LINE ( 'NONE', #6237, #5740 ) ;
#4952 = EDGE_CURVE ( 'NONE', #2808, #4933, #5188, .T. ) ;
#4953 = VECTOR ( 'NONE', #3378, 1000.000000000000000 ) ;
#4954 = DIRECTION ( 'NONE',  ( -1.000000000000000000, 0.0000000000000000000, 0.0000000000000000000 ) ) ;
#4955 = FILL_AREA_STYLE ('',( #1292 ) ) ;
#4956 = CARTESIAN_POINT ( 'NONE',  ( -3.949999999999994400, 0.5999999999999999800, 0.5000000000000000000 ) ) ;
#4957 = ADVANCED_FACE ( 'NONE', ( #4003 ), #6136, .F. ) ;
#4958 = AXIS2_PLACEMENT_3D ( 'NONE', #2479, #1349, #3438 ) ;
#4959 = FACE_BOUND ( 'NONE', #1223, .T. ) ;
#4960 = VECTOR ( 'NONE', #1436, 1000.000000000000000 ) ;
#4961 = AXIS2_PLACEMENT_3D ( 'NONE', #6053, #3639, #5146 ) ;
#4962 = FACE_OUTER_BOUND ( 'NONE', #6236, .T. ) ;
#4963 = ORIENTED_EDGE ( 'NONE', *, *, #517, .F. ) ;
#4964 = EDGE_CURVE ( 'NONE', #3488, #1527, #2459, .T. ) ;
#4965 = VECTOR ( 'NONE', #6222, 1000.000000000000000 ) ;
#4966 = DIRECTION ( 'NONE',  ( 0.0000000000000000000, -1.000000000000000000, 0.0000000000000000000 ) ) ;
#4967 = VERTEX_POINT ( 'NONE', #817 ) ;
#4968 = CARTESIAN_POINT ( 'NONE',  ( 2.150000000000001700, 1.350000000000001000, 3.399999999999999900 ) ) ;
#4969 = AXIS2_PLACEMENT_3D ( 'NONE', #2290, #4881, #777 ) ;
#4970 = CARTESIAN_POINT ( 'NONE',  ( 2.905257738924445400, 8.490564947885699700, 4.670074054052219200 ) ) ;
#4971 = CYLINDRICAL_SURFACE ( 'NONE', #2236, 0.7499999999999997800 ) ;
#4972 = DIRECTION ( 'NONE',  ( 0.0000000000000000000, -1.000000000000000000, -0.0000000000000000000 ) ) ;
#4973 = ORIENTED_EDGE ( 'NONE', *, *, #4332, .F. ) ;
#4974 = CARTESIAN_POINT ( 'NONE',  ( 1.416666666666669400, 1.483333333333336900, 2.666666666666659900 ) ) ;
#4975 = EDGE_CURVE ( 'NONE', #1617, #5155, #5497, .T. ) ;
#4976 = CARTESIAN_POINT ( 'NONE',  ( 6.350000000000001400, 0.5000000000000006700, 3.399999999999999900 ) ) ;
#4977 = CARTESIAN_POINT ( 'NONE',  ( 4.569375152513432100, 1.350000000000000500, -0.5000000000000003300 ) ) ;
#4978 = LINE ( 'NONE', #6358, #29 ) ;
#4979 = PLANE ( 'NONE',  #2152 ) ;
#4980 = VERTEX_POINT ( 'NONE', #1878 ) ;
#4981 = DIRECTION ( 'NONE',  ( 0.0000000000000000000, 1.000000000000000000, -5.782411586589356700E-016 ) ) ;
#4982 = ORIENTED_EDGE ( 'NONE', *, *, #3788, .T. ) ;
#4983 = ORIENTED_EDGE ( 'NONE', *, *, #1345, .F. ) ;
#4984 = CIRCLE ( 'NONE', #4112, 0.1000000000000002600 ) ;
#4985 = DIRECTION ( 'NONE',  ( -3.154042683594195200E-015, -1.000000000000000000, 0.0000000000000000000 ) ) ;
#4986 = VERTEX_POINT ( 'NONE', #5463 ) ;
#4987 = CARTESIAN_POINT ( 'NONE',  ( -5.549999999999998900, 7.700000000000000200, 5.549999999999998900 ) ) ;
#4988 = ORIENTED_EDGE ( 'NONE', *, *, #1824, .F. ) ;
#4989 = ADVANCED_FACE ( 'NONE', ( #6360 ), #1728, .T. ) ;
#4990 = CARTESIAN_POINT ( 'NONE',  ( -4.050000000000001600, -0.8124404748406741600, 0.5000000000000000000 ) ) ;
#4991 = EDGE_CURVE ( 'NONE', #3496, #6341, #5509, .T. ) ;
#4992 = ORIENTED_EDGE ( 'NONE', *, *, #5400, .T. ) ;
#4993 = EDGE_CURVE ( 'NONE', #2231, #4999, #92, .T. ) ;
#4994 = ORIENTED_EDGE ( 'NONE', *, *, #4080, .F. ) ;
#4995 = CARTESIAN_POINT ( 'NONE',  ( -6.349999999999998800, 2.149999999999998600, 1.899999999999999700 ) ) ;
#4996 = DIRECTION ( 'NONE',  ( -1.000000000000000000, 0.0000000000000000000, 0.0000000000000000000 ) ) ;
#4997 = AXIS2_PLACEMENT_3D ( 'NONE', #6478, #863, #6009 ) ;
#4998 = CARTESIAN_POINT ( 'NONE',  ( -5.850000000000001400, 0.0000000000000000000, 0.0000000000000000000 ) ) ;
#4999 = VERTEX_POINT ( 'NONE', #3477 ) ;
#5000 = ORIENTED_EDGE ( 'NONE', *, *, #3310, .F. ) ;
#5001 = CIRCLE ( 'NONE', #4871, 5.500000000000000900 ) ;
#5002 = DIRECTION ( 'NONE',  ( -0.0000000000000000000, 1.000000000000000000, -0.0000000000000000000 ) ) ;
#5003 = VERTEX_POINT ( 'NONE', #4404 ) ;
#5004 = ADVANCED_FACE ( 'NONE', ( #5820 ), #6520, .T. ) ;
#5005 = ORIENTED_EDGE ( 'NONE', *, *, #5312, .T. ) ;
#5006 = AXIS2_PLACEMENT_3D ( 'NONE', #3372, #5394, #284 ) ;
#5007 = VECTOR ( 'NONE', #2013, 1000.000000000000000 ) ;
#5008 = VERTEX_POINT ( 'NONE', #6407 ) ;
#5009 = UNCERTAINTY_MEASURE_WITH_UNIT (LENGTH_MEASURE( 1.000000000000000100E-005 ), #5949, 'distance_accuracy_value', 'NONE');
#5010 = DIRECTION ( 'NONE',  ( -3.614007241618349300E-016, -0.0000000000000000000, -1.000000000000000000 ) ) ;
#5011 = ORIENTED_EDGE ( 'NONE', *, *, #2696, .F. ) ;
#5012 = DIRECTION ( 'NONE',  ( 1.000000000000000000, 0.0000000000000000000, -0.0000000000000000000 ) ) ;
#5013 = EDGE_LOOP ( 'NONE', ( #2557, #6536, #2977, #2374 ) ) ;
#5014 = CARTESIAN_POINT ( 'NONE',  ( -5.800000000000001600, 0.4999999999999988300, 2.500000000000000000 ) ) ;
#5015 = CIRCLE ( 'NONE', #5791, 0.5500000000000001600 ) ;
#5016 = EDGE_CURVE ( 'NONE', #2383, #928, #562, .T. ) ;
#5017 = ORIENTED_EDGE ( 'NONE', *, *, #239, .T. ) ;
#5018 = CARTESIAN_POINT ( 'NONE',  ( 4.049999999999999800, 0.4999999999999926200, -0.5000000000000000000 ) ) ;
#5019 = CARTESIAN_POINT ( 'NONE',  ( 3.199999999999994400, 0.5999999999999979800, 3.399999999999999900 ) ) ;
#5020 = CARTESIAN_POINT ( 'NONE',  ( 3.449999999999997100, 0.5000000000000004400, 0.5000000000000000000 ) ) ;
#5021 = DIRECTION ( 'NONE',  ( 0.0000000000000000000, 0.0000000000000000000, -1.000000000000000000 ) ) ;
#5022 = CARTESIAN_POINT ( 'NONE',  ( 3.949999999999994400, 1.350000000000001000, -3.399999999999999900 ) ) ;
#5023 = FACE_OUTER_BOUND ( 'NONE', #1488, .T. ) ;
#5024 = CARTESIAN_POINT ( 'NONE',  ( -2.049999999999999800, 0.8500000000000003100, -3.299999999999992700 ) ) ;
#5025 = ORIENTED_EDGE ( 'NONE', *, *, #1416, .T. ) ;
#5026 = PLANE ( 'NONE',  #4464 ) ;
#5027 = ADVANCED_FACE ( 'NONE', ( #5033 ), #1319, .F. ) ;
#5028 = CIRCLE ( 'NONE', #1468, 0.8000000000000003800 ) ;
#5029 = CARTESIAN_POINT ( 'NONE',  ( 2.940509134214257100, 8.453478825841415300, -4.647951633538749400 ) ) ;
#5030 = ORIENTED_EDGE ( 'NONE', *, *, #6215, .T. ) ;
#5031 = EDGE_CURVE ( 'NONE', #2653, #2899, #2617, .T. ) ;
#5032 = VECTOR ( 'NONE', #2596, 1000.000000000000000 ) ;
#5033 = FACE_OUTER_BOUND ( 'NONE', #5194, .T. ) ;
#5034 = LINE ( 'NONE', #4007, #3919 ) ;
#5035 = EDGE_CURVE ( 'NONE', #860, #6576, #4804, .T. ) ;
#5036 = VERTEX_POINT ( 'NONE', #836 ) ;
#5037 = CARTESIAN_POINT ( 'NONE',  ( -2.150000000000002600, 0.8499999999999996400, 3.400000000000000800 ) ) ;
#5038 = VECTOR ( 'NONE', #4396, 1000.000000000000000 ) ;
#5039 = VECTOR ( 'NONE', #6259, 1000.000000000000000 ) ;
#5040 = LINE ( 'NONE', #3985, #6444 ) ;
#5041 = ADVANCED_FACE ( 'NONE', ( #5356 ), #4159, .T. ) ;
#5042 = DIRECTION ( 'NONE',  ( 0.5773502691896215100, -0.5773502691896278400, 0.5773502691896279500 ) ) ;
#5043 = DIRECTION ( 'NONE',  ( -0.0000000000000000000, -0.0000000000000000000, 1.000000000000000000 ) ) ;
#5044 = DIRECTION ( 'NONE',  ( 0.0000000000000000000, 0.0000000000000000000, -1.000000000000000000 ) ) ;
#5045 = VECTOR ( 'NONE', #6113, 1000.000000000000000 ) ;
#5046 = ORIENTED_EDGE ( 'NONE', *, *, #5186, .F. ) ;
#5047 = CARTESIAN_POINT ( 'NONE',  ( -5.850000000000001400, -1.102182119232617700E-015, 2.500000000000000000 ) ) ;
#5048 = AXIS2_PLACEMENT_3D ( 'NONE', #1507, #4570, #5134 ) ;
#5049 = AXIS2_PLACEMENT_3D ( 'NONE', #3090, #5125, #5083 ) ;
#5050 = CYLINDRICAL_SURFACE ( 'NONE', #300, 0.5500000000000004900 ) ;
#5051 = CARTESIAN_POINT ( 'NONE',  ( 5.850000000000001400, 1.350000000000000500, -2.500000000000000000 ) ) ;
#5052 = ORIENTED_EDGE ( 'NONE', *, *, #4174, .F. ) ;
#5053 = CARTESIAN_POINT ( 'NONE',  ( -1.350000000000001400, 1.350000000000001000, 3.399999999999999900 ) ) ;
#5054 = EDGE_CURVE ( 'NONE', #240, #6296, #1561, .T. ) ;
#5055 = DIRECTION ( 'NONE',  ( 0.0000000000000000000, -9.427844978134823900E-017, -1.000000000000000000 ) ) ;
#5056 = LINE ( 'NONE', #731, #179 ) ;
#5057 = ORIENTED_EDGE ( 'NONE', *, *, #3690, .F. ) ;
#5058 = DIRECTION ( 'NONE',  ( 0.7071067811865468000, 1.131716569456778700E-015, -0.7071067811865483500 ) ) ;
#5059 =( GEOMETRIC_REPRESENTATION_CONTEXT ( 3 ) GLOBAL_UNCERTAINTY_ASSIGNED_CONTEXT ( ( #1134 ) ) GLOBAL_UNIT_ASSIGNED_CONTEXT ( ( #119, #607, #5162 ) ) REPRESENTATION_CONTEXT ( 'NONE', 'WORKASPACE' ) );
#5060 = ORIENTED_EDGE ( 'NONE', *, *, #3753, .F. ) ;
#5061 = CARTESIAN_POINT ( 'NONE',  ( -2.150000000000003500, 0.8499999999999996400, -3.399999999999999900 ) ) ;
#5062 = VECTOR ( 'NONE', #6021, 1000.000000000000000 ) ;
#5063 = CARTESIAN_POINT ( 'NONE',  ( -6.350000000000001400, 1.350000000000000500, -3.399999999999999900 ) ) ;
#5064 = EDGE_CURVE ( 'NONE', #5620, #5926, #3676, .T. ) ;
#5065 = CARTESIAN_POINT ( 'NONE',  ( -3.949999999999994400, 0.5999999999999998700, -2.499999999999998700 ) ) ;
#5066 = ORIENTED_EDGE ( 'NONE', *, *, #5312, .F. ) ;
#5067 = ORIENTED_EDGE ( 'NONE', *, *, #5452, .F. ) ;
#5068 = VERTEX_POINT ( 'NONE', #1997 ) ;
#5069 = ADVANCED_FACE ( 'NONE', ( #2287 ), #945, .T. ) ;
#5070 = VERTEX_POINT ( 'NONE', #3042 ) ;
#5071 = DIRECTION ( 'NONE',  ( 0.0000000000000000000, -1.000000000000000000, 0.0000000000000000000 ) ) ;
#5072 = CARTESIAN_POINT ( 'NONE',  ( 5.850000000000001400, 1.350000000000000300, 4.799999999999999800 ) ) ;
#5073 = ORIENTED_EDGE ( 'NONE', *, *, #3739, .T. ) ;
#5074 = ORIENTED_EDGE ( 'NONE', *, *, #1951, .T. ) ;
#5075 = VECTOR ( 'NONE', #6245, 1000.000000000000000 ) ;
#5076 = ORIENTED_EDGE ( 'NONE', *, *, #1911, .F. ) ;
#5077 = CARTESIAN_POINT ( 'NONE',  ( -5.800000000000003400, -7.829303809286020100E-016, 4.906360221338565300E-030 ) ) ;
#5078 = VERTEX_POINT ( 'NONE', #4057 ) ;
#5079 = EDGE_CURVE ( 'NONE', #3201, #491, #1901, .T. ) ;
#5080 = ORIENTED_EDGE ( 'NONE', *, *, #5035, .F. ) ;
#5081 = DIRECTION ( 'NONE',  ( -0.0000000000000000000, 1.000000000000000000, -0.0000000000000000000 ) ) ;
#5082 = VECTOR ( 'NONE', #3734, 1000.000000000000000 ) ;
#5083 = DIRECTION ( 'NONE',  ( 1.000000000000000000, 0.0000000000000000000, 0.0000000000000000000 ) ) ;
#5084 = ORIENTED_EDGE ( 'NONE', *, *, #3546, .T. ) ;
#5085 = DIRECTION ( 'NONE',  ( 1.000000000000000000, 0.0000000000000000000, 0.0000000000000000000 ) ) ;
#5086 = VERTEX_POINT ( 'NONE', #5560 ) ;
#5087 = CARTESIAN_POINT ( 'NONE',  ( -1.350000000000001400, 1.350000000000000800, 2.599999999999990800 ) ) ;
#5088 = EDGE_LOOP ( 'NONE', ( #3391, #6537, #2894, #1970, #2493, #6488, #5557, #219, #5773, #1160 ) ) ;
#5089 = ORIENTED_EDGE ( 'NONE', *, *, #4389, .F. ) ;
#5090 = EDGE_CURVE ( 'NONE', #4920, #1165, #2783, .T. ) ;
#5091 = DIRECTION ( 'NONE',  ( -1.000000000000000000, -1.606225440719266900E-016, 0.0000000000000000000 ) ) ;
#5092 = AXIS2_PLACEMENT_3D ( 'NONE', #2885, #1831, #1368 ) ;
#5093 = VECTOR ( 'NONE', #4264, 1000.000000000000000 ) ;
#5094 = VECTOR ( 'NONE', #5585, 1000.000000000000000 ) ;
#5095 = CARTESIAN_POINT ( 'NONE',  ( 5.800000000000001600, 0.5499999999999990500, 2.500000000000000000 ) ) ;
#5096 = DIRECTION ( 'NONE',  ( -1.000000000000000000, 1.057758217059029100E-016, 9.972380494780813000E-033 ) ) ;
#5097 = EDGE_LOOP ( 'NONE', ( #2775, #6340, #4498, #4216, #4426 ) ) ;
#5098 = CARTESIAN_POINT ( 'NONE',  ( 5.550000000000000700, 0.5000000000000004400, 6.349999999999999600 ) ) ;
#5099 = LINE ( 'NONE', #1122, #5484 ) ;
#5100 = EDGE_CURVE ( 'NONE', #4855, #1298, #2215, .T. ) ;
#5101 = CARTESIAN_POINT ( 'NONE',  ( 6.350000000000001400, 1.350000000000000300, -4.799999999999999800 ) ) ;
#5102 = ADVANCED_FACE ( 'NONE', ( #4962 ), #1252, .F. ) ;
#5103 = ORIENTED_EDGE ( 'NONE', *, *, #6232, .F. ) ;
#5104 = CARTESIAN_POINT ( 'NONE',  ( 3.199999999999994800, 1.350000000000001000, -0.5000000000000004400 ) ) ;
#5105 = VECTOR ( 'NONE', #1284, 1000.000000000000000 ) ;
#5106 = CARTESIAN_POINT ( 'NONE',  ( -4.049999999999999800, 0.4999999999999926200, -3.399999999999999900 ) ) ;
#5107 = VERTEX_POINT ( 'NONE', #5598 ) ;
#5108 = B_SPLINE_CURVE_WITH_KNOTS ( 'NONE', 3,
 ( #5470, #395, #2430, #5492, #4970, #861, #1885, #2404, #5990, #2930, #6476, #2414, #448, #938, #1873, #3515 ),
 .UNSPECIFIED., .F., .F.,
 ( 4, 3, 3, 3, 3, 4 ),
 ( 0.0000000000000000000, 3.396486522547887800E-005, 6.793742647645003100E-005, 0.0001017898930445732100, 0.0001354294616232148700, 0.0001567328391042813700 ),
 .UNSPECIFIED. ) ;
#5109 = DIRECTION ( 'NONE',  ( 1.000000000000000000, 0.0000000000000000000, 0.0000000000000000000 ) ) ;
#5110 = PLANE ( 'NONE',  #3471 ) ;
#5111 = VERTEX_POINT ( 'NONE', #3584 ) ;
#5112 = VECTOR ( 'NONE', #4564, 1000.000000000000000 ) ;
#5113 = LINE ( 'NONE', #3880, #1653 ) ;
#5114 = LINE ( 'NONE', #6418, #787 ) ;
#5115 = DIRECTION ( 'NONE',  ( 0.0000000000000000000, 1.000000000000000000, 1.445602896647339200E-016 ) ) ;
#5116 = CYLINDRICAL_SURFACE ( 'NONE', #6091, 5.500000000000000900 ) ;
#5117 = LINE ( 'NONE', #5606, #6283 ) ;
#5118 = ORIENTED_EDGE ( 'NONE', *, *, #1239, .F. ) ;
#5119 = EDGE_CURVE ( 'NONE', #217, #5778, #1019, .T. ) ;
#5120 = CARTESIAN_POINT ( 'NONE',  ( -3.450000000000001500, 0.5999999999999998700, -0.4999999999999998900 ) ) ;
#5121 = EDGE_CURVE ( 'NONE', #4067, #4594, #4480, .T. ) ;
#5122 = CARTESIAN_POINT ( 'NONE',  ( 3.949999999999994400, 0.5999999999999999800, 2.500000000000000400 ) ) ;
#5123 = CYLINDRICAL_SURFACE ( 'NONE', #5887, 0.8000000000000003800 ) ;
#5124 = ORIENTED_EDGE ( 'NONE', *, *, #3182, .F. ) ;
#5125 = DIRECTION ( 'NONE',  ( 0.0000000000000000000, 0.0000000000000000000, -1.000000000000000000 ) ) ;
#5126 = VECTOR ( 'NONE', #3154, 1000.000000000000000 ) ;
#5127 = VERTEX_POINT ( 'NONE', #3062 ) ;
#5128 = DIRECTION ( 'NONE',  ( 0.0000000000000000000, -1.000000000000000000, -9.427844978134823900E-017 ) ) ;
#5129 = VERTEX_POINT ( 'NONE', #4014 ) ;
#5130 = DIRECTION ( 'NONE',  ( 1.000000000000000000, 0.0000000000000000000, 0.0000000000000000000 ) ) ;
#5131 = ADVANCED_FACE ( 'NONE', ( #401 ), #4034, .F. ) ;
#5132 = CIRCLE ( 'NONE', #5554, 0.1000000000000071900 ) ;
#5133 = VERTEX_POINT ( 'NONE', #1971 ) ;
#5134 = DIRECTION ( 'NONE',  ( 0.0000000000000000000, 0.0000000000000000000, 1.000000000000000000 ) ) ;
#5135 = DIRECTION ( 'NONE',  ( 0.0000000000000000000, -1.000000000000000000, 0.0000000000000000000 ) ) ;
#5136 = ORIENTED_EDGE ( 'NONE', *, *, #3328, .F. ) ;
#5137 = EDGE_CURVE ( 'NONE', #3841, #3298, #246, .T. ) ;
#5138 = CARTESIAN_POINT ( 'NONE',  ( 5.850000000000001400, 1.350000000000000300, -4.799999999999999800 ) ) ;
#5139 = FACE_OUTER_BOUND ( 'NONE', #369, .T. ) ;
#5140 = CARTESIAN_POINT ( 'NONE',  ( -4.651199699792373500, 8.462106215950782900, 2.935366549787491200 ) ) ;
#5141 = DIRECTION ( 'NONE',  ( 0.0000000000000000000, -1.000000000000000000, 0.0000000000000000000 ) ) ;
#5142 = ORIENTED_EDGE ( 'NONE', *, *, #5639, .F. ) ;
#5143 = ORIENTED_EDGE ( 'NONE', *, *, #2580, .T. ) ;
#5144 = DIRECTION ( 'NONE',  ( -1.000000000000000000, -0.0000000000000000000, -0.0000000000000000000 ) ) ;
#5145 = DIRECTION ( 'NONE',  ( 1.000000000000000000, -0.0000000000000000000, -0.0000000000000000000 ) ) ;
#5146 = DIRECTION ( 'NONE',  ( -0.0000000000000000000, 0.0000000000000000000, 1.000000000000000000 ) ) ;
#5147 = CARTESIAN_POINT ( 'NONE',  ( -4.050000000000001600, 0.5000000000000004400, -0.5000000000000000000 ) ) ;
#5148 = VERTEX_POINT ( 'NONE', #455 ) ;
#5149 = EDGE_LOOP ( 'NONE', ( #107, #3424, #173, #2168 ) ) ;
#5150 = CARTESIAN_POINT ( 'NONE',  ( -6.349999999999998800, 2.149999999999999900, -6.349999999999999600 ) ) ;
#5151 = EDGE_CURVE ( 'NONE', #2359, #4131, #3609, .T. ) ;
#5152 = CARTESIAN_POINT ( 'NONE',  ( 2.399999999999995900, 0.5000000000000004400, 3.399999999999999900 ) ) ;
#5153 = DIRECTION ( 'NONE',  ( -0.0000000000000000000, 9.035018104045873200E-017, 1.000000000000000000 ) ) ;
#5154 = ORIENTED_EDGE ( 'NONE', *, *, #3651, .F. ) ;
#5155 = VERTEX_POINT ( 'NONE', #5535 ) ;
#5156 = FACE_OUTER_BOUND ( 'NONE', #2200, .T. ) ;
#5157 = EDGE_CURVE ( 'NONE', #2419, #415, #6513, .T. ) ;
#5158 = ORIENTED_EDGE ( 'NONE', *, *, #6096, .T. ) ;
#5159 = CARTESIAN_POINT ( 'NONE',  ( 5.550000000000000700, 0.5000000000000004400, -5.549999999999998900 ) ) ;
#5160 = DIRECTION ( 'NONE',  ( 0.0000000000000000000, -0.0000000000000000000, -1.000000000000000000 ) ) ;
#5161 = VERTEX_POINT ( 'NONE', #6575 ) ;
#5162 =( NAMED_UNIT ( * ) SI_UNIT ( $, .STERADIAN. ) SOLID_ANGLE_UNIT ( ) );
#5163 = LINE ( 'NONE', #1893, #1536 ) ;
#5164 = ORIENTED_EDGE ( 'NONE', *, *, #649, .T. ) ;
#5165 = EDGE_CURVE ( 'NONE', #3380, #3186, #6527, .T. ) ;
#5166 = ORIENTED_EDGE ( 'NONE', *, *, #2460, .T. ) ;
#5167 = ADVANCED_FACE ( 'NONE', ( #3292 ), #4656, .F. ) ;
#5168 = PLANE ( 'NONE',  #5049 ) ;
#5169 = AXIS2_PLACEMENT_3D ( 'NONE', #3509, #4004, #424 ) ;
#5170 = CARTESIAN_POINT ( 'NONE',  ( 2.049999999999999800, 0.8499999999999998700, -3.399999999999999900 ) ) ;
#5171 = VERTEX_POINT ( 'NONE', #4530 ) ;
#5172 = LINE ( 'NONE', #5520, #3987 ) ;
#5173 = FILL_AREA_STYLE ('',( #4182 ) ) ;
#5174 = AXIS2_PLACEMENT_3D ( 'NONE', #4186, #70, #2160 ) ;
#5175 = ORIENTED_EDGE ( 'NONE', *, *, #1693, .F. ) ;
#5176 = CARTESIAN_POINT ( 'NONE',  ( -2.913902486630549400, 8.484922570794086700, -4.664681165548098600 ) ) ;
#5177 = VECTOR ( 'NONE', #5058, 1000.000000000000000 ) ;
#5178 = EDGE_CURVE ( 'NONE', #491, #2861, #2949, .T. ) ;
#5179 = DIRECTION ( 'NONE',  ( -0.0000000000000000000, 0.0000000000000000000, 1.000000000000000000 ) ) ;
#5180 = PLANE ( 'NONE',  #4151 ) ;
#5181 = ORIENTED_EDGE ( 'NONE', *, *, #49, .T. ) ;
#5182 = DIRECTION ( 'NONE',  ( 1.000000000000000000, 0.0000000000000000000, 0.0000000000000000000 ) ) ;
#5183 = FACE_OUTER_BOUND ( 'NONE', #314, .T. ) ;
#5184 = VERTEX_POINT ( 'NONE', #4634 ) ;
#5185 = CARTESIAN_POINT ( 'NONE',  ( -4.642523327644944700, 8.432311712718959700, 2.949064759393893000 ) ) ;
#5186 = EDGE_CURVE ( 'NONE', #4853, #4784, #1414, .T. ) ;
#5187 = LINE ( 'NONE', #3176, #1642 ) ;
#5188 = LINE ( 'NONE', #278, #4171 ) ;
#5189 = VERTEX_POINT ( 'NONE', #1049 ) ;
#5190 = FACE_OUTER_BOUND ( 'NONE', #4337, .T. ) ;
#5191 = DIRECTION ( 'NONE',  ( 1.000000000000000000, -0.0000000000000000000, -0.0000000000000000000 ) ) ;
#5192 = PLANE ( 'NONE',  #2690 ) ;
#5193 = DIRECTION ( 'NONE',  ( 0.0000000000000000000, -1.000000000000000000, -0.0000000000000000000 ) ) ;
#5194 = EDGE_LOOP ( 'NONE', ( #5154, #4008, #2475, #3733, #667 ) ) ;
#5195 = DIRECTION ( 'NONE',  ( 1.000000000000000000, 0.0000000000000000000, -0.0000000000000000000 ) ) ;
#5196 = VECTOR ( 'NONE', #5613, 1000.000000000000000 ) ;
#5197 = LINE ( 'NONE', #1725, #161 ) ;
#5198 = CARTESIAN_POINT ( 'NONE',  ( 4.639984522846804200, 6.500000000000000900, -2.953056658403648200 ) ) ;
#5199 = VECTOR ( 'NONE', #5526, 1000.000000000000000 ) ;
#5200 = DIRECTION ( 'NONE',  ( 0.0000000000000000000, 0.0000000000000000000, 1.000000000000000000 ) ) ;
#5201 = CARTESIAN_POINT ( 'NONE',  ( -5.549999999999998900, 7.700000000000000200, -5.549999999999998900 ) ) ;
#5202 = VECTOR ( 'NONE', #4045, 1000.000000000000000 ) ;
#5203 = DIRECTION ( 'NONE',  ( -0.0000000000000000000, 1.000000000000000000, -0.0000000000000000000 ) ) ;
#5204 = ADVANCED_FACE ( 'NONE', ( #859 ), #75, .T. ) ;
#5205 = ORIENTED_EDGE ( 'NONE', *, *, #5539, .T. ) ;
#5206 = CARTESIAN_POINT ( 'NONE',  ( -2.945200244326005500, 8.443460685632951300, 4.644976764299441300 ) ) ;
#5207 = CARTESIAN_POINT ( 'NONE',  ( -2.150000000000001700, 1.350000000000001000, 3.399999999999999900 ) ) ;
#5208 = EDGE_CURVE ( 'NONE', #5696, #3186, #5988, .T. ) ;
#5209 = ORIENTED_EDGE ( 'NONE', *, *, #4436, .T. ) ;
#5210 = FACE_OUTER_BOUND ( 'NONE', #3003, .T. ) ;
#5211 = EDGE_CURVE ( 'NONE', #4549, #376, #2063, .T. ) ;
#5212 = ORIENTED_EDGE ( 'NONE', *, *, #2380, .F. ) ;
#5213 = CARTESIAN_POINT ( 'NONE',  ( -4.670074054052230700, 8.490564947885699700, 2.905257738924432100 ) ) ;
#5214 = AXIS2_PLACEMENT_3D ( 'NONE', #5966, #2363, #1830 ) ;
#5215 = AXIS2_PLACEMENT_3D ( 'NONE', #5842, #6349, #3320 ) ;
#5216 = LINE ( 'NONE', #221, #6300 ) ;
#5217 = ORIENTED_EDGE ( 'NONE', *, *, #261, .T. ) ;
#5218 = DIRECTION ( 'NONE',  ( 0.0000000000000000000, 1.000000000000000000, 0.0000000000000000000 ) ) ;
#5219 = CARTESIAN_POINT ( 'NONE',  ( -2.150000000000001700, 0.7499999999999970000, 3.399999999999999900 ) ) ;
#5220 = VERTEX_POINT ( 'NONE', #5646 ) ;
#5221 = CARTESIAN_POINT ( 'NONE',  ( -4.669987058684925300, 8.490477831656829000, -2.905393483207249400 ) ) ;
#5222 = FACE_OUTER_BOUND ( 'NONE', #6144, .T. ) ;
#5223 = AXIS2_PLACEMENT_3D ( 'NONE', #739, #1799, #1242 ) ;
#5224 = VERTEX_POINT ( 'NONE', #3610 ) ;
#5225 = PLANE ( 'NONE',  #593 ) ;
#5226 = ORIENTED_EDGE ( 'NONE', *, *, #4494, .T. ) ;
#5227 = CARTESIAN_POINT ( 'NONE',  ( -2.953056658403663300, 8.411141547493764700, 4.639984522846796200 ) ) ;
#5228 = EDGE_CURVE ( 'NONE', #908, #4741, #3107, .T. ) ;
#5229 = ADVANCED_FACE ( 'NONE', ( #1741 ), #1011, .T. ) ;
#5230 = EDGE_LOOP ( 'NONE', ( #4313, #4746, #2427, #5714 ) ) ;
#5231 = DIRECTION ( 'NONE',  ( -1.000000000000000000, 0.0000000000000000000, 0.0000000000000000000 ) ) ;
#5232 = ORIENTED_EDGE ( 'NONE', *, *, #3934, .T. ) ;
#5233 = ADVANCED_FACE ( 'NONE', ( #6214 ), #4641, .F. ) ;
#5234 = ORIENTED_EDGE ( 'NONE', *, *, #920, .F. ) ;
#5235 = LINE ( 'NONE', #1585, #1713 ) ;
#5236 = DIRECTION ( 'NONE',  ( 0.7071067811865441300, 0.7071067811865507900, -0.0000000000000000000 ) ) ;
#5237 = DIRECTION ( 'NONE',  ( 0.0000000000000000000, -1.000000000000000000, -0.0000000000000000000 ) ) ;
#5238 = EDGE_LOOP ( 'NONE', ( #6102, #168, #4055, #3276 ) ) ;
#5239 = DIRECTION ( 'NONE',  ( 0.0000000000000000000, 0.0000000000000000000, 1.000000000000000000 ) ) ;
#5240 = CARTESIAN_POINT ( 'NONE',  ( 5.550000000000000700, 2.149999999999999000, 5.549999999999998900 ) ) ;
#5241 = ORIENTED_EDGE ( 'NONE', *, *, #5562, .T. ) ;
#5242 = FACE_OUTER_BOUND ( 'NONE', #5440, .T. ) ;
#5243 = DIRECTION ( 'NONE',  ( -1.000000000000000000, -3.491481338843134500E-015, 0.0000000000000000000 ) ) ;
#5244 = ORIENTED_EDGE ( 'NONE', *, *, #661, .T. ) ;
#5245 = ORIENTED_EDGE ( 'NONE', *, *, #3455, .T. ) ;
#5246 = CARTESIAN_POINT ( 'NONE',  ( 6.350000000000001400, 0.8499999999999994200, -2.499999999999999600 ) ) ;
#5247 = EDGE_CURVE ( 'NONE', #3724, #1948, #2056, .T. ) ;
#5248 = VECTOR ( 'NONE', #1914, 1000.000000000000000 ) ;
#5249 = DIRECTION ( 'NONE',  ( 1.000000000000000000, 0.0000000000000000000, 0.0000000000000000000 ) ) ;
#5250 = AXIS2_PLACEMENT_3D ( 'NONE', #5307, #5851, #2224 ) ;
#5251 = VERTEX_POINT ( 'NONE', #6117 ) ;
#5252 = CARTESIAN_POINT ( 'NONE',  ( -6.350000000000001400, 0.5499999999999991600, -2.499999999999998700 ) ) ;
#5253 = CYLINDRICAL_SURFACE ( 'NONE', #2648, 0.8000000000000003800 ) ;
#5254 = LINE ( 'NONE', #4600, #5094 ) ;
#5255 = ORIENTED_EDGE ( 'NONE', *, *, #2396, .F. ) ;
#5256 = PLANE ( 'NONE',  #1426 ) ;
#5257 = AXIS2_PLACEMENT_3D ( 'NONE', #5333, #2250, #2276 ) ;
#5258 = CARTESIAN_POINT ( 'NONE',  ( -7.516233364732288400E-029, 0.4999999999999785200, 2.500000000000000000 ) ) ;
#5259 = FACE_OUTER_BOUND ( 'NONE', #98, .T. ) ;
#5260 = ADVANCED_FACE ( 'NONE', ( #3687 ), #4649, .F. ) ;
#5261 = AXIS2_PLACEMENT_3D ( 'NONE', #266, #3243, #3843 ) ;
#5262 = DIRECTION ( 'NONE',  ( -0.0000000000000000000, 1.000000000000000000, 0.0000000000000000000 ) ) ;
#5263 = ORIENTED_EDGE ( 'NONE', *, *, #5772, .F. ) ;
#5264 = ORIENTED_EDGE ( 'NONE', *, *, #3589, .F. ) ;
#5265 = LINE ( 'NONE', #849, #3836 ) ;
#5266 = PLANE ( 'NONE',  #830 ) ;
#5267 = VECTOR ( 'NONE', #4729, 999.9999999999998900 ) ;
#5268 = EDGE_CURVE ( 'NONE', #6387, #6576, #5742, .T. ) ;
#5269 = EDGE_LOOP ( 'NONE', ( #3916, #677, #2593, #2275 ) ) ;
#5270 = CARTESIAN_POINT ( 'NONE',  ( -2.921478113112412800, 8.478552859834984200, 4.659941526407680900 ) ) ;
#5271 = CARTESIAN_POINT ( 'NONE',  ( 3.889087296526017000, 6.500000000000000900, 5.089087296526003900 ) ) ;
#5272 = FACE_OUTER_BOUND ( 'NONE', #5456, .T. ) ;
#5273 = LINE ( 'NONE', #1518, #4720 ) ;
#5274 = PRODUCT_RELATED_PRODUCT_CATEGORY ( 'part', '', ( #2050 ) ) ;
#5275 = CARTESIAN_POINT ( 'NONE',  ( -6.350000000000001400, -2.217572330035600700, 3.399999999999999500 ) ) ;
#5276 = EDGE_CURVE ( 'NONE', #1574, #1770, #3760, .T. ) ;
#5277 = FACE_OUTER_BOUND ( 'NONE', #4275, .T. ) ;
#5278 = LINE ( 'NONE', #3439, #1566 ) ;
#5279 = ORIENTED_EDGE ( 'NONE', *, *, #1745, .F. ) ;
#5280 = VECTOR ( 'NONE', #1870, 1000.000000000000000 ) ;
#5281 = ORIENTED_EDGE ( 'NONE', *, *, #4399, .T. ) ;
#5282 = DIRECTION ( 'NONE',  ( 1.606225440719266900E-016, -1.000000000000000000, 0.0000000000000000000 ) ) ;
#5283 = CARTESIAN_POINT ( 'NONE',  ( 6.350000000000001400, 0.5000000000000004400, -5.549999999999998900 ) ) ;
#5284 = CARTESIAN_POINT ( 'NONE',  ( 4.350000000000001400, 2.149999999999998600, 1.899999999999999700 ) ) ;
#5285 = LINE ( 'NONE', #2840, #4433 ) ;
#5286 = VERTEX_POINT ( 'NONE', #2526 ) ;
#5287 = DIRECTION ( 'NONE',  ( 0.0000000000000000000, 1.000000000000000000, 0.0000000000000000000 ) ) ;
#5288 = ADVANCED_FACE ( 'NONE', ( #1102 ), #5593, .T. ) ;
#5289 = ORIENTED_EDGE ( 'NONE', *, *, #5415, .F. ) ;
#5290 = EDGE_CURVE ( 'NONE', #4756, #365, #3443, .T. ) ;
#5291 = LINE ( 'NONE', #4118, #3625 ) ;
#5292 = DIRECTION ( 'NONE',  ( -0.0000000000000000000, 1.000000000000000000, -0.0000000000000000000 ) ) ;
#5293 = ORIENTED_EDGE ( 'NONE', *, *, #5916, .T. ) ;
#5294 = ORIENTED_EDGE ( 'NONE', *, *, #959, .T. ) ;
#5295 = VERTEX_POINT ( 'NONE', #3557 ) ;
#5296 = CARTESIAN_POINT ( 'NONE',  ( -5.850000000000001400, 1.350000000000000500, -2.500000000000000000 ) ) ;
#5297 = CIRCLE ( 'NONE', #2373, 0.5500000000000001600 ) ;
#5298 = DIRECTION ( 'NONE',  ( 0.0000000000000000000, 0.0000000000000000000, -1.000000000000000000 ) ) ;
#5299 = DIRECTION ( 'NONE',  ( 0.0000000000000000000, 9.035018104045873200E-017, 1.000000000000000000 ) ) ;
#5300 = ORIENTED_EDGE ( 'NONE', *, *, #3274, .F. ) ;
#5301 = EDGE_CURVE ( 'NONE', #2983, #993, #2467, .T. ) ;
#5302 = ORIENTED_EDGE ( 'NONE', *, *, #171, .T. ) ;
#5303 = CARTESIAN_POINT ( 'NONE',  ( -1.734723475976807100E-015, 8.500000000000000000, 2.168404344971008900E-015 ) ) ;
#5304 = ORIENTED_EDGE ( 'NONE', *, *, #3387, .T. ) ;
#5305 = AXIS2_PLACEMENT_3D ( 'NONE', #4924, #4510, #1344 ) ;
#5306 = DIRECTION ( 'NONE',  ( -0.0000000000000000000, -1.000000000000000000, -0.0000000000000000000 ) ) ;
#5307 = CARTESIAN_POINT ( 'NONE',  ( 6.350000000000001400, 0.5000000000000004400, 6.349999999999999600 ) ) ;
#5308 = DIRECTION ( 'NONE',  ( -0.0000000000000000000, 1.000000000000000000, -0.0000000000000000000 ) ) ;
#5309 = ORIENTED_EDGE ( 'NONE', *, *, #2773, .F. ) ;
#5310 = ORIENTED_EDGE ( 'NONE', *, *, #1711, .F. ) ;
#5311 = CARTESIAN_POINT ( 'NONE',  ( -3.949999999999994400, -2.217572330035600700, 2.499999999999999600 ) ) ;
#5312 = EDGE_CURVE ( 'NONE', #1327, #6187, #709, .T. ) ;
#5313 = VERTEX_POINT ( 'NONE', #7 ) ;
#5314 = EDGE_LOOP ( 'NONE', ( #3362, #5073, #4484, #4219 ) ) ;
#5315 = VECTOR ( 'NONE', #6330, 1000.000000000000000 ) ;
#5316 = DIRECTION ( 'NONE',  ( 0.0000000000000000000, -1.000000000000000000, 0.0000000000000000000 ) ) ;
#5317 = EDGE_LOOP ( 'NONE', ( #4812, #67, #1442, #4680 ) ) ;
#5318 = ORIENTED_EDGE ( 'NONE', *, *, #5365, .F. ) ;
#5319 = DIRECTION ( 'NONE',  ( 0.0000000000000000000, 0.0000000000000000000, -1.000000000000000000 ) ) ;
#5320 = DIRECTION ( 'NONE',  ( 0.0000000000000000000, -0.0000000000000000000, -1.000000000000000000 ) ) ;
#5321 = VECTOR ( 'NONE', #4569, 1000.000000000000000 ) ;
#5322 = ADVANCED_FACE ( 'NONE', ( #1978 ), #508, .T. ) ;
#5323 = ORIENTED_EDGE ( 'NONE', *, *, #6334, .F. ) ;
#5324 = CLOSED_SHELL ( 'NONE', ( #6402, #1684, #791, #3199, #3569, #1624, #6273, #3422, #6495, #3668, #6467, #5478, #4072, #3829, #1933, #5694, #2097, #4728, #6304, #5004, #819, #2355, #2668, #6541, #5386, #2642, #5204, #1880, #2902, #4766, #1055, #4578, #6219, #4408, #4466, #4307, #4237, #3190, #1921, #1753, #4203, #1218, #3358, #1315, #5233, #4379, #1613, #6432, #6510, #4989, #912, #1484, #2188 ) ) ;
#5325 = DIRECTION ( 'NONE',  ( 0.0000000000000000000, 1.000000000000000000, 0.0000000000000000000 ) ) ;
#5326 = ORIENTED_EDGE ( 'NONE', *, *, #6048, .T. ) ;
#5327 = DIRECTION ( 'NONE',  ( 0.0000000000000000000, 1.000000000000000000, 0.0000000000000000000 ) ) ;
#5328 = VECTOR ( 'NONE', #6540, 1000.000000000000000 ) ;
#5329 = DIRECTION ( 'NONE',  ( 0.0000000000000000000, 0.0000000000000000000, 1.000000000000000000 ) ) ;
#5330 = EDGE_CURVE ( 'NONE', #975, #5161, #3849, .T. ) ;
#5331 = VERTEX_POINT ( 'NONE', #5152 ) ;
#5332 = EDGE_CURVE ( 'NONE', #6182, #3012, #4083, .T. ) ;
#5333 = CARTESIAN_POINT ( 'NONE',  ( 4.050000000000001600, 0.5999999999999999800, 0.5000000000000000000 ) ) ;
#5334 = FACE_OUTER_BOUND ( 'NONE', #4579, .T. ) ;
#5335 = DIRECTION ( 'NONE',  ( 0.0000000000000000000, 0.0000000000000000000, 1.000000000000000000 ) ) ;
#5336 = ORIENTED_EDGE ( 'NONE', *, *, #287, .T. ) ;
#5337 = DIRECTION ( 'NONE',  ( 0.0000000000000000000, 0.0000000000000000000, 1.000000000000000000 ) ) ;
#5338 = DIRECTION ( 'NONE',  ( -0.0000000000000000000, 0.0000000000000000000, -1.000000000000000000 ) ) ;
#5339 = VECTOR ( 'NONE', #4365, 1000.000000000000000 ) ;
#5340 = CARTESIAN_POINT ( 'NONE',  ( 3.889087296526016100, 6.500000000000000900, -3.889087296526005500 ) ) ;
#5341 = CARTESIAN_POINT ( 'NONE',  ( 4.049999999999999800, 1.350000000000001200, -0.5000000000000000000 ) ) ;
#5342 = ORIENTED_EDGE ( 'NONE', *, *, #5874, .T. ) ;
#5343 = LINE ( 'NONE', #5457, #776 ) ;
#5344 = VECTOR ( 'NONE', #3342, 1000.000000000000000 ) ;
#5345 = CARTESIAN_POINT ( 'NONE',  ( -6.349999999999998800, 0.5000000000000004400, -6.349999999999999600 ) ) ;
#5346 = VECTOR ( 'NONE', #4667, 1000.000000000000000 ) ;
#5347 = PLANE ( 'NONE',  #2893 ) ;
#5348 = ORIENTED_EDGE ( 'NONE', *, *, #1570, .T. ) ;
#5349 = CARTESIAN_POINT ( 'NONE',  ( -1.800000000000000000, 2.150000000000000400, 0.0000000000000000000 ) ) ;
#5350 = EDGE_CURVE ( 'NONE', #4853, #437, #5040, .T. ) ;
#5351 = CARTESIAN_POINT ( 'NONE',  ( -5.549999999999998900, 7.700000000000000200, 6.349999999999999600 ) ) ;
#5352 = LINE ( 'NONE', #47, #4009 ) ;
#5353 = FACE_OUTER_BOUND ( 'NONE', #1839, .T. ) ;
#5354 = CARTESIAN_POINT ( 'NONE',  ( 3.199999999999994400, 0.5999999999999979800, 2.500000000000000000 ) ) ;
#5355 = DIRECTION ( 'NONE',  ( 0.0000000000000000000, 0.0000000000000000000, 1.000000000000000000 ) ) ;
#5356 = FACE_OUTER_BOUND ( 'NONE', #157, .T. ) ;
#5357 = ADVANCED_FACE ( 'NONE', ( #942 ), #997, .T. ) ;
#5358 = LINE ( 'NONE', #2091, #4965 ) ;
#5359 = CARTESIAN_POINT ( 'NONE',  ( -6.350000000000001400, 0.8499999999999996400, 2.500000000000000000 ) ) ;
#5360 = ORIENTED_EDGE ( 'NONE', *, *, #2602, .T. ) ;
#5361 = DIRECTION ( 'NONE',  ( 0.0000000000000000000, 0.0000000000000000000, -1.000000000000000000 ) ) ;
#5362 = LINE ( 'NONE', #1792, #2308 ) ;
#5363 = DIRECTION ( 'NONE',  ( -1.000000000000000000, -3.491481338843134500E-015, 0.0000000000000000000 ) ) ;
#5364 = ORIENTED_EDGE ( 'NONE', *, *, #4023, .T. ) ;
#5365 = EDGE_CURVE ( 'NONE', #6474, #3765, #2301, .T. ) ;
#5366 = CARTESIAN_POINT ( 'NONE',  ( 4.049999999999999800, 1.350000000000001200, 3.399999999999999900 ) ) ;
#5367 = LINE ( 'NONE', #4821, #4018 ) ;
#5368 = EDGE_CURVE ( 'NONE', #5127, #1619, #3036, .T. ) ;
#5369 = ORIENTED_EDGE ( 'NONE', *, *, #4742, .T. ) ;
#5370 = CARTESIAN_POINT ( 'NONE',  ( 5.850000000000001400, 1.350000000000000500, -3.399999999999999900 ) ) ;
#5371 = PLANE ( 'NONE',  #5006 ) ;
#5372 = PLANE ( 'NONE',  #255 ) ;
#5373 = DIRECTION ( 'NONE',  ( 0.0000000000000000000, 0.0000000000000000000, -1.000000000000000000 ) ) ;
#5374 = ORIENTED_EDGE ( 'NONE', *, *, #2453, .F. ) ;
#5375 = VECTOR ( 'NONE', #3627, 1000.000000000000000 ) ;
#5376 = CARTESIAN_POINT ( 'NONE',  ( 2.150000000000007000, 0.7499999999999916700, -3.399999999999999900 ) ) ;
#5377 = ORIENTED_EDGE ( 'NONE', *, *, #4713, .T. ) ;
#5378 = DIRECTION ( 'NONE',  ( -1.000000000000000000, 0.0000000000000000000, 0.0000000000000000000 ) ) ;
#5379 = APPLICATION_CONTEXT ( 'automotive_design' ) ;
#5380 = EDGE_LOOP ( 'NONE', ( #1879, #1515, #5136, #4605, #738 ) ) ;
#5381 = VECTOR ( 'NONE', #3272, 1000.000000000000000 ) ;
#5382 = AXIS2_PLACEMENT_3D ( 'NONE', #3483, #6011, #4042 ) ;
#5383 = ORIENTED_EDGE ( 'NONE', *, *, #100, .F. ) ;
#5384 = CARTESIAN_POINT ( 'NONE',  ( 1.350000000000001400, 0.0000000000000000000, -2.599999999999999600 ) ) ;
#5385 = ORIENTED_EDGE ( 'NONE', *, *, #3464, .F. ) ;
#5386 = ADVANCED_FACE ( 'NONE', ( #5980 ), #808, .T. ) ;
#5387 = DIRECTION ( 'NONE',  ( 1.000000000000000000, 0.0000000000000000000, 0.0000000000000000000 ) ) ;
#5388 = EDGE_CURVE ( 'NONE', #4986, #1987, #5584, .T. ) ;
#5389 = CARTESIAN_POINT ( 'NONE',  ( -6.349999999999998800, 2.649999999999998600, 1.900000000000000600 ) ) ;
#5390 = VERTEX_POINT ( 'NONE', #5923 ) ;
#5391 = ORIENTED_EDGE ( 'NONE', *, *, #5950, .T. ) ;
#5392 = CIRCLE ( 'NONE', #4500, 1.300000000000000000 ) ;
#5393 = ORIENTED_EDGE ( 'NONE', *, *, #347, .F. ) ;
#5394 = DIRECTION ( 'NONE',  ( -0.0000000000000000000, 1.000000000000000000, 9.427844978134823900E-017 ) ) ;
#5395 = DIRECTION ( 'NONE',  ( -1.807003620809169200E-016, 0.0000000000000000000, -1.000000000000000000 ) ) ;
#5396 = CARTESIAN_POINT ( 'NONE',  ( 4.681361080193876300, 8.497421340012188300, 2.887015489540372100 ) ) ;
#5397 = PLANE ( 'NONE',  #3522 ) ;
#5398 = ORIENTED_EDGE ( 'NONE', *, *, #4616, .F. ) ;
#5399 = LINE ( 'NONE', #3558, #5784 ) ;
#5400 = EDGE_CURVE ( 'NONE', #5070, #4505, #2136, .T. ) ;
#5401 = ORIENTED_EDGE ( 'NONE', *, *, #1629, .F. ) ;
#5402 = ORIENTED_EDGE ( 'NONE', *, *, #3160, .F. ) ;
#5403 = SURFACE_STYLE_USAGE ( .BOTH. , #3875 ) ;
#5404 = ORIENTED_EDGE ( 'NONE', *, *, #4294, .T. ) ;
#5405 = ORIENTED_EDGE ( 'NONE', *, *, #577, .F. ) ;
#5406 = DIRECTION ( 'NONE',  ( -6.023345402697180200E-017, 1.836970198721030900E-016, -1.000000000000000000 ) ) ;
#5407 = LINE ( 'NONE', #4617, #2036 ) ;
#5408 = ORIENTED_EDGE ( 'NONE', *, *, #390, .F. ) ;
#5409 = CARTESIAN_POINT ( 'NONE',  ( -4.050000000000001600, 0.5999999999999999800, 0.5000000000000000000 ) ) ;
#5410 = FACE_OUTER_BOUND ( 'NONE', #659, .T. ) ;
#5411 = DIRECTION ( 'NONE',  ( 0.0000000000000000000, 1.000000000000000000, 0.0000000000000000000 ) ) ;
#5412 = CARTESIAN_POINT ( 'NONE',  ( 6.350000000000001400, -7.347880794884120700E-016, 0.5000000000000000000 ) ) ;
#5413 = DIRECTION ( 'NONE',  ( -8.728139442219866100E-031, -1.836970198721028700E-016, 1.000000000000000000 ) ) ;
#5414 = DIRECTION ( 'NONE',  ( 0.0000000000000000000, 1.000000000000000000, 1.445602896647339200E-016 ) ) ;
#5415 = EDGE_CURVE ( 'NONE', #1327, #5331, #5114, .T. ) ;
#5416 = DIRECTION ( 'NONE',  ( 0.0000000000000000000, 1.000000000000000000, -0.0000000000000000000 ) ) ;
#5417 = ORIENTED_EDGE ( 'NONE', *, *, #3294, .T. ) ;
#5418 = VECTOR ( 'NONE', #6228, 1000.000000000000000 ) ;
#5419 = ADVANCED_FACE ( 'NONE', ( #2870 ), #5397, .F. ) ;
#5420 = ORIENTED_EDGE ( 'NONE', *, *, #4616, .T. ) ;
#5421 = ORIENTED_EDGE ( 'NONE', *, *, #1534, .F. ) ;
#5422 = DIRECTION ( 'NONE',  ( 1.000000000000000000, 3.491481338843134500E-015, -0.0000000000000000000 ) ) ;
#5423 = LINE ( 'NONE', #1834, #4953 ) ;
#5424 = EDGE_CURVE ( 'NONE', #5792, #4505, #3529, .T. ) ;
#5425 = CARTESIAN_POINT ( 'NONE',  ( 0.0000000000000000000, 0.0000000000000000000, -3.399999999999999900 ) ) ;
#5426 = DIRECTION ( 'NONE',  ( 0.0000000000000000000, 0.0000000000000000000, -1.000000000000000000 ) ) ;
#5427 = FACE_OUTER_BOUND ( 'NONE', #803, .T. ) ;
#5428 = VECTOR ( 'NONE', #3485, 1000.000000000000000 ) ;
#5429 = ORIENTED_EDGE ( 'NONE', *, *, #1275, .T. ) ;
#5430 = DIRECTION ( 'NONE',  ( -1.000000000000000000, -1.606225440719266900E-016, 0.0000000000000000000 ) ) ;
#5431 = EDGE_CURVE ( 'NONE', #1109, #2134, #2377, .T. ) ;
#5432 = DIRECTION ( 'NONE',  ( 1.000000000000000000, -0.0000000000000000000, -0.0000000000000000000 ) ) ;
#5433 = CARTESIAN_POINT ( 'NONE',  ( -3.199999999999994800, 1.350000000000001000, -0.5000000000000004400 ) ) ;
#5434 = DIRECTION ( 'NONE',  ( -1.000000000000000000, -0.0000000000000000000, -0.0000000000000000000 ) ) ;
#5435 = LINE ( 'NONE', #3487, #4428 ) ;
#5436 = ORIENTED_EDGE ( 'NONE', *, *, #4294, .F. ) ;
#5437 = DIRECTION ( 'NONE',  ( -1.000000000000000000, 0.0000000000000000000, 1.084202172485504000E-015 ) ) ;
#5438 = VECTOR ( 'NONE', #2607, 1000.000000000000000 ) ;
#5439 = ORIENTED_EDGE ( 'NONE', *, *, #2615, .T. ) ;
#5440 = EDGE_LOOP ( 'NONE', ( #1225, #1517, #3369, #2780 ) ) ;
#5441 = DIRECTION ( 'NONE',  ( 1.000000000000000000, 0.0000000000000000000, 0.0000000000000000000 ) ) ;
#5442 = CIRCLE ( 'NONE', #5929, 0.8000000000000003800 ) ;
#5443 = ORIENTED_EDGE ( 'NONE', *, *, #2142, .T. ) ;
#5444 = ADVANCED_FACE ( 'NONE', ( #6059 ), #1810, .F. ) ;
#5445 = EDGE_LOOP ( 'NONE', ( #3249, #5000, #2222, #2713 ) ) ;
#5446 = ORIENTED_EDGE ( 'NONE', *, *, #5121, .T. ) ;
#5447 = EDGE_CURVE ( 'NONE', #2265, #3068, #5423, .T. ) ;
#5448 = VECTOR ( 'NONE', #766, 1000.000000000000000 ) ;
#5449 = DIRECTION ( 'NONE',  ( 1.788526819361846600E-032, 4.388034133981038200E-016, 1.000000000000000000 ) ) ;
#5450 = DIRECTION ( 'NONE',  ( 0.0000000000000000000, 0.0000000000000000000, 1.000000000000000000 ) ) ;
#5451 = CARTESIAN_POINT ( 'NONE',  ( 5.850000000000001400, 1.350000000000000500, 2.500000000000000000 ) ) ;
#5452 = EDGE_CURVE ( 'NONE', #3218, #2202, #5904, .T. ) ;
#5453 = ORIENTED_EDGE ( 'NONE', *, *, #3416, .T. ) ;
#5454 = EDGE_LOOP ( 'NONE', ( #1215, #4357, #1688, #970, #4982, #2821, #1373, #4135, #5475, #4615, #4558, #3087, #5607, #1200, #6582, #5866 ) ) ;
#5455 = DIRECTION ( 'NONE',  ( 0.0000000000000000000, 0.0000000000000000000, -1.000000000000000000 ) ) ;
#5456 = EDGE_LOOP ( 'NONE', ( #4994, #3655, #2966, #1083 ) ) ;
#5457 = CARTESIAN_POINT ( 'NONE',  ( -4.639984522846806000, 6.500000000000000900, -2.953056658403646400 ) ) ;
#5458 = ORIENTED_EDGE ( 'NONE', *, *, #1416, .F. ) ;
#5459 = ORIENTED_EDGE ( 'NONE', *, *, #495, .F. ) ;
#5460 = ORIENTED_EDGE ( 'NONE', *, *, #5562, .F. ) ;
#5461 = AXIS2_PLACEMENT_3D ( 'NONE', #6338, #248, #3826 ) ;
#5462 = AXIS2_PLACEMENT_3D ( 'NONE', #4437, #1329, #4931 ) ;
#5463 = CARTESIAN_POINT ( 'NONE',  ( 5.850000000000001400, 1.350000000000000500, -0.5000000000000003300 ) ) ;
#5464 = ORIENTED_EDGE ( 'NONE', *, *, #2843, .T. ) ;
#5465 = ORIENTED_EDGE ( 'NONE', *, *, #4991, .F. ) ;
#5466 = LINE ( 'NONE', #5764, #829 ) ;
#5467 = ORIENTED_EDGE ( 'NONE', *, *, #2400, .F. ) ;
#5468 = CARTESIAN_POINT ( 'NONE',  ( 5.800000000000001600, 0.5499999999999987100, -2.499999999999998700 ) ) ;
#5469 = EDGE_CURVE ( 'NONE', #3966, #62, #3207, .T. ) ;
#5470 = CARTESIAN_POINT ( 'NONE',  ( 2.867653217131803400, 8.500000000000000000, 4.693246746791991200 ) ) ;
#5471 = CARTESIAN_POINT ( 'NONE',  ( -6.349999999999998800, 2.149999999999999900, -6.349999999999999600 ) ) ;
#5472 = DIRECTION ( 'NONE',  ( -0.0000000000000000000, -0.0000000000000000000, 1.000000000000000000 ) ) ;
#5473 = VECTOR ( 'NONE', #3912, 1000.000000000000000 ) ;
#5474 = DIRECTION ( 'NONE',  ( 0.0000000000000000000, -0.0000000000000000000, -1.000000000000000000 ) ) ;
#5475 = ORIENTED_EDGE ( 'NONE', *, *, #4023, .F. ) ;
#5476 = ORIENTED_EDGE ( 'NONE', *, *, #1310, .F. ) ;
#5477 = DIRECTION ( 'NONE',  ( -0.0000000000000000000, 9.427844978134822700E-017, -1.000000000000000000 ) ) ;
#5478 = ADVANCED_FACE ( 'NONE', ( #3364 ), #6129, .T. ) ;
#5479 = ORIENTED_EDGE ( 'NONE', *, *, #2734, .F. ) ;
#5480 = FACE_OUTER_BOUND ( 'NONE', #462, .T. ) ;
#5481 = CARTESIAN_POINT ( 'NONE',  ( -5.850000000000001400, 1.350000000000000500, -2.500000000000000000 ) ) ;
#5482 = ORIENTED_EDGE ( 'NONE', *, *, #2859, .T. ) ;
#5483 = EDGE_CURVE ( 'NONE', #4295, #928, #4721, .T. ) ;
#5484 = VECTOR ( 'NONE', #3674, 1000.000000000000000 ) ;
#5485 = UNCERTAINTY_MEASURE_WITH_UNIT (LENGTH_MEASURE( 1.000000000000000100E-005 ), #2827, 'distance_accuracy_value', 'NONE');
#5486 = CARTESIAN_POINT ( 'NONE',  ( -4.349999999999998800, 2.149999999999998600, -1.899999999999999700 ) ) ;
#5487 = CARTESIAN_POINT ( 'NONE',  ( -3.949999999999994400, 1.350000000000000500, 2.500000000000000000 ) ) ;
#5488 = VERTEX_POINT ( 'NONE', #4936 ) ;
#5489 = EDGE_CURVE ( 'NONE', #2746, #860, #1821, .T. ) ;
#5490 = ORIENTED_EDGE ( 'NONE', *, *, #2670, .F. ) ;
#5491 = LINE ( 'NONE', #2726, #1805 ) ;
#5492 = CARTESIAN_POINT ( 'NONE',  ( 2.896172905827798500, 8.494308236591329800, 4.675701284251268900 ) ) ;
#5493 = PLANE ( 'NONE',  #1209 ) ;
#5494 = ORIENTED_EDGE ( 'NONE', *, *, #1628, .T. ) ;
#5495 = PLANE ( 'NONE',  #4501 ) ;
#5496 = FACE_OUTER_BOUND ( 'NONE', #4538, .T. ) ;
#5497 = LINE ( 'NONE', #3967, #1090 ) ;
#5498 = DIRECTION ( 'NONE',  ( 1.000000000000000000, 9.531447670202242400E-017, 0.0000000000000000000 ) ) ;
#5499 = ORIENTED_EDGE ( 'NONE', *, *, #2781, .F. ) ;
#5500 = EDGE_CURVE ( 'NONE', #6484, #2336, #1177, .T. ) ;
#5501 = PRESENTATION_STYLE_ASSIGNMENT (( #6135 ) ) ;
#5502 = CARTESIAN_POINT ( 'NONE',  ( 6.350000000000001400, 0.5000000000000004400, -6.349999999999999600 ) ) ;
#5503 = CARTESIAN_POINT ( 'NONE',  ( 4.049999999999999800, 0.4999999999999926200, -3.399999999999999900 ) ) ;
#5504 = CARTESIAN_POINT ( 'NONE',  ( -4.050000000000001600, 1.349999999999999900, -0.5000000000000000000 ) ) ;
#5505 = ORIENTED_EDGE ( 'NONE', *, *, #2548, .F. ) ;
#5506 = VECTOR ( 'NONE', #5591, 1000.000000000000000 ) ;
#5507 = VECTOR ( 'NONE', #5544, 1000.000000000000000 ) ;
#5508 = AXIS2_PLACEMENT_3D ( 'NONE', #4372, #3795, #197 ) ;
#5509 = LINE ( 'NONE', #5487, #5670 ) ;
#5510 = CARTESIAN_POINT ( 'NONE',  ( 2.928731654425489300, 8.470908548906942700, -4.655381777947670100 ) ) ;
#5511 = DIRECTION ( 'NONE',  ( 0.0000000000000000000, 0.0000000000000000000, 1.000000000000000000 ) ) ;
#5512 = EDGE_CURVE ( 'NONE', #5559, #1213, #163, .T. ) ;
#5513 = LINE ( 'NONE', #2633, #3532 ) ;
#5514 = DIRECTION ( 'NONE',  ( 0.0000000000000000000, 0.0000000000000000000, 1.000000000000000000 ) ) ;
#5515 = EDGE_LOOP ( 'NONE', ( #3494, #5234, #869, #339 ) ) ;
#5516 = ADVANCED_FACE ( 'NONE', ( #320 ), #4046, .T. ) ;
#5517 = DIRECTION ( 'NONE',  ( 0.0000000000000000000, 0.0000000000000000000, 1.000000000000000000 ) ) ;
#5518 = ORIENTED_EDGE ( 'NONE', *, *, #3690, .T. ) ;
#5519 = CYLINDRICAL_SURFACE ( 'NONE', #6348, 0.1000000000000071900 ) ;
#5520 = CARTESIAN_POINT ( 'NONE',  ( 6.350000000000001400, 1.350000000000000500, -2.500000000000000000 ) ) ;
#5521 = ORIENTED_EDGE ( 'NONE', *, *, #1513, .T. ) ;
#5522 = EDGE_CURVE ( 'NONE', #4565, #217, #2709, .T. ) ;
#5523 = DIRECTION ( 'NONE',  ( -1.000000000000000000, 1.606225440719266900E-016, -0.0000000000000000000 ) ) ;
#5524 = CARTESIAN_POINT ( 'NONE',  ( -5.850000000000001400, 0.8499999999999994200, -2.499999999999998700 ) ) ;
#5525 = B_SPLINE_CURVE_WITH_KNOTS ( 'NONE', 3,
 ( #5831, #1249, #3847, #2756, #3823, #2820, #1271, #2225, #3375, #3353, #4866, #222, #5396, #786, #5873, #1809 ),
 .UNSPECIFIED., .F., .F.,
 ( 4, 3, 3, 3, 3, 4 ),
 ( 0.0000000000000000000, 3.342464248130610300E-005, 6.684402765924814100E-005, 0.0001003470100178408100, 0.0001340432361621057700, 0.0001567320148060899000 ),
 .UNSPECIFIED. ) ;
#5526 = DIRECTION ( 'NONE',  ( 0.0000000000000000000, -1.000000000000000000, -1.301042606982605300E-015 ) ) ;
#5527 = VECTOR ( 'NONE', #2187, 1000.000000000000000 ) ;
#5528 = ORIENTED_EDGE ( 'NONE', *, *, #5208, .T. ) ;
#5529 = PLANE ( 'NONE',  #6263 ) ;
#5530 = DIRECTION ( 'NONE',  ( 1.000000000000000000, 0.0000000000000000000, 0.0000000000000000000 ) ) ;
#5531 = ADVANCED_FACE ( 'NONE', ( #4249 ), #444, .T. ) ;
#5532 = CIRCLE ( 'NONE', #4382, 0.6000000000000071900 ) ;
#5533 = DIRECTION ( 'NONE',  ( 3.491481338843134500E-015, 1.000000000000000000, -4.388034133981038200E-016 ) ) ;
#5534 = ORIENTED_EDGE ( 'NONE', *, *, #1289, .F. ) ;
#5535 = CARTESIAN_POINT ( 'NONE',  ( -3.889087296526017000, 8.400000000000000400, 5.089087296526003900 ) ) ;
#5536 = ORIENTED_EDGE ( 'NONE', *, *, #4033, .F. ) ;
#5537 = FACE_OUTER_BOUND ( 'NONE', #5088, .T. ) ;
#5538 = DIRECTION ( 'NONE',  ( -0.0000000000000000000, 1.000000000000000000, -0.0000000000000000000 ) ) ;
#5539 = EDGE_CURVE ( 'NONE', #4157, #2886, #1896, .T. ) ;
#5540 = ORIENTED_EDGE ( 'NONE', *, *, #727, .T. ) ;
#5541 = EDGE_CURVE ( 'NONE', #3835, #1165, #2539, .T. ) ;
#5542 = DIRECTION ( 'NONE',  ( 0.7071067811865500200, 1.135772901246948600E-016, 0.7071067811865451300 ) ) ;
#5543 = ORIENTED_EDGE ( 'NONE', *, *, #3294, .F. ) ;
#5544 = DIRECTION ( 'NONE',  ( -1.000000000000000000, -0.0000000000000000000, -0.0000000000000000000 ) ) ;
#5545 = AXIS2_PLACEMENT_3D ( 'NONE', #3125, #5641, #4651 ) ;
#5546 = CARTESIAN_POINT ( 'NONE',  ( -3.199999999999994800, 0.8499999999999979800, -0.5000000000000004400 ) ) ;
#5547 = CARTESIAN_POINT ( 'NONE',  ( -1.734723475976807100E-015, 6.500000000000000900, 4.790000000000002700 ) ) ;
#5548 = ORIENTED_EDGE ( 'NONE', *, *, #2734, .T. ) ;
#5549 = ORIENTED_EDGE ( 'NONE', *, *, #76, .T. ) ;
#5550 = LINE ( 'NONE', #761, #1781 ) ;
#5551 = CARTESIAN_POINT ( 'NONE',  ( -2.049999999999999800, 0.8500000000000009800, 6.349999999999999600 ) ) ;
#5552 = CARTESIAN_POINT ( 'NONE',  ( 2.945200244326002800, 8.443460685632951300, -4.644976764299439500 ) ) ;
#5553 = ORIENTED_EDGE ( 'NONE', *, *, #6213, .T. ) ;
#5554 = AXIS2_PLACEMENT_3D ( 'NONE', #1626, #1074, #32 ) ;
#5555 = EDGE_LOOP ( 'NONE', ( #3503, #5318, #660, #1686 ) ) ;
#5556 = VECTOR ( 'NONE', #886, 1000.000000000000000 ) ;
#5557 = ORIENTED_EDGE ( 'NONE', *, *, #6370, .T. ) ;
#5558 = AXIS2_PLACEMENT_3D ( 'NONE', #4998, #3030, #5589 ) ;
#5559 = VERTEX_POINT ( 'NONE', #4497 ) ;
#5560 = CARTESIAN_POINT ( 'NONE',  ( -1.734723475976807100E-015, 8.500000000000000000, -4.589999999999999000 ) ) ;
#5561 = ORIENTED_EDGE ( 'NONE', *, *, #2171, .T. ) ;
#5562 = EDGE_CURVE ( 'NONE', #969, #206, #4796, .T. ) ;
#5563 = EDGE_LOOP ( 'NONE', ( #5857, #6320, #5549, #3175 ) ) ;
#5564 = CARTESIAN_POINT ( 'NONE',  ( 0.0000000000000000000, 0.0000000000000000000, 3.399999999999999900 ) ) ;
#5565 = PLANE ( 'NONE',  #2632 ) ;
#5566 = PRESENTATION_STYLE_ASSIGNMENT (( #5403 ) ) ;
#5567 = CARTESIAN_POINT ( 'NONE',  ( -6.350000000000001400, 1.350000000000000500, -0.5000000000000003300 ) ) ;
#5568 = VECTOR ( 'NONE', #3070, 1000.000000000000000 ) ;
#5569 = CARTESIAN_POINT ( 'NONE',  ( 5.550000000000000700, 2.149999999999999000, -5.549999999999998900 ) ) ;
#5570 = VERTEX_POINT ( 'NONE', #5024 ) ;
#5571 = CARTESIAN_POINT ( 'NONE',  ( 5.850000000000001400, 1.350000000000000500, 2.500000000000000000 ) ) ;
#5572 = FACE_OUTER_BOUND ( 'NONE', #5618, .T. ) ;
#5573 = DIRECTION ( 'NONE',  ( 0.0000000000000000000, 1.000000000000000000, 0.0000000000000000000 ) ) ;
#5574 = ORIENTED_EDGE ( 'NONE', *, *, #623, .T. ) ;
#5575 = VERTEX_POINT ( 'NONE', #6038 ) ;
#5576 = VECTOR ( 'NONE', #4799, 1000.000000000000000 ) ;
#5577 = VERTEX_POINT ( 'NONE', #2501 ) ;
#5578 = CARTESIAN_POINT ( 'NONE',  ( -1.350000000000001400, 1.350000000000000800, 2.599999999999990800 ) ) ;
#5579 = CARTESIAN_POINT ( 'NONE',  ( -5.850000000000001400, 1.350000000000000300, -4.799999999999999800 ) ) ;
#5580 = EDGE_CURVE ( 'NONE', #240, #3410, #4161, .T. ) ;
#5581 = ORIENTED_EDGE ( 'NONE', *, *, #2984, .T. ) ;
#5582 = LINE ( 'NONE', #6347, #4417 ) ;
#5583 = AXIS2_PLACEMENT_3D ( 'NONE', #3289, #4373, #2245 ) ;
#5584 = LINE ( 'NONE', #4977, #3286 ) ;
#5585 = DIRECTION ( 'NONE',  ( -1.000000000000000000, 1.606225440719266900E-016, -0.0000000000000000000 ) ) ;
#5586 = DIRECTION ( 'NONE',  ( -0.0000000000000000000, 1.000000000000000000, 0.0000000000000000000 ) ) ;
#5587 = LINE ( 'NONE', #5571, #5196 ) ;
#5588 = VECTOR ( 'NONE', #6051, 1000.000000000000000 ) ;
#5589 = DIRECTION ( 'NONE',  ( 0.0000000000000000000, 0.0000000000000000000, -1.000000000000000000 ) ) ;
#5590 = EDGE_LOOP ( 'NONE', ( #4606, #3663, #6491, #684, #3055 ) ) ;
#5591 = DIRECTION ( 'NONE',  ( 0.0000000000000000000, 0.0000000000000000000, -1.000000000000000000 ) ) ;
#5592 = AXIS2_PLACEMENT_3D ( 'NONE', #1335, #4937, #5455 ) ;
#5593 = PLANE ( 'NONE',  #2239 ) ;
#5594 = LINE ( 'NONE', #5938, #3856 ) ;
#5595 = ORIENTED_EDGE ( 'NONE', *, *, #5921, .F. ) ;
#5596 = CARTESIAN_POINT ( 'NONE',  ( -4.050000000000001600, -7.264154555652879700E-015, 2.500000000000000400 ) ) ;
#5597 = EDGE_CURVE ( 'NONE', #132, #5778, #5034, .T. ) ;
#5598 = CARTESIAN_POINT ( 'NONE',  ( 4.350000000000001400, 2.149999999999998600, -1.899999999999999700 ) ) ;
#5599 = VECTOR ( 'NONE', #493, 1000.000000000000000 ) ;
#5600 = ORIENTED_EDGE ( 'NONE', *, *, #2364, .T. ) ;
#5601 = CARTESIAN_POINT ( 'NONE',  ( -5.549999999999998900, 7.700000000000000200, -6.349999999999999600 ) ) ;
#5602 = VERTEX_POINT ( 'NONE', #2965 ) ;
#5603 = VECTOR ( 'NONE', #159, 1000.000000000000000 ) ;
#5604 = CARTESIAN_POINT ( 'NONE',  ( 6.350000000000001400, 0.5000000000000004400, -6.349999999999999600 ) ) ;
#5605 = EDGE_CURVE ( 'NONE', #3900, #1143, #2291, .T. ) ;
#5606 = CARTESIAN_POINT ( 'NONE',  ( 4.050000000000001600, -7.352265273584349600E-015, 2.500000000000000000 ) ) ;
#5607 = ORIENTED_EDGE ( 'NONE', *, *, #2749, .F. ) ;
#5608 = DIRECTION ( 'NONE',  ( 0.0000000000000000000, 0.0000000000000000000, 1.000000000000000000 ) ) ;
#5609 = EDGE_LOOP ( 'NONE', ( #2674, #2704, #130, #2350 ) ) ;
#5610 =( NAMED_UNIT ( * ) PLANE_ANGLE_UNIT ( ) SI_UNIT ( $, .RADIAN. ) );
#5611 = VERTEX_POINT ( 'NONE', #3533 ) ;
#5612 = ORIENTED_EDGE ( 'NONE', *, *, #1188, .F. ) ;
#5613 = DIRECTION ( 'NONE',  ( -0.0000000000000000000, 9.427844978134822700E-017, -1.000000000000000000 ) ) ;
#5614 = VECTOR ( 'NONE', #5687, 1000.000000000000000 ) ;
#5615 = ORIENTED_EDGE ( 'NONE', *, *, #5119, .F. ) ;
#5616 = DIRECTION ( 'NONE',  ( -1.000000000000000000, -0.0000000000000000000, -0.0000000000000000000 ) ) ;
#5617 = ORIENTED_EDGE ( 'NONE', *, *, #984, .F. ) ;
#5618 = EDGE_LOOP ( 'NONE', ( #2511, #4509, #1130, #2584 ) ) ;
#5619 = DIRECTION ( 'NONE',  ( -0.0000000000000000000, -0.0000000000000000000, 1.000000000000000000 ) ) ;
#5620 = VERTEX_POINT ( 'NONE', #1419 ) ;
#5621 = CARTESIAN_POINT ( 'NONE',  ( 4.648017536624975900, 8.452521153092812200, -2.940396738405668000 ) ) ;
#5622 = EDGE_LOOP ( 'NONE', ( #2075, #3810, #1968, #3908, #1539, #986, #2944, #345, #3971, #484, #1641, #5025 ) ) ;
#5623 = VERTEX_POINT ( 'NONE', #6528 ) ;
#5624 = CARTESIAN_POINT ( 'NONE',  ( -3.889087296526017000, 6.500000000000000900, 3.889087296526004600 ) ) ;
#5625 = EDGE_CURVE ( 'NONE', #3386, #4912, #4242, .T. ) ;
#5626 = CARTESIAN_POINT ( 'NONE',  ( -5.800000000000001600, 0.5499999999999990500, 0.5000000000000000000 ) ) ;
#5627 = ADVANCED_FACE ( 'NONE', ( #6206 ), #2007, .T. ) ;
#5628 = ORIENTED_EDGE ( 'NONE', *, *, #2929, .F. ) ;
#5629 = CIRCLE ( 'NONE', #5631, 0.8000000000000003800 ) ;
#5630 = DIRECTION ( 'NONE',  ( -6.023345402697180200E-017, -1.836970198721030900E-016, 1.000000000000000000 ) ) ;
#5631 = AXIS2_PLACEMENT_3D ( 'NONE', #2117, #4691, #3147 ) ;
#5632 = ORIENTED_EDGE ( 'NONE', *, *, #239, .F. ) ;
#5633 = CARTESIAN_POINT ( 'NONE',  ( -3.889087296526017900, 8.500000000000000000, -5.189087296526003500 ) ) ;
#5634 = DIRECTION ( 'NONE',  ( 0.0000000000000000000, 1.000000000000000000, 2.168404344971016000E-015 ) ) ;
#5635 = CARTESIAN_POINT ( 'NONE',  ( 2.399999999999995500, 0.5000000000000004400, 0.0000000000000000000 ) ) ;
#5636 = LINE ( 'NONE', #5051, #5864 ) ;
#5637 = VERTEX_POINT ( 'NONE', #4024 ) ;
#5638 = CARTESIAN_POINT ( 'NONE',  ( 2.399999999999995900, 0.5000000000000004400, -6.349999999999999600 ) ) ;
#5639 = EDGE_CURVE ( 'NONE', #1972, #1993, #1406, .T. ) ;
#5640 = DIRECTION ( 'NONE',  ( 0.0000000000000000000, 0.0000000000000000000, -1.000000000000000000 ) ) ;
#5641 = DIRECTION ( 'NONE',  ( 0.0000000000000000000, 1.000000000000000000, 0.0000000000000000000 ) ) ;
#5642 = ORIENTED_EDGE ( 'NONE', *, *, #1204, .T. ) ;
#5643 = LINE ( 'NONE', #4489, #5328 ) ;
#5644 = DIRECTION ( 'NONE',  ( -6.413747168845436200E-031, 1.836970198721028700E-016, -1.000000000000000000 ) ) ;
#5645 = AXIS2_PLACEMENT_3D ( 'NONE', #4088, #1497, #5634 ) ;
#5646 = CARTESIAN_POINT ( 'NONE',  ( 5.800000000000003400, -9.051805862939398900E-016, -0.5000000000000000000 ) ) ;
#5647 = ORIENTED_EDGE ( 'NONE', *, *, #471, .T. ) ;
#5648 = CARTESIAN_POINT ( 'NONE',  ( -4.693246746792002700, 8.500000000000000000, 2.867653217131790100 ) ) ;
#5649 = COLOUR_RGB ( '',0.7921568627450980000, 0.8196078431372548800, 0.9333333333333333500 ) ;
#5650 = EDGE_CURVE ( 'NONE', #1659, #376, #3197, .T. ) ;
#5651 = PLANE ( 'NONE',  #3169 ) ;
#5652 = EDGE_LOOP ( 'NONE', ( #52, #411, #3969, #1703 ) ) ;
#5653 = CARTESIAN_POINT ( 'NONE',  ( -6.350000000000001400, 0.8499999999999994200, -2.499999999999999600 ) ) ;
#5654 = CARTESIAN_POINT ( 'NONE',  ( 1.350000000000001400, 1.350000000000000800, 2.599999999999990800 ) ) ;
#5655 = CARTESIAN_POINT ( 'NONE',  ( -4.049999999999999800, 1.350000000000001200, 2.500000000000000000 ) ) ;
#5656 = LINE ( 'NONE', #5824, #4153 ) ;
#5657 = DIRECTION ( 'NONE',  ( -1.050973848243612800E-045, -1.836970198721028700E-016, 1.000000000000000000 ) ) ;
#5658 = ORIENTED_EDGE ( 'NONE', *, *, #2053, .F. ) ;
#5659 = FACE_OUTER_BOUND ( 'NONE', #4635, .T. ) ;
#5660 = VECTOR ( 'NONE', #321, 1000.000000000000000 ) ;
#5661 = SPHERICAL_SURFACE ( 'NONE', #5985, 0.8000000000000000400 ) ;
#5662 = DIRECTION ( 'NONE',  ( 0.0000000000000000000, 0.0000000000000000000, 1.000000000000000000 ) ) ;
#5663 = DIRECTION ( 'NONE',  ( -3.491481338843134500E-015, -1.000000000000000000, -1.836970198721028700E-016 ) ) ;
#5664 = ADVANCED_FACE ( 'NONE', ( #84 ), #1730, .F. ) ;
#5665 = ORIENTED_EDGE ( 'NONE', *, *, #2615, .F. ) ;
#5666 = DIRECTION ( 'NONE',  ( 1.000000000000000000, 0.0000000000000000000, -0.0000000000000000000 ) ) ;
#5667 = LINE ( 'NONE', #2725, #2623 ) ;
#5668 = CIRCLE ( 'NONE', #4155, 0.8000000000000003800 ) ;
#5669 = EDGE_CURVE ( 'NONE', #3245, #879, #2701, .T. ) ;
#5670 = VECTOR ( 'NONE', #2900, 1000.000000000000000 ) ;
#5671 = CARTESIAN_POINT ( 'NONE',  ( 4.642523327644942000, 8.432311712718958000, -2.949064759393893900 ) ) ;
#5672 = EDGE_CURVE ( 'NONE', #3105, #1372, #2532, .T. ) ;
#5673 = AXIS2_PLACEMENT_3D ( 'NONE', #3933, #3957, #6013 ) ;
#5674 = DIRECTION ( 'NONE',  ( 0.7071067811865483500, -0.0000000000000000000, 0.7071067811865468000 ) ) ;
#5675 = CYLINDRICAL_SURFACE ( 'NONE', #4875, 4.790000000000000900 ) ;
#5676 = EDGE_LOOP ( 'NONE', ( #1852, #2747, #3628 ) ) ;
#5677 = DIRECTION ( 'NONE',  ( 0.7071067811865441300, -0.7071067811865507900, 0.0000000000000000000 ) ) ;
#5678 =( LENGTH_UNIT ( ) NAMED_UNIT ( * ) SI_UNIT ( .MILLI., .METRE. ) );
#5679 = LINE ( 'NONE', #1286, #4891 ) ;
#5680 = VERTEX_POINT ( 'NONE', #1590 ) ;
#5681 =( NAMED_UNIT ( * ) SI_UNIT ( $, .STERADIAN. ) SOLID_ANGLE_UNIT ( ) );
#5682 = AXIS2_PLACEMENT_3D ( 'NONE', #4167, #1118, #4717 ) ;
#5683 = AXIS2_PLACEMENT_3D ( 'NONE', #797, #4383, #6301 ) ;
#5684 = DIRECTION ( 'NONE',  ( 0.0000000000000000000, -1.000000000000000000, -9.427844978134823900E-017 ) ) ;
#5685 = CIRCLE ( 'NONE', #637, 5.500000000000000900 ) ;
#5686 = ORIENTED_EDGE ( 'NONE', *, *, #5064, .F. ) ;
#5687 = DIRECTION ( 'NONE',  ( 0.0000000000000000000, -9.427844978134822700E-017, -1.000000000000000000 ) ) ;
#5688 = CARTESIAN_POINT ( 'NONE',  ( -1.350000000000001400, 1.350000000000000800, 2.599999999999990800 ) ) ;
#5689 = ORIENTED_EDGE ( 'NONE', *, *, #1099, .F. ) ;
#5690 = EDGE_CURVE ( 'NONE', #4106, #3316, #404, .T. ) ;
#5691 = VECTOR ( 'NONE', #6514, 1000.000000000000000 ) ;
#5692 = MANIFOLD_SOLID_BREP ( 'Chamfer3', #6492 ) ;
#5693 = ORIENTED_EDGE ( 'NONE', *, *, #5452, .T. ) ;
#5694 = ADVANCED_FACE ( 'NONE', ( #5190 ), #5661, .T. ) ;
#5695 = CARTESIAN_POINT ( 'NONE',  ( 5.800000000000001600, 0.5499999999999987100, -0.5000000000000004400 ) ) ;
#5696 = VERTEX_POINT ( 'NONE', #5198 ) ;
#5697 = CARTESIAN_POINT ( 'NONE',  ( 7.355889685511152700E-029, 0.4999999999999789600, 9.184850993604755200E-017 ) ) ;
#5698 = VECTOR ( 'NONE', #1187, 1000.000000000000000 ) ;
#5699 = CARTESIAN_POINT ( 'NONE',  ( -6.350000000000001400, 1.350000000000000300, 4.799999999999999800 ) ) ;
#5700 = CARTESIAN_POINT ( 'NONE',  ( 1.350000000000001400, 0.8500000000000009800, 2.599999999999990800 ) ) ;
#5701 = CARTESIAN_POINT ( 'NONE',  ( 4.050000000000001600, -6.984871233840144100E-015, 0.4999999999999998900 ) ) ;
#5702 = VERTEX_POINT ( 'NONE', #4622 ) ;
#5703 = ORIENTED_EDGE ( 'NONE', *, *, #5388, .F. ) ;
#5704 = EDGE_CURVE ( 'NONE', #2830, #5927, #4873, .T. ) ;
#5705 = CARTESIAN_POINT ( 'NONE',  ( -1.799999999999999600, 2.799999999999999800, 6.349999999999999600 ) ) ;
#5706 = DIRECTION ( 'NONE',  ( 7.228014483236697500E-016, 0.0000000000000000000, -1.000000000000000000 ) ) ;
#5707 = EDGE_LOOP ( 'NONE', ( #5632, #3791, #341, #5728 ) ) ;
#5708 = ORIENTED_EDGE ( 'NONE', *, *, #4456, .F. ) ;
#5709 = FACE_OUTER_BOUND ( 'NONE', #1042, .T. ) ;
#5710 = EDGE_CURVE ( 'NONE', #30, #2886, #2130, .T. ) ;
#5711 = ORIENTED_EDGE ( 'NONE', *, *, #4364, .T. ) ;
#5712 = ORIENTED_EDGE ( 'NONE', *, *, #5064, .T. ) ;
#5713 = LINE ( 'NONE', #4580, #2586 ) ;
#5714 = ORIENTED_EDGE ( 'NONE', *, *, #5541, .F. ) ;
#5715 = DIRECTION ( 'NONE',  ( -1.000000000000000000, 0.0000000000000000000, 0.0000000000000000000 ) ) ;
#5716 = ORIENTED_EDGE ( 'NONE', *, *, #3321, .F. ) ;
#5717 = DIRECTION ( 'NONE',  ( -0.0000000000000000000, -0.0000000000000000000, 1.000000000000000000 ) ) ;
#5718 = AXIS2_PLACEMENT_3D ( 'NONE', #2600, #3650, #5729 ) ;
#5719 = CARTESIAN_POINT ( 'NONE',  ( -1.416666666666669800, 1.483333333333337800, 2.666666666666659900 ) ) ;
#5720 = ORIENTED_EDGE ( 'NONE', *, *, #4693, .T. ) ;
#5721 = ADVANCED_FACE ( 'NONE', ( #1093 ), #6159, .T. ) ;
#5722 = DIRECTION ( 'NONE',  ( 0.0000000000000000000, 4.388034133981038200E-016, 1.000000000000000000 ) ) ;
#5723 = CARTESIAN_POINT ( 'NONE',  ( -4.681361080193876300, 8.497421340012188300, -2.887015489540370800 ) ) ;
#5724 = LINE ( 'NONE', #6069, #6114 ) ;
#5725 = EDGE_CURVE ( 'NONE', #1987, #5680, #1170, .T. ) ;
#5726 = DIRECTION ( 'NONE',  ( 0.0000000000000000000, 0.0000000000000000000, 1.000000000000000000 ) ) ;
#5727 = ADVANCED_FACE ( 'NONE', ( #6362 ), #2092, .F. ) ;
#5728 = ORIENTED_EDGE ( 'NONE', *, *, #3263, .F. ) ;
#5729 = DIRECTION ( 'NONE',  ( 0.0000000000000000000, 0.0000000000000000000, 1.000000000000000000 ) ) ;
#5730 = DIRECTION ( 'NONE',  ( 0.0000000000000000000, 0.0000000000000000000, 1.000000000000000000 ) ) ;
#5731 = LINE ( 'NONE', #3413, #3752 ) ;
#5732 = AXIS2_PLACEMENT_3D ( 'NONE', #4311, #2169, #2698 ) ;
#5733 = ORIENTED_EDGE ( 'NONE', *, *, #3613, .T. ) ;
#5734 = EDGE_CURVE ( 'NONE', #5890, #2604, #6435, .T. ) ;
#5735 = VECTOR ( 'NONE', #3469, 1000.000000000000000 ) ;
#5736 = LINE ( 'NONE', #3640, #4409 ) ;
#5737 = DIRECTION ( 'NONE',  ( 0.0000000000000000000, -1.000000000000000000, 0.0000000000000000000 ) ) ;
#5738 = ORIENTED_EDGE ( 'NONE', *, *, #780, .T. ) ;
#5739 = VECTOR ( 'NONE', #5282, 1000.000000000000000 ) ;
#5740 = VECTOR ( 'NONE', #5758, 1000.000000000000000 ) ;
#5741 = DIRECTION ( 'NONE',  ( -0.0000000000000000000, -0.0000000000000000000, -1.000000000000000000 ) ) ;
#5742 = LINE ( 'NONE', #2012, #1481 ) ;
#5743 = CARTESIAN_POINT ( 'NONE',  ( 1.800000000000000500, 2.799999999999999800, 0.0000000000000000000 ) ) ;
#5744 = DIRECTION ( 'NONE',  ( -3.491481338843134500E-015, 1.000000000000000000, -4.388034133981038200E-016 ) ) ;
#5745 = CARTESIAN_POINT ( 'NONE',  ( -1.075000000000003300, 1.350000000000001000, 2.324999999999998800 ) ) ;
#5746 = LINE ( 'NONE', #5022, #4650 ) ;
#5747 = LINE ( 'NONE', #2436, #5507 ) ;
#5748 = ORIENTED_EDGE ( 'NONE', *, *, #4368, .T. ) ;
#5749 = DIRECTION ( 'NONE',  ( 0.0000000000000000000, 1.000000000000000000, -1.284980352575410700E-015 ) ) ;
#5750 = ADVANCED_FACE ( 'NONE', ( #2952 ), #3578, .F. ) ;
#5751 = EDGE_CURVE ( 'NONE', #3966, #4029, #1324, .T. ) ;
#5752 = LINE ( 'NONE', #1846, #6067 ) ;
#5753 = ORIENTED_EDGE ( 'NONE', *, *, #858, .T. ) ;
#5754 = CARTESIAN_POINT ( 'NONE',  ( 3.889087296526017000, 8.400000000000000400, 3.889087296526004600 ) ) ;
#5755 = AXIS2_PLACEMENT_3D ( 'NONE', #1503, #1483, #4115 ) ;
#5756 = AXIS2_PLACEMENT_3D ( 'NONE', #2133, #569, #4181 ) ;
#5757 = LINE ( 'NONE', #229, #6455 ) ;
#5758 = DIRECTION ( 'NONE',  ( 1.000000000000000000, -3.491481338843134500E-015, -6.023345402697244300E-017 ) ) ;
#5759 = ORIENTED_EDGE ( 'NONE', *, *, #2421, .T. ) ;
#5760 = CARTESIAN_POINT ( 'NONE',  ( 3.199999999999994800, -0.8124404748406730500, 0.2499999999999997800 ) ) ;
#5761 = ORIENTED_EDGE ( 'NONE', *, *, #3023, .F. ) ;
#5762 = EDGE_CURVE ( 'NONE', #4131, #3406, #1562, .T. ) ;
#5763 = LINE ( 'NONE', #2622, #4025 ) ;
#5764 = CARTESIAN_POINT ( 'NONE',  ( -1.350000000000001400, 1.350000000000001000, 2.599999999999997900 ) ) ;
#5765 = AXIS2_PLACEMENT_3D ( 'NONE', #2174, #3212, #4291 ) ;
#5766 = DIRECTION ( 'NONE',  ( 0.0000000000000000000, 0.0000000000000000000, 1.000000000000000000 ) ) ;
#5767 = CARTESIAN_POINT ( 'NONE',  ( 3.889087296526017000, 8.500000000000000000, 3.889087296526004600 ) ) ;
#5768 = EDGE_LOOP ( 'NONE', ( #3740, #1938, #5255, #470 ) ) ;
#5769 = FACE_OUTER_BOUND ( 'NONE', #41, .T. ) ;
#5770 = DIRECTION ( 'NONE',  ( 0.0000000000000000000, -1.000000000000000000, 0.0000000000000000000 ) ) ;
#5771 = DIRECTION ( 'NONE',  ( 0.0000000000000000000, 0.0000000000000000000, 1.000000000000000000 ) ) ;
#5772 = EDGE_CURVE ( 'NONE', #5778, #4019, #5736, .T. ) ;
#5773 = ORIENTED_EDGE ( 'NONE', *, *, #4162, .T. ) ;
#5774 = ORIENTED_EDGE ( 'NONE', *, *, #3701, .T. ) ;
#5775 = EDGE_LOOP ( 'NONE', ( #4451, #834, #536, #4597, #732, #1708, #2793, #6554 ) ) ;
#5776 = DIRECTION ( 'NONE',  ( 0.0000000000000000000, 1.000000000000000000, 2.168404344971015600E-015 ) ) ;
#5777 = ORIENTED_EDGE ( 'NONE', *, *, #200, .F. ) ;
#5778 = VERTEX_POINT ( 'NONE', #2072 ) ;
#5779 = CARTESIAN_POINT ( 'NONE',  ( 5.850000000000001400, -1.612394906284619600E-015, -2.499999999999998200 ) ) ;
#5780 = ADVANCED_FACE ( 'NONE', ( #1815 ), #317, .F. ) ;
#5781 = CARTESIAN_POINT ( 'NONE',  ( 0.0000000000000000000, 1.350000000000001000, -3.399999999999999900 ) ) ;
#5782 = CARTESIAN_POINT ( 'NONE',  ( -2.949064759393908600, 8.432311712718959700, -4.642523327644933100 ) ) ;
#5783 = ORIENTED_EDGE ( 'NONE', *, *, #3973, .T. ) ;
#5784 = VECTOR ( 'NONE', #28, 1000.000000000000000 ) ;
#5785 = ORIENTED_EDGE ( 'NONE', *, *, #6070, .T. ) ;
#5786 = DIRECTION ( 'NONE',  ( 0.0000000000000000000, 0.0000000000000000000, 1.000000000000000000 ) ) ;
#5787 = EDGE_CURVE ( 'NONE', #3525, #1888, #1646, .T. ) ;
#5788 = CIRCLE ( 'NONE', #5169, 0.7500000000000000000 ) ;
#5789 = CARTESIAN_POINT ( 'NONE',  ( -5.850000000000001400, 0.5499999999999988200, 2.500000000000000000 ) ) ;
#5790 = DIRECTION ( 'NONE',  ( 1.000000000000000000, 2.551063935259992200E-016, 0.0000000000000000000 ) ) ;
#5791 = AXIS2_PLACEMENT_3D ( 'NONE', #5991, #2933, #3460 ) ;
#5792 = VERTEX_POINT ( 'NONE', #3237 ) ;
#5793 = CARTESIAN_POINT ( 'NONE',  ( 5.850000000000001400, 1.350000000000000500, -0.5000000000000003300 ) ) ;
#5794 = EDGE_LOOP ( 'NONE', ( #1250, #5066, #6063, #2369, #5479 ) ) ;
#5795 = FACE_OUTER_BOUND ( 'NONE', #4296, .T. ) ;
#5796 = ORIENTED_EDGE ( 'NONE', *, *, #2086, .T. ) ;
#5797 = CARTESIAN_POINT ( 'NONE',  ( 6.350000000000001400, 2.149999999999999000, -6.349999999999999600 ) ) ;
#5798 = DIRECTION ( 'NONE',  ( 1.000000000000000000, -1.057758217059029100E-016, -9.972380494780813000E-033 ) ) ;
#5799 = VECTOR ( 'NONE', #1882, 1000.000000000000000 ) ;
#5800 = CARTESIAN_POINT ( 'NONE',  ( -5.850000000000001400, 2.149999999999998600, 4.799999999999999800 ) ) ;
#5801 = AXIS2_PLACEMENT_3D ( 'NONE', #1800, #5914, #2860 ) ;
#5802 = DIRECTION ( 'NONE',  ( 0.0000000000000000000, 0.0000000000000000000, -1.000000000000000000 ) ) ;
#5803 = ORIENTED_EDGE ( 'NONE', *, *, #2142, .F. ) ;
#5804 = DIRECTION ( 'NONE',  ( 1.000000000000000000, -2.859434301060672700E-016, -0.0000000000000000000 ) ) ;
#5805 = LINE ( 'NONE', #6411, #2372 ) ;
#5806 = EDGE_CURVE ( 'NONE', #5086, #4920, #238, .T. ) ;
#5807 = CARTESIAN_POINT ( 'NONE',  ( 2.150000000000001700, 0.8500000000000009800, 3.399999999999999900 ) ) ;
#5808 = ORIENTED_EDGE ( 'NONE', *, *, #6580, .T. ) ;
#5809 = CARTESIAN_POINT ( 'NONE',  ( 1.350000000000001400, 1.350000000000000800, -2.600000000000001000 ) ) ;
#5810 = LINE ( 'NONE', #3370, #2948 ) ;
#5812 = ADVANCED_FACE ( 'NONE', ( #3029 ), #230, .T. ) ;
#5811 = VECTOR ( 'NONE', #898, 1000.000000000000000 ) ;
#5813 = ORIENTED_EDGE ( 'NONE', *, *, #5330, .F. ) ;
#5814 = VECTOR ( 'NONE', #4954, 1000.000000000000000 ) ;
#5815 = CARTESIAN_POINT ( 'NONE',  ( 4.050000000000001600, -7.881611040150800700E-015, -2.499999999999998200 ) ) ;
#5816 = DIRECTION ( 'NONE',  ( 0.0000000000000000000, 1.000000000000000000, 0.0000000000000000000 ) ) ;
#5817 = EDGE_LOOP ( 'NONE', ( #5369, #1220, #3876, #145, #4094, #5244, #3063, #468, #3172, #2813, #5796 ) ) ;
#5818 = VECTOR ( 'NONE', #1229, 999.9999999999998900 ) ;
#5819 = LINE ( 'NONE', #499, #1658 ) ;
#5820 = FACE_OUTER_BOUND ( 'NONE', #2114, .T. ) ;
#5821 = ORIENTED_EDGE ( 'NONE', *, *, #5625, .T. ) ;
#5822 = CARTESIAN_POINT ( 'NONE',  ( 6.350000000000001400, 2.149999999999998600, 4.799999999999999800 ) ) ;
#5823 = EDGE_CURVE ( 'NONE', #1298, #2746, #4482, .T. ) ;
#5824 = CARTESIAN_POINT ( 'NONE',  ( -6.350000000000001400, 1.350000000000000500, 3.399999999999999900 ) ) ;
#5825 = CIRCLE ( 'NONE', #5508, 0.7500000000000000000 ) ;
#5826 = ORIENTED_EDGE ( 'NONE', *, *, #4742, .F. ) ;
#5827 = EDGE_CURVE ( 'NONE', #39, #4029, #4556, .T. ) ;
#5828 = CARTESIAN_POINT ( 'NONE',  ( 3.199999999999994800, 0.8499999999999979800, -2.499999999999998700 ) ) ;
#5829 = CARTESIAN_POINT ( 'NONE',  ( -1.360415583094916400E-015, 0.8500000000000030900, 3.399999999999999900 ) ) ;
#5830 = CARTESIAN_POINT ( 'NONE',  ( -2.150000000000001700, 0.8500000000000009800, 3.399999999999999900 ) ) ;
#5831 = CARTESIAN_POINT ( 'NONE',  ( 4.639984522846805100, 8.400000000000000400, 2.953056658403646800 ) ) ;
#5832 = CYLINDRICAL_SURFACE ( 'NONE', #1943, 5.500000000000000900 ) ;
#5833 = ORIENTED_EDGE ( 'NONE', *, *, #1767, .T. ) ;
#5834 = DIRECTION ( 'NONE',  ( 0.0000000000000000000, 1.000000000000000000, 9.427844978134823900E-017 ) ) ;
#5835 = VECTOR ( 'NONE', #1274, 1000.000000000000000 ) ;
#5836 = DIRECTION ( 'NONE',  ( 0.0000000000000000000, -1.000000000000000000, 0.0000000000000000000 ) ) ;
#5837 = ORIENTED_EDGE ( 'NONE', *, *, #20, .T. ) ;
#5838 = ORIENTED_EDGE ( 'NONE', *, *, #1847, .F. ) ;
#5839 = ORIENTED_EDGE ( 'NONE', *, *, #622, .T. ) ;
#5840 = AXIS2_PLACEMENT_3D ( 'NONE', #2244, #1270, #5766 ) ;
#5841 = FACE_OUTER_BOUND ( 'NONE', #3302, .T. ) ;
#5842 = CARTESIAN_POINT ( 'NONE',  ( 3.199999999999994800, -0.8124404748406730500, 0.2499999999999997800 ) ) ;
#5843 = ADVANCED_FACE ( 'NONE', ( #3832 ), #3729, .T. ) ;
#5844 = ORIENTED_EDGE ( 'NONE', *, *, #4829, .T. ) ;
#5845 = EDGE_CURVE ( 'NONE', #2614, #1354, #6123, .T. ) ;
#5846 = PLANE ( 'NONE',  #5223 ) ;
#5847 = VERTEX_POINT ( 'NONE', #5219 ) ;
#5848 = FACE_OUTER_BOUND ( 'NONE', #2088, .T. ) ;
#5849 = CARTESIAN_POINT ( 'NONE',  ( 3.199999999999994400, 1.350000000000001000, -0.2499999999999997800 ) ) ;
#5850 = CARTESIAN_POINT ( 'NONE',  ( 5.850000000000001400, -7.347880794884121700E-016, -0.5000000000000000000 ) ) ;
#5851 = DIRECTION ( 'NONE',  ( 0.0000000000000000000, -0.0000000000000000000, 1.000000000000000000 ) ) ;
#5852 = EDGE_LOOP ( 'NONE', ( #6163, #1643, #1350, #1920 ) ) ;
#5853 = VERTEX_POINT ( 'NONE', #127 ) ;
#5854 = EDGE_CURVE ( 'NONE', #1510, #4853, #4787, .T. ) ;
#5855 = DIRECTION ( 'NONE',  ( 0.0000000000000000000, 0.0000000000000000000, -1.000000000000000000 ) ) ;
#5856 = VERTEX_POINT ( 'NONE', #4795 ) ;
#5857 = ORIENTED_EDGE ( 'NONE', *, *, #6438, .F. ) ;
#5858 = DIRECTION ( 'NONE',  ( 1.000000000000000000, 0.0000000000000000000, 0.0000000000000000000 ) ) ;
#5859 = LINE ( 'NONE', #154, #4533 ) ;
#5860 = ORIENTED_EDGE ( 'NONE', *, *, #2495, .F. ) ;
#5861 = ORIENTED_EDGE ( 'NONE', *, *, #6048, .F. ) ;
#5862 = DIRECTION ( 'NONE',  ( 0.0000000000000000000, -1.000000000000000000, -0.0000000000000000000 ) ) ;
#5863 = VERTEX_POINT ( 'NONE', #4270 ) ;
#5864 = VECTOR ( 'NONE', #2417, 1000.000000000000000 ) ;
#5865 = VERTEX_POINT ( 'NONE', #1709 ) ;
#5866 = ORIENTED_EDGE ( 'NONE', *, *, #4679, .T. ) ;
#5867 = CARTESIAN_POINT ( 'NONE',  ( -4.050000000000001600, 1.349999999999999900, 0.5000000000000000000 ) ) ;
#5868 = DIRECTION ( 'NONE',  ( -0.0000000000000000000, 1.000000000000000000, 0.0000000000000000000 ) ) ;
#5869 = CIRCLE ( 'NONE', #3634, 0.8000000000000003800 ) ;
#5870 = CARTESIAN_POINT ( 'NONE',  ( 6.350000000000001400, 2.149999999999998600, 4.799999999999999800 ) ) ;
#5871 = CARTESIAN_POINT ( 'NONE',  ( -4.349999999999998800, 2.649999999999998600, 1.900000000000000400 ) ) ;
#5872 = PLANE ( 'NONE',  #665 ) ;
#5873 = CARTESIAN_POINT ( 'NONE',  ( 4.689272844500337100, 8.500000000000596900, 2.874156968663203100 ) ) ;
#5874 = EDGE_CURVE ( 'NONE', #3410, #153, #5974, .T. ) ;
#5875 = ORIENTED_EDGE ( 'NONE', *, *, #3975, .F. ) ;
#5876 = APPLICATION_CONTEXT ( 'automotive_design' ) ;
#5877 = EDGE_CURVE ( 'NONE', #6050, #1704, #3595, .T. ) ;
#5878 = CARTESIAN_POINT ( 'NONE',  ( 0.0000000000000000000, 0.5000000000000004400, 0.0000000000000000000 ) ) ;
#5879 = ADVANCED_FACE ( 'NONE', ( #1965 ), #6284, .T. ) ;
#5880 = AXIS2_PLACEMENT_3D ( 'NONE', #4864, #5868, #1285 ) ;
#5881 = FACE_OUTER_BOUND ( 'NONE', #1056, .T. ) ;
#5882 = AXIS2_PLACEMENT_3D ( 'NONE', #1179, #1732, #2774 ) ;
#5883 = ORIENTED_EDGE ( 'NONE', *, *, #4723, .F. ) ;
#5884 = FILL_AREA_STYLE ('',( #3361 ) ) ;
#5885 = LINE ( 'NONE', #3366, #1400 ) ;
#5886 = CARTESIAN_POINT ( 'NONE',  ( -5.850000000000001400, 1.350000000000000500, -3.399999999999999900 ) ) ;
#5887 = AXIS2_PLACEMENT_3D ( 'NONE', #3368, #3907, #306 ) ;
#5888 = ORIENTED_EDGE ( 'NONE', *, *, #1720, .T. ) ;
#5889 = CIRCLE ( 'NONE', #3076, 0.7500000000000000000 ) ;
#5890 = VERTEX_POINT ( 'NONE', #1685 ) ;
#5891 = CARTESIAN_POINT ( 'NONE',  ( -3.199999999999994400, 0.5999999999999979800, 0.5000000000000000000 ) ) ;
#5892 = AXIS2_PLACEMENT_3D ( 'NONE', #3541, #13, #6516 ) ;
#5893 = VECTOR ( 'NONE', #4154, 1000.000000000000000 ) ;
#5894 = DIRECTION ( 'NONE',  ( 1.807003620809174600E-016, -0.0000000000000000000, -1.000000000000000000 ) ) ;
#5895 = DIRECTION ( 'NONE',  ( 1.000000000000000000, 0.0000000000000000000, 0.0000000000000000000 ) ) ;
#5896 = ORIENTED_EDGE ( 'NONE', *, *, #360, .F. ) ;
#5897 = CARTESIAN_POINT ( 'NONE',  ( 6.350000000000001400, 0.5499999999999967100, 2.500000000000000000 ) ) ;
#5898 = EDGE_CURVE ( 'NONE', #2093, #1664, #3433, .T. ) ;
#5899 = CARTESIAN_POINT ( 'NONE',  ( 6.350000000000001400, 0.5000000000000004400, -5.549999999999998900 ) ) ;
#5900 = VECTOR ( 'NONE', #2591, 1000.000000000000000 ) ;
#5901 = LINE ( 'NONE', #2045, #853 ) ;
#5902 = CARTESIAN_POINT ( 'NONE',  ( 5.850000000000001400, 1.350000000000000300, -4.799999999999999800 ) ) ;
#5903 = CARTESIAN_POINT ( 'NONE',  ( 6.350000000000001400, 7.700000000000000200, 5.549999999999998900 ) ) ;
#5904 = LINE ( 'NONE', #5905, #4421 ) ;
#5905 = CARTESIAN_POINT ( 'NONE',  ( 2.150000000000002600, 0.8499999999999996400, 3.400000000000000800 ) ) ;
#5906 = CARTESIAN_POINT ( 'NONE',  ( 5.550000000000000700, 7.700000000000000200, -5.549999999999998900 ) ) ;
#5907 = VECTOR ( 'NONE', #6504, 1000.000000000000000 ) ;
#5908 = FACE_BOUND ( 'NONE', #654, .T. ) ;
#5909 = ORIENTED_EDGE ( 'NONE', *, *, #559, .T. ) ;
#5910 = CARTESIAN_POINT ( 'NONE',  ( -5.549999999999998900, 0.5000000000000004400, -5.549999999999998900 ) ) ;
#5911 = LINE ( 'NONE', #1333, #4577 ) ;
#5912 = ORIENTED_EDGE ( 'NONE', *, *, #6561, .F. ) ;
#5913 = ADVANCED_FACE ( 'NONE', ( #4706 ), #4204, .T. ) ;
#5914 = DIRECTION ( 'NONE',  ( -9.531447670202242400E-017, 1.000000000000000000, -0.0000000000000000000 ) ) ;
#5915 = VECTOR ( 'NONE', #2601, 1000.000000000000000 ) ;
#5916 = EDGE_CURVE ( 'NONE', #4835, #1649, #6355, .T. ) ;
#5917 = EDGE_LOOP ( 'NONE', ( #279, #5293, #4290, #431 ) ) ;
#5918 = DIRECTION ( 'NONE',  ( 1.000000000000000000, 0.0000000000000000000, 0.0000000000000000000 ) ) ;
#5919 = CARTESIAN_POINT ( 'NONE',  ( 3.889087296526017000, 8.400000000000000400, 5.089087296526003900 ) ) ;
#5920 = DIRECTION ( 'NONE',  ( 0.0000000000000000000, 1.000000000000000000, 0.0000000000000000000 ) ) ;
#5921 = EDGE_CURVE ( 'NONE', #1024, #3648, #4949, .T. ) ;
#5922 = DIRECTION ( 'NONE',  ( -1.000000000000000000, -0.0000000000000000000, -0.0000000000000000000 ) ) ;
#5923 = CARTESIAN_POINT ( 'NONE',  ( -1.799999999999999600, 2.799999999999999800, -6.349999999999999600 ) ) ;
#5924 = VECTOR ( 'NONE', #2574, 1000.000000000000000 ) ;
#5925 = DIRECTION ( 'NONE',  ( 0.0000000000000000000, 0.0000000000000000000, 1.000000000000000000 ) ) ;
#5926 = VERTEX_POINT ( 'NONE', #1283 ) ;
#5927 = VERTEX_POINT ( 'NONE', #3303 ) ;
#5928 = VECTOR ( 'NONE', #1231, 1000.000000000000000 ) ;
#5929 = AXIS2_PLACEMENT_3D ( 'NONE', #5906, #292, #4397 ) ;
#5930 = CARTESIAN_POINT ( 'NONE',  ( 5.850000000000001400, 2.149999999999998600, 4.799999999999999800 ) ) ;
#5931 = ORIENTED_EDGE ( 'NONE', *, *, #572, .T. ) ;
#5932 = AXIS2_PLACEMENT_3D ( 'NONE', #3491, #6039, #2986 ) ;
#5933 = ORIENTED_EDGE ( 'NONE', *, *, #5580, .F. ) ;
#5934 = CARTESIAN_POINT ( 'NONE',  ( -6.349999999999998800, 2.149999999999999900, -6.349999999999999600 ) ) ;
#5935 = ORIENTED_EDGE ( 'NONE', *, *, #3716, .T. ) ;
#5936 = CARTESIAN_POINT ( 'NONE',  ( -2.150000000000007000, 1.350000000000001000, -3.399999999999999900 ) ) ;
#5937 = EDGE_CURVE ( 'NONE', #2899, #888, #5491, .T. ) ;
#5938 = CARTESIAN_POINT ( 'NONE',  ( -2.400000000000006600, 0.4999999999999890600, -3.649999999999997200 ) ) ;
#5939 = CARTESIAN_POINT ( 'NONE',  ( 5.850000000000001400, 0.5000000000000004400, 2.500000000000000400 ) ) ;
#5940 = ORIENTED_EDGE ( 'NONE', *, *, #1596, .T. ) ;
#5941 = ORIENTED_EDGE ( 'NONE', *, *, #1911, .T. ) ;
#5942 = DIRECTION ( 'NONE',  ( -1.606225440719266900E-016, 1.000000000000000000, 0.0000000000000000000 ) ) ;
#5943 = DIRECTION ( 'NONE',  ( -1.000000000000000000, 0.0000000000000000000, 0.0000000000000000000 ) ) ;
#5944 = DIRECTION ( 'NONE',  ( 3.154042683594195200E-015, -1.000000000000000000, 0.0000000000000000000 ) ) ;
#5945 = CARTESIAN_POINT ( 'NONE',  ( -6.349999999999998800, 0.5000000000000004400, -5.549999999999998900 ) ) ;
#5946 = DIRECTION ( 'NONE',  ( -1.000000000000000000, -0.0000000000000000000, -0.0000000000000000000 ) ) ;
#5947 = ORIENTED_EDGE ( 'NONE', *, *, #4975, .F. ) ;
#5948 = VECTOR ( 'NONE', #4256, 1000.000000000000000 ) ;
#5949 =( LENGTH_UNIT ( ) NAMED_UNIT ( * ) SI_UNIT ( .MILLI., .METRE. ) );
#5950 = EDGE_CURVE ( 'NONE', #5865, #2285, #4865, .T. ) ;
#5951 = ADVANCED_FACE ( 'NONE', ( #394 ), #2337, .F. ) ;
#5952 = EDGE_LOOP ( 'NONE', ( #2353, #1060, #6429, #346 ) ) ;
#5953 = LINE ( 'NONE', #4492, #528 ) ;
#5954 = ORIENTED_EDGE ( 'NONE', *, *, #835, .F. ) ;
#5955 = CARTESIAN_POINT ( 'NONE',  ( 3.199999999999994400, 0.5999999999999979800, 3.399999999999999900 ) ) ;
#5956 = LINE ( 'NONE', #3720, #617 ) ;
#5957 = ORIENTED_EDGE ( 'NONE', *, *, #5854, .T. ) ;
#5958 = DIRECTION ( 'NONE',  ( -1.000000000000000000, -2.551063935259992200E-016, -0.0000000000000000000 ) ) ;
#5959 = LINE ( 'NONE', #6543, #6574 ) ;
#5960 = DIRECTION ( 'NONE',  ( -1.000000000000000000, -9.531447670202242400E-017, 0.0000000000000000000 ) ) ;
#5961 = ORIENTED_EDGE ( 'NONE', *, *, #745, .T. ) ;
#5962 = CARTESIAN_POINT ( 'NONE',  ( -2.867653217131804800, 8.500000000000000000, 4.693246746791992900 ) ) ;
#5963 = CARTESIAN_POINT ( 'NONE',  ( -5.800000000000001600, 0.4999999999999982800, -2.499999999999998700 ) ) ;
#5964 = CIRCLE ( 'NONE', #1735, 0.6000000000000070800 ) ;
#5965 = CARTESIAN_POINT ( 'NONE',  ( -4.349999999999998800, 2.149999999999998600, 1.899999999999999700 ) ) ;
#5966 = CARTESIAN_POINT ( 'NONE',  ( -5.549999999999998900, 2.149999999999999900, -5.549999999999998900 ) ) ;
#5967 = DIRECTION ( 'NONE',  ( 0.0000000000000000000, -1.000000000000000000, 0.0000000000000000000 ) ) ;
#5968 = EDGE_CURVE ( 'NONE', #3393, #1478, #73, .T. ) ;
#5969 = CARTESIAN_POINT ( 'NONE',  ( -3.449999999999993500, -0.8124404748406740500, 0.5000000000000000000 ) ) ;
#5970 = ORIENTED_EDGE ( 'NONE', *, *, #4752, .F. ) ;
#5971 = DIRECTION ( 'NONE',  ( 0.7071067811865433500, 0.7071067811865517900, 0.0000000000000000000 ) ) ;
#5972 = VECTOR ( 'NONE', #4888, 1000.000000000000000 ) ;
#5973 = AXIS2_PLACEMENT_3D ( 'NONE', #5409, #2314, #2361 ) ;
#5974 = CIRCLE ( 'NONE', #1829, 0.8000000000000003800 ) ;
#5975 = AXIS2_PLACEMENT_3D ( 'NONE', #2703, #3214, #2175 ) ;
#5976 = ORIENTED_EDGE ( 'NONE', *, *, #1989, .T. ) ;
#5977 = LINE ( 'NONE', #1065, #3033 ) ;
#5978 = VECTOR ( 'NONE', #2540, 1000.000000000000000 ) ;
#5979 = ORIENTED_EDGE ( 'NONE', *, *, #3155, .F. ) ;
#5980 = FACE_OUTER_BOUND ( 'NONE', #567, .T. ) ;
#5981 = EDGE_CURVE ( 'NONE', #2202, #5602, #2945, .T. ) ;
#5982 = CARTESIAN_POINT ( 'NONE',  ( 5.850000000000001400, 1.350000000000000500, -2.500000000000000000 ) ) ;
#5983 = ADVANCED_FACE ( 'NONE', ( #464 ), #2858, .F. ) ;
#5984 = CARTESIAN_POINT ( 'NONE',  ( -6.350000000000001400, -1.612394906284619600E-015, -2.499999999999998200 ) ) ;
#5985 = AXIS2_PLACEMENT_3D ( 'NONE', #2634, #2590, #1567 ) ;
#5986 = FACE_OUTER_BOUND ( 'NONE', #3337, .T. ) ;
#5987 = LINE ( 'NONE', #480, #4424 ) ;
#5988 = LINE ( 'NONE', #4122, #4487 ) ;
#5989 = ORIENTED_EDGE ( 'NONE', *, *, #5100, .T. ) ;
#5990 = CARTESIAN_POINT ( 'NONE',  ( 2.935366549787504100, 8.462106215950782900, 4.651199699792361900 ) ) ;
#5991 = CARTESIAN_POINT ( 'NONE',  ( -5.800000000000001600, 0.5499999999999987100, -2.499999999999998700 ) ) ;
#5992 = CARTESIAN_POINT ( 'NONE',  ( -1.734723475976807100E-015, 8.299999999999998900, 4.790000000000002700 ) ) ;
#5993 = EDGE_CURVE ( 'NONE', #4623, #1664, #5885, .T. ) ;
#5994 = DIRECTION ( 'NONE',  ( -1.000000000000000000, -3.491481338843134500E-015, -0.0000000000000000000 ) ) ;
#5995 = PLANE ( 'NONE',  #94 ) ;
#5996 = FACE_OUTER_BOUND ( 'NONE', #5794, .T. ) ;
#5997 = DIRECTION ( 'NONE',  ( -2.859434301060672700E-016, -1.000000000000000000, 0.0000000000000000000 ) ) ;
#5998 = VERTEX_POINT ( 'NONE', #2791 ) ;
#5999 = DIRECTION ( 'NONE',  ( 0.0000000000000000000, -0.0000000000000000000, -1.000000000000000000 ) ) ;
#6000 = VECTOR ( 'NONE', #2342, 1000.000000000000000 ) ;
#6001 = VERTEX_POINT ( 'NONE', #3285 ) ;
#6002 = DIRECTION ( 'NONE',  ( 1.000000000000000000, 0.0000000000000000000, 0.0000000000000000000 ) ) ;
#6003 = VECTOR ( 'NONE', #1098, 1000.000000000000000 ) ;
#6004 = ORIENTED_EDGE ( 'NONE', *, *, #1205, .F. ) ;
#6005 = DIRECTION ( 'NONE',  ( 0.0000000000000000000, 0.0000000000000000000, -1.000000000000000000 ) ) ;
#6006 = ORIENTED_EDGE ( 'NONE', *, *, #6196, .T. ) ;
#6007 = EDGE_CURVE ( 'NONE', #1358, #6406, #1085, .T. ) ;
#6008 = EDGE_CURVE ( 'NONE', #1972, #625, #5656, .T. ) ;
#6009 = DIRECTION ( 'NONE',  ( -0.0000000000000000000, 0.0000000000000000000, 1.000000000000000000 ) ) ;
#6010 = VECTOR ( 'NONE', #2994, 1000.000000000000000 ) ;
#6011 = DIRECTION ( 'NONE',  ( 1.606225440719266900E-016, 1.000000000000000000, 0.0000000000000000000 ) ) ;
#6012 = CARTESIAN_POINT ( 'NONE',  ( -4.050000000000001600, 0.4999999999999928400, 2.500000000000000000 ) ) ;
#6013 = DIRECTION ( 'NONE',  ( -1.000000000000000000, 0.0000000000000000000, 0.0000000000000000000 ) ) ;
#6014 = AXIS2_PLACEMENT_3D ( 'NONE', #4889, #6442, #5944 ) ;
#6015 = ORIENTED_EDGE ( 'NONE', *, *, #2066, .F. ) ;
#6016 = DIRECTION ( 'NONE',  ( 2.859434301060672700E-016, 1.000000000000000000, -0.0000000000000000000 ) ) ;
#6017 = ADVANCED_FACE ( 'NONE', ( #3516 ), #237, .F. ) ;
#6018 = CARTESIAN_POINT ( 'NONE',  ( 2.887015489540386300, 8.497421340012188300, -4.681361080193867400 ) ) ;
#6019 = ORIENTED_EDGE ( 'NONE', *, *, #4121, .T. ) ;
#6020 = AXIS2_PLACEMENT_3D ( 'NONE', #2626, #3161, #3677 ) ;
#6021 = DIRECTION ( 'NONE',  ( 0.0000000000000000000, -0.0000000000000000000, -1.000000000000000000 ) ) ;
#6022 = AXIS2_PLACEMENT_3D ( 'NONE', #5955, #1341, #3428 ) ;
#6023 = ORIENTED_EDGE ( 'NONE', *, *, #2268, .T. ) ;
#6024 = VERTEX_POINT ( 'NONE', #3790 ) ;
#6025 = VECTOR ( 'NONE', #6265, 1000.000000000000000 ) ;
#6026 = CARTESIAN_POINT ( 'NONE',  ( 2.867653217131803400, 8.500000000000000000, 4.693246746791991200 ) ) ;
#6027 = EDGE_LOOP ( 'NONE', ( #1444, #6092, #4277, #2126 ) ) ;
#6028 = EDGE_CURVE ( 'NONE', #3412, #5161, #5028, .T. ) ;
#6029 = PLANE ( 'NONE',  #2583 ) ;
#6030 = ADVANCED_FACE ( 'NONE', ( #3189 ), #3861, .T. ) ;
#6031 = EDGE_LOOP ( 'NONE', ( #893, #1622, #3079, #1321 ) ) ;
#6032 = CARTESIAN_POINT ( 'NONE',  ( -5.850000000000001400, 0.5000000000000004400, 2.500000000000000400 ) ) ;
#6033 = CIRCLE ( 'NONE', #3067, 1.300000000000000000 ) ;
#6034 = DIRECTION ( 'NONE',  ( 0.0000000000000000000, 0.0000000000000000000, -1.000000000000000000 ) ) ;
#6035 = CARTESIAN_POINT ( 'NONE',  ( 1.350000000000001400, 0.0000000000000000000, 3.399999999999999900 ) ) ;
#6036 = ORIENTED_EDGE ( 'NONE', *, *, #4044, .T. ) ;
#6037 = ORIENTED_EDGE ( 'NONE', *, *, #1711, .T. ) ;
#6038 = CARTESIAN_POINT ( 'NONE',  ( -6.349999999999998800, 2.149999999999999900, -5.549999999999998900 ) ) ;
#6039 = DIRECTION ( 'NONE',  ( -6.413747168845436200E-031, -1.836970198721028700E-016, 1.000000000000000000 ) ) ;
#6040 = ORIENTED_EDGE ( 'NONE', *, *, #378, .T. ) ;
#6041 = DIRECTION ( 'NONE',  ( -0.0000000000000000000, 1.000000000000000000, -0.0000000000000000000 ) ) ;
#6042 = ORIENTED_EDGE ( 'NONE', *, *, #1345, .T. ) ;
#6043 = EDGE_CURVE ( 'NONE', #5313, #5331, #4322, .T. ) ;
#6044 = VECTOR ( 'NONE', #208, 1000.000000000000000 ) ;
#6045 = LINE ( 'NONE', #1563, #4700 ) ;
#6046 = CARTESIAN_POINT ( 'NONE',  ( -3.199999999999994400, 0.5999999999999979800, 3.399999999999999900 ) ) ;
#6047 = ORIENTED_EDGE ( 'NONE', *, *, #3510, .F. ) ;
#6048 = EDGE_CURVE ( 'NONE', #3754, #4554, #6202, .T. ) ;
#6049 = VECTOR ( 'NONE', #1863, 1000.000000000000000 ) ;
#6050 = VERTEX_POINT ( 'NONE', #799 ) ;
#6051 = DIRECTION ( 'NONE',  ( 0.0000000000000000000, 0.0000000000000000000, 1.000000000000000000 ) ) ;
#6052 = LINE ( 'NONE', #1912, #5735 ) ;
#6053 = CARTESIAN_POINT ( 'NONE',  ( 1.350000000000001400, 1.350000000000000800, -3.399999999999999900 ) ) ;
#6054 = ORIENTED_EDGE ( 'NONE', *, *, #4483, .T. ) ;
#6055 = VECTOR ( 'NONE', #3596, 1000.000000000000000 ) ;
#6056 = ORIENTED_EDGE ( 'NONE', *, *, #2020, .F. ) ;
#6057 = LINE ( 'NONE', #6226, #6440 ) ;
#6058 = LINE ( 'NONE', #1126, #2466 ) ;
#6059 = FACE_OUTER_BOUND ( 'NONE', #3673, .T. ) ;
#6060 = DIRECTION ( 'NONE',  ( 0.0000000000000000000, 0.0000000000000000000, -1.000000000000000000 ) ) ;
#6061 = EDGE_CURVE ( 'NONE', #14, #1510, #3672, .T. ) ;
#6062 = LINE ( 'NONE', #2655, #1418 ) ;
#6063 = ORIENTED_EDGE ( 'NONE', *, *, #1164, .F. ) ;
#6064 = CARTESIAN_POINT ( 'NONE',  ( 6.350000000000001400, 1.350000000000000300, -4.799999999999999800 ) ) ;
#6065 = AXIS2_PLACEMENT_3D ( 'NONE', #4750, #696, #6223 ) ;
#6066 = PRESENTATION_LAYER_ASSIGNMENT (  '', '', ( #2042 ) ) ;
#6067 = VECTOR ( 'NONE', #1917, 1000.000000000000000 ) ;
#6068 = ORIENTED_EDGE ( 'NONE', *, *, #5734, .F. ) ;
#6069 = CARTESIAN_POINT ( 'NONE',  ( 3.199999999999994800, -0.8124404748406730500, -0.2499999999999997800 ) ) ;
#6070 = EDGE_CURVE ( 'NONE', #1918, #356, #3997, .T. ) ;
#6071 = DIRECTION ( 'NONE',  ( 0.0000000000000000000, -1.000000000000000000, 0.0000000000000000000 ) ) ;
#6072 = CIRCLE ( 'NONE', #1859, 4.789999999999999100 ) ;
#6073 = ORIENTED_EDGE ( 'NONE', *, *, #1204, .F. ) ;
#6074 = ORIENTED_EDGE ( 'NONE', *, *, #2873, .T. ) ;
#6075 = DIRECTION ( 'NONE',  ( -1.000000000000000000, 0.0000000000000000000, -0.0000000000000000000 ) ) ;
#6076 = DIRECTION ( 'NONE',  ( -0.7071067811865506800, 7.479480081382348600E-017, 0.7071067811865443500 ) ) ;
#6077 = CYLINDRICAL_SURFACE ( 'NONE', #3425, 0.5499999999999999300 ) ;
#6078 = CARTESIAN_POINT ( 'NONE',  ( -5.850000000000001400, 2.149999999999998600, 4.799999999999999800 ) ) ;
#6079 = EDGE_LOOP ( 'NONE', ( #3736, #4900, #6047, #2924 ) ) ;
#6080 = DIRECTION ( 'NONE',  ( 0.0000000000000000000, 0.0000000000000000000, 1.000000000000000000 ) ) ;
#6081 = VECTOR ( 'NONE', #3445, 1000.000000000000000 ) ;
#6082 = DIRECTION ( 'NONE',  ( 0.0000000000000000000, 1.000000000000000000, 2.168404344971015600E-015 ) ) ;
#6083 = DIRECTION ( 'NONE',  ( 0.0000000000000000000, 1.000000000000000000, 0.0000000000000000000 ) ) ;
#6084 = EDGE_CURVE ( 'NONE', #5161, #4359, #4476, .T. ) ;
#6085 = EDGE_LOOP ( 'NONE', ( #5103, #1758, #1167, #5896 ) ) ;
#6086 = ORIENTED_EDGE ( 'NONE', *, *, #3387, .F. ) ;
#6087 = VERTEX_POINT ( 'NONE', #6433 ) ;
#6088 = CARTESIAN_POINT ( 'NONE',  ( -1.799999999999999600, 2.799999999999999800, -6.349999999999999600 ) ) ;
#6089 = CARTESIAN_POINT ( 'NONE',  ( 5.850000000000001400, 1.350000000000000300, 4.799999999999999800 ) ) ;
#6090 = DIRECTION ( 'NONE',  ( -0.0000000000000000000, -1.000000000000000000, -0.0000000000000000000 ) ) ;
#6091 = AXIS2_PLACEMENT_3D ( 'NONE', #2246, #5308, #4374 ) ;
#6092 = ORIENTED_EDGE ( 'NONE', *, *, #425, .T. ) ;
#6093 = ORIENTED_EDGE ( 'NONE', *, *, #5469, .T. ) ;
#6094 = VERTEX_POINT ( 'NONE', #5936 ) ;
#6095 = CARTESIAN_POINT ( 'NONE',  ( 4.350000000000001400, 2.649999999999998600, -1.899999999999999500 ) ) ;
#6096 = EDGE_CURVE ( 'NONE', #217, #4207, #5731, .T. ) ;
#6097 = DIRECTION ( 'NONE',  ( 5.204170427930421300E-015, 1.000000000000000000, 0.0000000000000000000 ) ) ;
#6098 = DIRECTION ( 'NONE',  ( 6.023345402697180200E-017, 1.836970198721030900E-016, -1.000000000000000000 ) ) ;
#6099 = AXIS2_PLACEMENT_3D ( 'NONE', #82, #6083, #3088 ) ;
#6100 = VERTEX_POINT ( 'NONE', #3478 ) ;
#6101 = VECTOR ( 'NONE', #3153, 1000.000000000000000 ) ;
#6102 = ORIENTED_EDGE ( 'NONE', *, *, #3398, .F. ) ;
#6103 = CARTESIAN_POINT ( 'NONE',  ( 5.550000000000000700, 2.149999999999998600, 6.349999999999999600 ) ) ;
#6104 = AXIS2_PLACEMENT_3D ( 'NONE', #4987, #1908, #6002 ) ;
#6105 = CARTESIAN_POINT ( 'NONE',  ( 4.687343749517257400, 8.500000000000000000, -2.877314156115104500 ) ) ;
#6106 = CARTESIAN_POINT ( 'NONE',  ( -5.800000000000003400, -9.051805862939398900E-016, -0.5000000000000000000 ) ) ;
#6107 = LINE ( 'NONE', #3980, #5556 ) ;
#6108 = EDGE_CURVE ( 'NONE', #6473, #1354, #2776, .T. ) ;
#6109 = VERTEX_POINT ( 'NONE', #6454 ) ;
#6110 = CARTESIAN_POINT ( 'NONE',  ( 5.800000000000001600, 0.4999999999999991700, 2.500000000000000000 ) ) ;
#6111 = CARTESIAN_POINT ( 'NONE',  ( 4.049999999999999800, 0.4999999999999930600, 9.184850993605015300E-017 ) ) ;
#6112 = DIRECTION ( 'NONE',  ( -1.000000000000000000, 0.0000000000000000000, 0.0000000000000000000 ) ) ;
#6113 = DIRECTION ( 'NONE',  ( 0.0000000000000000000, 9.427844978134822700E-017, -1.000000000000000000 ) ) ;
#6114 = VECTOR ( 'NONE', #3571, 1000.000000000000000 ) ;
#6115 =( NAMED_UNIT ( * ) SI_UNIT ( $, .STERADIAN. ) SOLID_ANGLE_UNIT ( ) );
#6116 = ORIENTED_EDGE ( 'NONE', *, *, #901, .T. ) ;
#6117 = CARTESIAN_POINT ( 'NONE',  ( -2.399999999999995900, 0.5000000000000004400, 6.349999999999999600 ) ) ;
#6118 = CARTESIAN_POINT ( 'NONE',  ( 0.0000000000000000000, 0.0000000000000000000, 3.399999999999999900 ) ) ;
#6119 = ADVANCED_FACE ( 'NONE', ( #5183 ), #2428, .F. ) ;
#6120 = EDGE_LOOP ( 'NONE', ( #4109, #5302, #958, #2438 ) ) ;
#6121 = CIRCLE ( 'NONE', #342, 0.1000000000000071000 ) ;
#6122 = CARTESIAN_POINT ( 'NONE',  ( -3.199999999999994800, -7.806255641895631900E-015, -0.5000000000000004400 ) ) ;
#6123 = LINE ( 'NONE', #1108, #1724 ) ;
#6124 = CARTESIAN_POINT ( 'NONE',  ( 4.659987733544468800, 8.477842012089229900, -2.921389108491898600 ) ) ;
#6125 = EDGE_CURVE ( 'NONE', #3035, #2285, #6507, .T. ) ;
#6126 = ORIENTED_EDGE ( 'NONE', *, *, #6377, .F. ) ;
#6127 = VECTOR ( 'NONE', #3111, 1000.000000000000000 ) ;
#6128 = CARTESIAN_POINT ( 'NONE',  ( 3.949999999999994400, 0.5999999999999998700, -2.499999999999998700 ) ) ;
#6129 = CYLINDRICAL_SURFACE ( 'NONE', #1182, 0.8000000000000003800 ) ;
#6130 = CARTESIAN_POINT ( 'NONE',  ( -5.850000000000001400, 2.149999999999998600, 4.799999999999999800 ) ) ;
#6131 = CARTESIAN_POINT ( 'NONE',  ( -4.049999999999999800, 1.350000000000001200, -3.399999999999999900 ) ) ;
#6132 = CARTESIAN_POINT ( 'NONE',  ( -3.199999999999994800, 0.5000000000000004400, -0.5000000000000000000 ) ) ;
#6133 = LINE ( 'NONE', #1128, #408 ) ;
#6134 = CIRCLE ( 'NONE', #916, 0.1000000000000071000 ) ;
#6135 = SURFACE_STYLE_USAGE ( .BOTH. , #66 ) ;
#6136 = CYLINDRICAL_SURFACE ( 'NONE', #6022, 0.2500000000000002200 ) ;
#6137 = VERTEX_POINT ( 'NONE', #6026 ) ;
#6138 = CARTESIAN_POINT ( 'NONE',  ( 5.850000000000001400, 1.350000000000000500, 2.500000000000000000 ) ) ;
#6139 = AXIS2_PLACEMENT_3D ( 'NONE', #4490, #2961, #1391 ) ;
#6140 = DIRECTION ( 'NONE',  ( -1.000000000000000000, 0.0000000000000000000, 0.0000000000000000000 ) ) ;
#6141 = CARTESIAN_POINT ( 'NONE',  ( -3.889087296526017900, 6.500000000000000900, -3.889087296526003700 ) ) ;
#6142 = VECTOR ( 'NONE', #4107, 999.9999999999998900 ) ;
#6143 = DIRECTION ( 'NONE',  ( -1.000000000000000000, 3.491481338843134500E-015, 0.0000000000000000000 ) ) ;
#6144 = EDGE_LOOP ( 'NONE', ( #383, #5084, #4528, #3879, #2659, #2064 ) ) ;
#6145 = DIRECTION ( 'NONE',  ( 0.7071067811865483500, -0.0000000000000000000, 0.7071067811865466800 ) ) ;
#6146 = EDGE_CURVE ( 'NONE', #4116, #4999, #2049, .T. ) ;
#6147 = CARTESIAN_POINT ( 'NONE',  ( 4.639984522846797100, 8.407162192376377500, -2.953056658403910200 ) ) ;
#6148 = CIRCLE ( 'NONE', #1639, 1.199999999999999700 ) ;
#6149 = VERTEX_POINT ( 'NONE', #1841 ) ;
#6150 = FILL_AREA_STYLE ('',( #1031 ) ) ;
#6151 = DIRECTION ( 'NONE',  ( 0.0000000000000000000, 1.000000000000000000, 0.0000000000000000000 ) ) ;
#6152 = ORIENTED_EDGE ( 'NONE', *, *, #4689, .F. ) ;
#6153 = FACE_OUTER_BOUND ( 'NONE', #2411, .T. ) ;
#6154 = CARTESIAN_POINT ( 'NONE',  ( 5.550000000000000700, 0.5000000000000004400, 5.549999999999998900 ) ) ;
#6155 = CARTESIAN_POINT ( 'NONE',  ( 4.350000000000001400, 2.649999999999998600, 1.900000000000000400 ) ) ;
#6156 = ORIENTED_EDGE ( 'NONE', *, *, #4364, .F. ) ;
#6157 = CARTESIAN_POINT ( 'NONE',  ( 5.850000000000001400, 1.350000000000000500, 3.399999999999999900 ) ) ;
#6158 = ORIENTED_EDGE ( 'NONE', *, *, #1693, .T. ) ;
#6159 = PLANE ( 'NONE',  #5645 ) ;
#6160 = CARTESIAN_POINT ( 'NONE',  ( -4.689272844500337100, 8.500000000000596900, -2.874156968663201800 ) ) ;
#6161 = LINE ( 'NONE', #4012, #1764 ) ;
#6162 = EDGE_CURVE ( 'NONE', #5313, #6270, #1883, .T. ) ;
#6163 = ORIENTED_EDGE ( 'NONE', *, *, #3109, .F. ) ;
#6164 = CARTESIAN_POINT ( 'NONE',  ( 5.800000000000001600, 0.5499999999999990500, 0.5000000000000000000 ) ) ;
#6165 = EDGE_LOOP ( 'NONE', ( #1409, #3254, #999, #2472 ) ) ;
#6166 = EDGE_CURVE ( 'NONE', #1300, #3784, #5805, .T. ) ;
#6167 = CARTESIAN_POINT ( 'NONE',  ( -2.867653217131804800, 8.500000000000000000, 4.693246746791992900 ) ) ;
#6168 = ORIENTED_EDGE ( 'NONE', *, *, #6276, .F. ) ;
#6169 = EDGE_LOOP ( 'NONE', ( #5429, #4849, #600, #4075 ) ) ;
#6170 = PLANE ( 'NONE',  #3696 ) ;
#6171 = DIRECTION ( 'NONE',  ( 0.7071067811865483500, -1.131716569456781300E-015, -0.7071067811865468000 ) ) ;
#6172 = EDGE_CURVE ( 'NONE', #1835, #1619, #925, .T. ) ;
#6173 = EDGE_LOOP ( 'NONE', ( #5838, #2581, #1214, #611 ) ) ;
#6174 = ORIENTED_EDGE ( 'NONE', *, *, #5823, .F. ) ;
#6175 = DIRECTION ( 'NONE',  ( 0.0000000000000000000, 1.000000000000000000, 0.0000000000000000000 ) ) ;
#6176 = CIRCLE ( 'NONE', #1377, 1.300000000000000000 ) ;
#6177 = CARTESIAN_POINT ( 'NONE',  ( 3.199999999999994400, 0.5999999999999979800, 0.5000000000000000000 ) ) ;
#6178 = AXIS2_PLACEMENT_3D ( 'NONE', #1576, #579, #5182 ) ;
#6179 = DIRECTION ( 'NONE',  ( 0.0000000000000000000, 1.000000000000000000, 0.0000000000000000000 ) ) ;
#6180 = EDGE_LOOP ( 'NONE', ( #6365, #5612, #666, #564 ) ) ;
#6181 = AXIS2_PLACEMENT_3D ( 'NONE', #5965, #2911, #6460 ) ;
#6182 = VERTEX_POINT ( 'NONE', #2903 ) ;
#6183 = DIRECTION ( 'NONE',  ( 2.859434301060672700E-016, 1.000000000000000000, -0.0000000000000000000 ) ) ;
#6184 = FACE_OUTER_BOUND ( 'NONE', #822, .T. ) ;
#6185 = ORIENTED_EDGE ( 'NONE', *, *, #6335, .F. ) ;
#6186 = CARTESIAN_POINT ( 'NONE',  ( 2.953056658403661100, 6.500000000000000900, 4.639984522846795300 ) ) ;
#6187 = VERTEX_POINT ( 'NONE', #4968 ) ;
#6188 = EDGE_CURVE ( 'NONE', #4999, #4673, #4403, .T. ) ;
#6189 = CARTESIAN_POINT ( 'NONE',  ( 1.800000000000000500, 2.799999999999999800, 6.349999999999999600 ) ) ;
#6190 = ADVANCED_FACE ( 'NONE', ( #2282 ), #3457, .T. ) ;
#6191 = VECTOR ( 'NONE', #1433, 1000.000000000000000 ) ;
#6192 = CARTESIAN_POINT ( 'NONE',  ( -2.913458733837724200, 8.484498341480710700, 4.664949968244537000 ) ) ;
#6193 = CARTESIAN_POINT ( 'NONE',  ( 6.350000000000001400, 2.799999999999999800, 6.349999999999999600 ) ) ;
#6194 = ORIENTED_EDGE ( 'NONE', *, *, #3917, .T. ) ;
#6195 = CARTESIAN_POINT ( 'NONE',  ( 6.350000000000001400, 1.350000000000000300, 4.799999999999999800 ) ) ;
#6196 = EDGE_CURVE ( 'NONE', #2940, #5148, #996, .T. ) ;
#6197 = DIRECTION ( 'NONE',  ( -1.532073929300149800E-030, 4.388034133981040700E-016, 1.000000000000000000 ) ) ;
#6198 = CYLINDRICAL_SURFACE ( 'NONE', #1457, 0.7499999999999997800 ) ;
#6199 = ORIENTED_EDGE ( 'NONE', *, *, #6456, .F. ) ;
#6200 = DIRECTION ( 'NONE',  ( 0.0000000000000000000, 0.0000000000000000000, 1.000000000000000000 ) ) ;
#6201 = CARTESIAN_POINT ( 'NONE',  ( 3.889087296526016100, 8.400000000000000400, -3.889087296526005500 ) ) ;
#6202 = LINE ( 'NONE', #259, #2124 ) ;
#6203 = DIRECTION ( 'NONE',  ( 0.0000000000000000000, 1.000000000000000000, 0.0000000000000000000 ) ) ;
#6204 = ORIENTED_EDGE ( 'NONE', *, *, #1745, .T. ) ;
#6205 = VECTOR ( 'NONE', #5971, 1000.000000000000000 ) ;
#6206 = FACE_OUTER_BOUND ( 'NONE', #5652, .T. ) ;
#6207 = CARTESIAN_POINT ( 'NONE',  ( -6.349999999999998800, 2.149999999999999900, 5.549999999999998900 ) ) ;
#6208 = EDGE_LOOP ( 'NONE', ( #4218, #1051, #5738, #3193, #325, #5875, #5581, #3641, #5417, #1237, #1139, #5232, #1526, #3656, #2919, #3329 ) ) ;
#6209 = CARTESIAN_POINT ( 'NONE',  ( -2.150000000000001700, 0.0000000000000000000, 3.399999999999999900 ) ) ;
#6210 = VECTOR ( 'NONE', #3394, 1000.000000000000000 ) ;
#6212 = ADVANCED_FACE ( 'NONE', ( #5572 ), #4485, .F. ) ;
#6211 = FACE_OUTER_BOUND ( 'NONE', #4099, .T. ) ;
#6213 = EDGE_CURVE ( 'NONE', #4565, #4019, #2606, .T. ) ;
#6214 = FACE_OUTER_BOUND ( 'NONE', #6584, .T. ) ;
#6215 = EDGE_CURVE ( 'NONE', #6484, #4549, #3990, .T. ) ;
#6216 = AXIS2_PLACEMENT_3D ( 'NONE', #4370, #308, #3887 ) ;
#6217 = CARTESIAN_POINT ( 'NONE',  ( -4.050000000000001600, 0.5999999999999999800, 3.399999999999999900 ) ) ;
#6218 = FACE_OUTER_BOUND ( 'NONE', #5230, .T. ) ;
#6219 = ADVANCED_FACE ( 'NONE', ( #4472 ), #2955, .T. ) ;
#6220 = VERTEX_POINT ( 'NONE', #5120 ) ;
#6221 = DIRECTION ( 'NONE',  ( 1.000000000000000000, 1.606225440719266900E-016, -0.0000000000000000000 ) ) ;
#6222 = DIRECTION ( 'NONE',  ( 0.0000000000000000000, -1.000000000000000000, -0.0000000000000000000 ) ) ;
#6223 = DIRECTION ( 'NONE',  ( 1.000000000000000000, 0.0000000000000000000, -0.0000000000000000000 ) ) ;
#6224 = VECTOR ( 'NONE', #6179, 1000.000000000000000 ) ;
#6225 = ORIENTED_EDGE ( 'NONE', *, *, #183, .T. ) ;
#6226 = CARTESIAN_POINT ( 'NONE',  ( 2.399999999999995900, 0.5000000000000004400, 3.399999999999999900 ) ) ;
#6227 = CARTESIAN_POINT ( 'NONE',  ( 6.350000000000001400, 0.5000000000000004400, 6.349999999999999600 ) ) ;
#6228 = DIRECTION ( 'NONE',  ( 0.0000000000000000000, 0.0000000000000000000, 1.000000000000000000 ) ) ;
#6229 = CARTESIAN_POINT ( 'NONE',  ( 0.0000000000000000000, 6.500000000000000900, 0.0000000000000000000 ) ) ;
#6230 = CIRCLE ( 'NONE', #6099, 5.500000000000000000 ) ;
#6231 = ORIENTED_EDGE ( 'NONE', *, *, #1534, .T. ) ;
#6232 = EDGE_CURVE ( 'NONE', #5220, #118, #539, .T. ) ;
#6233 = ORIENTED_EDGE ( 'NONE', *, *, #4991, .T. ) ;
#6234 = VECTOR ( 'NONE', #5306, 1000.000000000000000 ) ;
#6235 = ORIENTED_EDGE ( 'NONE', *, *, #4044, .F. ) ;
#6236 = EDGE_LOOP ( 'NONE', ( #3830, #4715, #979, #3431 ) ) ;
#6237 = CARTESIAN_POINT ( 'NONE',  ( 3.011672701341232100E-017, 0.4999999999999788500, 0.4999999999999997800 ) ) ;
#6238 = FACE_OUTER_BOUND ( 'NONE', #689, .T. ) ;
#6239 = DIRECTION ( 'NONE',  ( 0.0000000000000000000, 1.000000000000000000, 0.0000000000000000000 ) ) ;
#6240 = ADVANCED_FACE ( 'NONE', ( #2935 ), #2022, .T. ) ;
#6241 = ORIENTED_EDGE ( 'NONE', *, *, #967, .F. ) ;
#6242 = ORIENTED_EDGE ( 'NONE', *, *, #727, .F. ) ;
#6243 = DIRECTION ( 'NONE',  ( 0.0000000000000000000, 0.0000000000000000000, 1.000000000000000000 ) ) ;
#6244 = ORIENTED_EDGE ( 'NONE', *, *, #2243, .T. ) ;
#6245 = DIRECTION ( 'NONE',  ( -0.7071067811865468000, 0.0000000000000000000, 0.7071067811865483500 ) ) ;
#6246 = DIRECTION ( 'NONE',  ( 0.0000000000000000000, 9.427844978134823900E-017, -1.000000000000000000 ) ) ;
#6247 = DIRECTION ( 'NONE',  ( 1.807003620809174600E-016, 0.0000000000000000000, 1.000000000000000000 ) ) ;
#6248 = ORIENTED_EDGE ( 'NONE', *, *, #4814, .T. ) ;
#6249 = VERTEX_POINT ( 'NONE', #1512 ) ;
#6250 = EDGE_CURVE ( 'NONE', #5008, #316, #388, .T. ) ;
#6251 = ORIENTED_EDGE ( 'NONE', *, *, #3248, .F. ) ;
#6252 = DIRECTION ( 'NONE',  ( 0.0000000000000000000, -1.000000000000000000, 9.427844978134823900E-017 ) ) ;
#6253 = CARTESIAN_POINT ( 'NONE',  ( 6.350000000000001400, 1.350000000000000500, -2.500000000000000000 ) ) ;
#6254 = EDGE_CURVE ( 'NONE', #2800, #3315, #2448, .T. ) ;
#6255 = ORIENTED_EDGE ( 'NONE', *, *, #572, .F. ) ;
#6256 = VECTOR ( 'NONE', #1133, 1000.000000000000000 ) ;
#6257 = ORIENTED_EDGE ( 'NONE', *, *, #4061, .F. ) ;
#6258 = ORIENTED_EDGE ( 'NONE', *, *, #59, .F. ) ;
#6259 = DIRECTION ( 'NONE',  ( -1.000000000000000000, -0.0000000000000000000, 0.0000000000000000000 ) ) ;
#6260 = CARTESIAN_POINT ( 'NONE',  ( 3.449999999999994400, 0.5999999999999999800, 3.399999999999999900 ) ) ;
#6261 = ORIENTED_EDGE ( 'NONE', *, *, #378, .F. ) ;
#6262 = ORIENTED_EDGE ( 'NONE', *, *, #3753, .T. ) ;
#6263 = AXIS2_PLACEMENT_3D ( 'NONE', #1355, #870, #5999 ) ;
#6264 = DIRECTION ( 'NONE',  ( 0.0000000000000000000, 0.0000000000000000000, 1.000000000000000000 ) ) ;
#6265 = DIRECTION ( 'NONE',  ( 0.0000000000000000000, 0.0000000000000000000, 1.000000000000000000 ) ) ;
#6266 = FACE_OUTER_BOUND ( 'NONE', #2104, .T. ) ;
#6267 = EDGE_CURVE ( 'NONE', #1574, #1869, #5964, .T. ) ;
#6268 = DIRECTION ( 'NONE',  ( -1.600488921288130900E-015, 1.000000000000000000, 0.0000000000000000000 ) ) ;
#6269 = CARTESIAN_POINT ( 'NONE',  ( -3.889087296526017000, 8.400000000000000400, 3.889087296526004600 ) ) ;
#6270 = VERTEX_POINT ( 'NONE', #5098 ) ;
#6271 = CARTESIAN_POINT ( 'NONE',  ( 4.050000000000001600, 1.350000000000001200, 0.5000000000000000000 ) ) ;
#6272 = CARTESIAN_POINT ( 'NONE',  ( -6.350000000000001400, 1.350000000000000500, 3.399999999999999900 ) ) ;
#6273 = ADVANCED_FACE ( 'NONE', ( #2525 ), #2196, .F. ) ;
#6274 = ORIENTED_EDGE ( 'NONE', *, *, #4783, .T. ) ;
#6275 = DIRECTION ( 'NONE',  ( 1.000000000000000000, 0.0000000000000000000, 0.0000000000000000000 ) ) ;
#6276 = EDGE_CURVE ( 'NONE', #4673, #6556, #4317, .T. ) ;
#6277 = LINE ( 'NONE', #4940, #2371 ) ;
#6278 = VECTOR ( 'NONE', #2310, 1000.000000000000100 ) ;
#6279 = DIRECTION ( 'NONE',  ( -0.0000000000000000000, -9.427844978134822700E-017, -1.000000000000000000 ) ) ;
#6280 = CARTESIAN_POINT ( 'NONE',  ( -1.734723475976807100E-015, 6.500000000000000900, 2.168404344971008900E-015 ) ) ;
#6281 = EDGE_LOOP ( 'NONE', ( #2636, #2194, #5813 ) ) ;
#6282 = CIRCLE ( 'NONE', #955, 0.8000000000000003800 ) ;
#6283 = VECTOR ( 'NONE', #588, 1000.000000000000000 ) ;
#6284 = PLANE ( 'NONE',  #4392 ) ;
#6285 = VECTOR ( 'NONE', #6445, 1000.000000000000000 ) ;
#6286 = CARTESIAN_POINT ( 'NONE',  ( 4.050000000000001600, 0.5999999999999999800, 3.399999999999999900 ) ) ;
#6287 = CARTESIAN_POINT ( 'NONE',  ( 1.800000000000000500, 2.799999999999999800, 0.0000000000000000000 ) ) ;
#6288 = FACE_OUTER_BOUND ( 'NONE', #6466, .T. ) ;
#6289 = VECTOR ( 'NONE', #5920, 1000.000000000000000 ) ;
#6290 = VECTOR ( 'NONE', #436, 1000.000000000000000 ) ;
#6291 = ORIENTED_EDGE ( 'NONE', *, *, #6438, .T. ) ;
#6292 = DIRECTION ( 'NONE',  ( -0.0000000000000000000, -1.000000000000000000, -9.427844978134823900E-017 ) ) ;
#6293 = DIRECTION ( 'NONE',  ( -0.0000000000000000000, 1.000000000000000000, -0.0000000000000000000 ) ) ;
#6294 = EDGE_CURVE ( 'NONE', #1909, #5148, #6501, .T. ) ;
#6295 = LINE ( 'NONE', #3594, #2139 ) ;
#6296 = VERTEX_POINT ( 'NONE', #15 ) ;
#6297 = DIRECTION ( 'NONE',  ( 1.000000000000000000, 3.491481338843134500E-015, -6.023345402697243000E-017 ) ) ;
#6298 = AXIS2_PLACEMENT_3D ( 'NONE', #4907, #6500, #2433 ) ;
#6299 = AXIS2_PLACEMENT_3D ( 'NONE', #3768, #3258, #5298 ) ;
#6300 = VECTOR ( 'NONE', #1227, 1000.000000000000000 ) ;
#6301 = DIRECTION ( 'NONE',  ( 1.000000000000000000, -2.859434301060672700E-016, 0.0000000000000000000 ) ) ;
#6302 = ORIENTED_EDGE ( 'NONE', *, *, #3944, .F. ) ;
#6303 = DIRECTION ( 'NONE',  ( -1.000000000000000000, -0.0000000000000000000, -0.0000000000000000000 ) ) ;
#6304 = ADVANCED_FACE ( 'NONE', ( #4624 ), #474, .T. ) ;
#6305 = EDGE_CURVE ( 'NONE', #1659, #1006, #2770, .T. ) ;
#6306 = CIRCLE ( 'NONE', #2504, 5.500000000000000000 ) ;
#6307 = ORIENTED_EDGE ( 'NONE', *, *, #2409, .T. ) ;
#6308 = ORIENTED_EDGE ( 'NONE', *, *, #6267, .F. ) ;
#6309 = CARTESIAN_POINT ( 'NONE',  ( 5.550000000000000700, 2.149999999999998600, 6.349999999999999600 ) ) ;
#6310 = CARTESIAN_POINT ( 'NONE',  ( 4.049999999999999800, 0.4999999999999926200, 2.500000000000000000 ) ) ;
#6311 = DIRECTION ( 'NONE',  ( -1.000000000000000000, -0.0000000000000000000, -0.0000000000000000000 ) ) ;
#6312 = ORIENTED_EDGE ( 'NONE', *, *, #1637, .F. ) ;
#6313 = FACE_OUTER_BOUND ( 'NONE', #5013, .T. ) ;
#6314 = DIRECTION ( 'NONE',  ( -1.000000000000000000, -2.551063935259989300E-016, 0.0000000000000000000 ) ) ;
#6315 = CARTESIAN_POINT ( 'NONE',  ( -6.349999999999998800, 0.5000000000000004400, -6.349999999999999600 ) ) ;
#6316 = EDGE_CURVE ( 'NONE', #6024, #5148, #1080, .T. ) ;
#6317 = ORIENTED_EDGE ( 'NONE', *, *, #5845, .F. ) ;
#6318 = ORIENTED_EDGE ( 'NONE', *, *, #4765, .T. ) ;
#6319 = ORIENTED_EDGE ( 'NONE', *, *, #6475, .F. ) ;
#6320 = ORIENTED_EDGE ( 'NONE', *, *, #6523, .T. ) ;
#6321 = VERTEX_POINT ( 'NONE', #6106 ) ;
#6322 = PLANE ( 'NONE',  #95 ) ;
#6323 = CARTESIAN_POINT ( 'NONE',  ( 2.150000000000001700, 0.8499999999999996400, 3.399999999999999900 ) ) ;
#6324 = CARTESIAN_POINT ( 'NONE',  ( -3.889087296526017900, 8.400000000000000400, -3.889087296526003700 ) ) ;
#6325 = DIRECTION ( 'NONE',  ( 0.0000000000000000000, 0.0000000000000000000, 1.000000000000000000 ) ) ;
#6326 = ORIENTED_EDGE ( 'NONE', *, *, #3005, .F. ) ;
#6327 = ORIENTED_EDGE ( 'NONE', *, *, #5762, .F. ) ;
#6328 = LINE ( 'NONE', #3099, #2179 ) ;
#6329 = ORIENTED_EDGE ( 'NONE', *, *, #1847, .T. ) ;
#6330 = DIRECTION ( 'NONE',  ( 0.0000000000000000000, 1.000000000000000000, 1.301042606982605300E-015 ) ) ;
#6331 = ORIENTED_EDGE ( 'NONE', *, *, #6401, .F. ) ;
#6332 = DIRECTION ( 'NONE',  ( 0.0000000000000000000, 0.0000000000000000000, 1.000000000000000000 ) ) ;
#6333 = PLANE ( 'NONE',  #385 ) ;
#6334 = EDGE_CURVE ( 'NONE', #2048, #5853, #69, .T. ) ;
#6335 = EDGE_CURVE ( 'NONE', #1478, #5998, #1546, .T. ) ;
#6336 = ORIENTED_EDGE ( 'NONE', *, *, #6188, .F. ) ;
#6337 = LINE ( 'NONE', #2570, #5007 ) ;
#6338 = CARTESIAN_POINT ( 'NONE',  ( 0.0000000000000000000, 1.350000000000001000, 3.399999999999999900 ) ) ;
#6339 = ADVANCED_FACE ( 'NONE', ( #5259 ), #4596, .T. ) ;
#6340 = ORIENTED_EDGE ( 'NONE', *, *, #5625, .F. ) ;
#6341 = VERTEX_POINT ( 'NONE', #1007 ) ;
#6342 = DIRECTION ( 'NONE',  ( 1.000000000000000000, -4.336808689942043800E-015, 0.0000000000000000000 ) ) ;
#6343 = DIRECTION ( 'NONE',  ( -0.0000000000000000000, -9.427844978134823900E-017, 1.000000000000000000 ) ) ;
#6344 = ORIENTED_EDGE ( 'NONE', *, *, #6538, .F. ) ;
#6345 = LINE ( 'NONE', #5902, #2271 ) ;
#6346 = VERTEX_POINT ( 'NONE', #538 ) ;
#6347 = CARTESIAN_POINT ( 'NONE',  ( -1.799999999999999600, 0.5000000000000004400, 6.349999999999999600 ) ) ;
#6348 = AXIS2_PLACEMENT_3D ( 'NONE', #6217, #1607, #5895 ) ;
#6349 = DIRECTION ( 'NONE',  ( 0.7071067811865451300, 1.135772901246940700E-016, -0.7071067811865500200 ) ) ;
#6350 = LINE ( 'NONE', #1103, #1718 ) ;
#6351 = LINE ( 'NONE', #4974, #2357 ) ;
#6352 = AXIS2_PLACEMENT_3D ( 'NONE', #6493, #414, #1360 ) ;
#6353 = CARTESIAN_POINT ( 'NONE',  ( 3.449999999999993100, 0.5000000000000004400, -0.5000000000000000000 ) ) ;
#6354 = VERTEX_POINT ( 'NONE', #3500 ) ;
#6355 = LINE ( 'NONE', #5760, #621 ) ;
#6356 = EDGE_CURVE ( 'NONE', #2851, #5224, #1018, .T. ) ;
#6357 = ORIENTED_EDGE ( 'NONE', *, *, #4452, .T. ) ;
#6358 = CARTESIAN_POINT ( 'NONE',  ( 1.075000000000003300, 1.350000000000001000, 2.324999999999998800 ) ) ;
#6359 = LINE ( 'NONE', #1158, #5032 ) ;
#6360 = FACE_OUTER_BOUND ( 'NONE', #192, .T. ) ;
#6361 = ORIENTED_EDGE ( 'NONE', *, *, #3651, .T. ) ;
#6362 = FACE_OUTER_BOUND ( 'NONE', #2015, .T. ) ;
#6363 = CARTESIAN_POINT ( 'NONE',  ( -5.850000000000001400, 0.5000000000000004400, -0.0000000000000000000 ) ) ;
#6364 = DIRECTION ( 'NONE',  ( 0.0000000000000000000, 0.0000000000000000000, 1.000000000000000000 ) ) ;
#6365 = ORIENTED_EDGE ( 'NONE', *, *, #1353, .F. ) ;
#6366 = FACE_OUTER_BOUND ( 'NONE', #5314, .T. ) ;
#6367 = LINE ( 'NONE', #4642, #5978 ) ;
#6368 = VECTOR ( 'NONE', #1482, 1000.000000000000000 ) ;
#6369 = CARTESIAN_POINT ( 'NONE',  ( -5.850000000000001400, 2.149999999999998600, 4.799999999999999800 ) ) ;
#6370 = EDGE_CURVE ( 'NONE', #128, #1211, #6350, .T. ) ;
#6371 = ADVANCED_FACE ( 'NONE', ( #5410 ), #6170, .T. ) ;
#6372 = MANIFOLD_SOLID_BREP ( 'Boss-Extrude9', #4444 ) ;
#6373 = VECTOR ( 'NONE', #1474, 1000.000000000000100 ) ;
#6374 = CARTESIAN_POINT ( 'NONE',  ( -5.850000000000001400, 1.350000000000000300, 4.799999999999999800 ) ) ;
#6375 = ORIENTED_EDGE ( 'NONE', *, *, #3464, .T. ) ;
#6376 = DIRECTION ( 'NONE',  ( 1.000000000000000000, 0.0000000000000000000, 0.0000000000000000000 ) ) ;
#6377 = EDGE_CURVE ( 'NONE', #4623, #3896, #3587, .T. ) ;
#6378 = DIRECTION ( 'NONE',  ( 0.0000000000000000000, 0.0000000000000000000, -1.000000000000000000 ) ) ;
#6379 = DIRECTION ( 'NONE',  ( 0.0000000000000000000, 0.0000000000000000000, 1.000000000000000000 ) ) ;
#6380 = LINE ( 'NONE', #5945, #5907 ) ;
#6381 = ORIENTED_EDGE ( 'NONE', *, *, #811, .T. ) ;
#6382 = DIRECTION ( 'NONE',  ( 0.0000000000000000000, -1.000000000000000000, 0.0000000000000000000 ) ) ;
#6383 = DIRECTION ( 'NONE',  ( 1.000000000000000000, 0.0000000000000000000, 0.0000000000000000000 ) ) ;
#6384 = LINE ( 'NONE', #5870, #24 ) ;
#6385 =( LENGTH_UNIT ( ) NAMED_UNIT ( * ) SI_UNIT ( .MILLI., .METRE. ) );
#6386 = VERTEX_POINT ( 'NONE', #1052 ) ;
#6387 = VERTEX_POINT ( 'NONE', #4220 ) ;
#6388 = DIRECTION ( 'NONE',  ( 0.0000000000000000000, 1.000000000000000000, 0.0000000000000000000 ) ) ;
#6389 = CYLINDRICAL_SURFACE ( 'NONE', #5048, 5.500000000000000000 ) ;
#6390 = ORIENTED_EDGE ( 'NONE', *, *, #233, .T. ) ;
#6391 = EDGE_CURVE ( 'NONE', #1006, #3105, #4069, .T. ) ;
#6392 = DIRECTION ( 'NONE',  ( -0.5773502691896251800, -0.5773502691896320600, -0.5773502691896200700 ) ) ;
#6393 = DIRECTION ( 'NONE',  ( 1.000000000000000000, 0.0000000000000000000, -0.0000000000000000000 ) ) ;
#6394 = ORIENTED_EDGE ( 'NONE', *, *, #2228, .F. ) ;
#6395 = PLANE ( 'NONE',  #6216 ) ;
#6396 = CARTESIAN_POINT ( 'NONE',  ( 5.850000000000001400, 0.5000000000000004400, -2.500000000000000400 ) ) ;
#6397 = CARTESIAN_POINT ( 'NONE',  ( 3.449999999999994400, 0.5999999999999999800, -2.499999999999998700 ) ) ;
#6398 = ORIENTED_EDGE ( 'NONE', *, *, #2873, .F. ) ;
#6399 = DIRECTION ( 'NONE',  ( 0.0000000000000000000, -1.000000000000000000, -1.836970198721028700E-016 ) ) ;
#6400 = ORIENTED_EDGE ( 'NONE', *, *, #3802, .T. ) ;
#6401 = EDGE_CURVE ( 'NONE', #2940, #2247, #6425, .T. ) ;
#6402 = ADVANCED_FACE ( 'NONE', ( #1163 ), #694, .T. ) ;
#6403 = EDGE_LOOP ( 'NONE', ( #1068, #4354, #313, #733 ) ) ;
#6404 = EDGE_LOOP ( 'NONE', ( #2166, #5505, #5175, #3560 ) ) ;
#6405 = LINE ( 'NONE', #2203, #2998 ) ;
#6406 = VERTEX_POINT ( 'NONE', #3085 ) ;
#6407 = CARTESIAN_POINT ( 'NONE',  ( 1.800000000000000500, 2.149999999999999900, -6.349999999999999600 ) ) ;
#6408 = ORIENTED_EDGE ( 'NONE', *, *, #4147, .F. ) ;
#6409 = LINE ( 'NONE', #1668, #678 ) ;
#6410 = VERTEX_POINT ( 'NONE', #6195 ) ;
#6411 = CARTESIAN_POINT ( 'NONE',  ( -4.050000000000001600, 1.349999999999999900, 0.5000000000000000000 ) ) ;
#6412 = VERTEX_POINT ( 'NONE', #3158 ) ;
#6413 = CARTESIAN_POINT ( 'NONE',  ( 6.350000000000001400, 1.350000000000000500, 2.500000000000000000 ) ) ;
#6414 = LINE ( 'NONE', #1783, #2928 ) ;
#6415 = DIRECTION ( 'NONE',  ( -1.000000000000000000, 0.0000000000000000000, 0.0000000000000000000 ) ) ;
#6416 = ORIENTED_EDGE ( 'NONE', *, *, #4368, .F. ) ;
#6417 = EDGE_CURVE ( 'NONE', #6050, #2653, #3426, .T. ) ;
#6418 = CARTESIAN_POINT ( 'NONE',  ( 2.049999999999999800, 0.8499999999999998700, 3.399999999999999900 ) ) ;
#6419 = DIRECTION ( 'NONE',  ( 0.0000000000000000000, 0.0000000000000000000, 1.000000000000000000 ) ) ;
#6420 = VECTOR ( 'NONE', #1656, 1000.000000000000000 ) ;
#6421 = AXIS2_PLACEMENT_3D ( 'NONE', #6118, #4589, #3624 ) ;
#6422 = LINE ( 'NONE', #5963, #4230 ) ;
#6423 = AXIS2_PLACEMENT_3D ( 'NONE', #6138, #5128, #3074 ) ;
#6424 = ORIENTED_EDGE ( 'NONE', *, *, #858, .F. ) ;
#6425 = CIRCLE ( 'NONE', #2646, 0.04999999999999969700 ) ;
#6426 = EDGE_CURVE ( 'NONE', #2285, #1424, #5099, .T. ) ;
#6427 = CARTESIAN_POINT ( 'NONE',  ( 7.694373207215408800E-029, 0.4999999999999780200, -2.499999999999998700 ) ) ;
#6428 = AXIS2_PLACEMENT_3D ( 'NONE', #460, #4085, #22 ) ;
#6429 = ORIENTED_EDGE ( 'NONE', *, *, #1674, .T. ) ;
#6430 = ORIENTED_EDGE ( 'NONE', *, *, #1226, .F. ) ;
#6431 = CIRCLE ( 'NONE', #1339, 0.8000000000000003800 ) ;
#6432 = ADVANCED_FACE ( 'NONE', ( #4145 ), #3184, .F. ) ;
#6433 = CARTESIAN_POINT ( 'NONE',  ( 4.350000000000001400, 2.649999999999998600, -1.899999999999999500 ) ) ;
#6434 = AXIS2_PLACEMENT_3D ( 'NONE', #3925, #1858, #5441 ) ;
#6435 = LINE ( 'NONE', #5147, #4563 ) ;
#6436 = CARTESIAN_POINT ( 'NONE',  ( -1.800000000000000000, 2.799999999999999800, 0.0000000000000000000 ) ) ;
#6437 = ORIENTED_EDGE ( 'NONE', *, *, #688, .F. ) ;
#6438 = EDGE_CURVE ( 'NONE', #6001, #2498, #2041, .T. ) ;
#6439 = PLANE ( 'NONE',  #6181 ) ;
#6440 = VECTOR ( 'NONE', #2637, 1000.000000000000000 ) ;
#6441 = VECTOR ( 'NONE', #4748, 1000.000000000000000 ) ;
#6442 = DIRECTION ( 'NONE',  ( -0.0000000000000000000, -0.0000000000000000000, 1.000000000000000000 ) ) ;
#6443 = CARTESIAN_POINT ( 'NONE',  ( -3.449999999999994400, 0.5999999999999999800, 3.399999999999999900 ) ) ;
#6444 = VECTOR ( 'NONE', #2891, 1000.000000000000000 ) ;
#6445 = DIRECTION ( 'NONE',  ( -1.000000000000000000, -0.0000000000000000000, -0.0000000000000000000 ) ) ;
#6446 = CARTESIAN_POINT ( 'NONE',  ( 1.974999999999950800, 4.874999999999999100, 6.349999999999999600 ) ) ;
#6447 = VECTOR ( 'NONE', #1477, 1000.000000000000000 ) ;
#6448 = FACE_OUTER_BOUND ( 'NONE', #5515, .T. ) ;
#6449 = ORIENTED_EDGE ( 'NONE', *, *, #2125, .F. ) ;
#6450 = DIRECTION ( 'NONE',  ( -1.000000000000000000, -0.0000000000000000000, -0.0000000000000000000 ) ) ;
#6451 = LINE ( 'NONE', #4493, #2798 ) ;
#6452 = CARTESIAN_POINT ( 'NONE',  ( 6.350000000000001400, 2.649999999999998600, -1.899999999999999500 ) ) ;
#6453 = VERTEX_POINT ( 'NONE', #3741 ) ;
#6454 = CARTESIAN_POINT ( 'NONE',  ( -1.734723475976807100E-015, 6.500000000000000900, 5.500000000000001800 ) ) ;
#6455 = VECTOR ( 'NONE', #5776, 1000.000000000000000 ) ;
#6456 = EDGE_CURVE ( 'NONE', #6024, #5068, #3343, .T. ) ;
#6457 = CARTESIAN_POINT ( 'NONE',  ( 6.350000000000001400, 1.350000000000000500, -2.500000000000000000 ) ) ;
#6458 = VERTEX_POINT ( 'NONE', #2212 ) ;
#6459 = CARTESIAN_POINT ( 'NONE',  ( -3.199999999999994400, 0.6000000000000009800, 3.399999999999999900 ) ) ;
#6460 = DIRECTION ( 'NONE',  ( 0.0000000000000000000, -1.000000000000000000, -1.301042606982605300E-015 ) ) ;
#6461 = DIRECTION ( 'NONE',  ( 0.0000000000000000000, 0.0000000000000000000, 1.000000000000000000 ) ) ;
#6462 = EDGE_CURVE ( 'NONE', #6560, #4986, #6573, .T. ) ;
#6463 = CARTESIAN_POINT ( 'NONE',  ( -4.693246746792002700, 8.500000000000000000, 2.867653217131790100 ) ) ;
#6464 = VECTOR ( 'NONE', #4740, 1000.000000000000000 ) ;
#6465 = DIRECTION ( 'NONE',  ( 6.413747168845436200E-031, -1.836970198721028700E-016, 1.000000000000000000 ) ) ;
#6466 = EDGE_LOOP ( 'NONE', ( #2347, #4375, #2502, #5711 ) ) ;
#6467 = ADVANCED_FACE ( 'NONE', ( #5334 ), #5253, .T. ) ;
#6468 = LINE ( 'NONE', #6122, #1121 ) ;
#6469 = AXIS2_PLACEMENT_3D ( 'NONE', #1207, #1743, #725 ) ;
#6470 = CARTESIAN_POINT ( 'NONE',  ( -2.399999999999995900, 0.5000000000000004400, -6.349999999999999600 ) ) ;
#6471 = ORIENTED_EDGE ( 'NONE', *, *, #5151, .F. ) ;
#6472 = ORIENTED_EDGE ( 'NONE', *, *, #2262, .F. ) ;
#6473 = VERTEX_POINT ( 'NONE', #5252 ) ;
#6474 = VERTEX_POINT ( 'NONE', #3231 ) ;
#6475 = EDGE_CURVE ( 'NONE', #669, #3233, #4938, .T. ) ;
#6476 = CARTESIAN_POINT ( 'NONE',  ( 2.945395693611589000, 8.442995605740636100, 4.644855132123034000 ) ) ;
#6477 = ORIENTED_EDGE ( 'NONE', *, *, #3037, .T. ) ;
#6478 = CARTESIAN_POINT ( 'NONE',  ( 3.199999999999994800, -7.806255641895631900E-015, 0.5000000000000001100 ) ) ;
#6479 = ORIENTED_EDGE ( 'NONE', *, *, #597, .T. ) ;
#6480 = DIRECTION ( 'NONE',  ( -0.7071067811865500200, -0.0000000000000000000, -0.7071067811865451300 ) ) ;
#6481 = DIRECTION ( 'NONE',  ( 1.000000000000000000, 0.0000000000000000000, -0.0000000000000000000 ) ) ;
#6482 = CARTESIAN_POINT ( 'NONE',  ( 6.350000000000001400, 0.8500000000000000900, 3.399999999999999900 ) ) ;
#6483 = DIRECTION ( 'NONE',  ( -0.0000000000000000000, -1.000000000000000000, -0.0000000000000000000 ) ) ;
#6484 = VERTEX_POINT ( 'NONE', #2742 ) ;
#6485 = EDGE_LOOP ( 'NONE', ( #3965, #2993, #4315, #3693 ) ) ;
#6486 = FACE_OUTER_BOUND ( 'NONE', #6533, .T. ) ;
#6487 = DIRECTION ( 'NONE',  ( 1.532073929300149800E-030, 4.388034133981040700E-016, 1.000000000000000000 ) ) ;
#6488 = ORIENTED_EDGE ( 'NONE', *, *, #3220, .T. ) ;
#6489 = LINE ( 'NONE', #1992, #3813 ) ;
#6490 = EDGE_CURVE ( 'NONE', #14, #2614, #4859, .T. ) ;
#6491 = ORIENTED_EDGE ( 'NONE', *, *, #4905, .T. ) ;
#6492 = CLOSED_SHELL ( 'NONE', ( #1152, #302, #2992, #5260, #2803, #3506, #2131, #3163, #3926, #4701, #1583, #5322, #4344, #6030, #4210, #1282, #728, #5131, #3295, #1376, #2572, #5516, #6371, #2608, #695, #1023, #3789, #236, #5727, #4895, #894, #113, #4515, #2219, #5812, #1343, #170, #5288, #2976, #5167, #2426, #2943, #5983, #2874, #18, #3024, #5843, #634, #5531, #3860, #4269, #6240, #1119, #3456, #2447, #3126, #5750, #4736, #3702, #337, #664, #6212, #3322, #1096, #4041, #5444 ) ) ;
#6493 = CARTESIAN_POINT ( 'NONE',  ( 5.550000000000000700, 0.5000000000000004400, 5.549999999999998900 ) ) ;
#6494 = EDGE_CURVE ( 'NONE', #6354, #6412, #3015, .T. ) ;
#6495 = ADVANCED_FACE ( 'NONE', ( #1796 ), #2277, .T. ) ;
#6496 = ORIENTED_EDGE ( 'NONE', *, *, #81, .T. ) ;
#6497 = CARTESIAN_POINT ( 'NONE',  ( 6.350000000000001400, 0.5000000000000004400, 6.349999999999999600 ) ) ;
#6498 = VECTOR ( 'NONE', #1932, 1000.000000000000000 ) ;
#6499 = ORIENTED_EDGE ( 'NONE', *, *, #2714, .F. ) ;
#6500 = DIRECTION ( 'NONE',  ( 0.0000000000000000000, -1.000000000000000000, 0.0000000000000000000 ) ) ;
#6501 = LINE ( 'NONE', #4037, #3021 ) ;
#6502 = CARTESIAN_POINT ( 'NONE',  ( 0.0000000000000000000, 1.350000000000001000, 3.399999999999999900 ) ) ;
#6503 = CARTESIAN_POINT ( 'NONE',  ( -6.350000000000001400, 1.350000000000000500, -3.399999999999999900 ) ) ;
#6504 = DIRECTION ( 'NONE',  ( -0.0000000000000000000, -1.000000000000000000, -0.0000000000000000000 ) ) ;
#6505 = ORIENTED_EDGE ( 'NONE', *, *, #4689, .T. ) ;
#6506 = PLANE ( 'NONE',  #5932 ) ;
#6507 = LINE ( 'NONE', #3972, #3103 ) ;
#6508 = AXIS2_PLACEMENT_3D ( 'NONE', #3399, #5395, #2344 ) ;
#6509 = CARTESIAN_POINT ( 'NONE',  ( 2.867653217131803400, 8.500000000000000000, -4.693246746791993800 ) ) ;
#6510 = ADVANCED_FACE ( 'NONE', ( #4699 ), #1872, .T. ) ;
#6511 = ORIENTED_EDGE ( 'NONE', *, *, #4427, .T. ) ;
#6512 = FACE_OUTER_BOUND ( 'NONE', #2112, .T. ) ;
#6513 = LINE ( 'NONE', #1465, #3119 ) ;
#6514 = DIRECTION ( 'NONE',  ( -1.000000000000000000, -0.0000000000000000000, -0.0000000000000000000 ) ) ;
#6515 = EDGE_CURVE ( 'NONE', #207, #6588, #2035, .T. ) ;
#6516 = DIRECTION ( 'NONE',  ( 1.000000000000000000, 0.0000000000000000000, 0.0000000000000000000 ) ) ;
#6517 = ORIENTED_EDGE ( 'NONE', *, *, #4011, .F. ) ;
#6518 = FACE_OUTER_BOUND ( 'NONE', #5149, .T. ) ;
#6519 = FACE_OUTER_BOUND ( 'NONE', #5775, .T. ) ;
#6520 = CYLINDRICAL_SURFACE ( 'NONE', #6352, 0.8000000000000003800 ) ;
#6521 = AXIS2_PLACEMENT_3D ( 'NONE', #5910, #5836, #5361 ) ;
#6522 = DIRECTION ( 'NONE',  ( -1.606225440719266900E-016, 1.000000000000000000, 0.0000000000000000000 ) ) ;
#6523 = EDGE_CURVE ( 'NONE', #6001, #4106, #301, .T. ) ;
#6524 = DIRECTION ( 'NONE',  ( -0.0000000000000000000, -1.000000000000000000, -0.0000000000000000000 ) ) ;
#6525 = DIRECTION ( 'NONE',  ( -0.0000000000000000000, 0.0000000000000000000, -1.000000000000000000 ) ) ;
#6526 = VECTOR ( 'NONE', #3091, 1000.000000000000000 ) ;
#6527 = B_SPLINE_CURVE_WITH_KNOTS ( 'NONE', 3,
 ( #4593, #6105, #513, #1407, #2449, #1028, #6124, #4096, #1557, #5621, #2555, #5671, #1533, #3084, #6147, #34 ),
 .UNSPECIFIED., .F., .F.,
 ( 4, 3, 3, 3, 3, 4 ),
 ( 0.0000000000000000000, 3.396486522547977900E-005, 6.793742647645091200E-005, 0.0001017898930445749500, 0.0001354294616232203700, 0.0001567328391042834600 ),
 .UNSPECIFIED. ) ;
#6528 = CARTESIAN_POINT ( 'NONE',  ( 1.350000000000001400, 1.350000000000000800, -2.600000000000001000 ) ) ;
#6529 = ORIENTED_EDGE ( 'NONE', *, *, #4693, .F. ) ;
#6530 = CARTESIAN_POINT ( 'NONE',  ( 5.850000000000001400, 2.149999999999998600, 4.799999999999999800 ) ) ;
#6531 = LINE ( 'NONE', #2121, #796 ) ;
#6532 = CARTESIAN_POINT ( 'NONE',  ( -1.350000000000001400, 0.0000000000000000000, -2.599999999999999600 ) ) ;
#6533 = EDGE_LOOP ( 'NONE', ( #5439, #5647, #2629, #5294, #3127, #5459, #5777, #4274, #430, #2351, #1541, #5402 ) ) ;
#6534 = CARTESIAN_POINT ( 'NONE',  ( 3.889087296526016100, 8.400000000000000400, -5.189087296526005300 ) ) ;
#6535 = LINE ( 'NONE', #2575, #6003 ) ;
#6536 = ORIENTED_EDGE ( 'NONE', *, *, #3376, .T. ) ;
#6537 = ORIENTED_EDGE ( 'NONE', *, *, #699, .T. ) ;
#6538 = EDGE_CURVE ( 'NONE', #3170, #4549, #3265, .T. ) ;
#6539 = EDGE_CURVE ( 'NONE', #6087, #5559, #531, .T. ) ;
#6540 = DIRECTION ( 'NONE',  ( 1.000000000000000000, -0.0000000000000000000, -0.0000000000000000000 ) ) ;
#6541 = ADVANCED_FACE ( 'NONE', ( #686 ), #2687, .T. ) ;
#6542 = VECTOR ( 'NONE', #3605, 1000.000000000000000 ) ;
#6543 = CARTESIAN_POINT ( 'NONE',  ( 5.800000000000003400, -1.800877325670412500E-015, -2.499999999999998200 ) ) ;
#6544 = CARTESIAN_POINT ( 'NONE',  ( 1.350000000000001400, 1.350000000000000800, -3.399999999999999900 ) ) ;
#6545 = AXIS2_PLACEMENT_3D ( 'NONE', #6035, #2981, #6525 ) ;
#6546 = PLANE ( 'NONE',  #4342 ) ;
#6547 = VERTEX_POINT ( 'NONE', #3208 ) ;
#6548 = DIRECTION ( 'NONE',  ( -1.000000000000000000, 0.0000000000000000000, 0.0000000000000000000 ) ) ;
#6549 = AXIS2_PLACEMENT_3D ( 'NONE', #4228, #6203, #6243 ) ;
#6550 = ORIENTED_EDGE ( 'NONE', *, *, #1884, .T. ) ;
#6551 = DIRECTION ( 'NONE',  ( -1.000000000000000000, -3.491481338843134500E-015, -6.023345402697244300E-017 ) ) ;
#6552 = VECTOR ( 'NONE', #2758, 1000.000000000000000 ) ;
#6553 = CARTESIAN_POINT ( 'NONE',  ( -1.745740669421639800E-015, -2.092510192897023600E-014, 9.196315484449051200E-030 ) ) ;
#6554 = ORIENTED_EDGE ( 'NONE', *, *, #1178, .F. ) ;
#6555 = AXIS2_PLACEMENT_3D ( 'NONE', #1026, #557, #1180 ) ;
#6556 = VERTEX_POINT ( 'NONE', #652 ) ;
#6557 = ORIENTED_EDGE ( 'NONE', *, *, #3562, .T. ) ;
#6558 = TOROIDAL_SURFACE ( 'NONE', #3722, 1.299999999999999800, 0.1000000000000000100 ) ;
#6559 = CARTESIAN_POINT ( 'NONE',  ( -4.050000000000001600, 0.5999999999999999800, -2.499999999999998700 ) ) ;
#6560 = VERTEX_POINT ( 'NONE', #2763 ) ;
#6561 = EDGE_CURVE ( 'NONE', #2402, #294, #5956, .T. ) ;
#6562 = ORIENTED_EDGE ( 'NONE', *, *, #3973, .F. ) ;
#6563 = DIRECTION ( 'NONE',  ( 0.0000000000000000000, 0.0000000000000000000, 1.000000000000000000 ) ) ;
#6564 = LINE ( 'NONE', #1547, #2508 ) ;
#6565 = VERTEX_POINT ( 'NONE', #752 ) ;
#6566 = CARTESIAN_POINT ( 'NONE',  ( 3.450000000000001500, 0.5999999999999999800, 0.5000000000000002200 ) ) ;
#6567 = ORIENTED_EDGE ( 'NONE', *, *, #6391, .F. ) ;
#6568 = CARTESIAN_POINT ( 'NONE',  ( 4.639984522846805100, 8.400000000000000400, 2.953056658403646800 ) ) ;
#6569 = FACE_OUTER_BOUND ( 'NONE', #3148, .T. ) ;
#6570 = VERTEX_POINT ( 'NONE', #297 ) ;
#6571 = CARTESIAN_POINT ( 'NONE',  ( -5.850000000000001400, 1.350000000000000500, 0.5000000000000000000 ) ) ;
#6572 = ADVANCED_FACE ( 'NONE', ( #768 ), #2849, .F. ) ;
#6573 = LINE ( 'NONE', #5793, #990 ) ;
#6574 = VECTOR ( 'NONE', #3507, 1000.000000000000000 ) ;
#6575 = CARTESIAN_POINT ( 'NONE',  ( 5.550000000000000700, 8.500000000000000000, 5.549999999999998900 ) ) ;
#6576 = VERTEX_POINT ( 'NONE', #1793 ) ;
#6577 = EDGE_CURVE ( 'NONE', #599, #6565, #3903, .T. ) ;
#6578 = CARTESIAN_POINT ( 'NONE',  ( 3.199999999999994400, 0.6000000000000009800, -0.5000000000000000000 ) ) ;
#6579 = VECTOR ( 'NONE', #3633, 1000.000000000000000 ) ;
#6580 = EDGE_CURVE ( 'NONE', #1922, #1210, #1314, .T. ) ;
#6581 = CARTESIAN_POINT ( 'NONE',  ( 6.350000000000001400, 2.799999999999999800, -6.349999999999999600 ) ) ;
#6582 = ORIENTED_EDGE ( 'NONE', *, *, #1075, .F. ) ;
#6583 = CARTESIAN_POINT ( 'NONE',  ( 6.350000000000001400, 0.5000000000000004400, 5.549999999999998900 ) ) ;
#6584 = EDGE_LOOP ( 'NONE', ( #935, #5374, #2571, #2560, #5931 ) ) ;
#6585 = DIRECTION ( 'NONE',  ( 0.0000000000000000000, -1.000000000000000000, -0.0000000000000000000 ) ) ;
#6586 = SPHERICAL_SURFACE ( 'NONE', #1687, 0.8000000000000000400 ) ;
#6587 = CARTESIAN_POINT ( 'NONE',  ( 2.867653217131803400, 8.500000000000000000, -4.693246746791993800 ) ) ;
#6588 = VERTEX_POINT ( 'NONE', #3831 ) ;
#6589 = VECTOR ( 'NONE', #3685, 1000.000000000000000 ) ;
#6590 = DIRECTION ( 'NONE',  ( -0.0000000000000000000, 1.000000000000000000, -0.0000000000000000000 ) ) ;
ENDSEC;
END-ISO-10303-21;
